Price,Adj Close,Close,High,Low,Open,Volume
Ticker,BABA,BABA,BABA,BABA,BABA,BABA
Date,,,,,,
2014-09-19,89.16686248779297,93.88999938964844,99.69999694824219,89.94999694824219,92.69999694824219,271879400
2014-09-22,85.36808776855469,89.88999938964844,92.94999694824219,89.5,92.69999694824219,66657800
2014-09-23,82.784912109375,87.16999816894531,90.4800033569336,86.62000274658203,88.94000244140625,39009800
2014-09-24,86.01387786865234,90.56999969482422,90.56999969482422,87.22000122070312,88.47000122070312,32088000
2014-09-25,84.4468765258789,88.91999816894531,91.5,88.5,91.08999633789062,28598000
2014-09-26,85.90940856933594,90.45999908447266,90.45999908447266,88.66000366210938,89.7300033569336,18340000
2014-09-29,84.2854232788086,88.75,89.69999694824219,88.0199966430664,89.62000274658203,25302000
2014-09-30,84.38040161132812,88.8499984741211,90.87999725341797,88.45999908447266,89.0,24419400
2014-10-01,81.76874542236328,86.0999984741211,88.94000244140625,86.04000091552734,88.69999694824219,24029600
2014-10-02,82.6804428100586,87.05999755859375,88.19999694824219,85.61100006103516,86.2699966430664,21469700
2014-10-03,83.66813659667969,88.0999984741211,89.94000244140625,87.6500015258789,88.0999984741211,18485700
2014-10-06,83.86756134033203,88.30999755859375,89.6500015258789,88.05999755859375,89.1500015258789,9268400
2014-10-07,83.25975799560547,87.66999816894531,89.69999694824219,87.05999755859375,87.94999694824219,12791700
2014-10-08,83.85807800292969,88.30000305175781,88.5,87.05999755859375,88.0,10252600
2014-10-09,84.32341766357422,88.79000091552734,90.3499984741211,88.0,88.51000213623047,21507000
2014-10-10,81.55980682373047,85.87999725341797,88.73999786376953,85.23999786376953,88.25,15431400
2014-10-13,80.83804321289062,85.12000274658203,86.88999938964844,84.91999816894531,86.8499984741211,14845000
2014-10-14,80.67658996582031,84.94999694824219,85.87999725341797,83.22000122070312,85.80999755859375,15559200
2014-10-15,81.29389190673828,85.5999984741211,86.48999786376953,82.80999755859375,84.04000091552734,16824300
2014-10-16,84.38040161132812,88.8499984741211,89.17500305175781,84.01499938964844,84.9800033569336,15232000
2014-10-17,83.4876937866211,87.91000366210938,90.9000015258789,87.66999816894531,90.4000015258789,17360700
2014-10-20,83.82008361816406,88.26000213623047,89.5,87.86000061035156,88.0,9891400
2014-10-21,86.32728576660156,90.9000015258789,92.5,88.5,89.0999984741211,23243800
2014-10-22,87.02054595947266,91.62999725341797,93.5,91.01000213623047,92.25,20364500
2014-10-23,89.69869232177734,94.44999694824219,94.69999694824219,92.81999969482422,92.91999816894531,20641000
2014-10-24,90.94279479980469,95.76000213623047,98.0,94.77999877929688,95.06999969482422,32132600
2014-10-27,92.87067413330078,97.79000091552734,98.8499984741211,96.30000305175781,97.0,28302400
2014-10-28,94.66560363769531,99.68000030517578,100.66999816894531,98.61000061035156,99.83999633789062,32127600
2014-10-29,93.36451721191406,98.30999755859375,100.0,96.81999969482422,99.87999725341797,28655400
2014-10-30,93.76338958740234,98.7300033569336,99.44000244140625,97.30000305175781,98.4800033569336,15484600
2014-10-31,93.63992309570312,98.5999984741211,100.22000122070312,98.13600158691406,100.0999984741211,18128300
2014-11-03,96.678955078125,101.80000305175781,102.80000305175781,99.05000305175781,99.66999816894531,40883700
2014-11-04,100.73414611816406,106.06999969482422,106.35900115966797,99.51000213623047,100.42500305175781,67814000
2014-11-05,103.20335388183594,108.66999816894531,110.13999938964844,106.4800033569336,108.4800033569336,48344000
2014-11-06,105.95746612548828,111.56999969482422,111.69999694824219,107.20999908447266,109.30000305175781,33609000
2014-11-07,108.79705810546875,114.55999755859375,114.7699966430664,111.75,112.93000030517578,51457000
2014-11-10,113.15615844726562,119.1500015258789,119.44999694824219,115.19999694824219,117.2699966430664,75971000
2014-11-11,108.77806091308594,114.54000091552734,117.55000305175781,113.69000244140625,117.25,70983600
2014-11-12,112.25394439697266,118.19999694824219,119.06999969482422,114.0199966430664,115.05000305175781,53908000
2014-11-13,109.06297302246094,114.83999633789062,120.0,114.55000305175781,119.30000305175781,62163000
2014-11-14,109.30989837646484,115.0999984741211,115.38999938964844,113.3499984741211,115.05999755859375,29849000
2014-11-17,108.50265502929688,114.25,115.62999725341797,113.12999725341797,115.44000244140625,22573000
2014-11-18,105.2356948852539,110.80999755859375,114.37999725341797,110.41000366210938,114.33000183105469,41098000
2014-11-19,103.34580993652344,108.81999969482422,110.68000030517578,107.22000122070312,109.83000183105469,46841000
2014-11-20,104.29550170898438,109.81999969482422,112.44000244140625,107.26000213623047,107.80999755859375,36489000
2014-11-21,105.15972900390625,110.7300033569336,113.5,110.43499755859375,113.20999908447266,27432000
2014-11-24,108.18925476074219,113.91999816894531,113.93000030517578,111.55000305175781,112.0,20646000
2014-11-25,107.76189422607422,113.47000122070312,115.16999816894531,112.33000183105469,114.94000244140625,23485000
2014-11-26,107.00213623046875,112.66999816894531,113.73999786376953,112.33000183105469,113.33000183105469,11794700
2014-11-28,106.0239486694336,111.63999938964844,113.2300033569336,111.11000061035156,113.13999938964844,8077800
2014-12-01,100.65816497802734,105.98999786376953,110.05000305175781,103.89600372314453,110.0199966430664,38464200
2014-12-02,104.36198425292969,109.88999938964844,110.0,106.61000061035156,107.3499984741211,18785000
2014-12-03,105.07425689697266,110.63999938964844,111.68000030517578,108.7979965209961,110.4000015258789,16221100
2014-12-04,103.67820739746094,109.16999816894531,110.5,108.91000366210938,110.0999984741211,10779300
2014-12-05,102.47209930419922,107.9000015258789,110.3499984741211,107.76000213623047,109.5999984741211,12148100
2014-12-08,99.78445434570312,105.06999969482422,107.4000015258789,104.20999908447266,105.97000122070312,19217300
2014-12-09,102.0732192993164,107.4800033569336,107.94999694824219,101.19999694824219,102.2699966430664,24866800
2014-12-10,98.6543197631836,103.87999725341797,107.37999725341797,103.51000213623047,107.08999633789062,18466700
2014-12-11,99.68949127197266,104.97000122070312,106.83999633789062,104.29000091552734,104.44000244140625,15684300
2014-12-12,99.82244110107422,105.11000061035156,107.44999694824219,104.17900085449219,104.69999694824219,14537600
2014-12-15,99.43305969238281,104.69999694824219,107.7699966430664,103.69999694824219,106.38999938964844,16521800
2014-12-16,100.44923400878906,105.7699966430664,107.68000030517578,103.69999694824219,103.75,21700600
2014-12-17,103.5357437133789,109.0199966430664,109.19000244140625,106.27999877929688,107.11000061035156,17311100
2014-12-18,103.75418090820312,109.25,111.19999694824219,108.26000213623047,110.58000183105469,22788100
2014-12-19,105.08374786376953,110.6500015258789,110.6500015258789,108.04000091552734,109.93000030517578,14857800
2014-12-22,103.2983169555664,108.7699966430664,110.9800033569336,108.52999877929688,110.62999725341797,13041200
2014-12-23,100.2118148803711,105.5199966430664,108.47000122070312,103.87999725341797,108.30000305175781,19096300
2014-12-24,100.62017822265625,105.94999694824219,107.20999908447266,105.5999984741211,105.68000030517578,5870400
2014-12-26,100.62017822265625,105.94999694824219,106.94000244140625,105.5,105.98999786376953,6529100
2014-12-29,100.648681640625,105.9800033569336,107.66000366210938,105.63999938964844,105.94999694824219,8068600
2014-12-30,100.43024444580078,105.75,106.70999908447266,105.12999725341797,105.63999938964844,10205700
2014-12-31,98.71129608154297,103.94000244140625,106.47000122070312,103.69000244140625,106.45999908447266,10221600
2015-01-02,98.38839721679688,103.5999984741211,104.72000122070312,102.5199966430664,104.23999786376953,12303400
2015-01-05,95.91919708251953,101.0,103.0199966430664,99.9000015258789,102.76000213623047,18337000
2015-01-06,98.12248229980469,103.31999969482422,103.8499984741211,100.11000061035156,101.25,15720400
2015-01-07,96.99234771728516,102.12999725341797,104.73999786376953,102.02999877929688,104.58999633789062,11052200
2015-01-08,99.7464599609375,105.02999877929688,105.33999633789062,102.68000030517578,102.94999694824219,12942100
2015-01-09,97.83757781982422,103.0199966430664,105.30000305175781,102.88999938964844,105.23999786376953,10222200
2015-01-12,96.50801086425781,101.62000274658203,103.36000061035156,101.20999908447266,103.19999694824219,7997200
2015-01-13,95.70076751708984,100.7699966430664,102.8499984741211,100.01000213623047,102.58999633789062,11294400
2015-01-14,94.57063293457031,99.58000183105469,100.18000030517578,98.05999755859375,99.27999877929688,17808000
2015-01-15,91.46512603759766,96.30999755859375,100.13999938964844,96.0199966430664,99.66999816894531,18260100
2015-01-16,92.01594543457031,96.88999938964844,97.80000305175781,95.5199966430664,96.08999633789062,13327900
2015-01-20,95.00749206542969,100.04000091552734,100.20999908447266,97.58999633789062,98.30000305175781,12105600
2015-01-21,98.093994140625,103.29000091552734,103.86000061035156,100.31999969482422,100.75,15186900
2015-01-22,98.76828002929688,104.0,104.91999816894531,103.0999984741211,104.5999984741211,11433000
2015-01-23,97.92304992675781,103.11000061035156,105.19999694824219,103.0199966430664,104.0199966430664,9873800
2015-01-26,98.75878143310547,103.98999786376953,105.12999725341797,103.33000183105469,104.4000015258789,10664900
2015-01-27,97.76161193847656,102.94000244140625,103.56999969482422,100.58000183105469,102.88999938964844,15659900
2015-01-28,93.49747467041016,98.44999694824219,101.48999786376953,97.79000091552734,100.30000305175781,42144700
2015-01-29,85.2921142578125,89.80999755859375,90.73999786376953,87.36000061035156,90.52999877929688,76561400
2015-01-30,84.59883880615234,89.08000183105469,92.0,88.11000061035156,89.5999984741211,36806900
2015-02-02,85.59600830078125,90.12999725341797,91.66000366210938,88.61000061035156,91.12999725341797,18865300
2015-02-03,86.05186462402344,90.61000061035156,91.6500015258789,89.9000015258789,91.6500015258789,13512300
2015-02-04,85.47254943847656,90.0,91.87999725341797,89.4800033569336,90.98999786376953,14643600
2015-02-05,82.62346649169922,87.0,89.83999633789062,86.0999984741211,89.58000183105469,28926200
2015-02-06,81.369873046875,85.68000030517578,87.4000015258789,85.41999816894531,87.11000061035156,17632100
2015-02-09,81.67377471923828,86.0,86.75,85.47000122070312,85.83000183105469,12109500
2015-02-10,82.8703842163086,87.26000213623047,87.47000122070312,86.5199966430664,87.01000213623047,12043300
2015-02-11,81.67377471923828,86.0,87.69999694824219,85.81999969482422,87.58000183105469,12391900
2015-02-12,82.71842956542969,87.0999984741211,88.30000305175781,85.55000305175781,85.5999984741211,15177800
2015-02-13,84.57034301757812,89.05000305175781,89.30000305175781,87.6500015258789,88.19999694824219,14665200
2015-02-17,82.48101806640625,86.8499984741211,88.98999786376953,86.69999694824219,88.77999877929688,15191700
2015-02-18,82.37654113769531,86.73999786376953,87.43000030517578,86.5,87.0999984741211,7422300
2015-02-19,82.51899719238281,86.88999938964844,87.87000274658203,86.70999908447266,86.80999755859375,7604100
2015-02-20,82.28157806396484,86.63999938964844,87.29000091552734,86.37999725341797,87.25,7821700
2015-02-23,81.1704330444336,85.47000122070312,86.68000030517578,85.25,86.51000213623047,9367900
2015-02-24,80.42967224121094,84.69000244140625,85.52999877929688,83.87999725341797,85.52999877929688,15846400
2015-02-25,81.85420989990234,86.19000244140625,86.83000183105469,84.36000061035156,84.37999725341797,13645700
2015-02-26,81.0754623413086,85.37000274658203,87.16000366210938,85.19999694824219,86.91999816894531,8763300
2015-02-27,80.83804321289062,85.12000274658203,86.55999755859375,85.0,85.94999694824219,8377200
2015-03-02,79.77438354492188,84.0,85.0199966430664,83.75,85.0,11213400
2015-03-03,77.47611999511719,81.58000183105469,83.25,80.02999877929688,82.94999694824219,39246100
2015-03-04,81.18942260742188,85.48999786376953,85.82599639892578,80.16999816894531,80.2699966430664,36607200
2015-03-05,81.76874542236328,86.0999984741211,86.2699966430664,84.01000213623047,85.75,18514800
2015-03-06,80.15425872802734,84.4000015258789,86.0,84.05000305175781,85.73999786376953,10673700
2015-03-09,78.37833404541016,82.52999877929688,84.3499984741211,81.4800033569336,84.3499984741211,17616500
2015-03-10,78.79619598388672,82.97000122070312,83.1500015258789,80.6500015258789,81.08999633789062,13817000
2015-03-11,77.86549377441406,81.98999786376953,83.37999725341797,81.19000244140625,83.0,12768700
2015-03-12,77.79901123046875,81.91999816894531,82.9000015258789,81.52999877929688,82.0999984741211,11232000
2015-03-13,77.74202728271484,81.86000061035156,81.91999816894531,80.7699966430664,81.80000305175781,12663300
2015-03-16,79.77438354492188,84.0,85.19999694824219,81.94000244140625,82.01000213623047,16905700
2015-03-17,80.24922180175781,84.5,85.0999984741211,83.51000213623047,84.01000213623047,17639000
2015-03-18,80.33470153808594,84.58999633789062,85.94999694824219,83.30000305175781,83.87000274658203,35663000
2015-03-19,81.42684936523438,85.73999786376953,87.04000091552734,85.0,85.11000061035156,30454700
2015-03-20,80.91400909423828,85.19999694824219,86.80000305175781,85.08999633789062,86.33000183105469,21181500
2015-03-23,80.01180267333984,84.25,85.52999877929688,84.20999908447266,85.25,11184000
2015-03-24,79.42298889160156,83.62999725341797,84.5,82.38999938964844,84.3499984741211,14545100
2015-03-25,79.53694915771484,83.75,84.4800033569336,82.66999816894531,83.94000244140625,13507200
2015-03-26,79.93582916259766,84.16999816894531,84.99500274658203,82.95999908447266,83.19999694824219,12208000
2015-03-27,80.32520294189453,84.58000183105469,85.1500015258789,83.33999633789062,84.77999877929688,9703800
2015-03-30,79.67941284179688,83.9000015258789,85.1500015258789,83.75,85.02999877929688,10020500
2015-03-31,79.0526123046875,83.23999786376953,84.44999694824219,83.19999694824219,83.63999938964844,11812900
2015-04-01,78.21688079833984,82.36000061035156,83.72000122070312,82.18000030517578,83.37000274658203,14896400
2015-04-02,78.14089965820312,82.27999877929688,83.0,81.25,82.87999725341797,19868200
2015-04-06,77.70404052734375,81.81999969482422,82.58999633789062,81.61399841308594,82.05000305175781,12810500
2015-04-07,78.07442474365234,82.20999908447266,82.94999694824219,81.87999725341797,81.94000244140625,9443000
2015-04-08,81.09445190429688,85.38999938964844,85.54000091552734,83.06600189208984,83.30000305175781,26161500
2015-04-09,81.80672454833984,86.13999938964844,87.69000244140625,85.19999694824219,87.02999877929688,27800400
2015-04-10,80.32520294189453,84.58000183105469,86.69000244140625,84.1500015258789,86.68000030517578,18300300
2015-04-13,80.04029083251953,84.27999877929688,85.70999908447266,83.81999969482422,85.16000366210938,15797100
2015-04-14,80.72406768798828,85.0,85.12999725341797,83.52999877929688,84.62999725341797,11819000
2015-04-15,80.41067504882812,84.66999816894531,85.36000061035156,84.16000366210938,85.08000183105469,12225800
2015-04-16,79.83135986328125,84.05999755859375,85.4000015258789,83.88999938964844,85.1500015258789,12048600
2015-04-17,77.78002166748047,81.9000015258789,83.25,81.61000061035156,83.08000183105469,22791800
2015-04-20,78.0649185180664,82.19999694824219,82.69000244140625,81.5199966430664,82.25,13471000
2015-04-21,78.27385711669922,82.41999816894531,82.91999816894531,82.13999938964844,82.86000061035156,10056000
2015-04-22,77.92247772216797,82.05000305175781,82.83999633789062,81.5199966430664,82.77999877929688,13316900
2015-04-23,78.14089965820312,82.27999877929688,82.75,81.62000274658203,81.87999725341797,11483300
2015-04-24,80.31571197509766,84.56999969482422,84.98999786376953,82.80000305175781,82.87999725341797,21058400
2015-04-27,80.62910461425781,84.9000015258789,86.2699966430664,84.6500015258789,85.52999877929688,17434200
2015-04-28,80.800048828125,85.08000183105469,85.56999969482422,83.81999969482422,85.54000091552734,11110500
2015-04-29,78.30235290527344,82.44999694824219,84.4000015258789,81.63999938964844,84.05999755859375,21098000
2015-04-30,77.2007064819336,81.29000091552734,82.6500015258789,80.44000244140625,82.22000122070312,14209700
2015-05-01,77.08674621582031,81.16999816894531,82.25,80.11000061035156,81.02999877929688,17910500
2015-05-04,76.5359115600586,80.58999633789062,81.55999755859375,80.12000274658203,81.16999816894531,21551500
2015-05-05,75.53874206542969,79.54000091552734,80.9000015258789,77.7699966430664,80.44000244140625,32661900
2015-05-06,75.97560119628906,80.0,80.8499984741211,79.51000213623047,79.6500015258789,24953500
2015-05-07,81.67377471923828,86.0,89.29000091552734,84.91000366210938,88.83000183105469,69448800
2015-05-08,82.6804428100586,87.05999755859375,88.2699966430664,86.88999938964844,87.81999969482422,30140600
2015-05-11,82.35755157470703,86.72000122070312,87.66999816894531,86.05999755859375,86.69999694824219,19776900
2015-05-12,82.40503692626953,86.7699966430664,87.5,86.13999938964844,87.05000305175781,16077800
2015-05-13,83.1268081665039,87.52999877929688,88.47000122070312,87.0,87.08000183105469,19015900
2015-05-14,83.95304107666016,88.4000015258789,88.4800033569336,87.52999877929688,87.73999786376953,12087900
2015-05-15,84.01002502441406,88.45999908447266,88.95999908447266,88.05000305175781,88.51000213623047,13424600
2015-05-18,82.72793579101562,87.11000061035156,87.93000030517578,86.61000061035156,87.61000061035156,13490200
2015-05-19,83.77259063720703,88.20999908447266,88.80000305175781,86.47000122070312,86.98999786376953,20727700
2015-05-20,86.1373291015625,90.69999694824219,90.80000305175781,87.30000305175781,88.13999938964844,29812300
2015-05-21,89.1573715209961,93.87999725341797,94.7699966430664,90.91999816894531,91.3499984741211,40729400
2015-05-22,88.57804870605469,93.2699966430664,95.05999755859375,93.19000244140625,94.27999877929688,22183300
2015-05-26,87.86577606201172,92.5199966430664,93.91999816894531,91.55000305175781,93.6500015258789,15674900
2015-05-27,87.94175720214844,92.5999984741211,92.98999786376953,91.5999984741211,92.22000122070312,9519300
2015-05-28,86.37476348876953,90.94999694824219,91.93000030517578,90.58000183105469,91.69000244140625,14213000
2015-05-29,84.8267593383789,89.31999969482422,91.5,89.31999969482422,91.3499984741211,13893200
2015-06-01,86.21331024169922,90.77999877929688,90.98999786376953,89.48999786376953,90.08999633789062,9905900
2015-06-02,85.95690155029297,90.51000213623047,91.54000091552734,90.19000244140625,90.55000305175781,9865300
2015-06-03,86.22280883789062,90.79000091552734,91.04000091552734,89.9000015258789,90.51000213623047,9428000
2015-06-04,86.03287506103516,90.58999633789062,91.41000366210938,90.2699966430664,90.70999908447266,8689000
2015-06-05,86.14683532714844,90.70999908447266,91.5999984741211,90.45999908447266,90.45999908447266,11353900
2015-06-08,83.84857177734375,88.29000091552734,91.5999984741211,88.24299621582031,90.6500015258789,15603000
2015-06-09,83.1742935180664,87.58000183105469,88.18000030517578,86.12000274658203,88.04000091552734,16081800
2015-06-10,84.42789459228516,88.9000015258789,88.98999786376953,87.19999694824219,87.69999694824219,12551300
2015-06-11,82.82290649414062,87.20999908447266,89.4800033569336,87.0999984741211,89.02999877929688,13716200
2015-06-12,82.27207946777344,86.62999725341797,87.79000091552734,86.4800033569336,87.41999816894531,9977100
2015-06-15,81.78773498535156,86.12000274658203,87.16999816894531,86.05000305175781,86.30000305175781,10230400
2015-06-16,81.75923919677734,86.08999633789062,86.69999694824219,85.61000061035156,86.00299835205078,10974200
2015-06-17,82.43353271484375,86.80000305175781,87.80000305175781,86.4800033569336,86.58000183105469,10241500
2015-06-18,82.38604736328125,86.75,87.58999633789062,86.31999969482422,86.97000122070312,11737200
2015-06-19,81.42684936523438,85.73999786376953,86.5999984741211,85.16999816894531,86.51000213623047,10317000
2015-06-22,81.369873046875,85.68000030517578,86.4000015258789,85.58000183105469,86.06999969482422,7154200
2015-06-23,80.800048828125,85.08000183105469,86.33999633789062,84.83000183105469,85.9800033569336,11411300
2015-06-24,80.88552856445312,85.16999816894531,85.80999755859375,84.8499984741211,85.16300201416016,9434300
2015-06-25,80.9520034790039,85.23999786376953,85.5999984741211,84.9000015258789,85.47000122070312,8949800
2015-06-26,79.09060668945312,83.27999877929688,84.6500015258789,82.81999969482422,84.62999725341797,12668600
2015-06-29,76.99177551269531,81.06999969482422,83.27999877929688,80.80000305175781,83.27999877929688,15199800
2015-06-30,78.13140869140625,82.2699966430664,83.69000244140625,81.95999908447266,82.58000183105469,12551400
2015-07-01,78.31185150146484,82.45999908447266,83.0,81.98999786376953,82.5999984741211,5950000
2015-07-02,77.94146728515625,82.06999969482422,82.31999969482422,81.77999877929688,82.12000274658203,6760200
2015-07-06,76.19403076171875,80.2300033569336,81.5,80.12000274658203,80.55999755859375,11864200
2015-07-07,75.61471557617188,79.62000274658203,79.79000091552734,76.20999908447266,79.44999694824219,34221700
2015-07-08,74.01923370361328,77.94000244140625,78.79000091552734,76.22000122070312,76.58000183105469,22714900
2015-07-09,75.06388854980469,79.04000091552734,81.19000244140625,79.04000091552734,80.93000030517578,19778700
2015-07-10,76.2605209350586,80.30000305175781,81.19999694824219,79.83999633789062,81.12999725341797,11224500
2015-07-13,77.74202728271484,81.86000061035156,82.19999694824219,80.69999694824219,80.91999816894531,10350500
2015-07-14,77.40013885498047,81.5,82.0199966430664,81.12999725341797,81.58000183105469,7519300
2015-07-15,76.66887664794922,80.7300033569336,81.5,80.20999908447266,80.9000015258789,9514200
2015-07-16,77.42863464355469,81.52999877929688,82.0,80.9000015258789,81.38999938964844,8604500
2015-07-17,79.16657257080078,83.36000061035156,83.69999694824219,81.58000183105469,81.98999786376953,14505400
2015-07-20,78.51128387451172,82.66999816894531,83.68000030517578,82.05000305175781,83.55999755859375,8126100
2015-07-21,78.38783264160156,82.54000091552734,83.25,82.22000122070312,83.11000061035156,5750700
2015-07-22,79.91683959960938,84.1500015258789,84.75,82.0,82.16000366210938,11209200
2015-07-23,79.66040802001953,83.87999725341797,84.97000122070312,83.25,84.66000366210938,7452300
2015-07-24,78.84368133544922,83.0199966430664,85.37999725341797,82.6500015258789,85.16999816894531,8759900
2015-07-27,77.30517578125,81.4000015258789,81.69999694824219,79.68000030517578,80.8499984741211,12185700
2015-07-28,76.50743103027344,80.55999755859375,80.80000305175781,79.25,80.66999816894531,12122800
2015-07-29,76.22252655029297,80.26000213623047,81.36900329589844,80.01000213623047,80.9800033569336,7177100
2015-07-30,75.93761444091797,79.95999908447266,80.63999938964844,79.44999694824219,80.11000061035156,6934700
2015-07-31,74.39910125732422,78.33999633789062,79.90499877929688,78.19999694824219,79.8499984741211,12687000
2015-08-03,74.06671142578125,77.98999786376953,78.5,77.11000061035156,78.19999694824219,9277000
2015-08-04,74.90245056152344,78.87000274658203,79.35399627685547,77.80000305175781,78.06999969482422,8501200
2015-08-05,75.80465698242188,79.81999969482422,80.41999816894531,79.4800033569336,79.58999633789062,7502600
2015-08-06,74.9879150390625,78.95999908447266,80.75,78.63999938964844,79.8499984741211,9297800
2015-08-07,74.85496520996094,78.81999969482422,80.19999694824219,78.66000366210938,79.6500015258789,8738800
2015-08-10,76.42195892333984,80.47000122070312,80.98999786376953,79.5,79.86000061035156,11276700
2015-08-11,73.44940948486328,77.33999633789062,80.0,76.1500015258789,79.48100280761719,22976600
2015-08-12,69.6886215209961,73.37999725341797,73.8499984741211,71.02999877929688,72.31999969482422,41093200
2015-08-13,71.33158874511719,75.11000061035156,76.7300033569336,73.66000366210938,74.0,23230700
2015-08-14,70.99919891357422,74.76000213623047,75.48999786376953,74.45999908447266,74.52999877929688,12367300
2015-08-17,71.4075698852539,75.19000244140625,75.23999786376953,74.16000366210938,74.8499984741211,12677400
2015-08-18,70.16345977783203,73.87999725341797,75.12999725341797,73.7300033569336,74.05000305175781,11155100
2015-08-19,69.44170379638672,73.12000274658203,73.55999755859375,72.80999755859375,73.1500015258789,18179400
2015-08-20,66.78255462646484,70.31999969482422,72.77999877929688,70.02999877929688,71.9800033569336,20995600
2015-08-21,64.75019836425781,68.18000030517578,70.66000366210938,68.18000030517578,69.31999969482422,29128600
2015-08-24,62.489933013916016,65.80000305175781,65.80000305175781,58.0,58.15999984741211,31376400
2015-08-25,65.1205825805664,68.56999969482422,70.33000183105469,67.48999786376953,68.83999633789062,29948400
2015-08-26,65.20606994628906,68.66000366210938,69.44999694824219,65.75,68.94999694824219,26389200
2015-08-27,67.2763900756836,70.83999633789062,71.58999633789062,70.0199966430664,70.83999633789062,18123800
2015-08-28,66.54512786865234,70.06999969482422,70.5,69.04499816894531,69.68000030517578,10604600
2015-08-31,62.79384231567383,66.12000274658203,69.30000305175781,66.0199966430664,69.18000030517578,18479900
2015-09-01,61.568729400634766,64.83000183105469,66.83999633789062,64.05000305175781,64.37999725341797,23460900
2015-09-02,62.243011474609375,65.54000091552734,66.0,64.97100067138672,65.69000244140625,13376300
2015-09-03,63.126224517822266,66.47000122070312,66.88999938964844,65.41000366210938,65.82099914550781,15803200
2015-09-04,60.69500732421875,63.90999984741211,65.56999969482422,63.34000015258789,65.40499877929688,18186400
2015-09-08,57.845924377441406,60.90999984741211,66.80999755859375,60.25,65.77999877929688,50328400
2015-09-09,60.8184700012207,64.04000091552734,64.66999816894531,62.529998779296875,62.72999954223633,33147900
2015-09-10,60.61903381347656,63.83000183105469,64.25,63.34000015258789,63.52000045776367,13281600
2015-09-11,61.3787841796875,64.62999725341797,64.79000091552734,62.70000076293945,63.369998931884766,17747000
2015-09-14,59.450904846191406,62.599998474121094,63.2599983215332,61.47999954223633,62.54999923706055,26763300
2015-09-15,61.58771514892578,64.8499984741211,65.36000061035156,61.11000061035156,61.45000076293945,29035000
2015-09-16,63.84800338745117,67.2300033569336,68.08000183105469,65.26000213623047,65.61000061035156,25801000
2015-09-17,62.67987060546875,66.0,66.6500015258789,65.5999984741211,66.41000366210938,16594600
2015-09-18,62.442447662353516,65.75,65.75,64.01000213623047,65.4000015258789,20127300
2015-09-21,60.685516357421875,63.900001525878906,66.4000015258789,62.959999084472656,65.37999725341797,22355100
2015-09-22,58.7861213684082,61.900001525878906,63.27000045776367,61.58000183105469,62.939998626708984,14897900
2015-09-23,56.9817008972168,60.0,62.29999923706055,59.68000030517578,61.959999084472656,22684600
2015-09-24,56.905723571777344,59.91999816894531,60.34000015258789,58.209999084472656,59.41999816894531,20645700
2015-09-25,56.25992965698242,59.2400016784668,60.84000015258789,58.91999816894531,60.630001068115234,17009100
2015-09-28,54.502994537353516,57.38999938964844,60.119998931884766,57.314998626708984,58.810001373291016,20661600
2015-09-29,54.9113655090332,57.81999969482422,58.650001525878906,57.20000076293945,57.29999923706055,16771000
2015-09-30,56.00351333618164,58.970001220703125,60.08000183105469,58.349998474121094,58.869998931884766,16767100
2015-10-01,55.90854263305664,58.869998931884766,59.83000183105469,58.22999954223633,59.5,8147700
2015-10-02,60.02072525024414,63.20000076293945,63.2400016784668,58.20000076293945,58.36000061035156,22356300
2015-10-05,60.7140007019043,63.93000030517578,64.7750015258789,62.20000076293945,63.470001220703125,13583500
2015-10-06,60.70450210571289,63.91999816894531,64.7300033569336,63.279998779296875,63.720001220703125,9620900
2015-10-07,62.9457893371582,66.27999877929688,66.66000366210938,64.37999725341797,64.83999633789062,15770100
2015-10-08,64.29434967041016,67.69999694824219,68.41000366210938,65.95999908447266,66.04000091552734,18667500
2015-10-09,65.25354766845703,68.70999908447266,69.44999694824219,67.30999755859375,67.69999694824219,14762900
2015-10-12,66.76355743408203,70.30000305175781,70.47000122070312,69.0,69.63999938964844,15549100
2015-10-13,66.17474365234375,69.68000030517578,70.31999969482422,68.37999725341797,69.48999786376953,13052800
2015-10-14,65.09209442138672,68.54000091552734,69.69999694824219,67.42500305175781,69.5,12286100
2015-10-15,68.16910552978516,71.77999877929688,72.44000244140625,69.26000213623047,69.33999633789062,18203000
2015-10-16,68.36853790283203,71.98999786376953,73.63999938964844,71.20999908447266,72.5,15953500
2015-10-19,68.99534606933594,72.6500015258789,73.0,71.52200317382812,71.80000305175781,10886900
2015-10-20,68.17860412597656,71.79000091552734,73.0,71.55000305175781,72.98999786376953,11093400
2015-10-21,65.98480987548828,69.4800033569336,71.79000091552734,68.88999938964844,71.79000091552734,16800200
2015-10-22,67.4188461303711,70.98999786376953,71.62999725341797,70.06999969482422,70.16000366210938,10811400
2015-10-23,71.8159408569336,75.62000274658203,75.76000213623047,72.83999633789062,73.9800033569336,22510800
2015-10-26,72.50921630859375,76.3499984741211,77.41999816894531,75.12999725341797,75.44000244140625,24819700
2015-10-27,75.44377136230469,79.44000244140625,82.79000091552734,76.3499984741211,76.3499984741211,50815800
2015-10-28,78.20738220214844,82.3499984741211,82.54499816894531,79.19999694824219,79.4800033569336,25027100
2015-10-29,78.08391571044922,82.22000122070312,82.52999877929688,80.81999969482422,81.97000122070312,16431700
2015-10-30,79.6129379272461,83.83000183105469,84.44000244140625,82.5999984741211,82.69999694824219,20740500
2015-11-02,80.10677337646484,84.3499984741211,84.83000183105469,82.75,83.5199966430664,13827400
2015-11-03,79.2425537109375,83.44000244140625,84.58999633789062,83.12999725341797,84.0,11641300
2015-11-04,81.10395812988281,85.4000015258789,85.5999984741211,84.02999877929688,84.44999694824219,23728500
2015-11-05,81.0849609375,85.37999725341797,86.41999816894531,84.19999694824219,85.22000122070312,20657200
2015-11-06,79.40399932861328,83.61000061035156,86.3499984741211,80.7699966430664,85.52999877929688,38531000
2015-11-09,77.28617858886719,81.37999725341797,83.47000122070312,80.22000122070312,83.44000244140625,19091500
2015-11-10,77.33367156982422,81.43000030517578,82.43000030517578,79.62000274658203,81.0999984741211,22004400
2015-11-11,75.83314514160156,79.8499984741211,82.48999786376953,78.12000274658203,82.27999877929688,29636600
2015-11-12,74.79798126220703,78.76000213623047,80.5,78.44999694824219,78.98999786376953,18839800
2015-11-13,72.03436279296875,75.8499984741211,78.0,75.63999938964844,77.1500015258789,24235500
2015-11-16,74.36112213134766,78.30000305175781,78.75,75.7699966430664,75.83000183105469,17045500
2015-11-17,74.19966125488281,78.12999725341797,79.13999938964844,77.47000122070312,78.9000015258789,12471400
2015-11-18,73.78180694580078,77.69000244140625,78.30999755859375,76.1500015258789,78.25,16735400
2015-11-19,73.95275115966797,77.87000274658203,79.1500015258789,77.40299987792969,78.05999755859375,15692700
2015-11-20,75.92810821533203,79.94999694824219,80.78500366210938,78.4000015258789,78.44000244140625,21025800
2015-11-23,77.2197036743164,81.30999755859375,82.19000244140625,79.97000122070312,80.44999694824219,18766400
2015-11-24,76.79234313964844,80.86000061035156,81.11000061035156,79.2699966430664,80.8499984741211,15283600
2015-11-25,77.59957885742188,81.70999908447266,82.67500305175781,80.81999969482422,80.91000366210938,16330900
2015-11-27,77.28617858886719,81.37999725341797,81.41000366210938,79.2750015258789,80.56999969482422,12599900
2015-11-30,79.85035705566406,84.08000183105469,84.47000122070312,81.37999725341797,81.5,97914100
2015-12-01,79.77438354492188,84.0,84.38999938964844,83.5,83.7699966430664,26235500
2015-12-02,80.72406768798828,85.0,85.81999969482422,84.25,84.2699966430664,36611500
2015-12-03,78.435302734375,82.58999633789062,85.0999984741211,82.0999984741211,85.05000305175781,23029200
2015-12-04,80.58161926269531,84.8499984741211,85.0,82.41999816894531,82.58000183105469,15555000
2015-12-07,80.49614715576172,84.76000213623047,85.12999725341797,84.19999694824219,84.80000305175781,11875500
2015-12-08,80.13526153564453,84.37999725341797,84.66999816894531,82.61000061035156,82.7699966430664,14667400
2015-12-09,79.22355651855469,83.41999816894531,85.19999694824219,82.97000122070312,84.37000274658203,21919200
2015-12-10,80.08778381347656,84.33000183105469,84.33999633789062,82.8499984741211,83.33999633789062,10474700
2015-12-11,75.72868347167969,79.73999786376953,83.05000305175781,79.4219970703125,82.8499984741211,20793600
2015-12-14,76.51692199707031,80.56999969482422,80.76000213623047,78.98999786376953,80.1500015258789,12077700
2015-12-15,78.34033966064453,82.48999786376953,83.38999938964844,80.9000015258789,81.05999755859375,13054800
2015-12-16,80.3726806640625,84.62999725341797,85.05000305175781,82.99500274658203,83.30000305175781,16575600
2015-12-17,79.35651397705078,83.55999755859375,85.31999969482422,82.8499984741211,85.0,13003000
2015-12-18,78.49229431152344,82.6500015258789,83.75,82.02999877929688,83.19999694824219,12168700
2015-12-21,78.70122528076172,82.87000274658203,83.7300033569336,82.43000030517578,83.1500015258789,8094600
2015-12-22,80.57211303710938,84.83999633789062,85.0999984741211,82.88999938964844,82.88999938964844,12778200
2015-12-23,80.53414154052734,84.80000305175781,85.08999633789062,83.72000122070312,85.05000305175781,11238500
2015-12-24,79.49896240234375,83.70999908447266,84.80000305175781,83.41000366210938,84.55999755859375,3775300
2015-12-28,78.00794982910156,82.13999938964844,82.75,81.5199966430664,82.55999755859375,9319400
2015-12-29,79.07160949707031,83.26000213623047,83.51000213623047,82.41000366210938,82.5,6942700
2015-12-30,77.57108306884766,81.68000030517578,83.11000061035156,81.5,82.94999694824219,6984300
2015-12-31,77.18170928955078,81.2699966430664,82.16999816894531,81.25,81.4800033569336,6744500
2016-01-04,72.83211517333984,76.69000244140625,78.30999755859375,75.18000030517578,78.18000030517578,23066300
2016-01-05,74.67452239990234,78.62999725341797,78.68000030517578,77.26000213623047,77.91999816894531,14258900
2016-01-06,73.43991088867188,77.33000183105469,78.48500061035156,76.97000122070312,77.12000274658203,11569300
2016-01-07,69.06182098388672,72.72000122070312,75.5,71.54000091552734,73.29000091552734,27288100
2016-01-08,67.2384033203125,70.80000305175781,74.66000366210938,70.66999816894531,74.33000183105469,20814600
2016-01-11,66.40267181396484,69.91999816894531,71.7300033569336,69.0199966430664,71.29000091552734,16961400
2016-01-12,69.02383422851562,72.68000030517578,72.7699966430664,71.0,71.44999694824219,13456000
2016-01-13,66.75406646728516,70.29000091552734,73.23899841308594,70.22000122070312,72.7699966430664,12480200
2016-01-14,68.61546325683594,72.25,72.72000122070312,68.2699966430664,70.29000091552734,17719600
2016-01-15,66.08927154541016,69.58999633789062,71.0,67.54100036621094,68.69999694824219,20722500
2016-01-19,66.60211181640625,70.12999725341797,72.30999755859375,69.80999755859375,71.94000244140625,17421700
2016-01-20,65.25354766845703,68.70999908447266,69.11199951171875,65.33999633789062,68.0250015258789,19464400
2016-01-21,67.16242980957031,70.72000122070312,71.6500015258789,67.14399719238281,68.77999877929688,16576500
2016-01-22,66.83004760742188,70.37000274658203,73.33999633789062,69.88999938964844,72.51000213623047,15834700
2016-01-25,66.21273803710938,69.72000122070312,70.80000305175781,69.0199966430664,70.80000305175781,14782800
2016-01-26,66.26021575927734,69.7699966430664,70.19000244140625,68.87999725341797,69.01000213623047,11473300
2016-01-27,66.04179382324219,69.54000091552734,71.41999816894531,68.74500274658203,69.95999908447266,18257600
2016-01-28,63.5535888671875,66.91999816894531,73.1500015258789,66.66999816894531,72.55000305175781,33165100
2016-01-29,63.65805435180664,67.02999877929688,68.93000030517578,65.4000015258789,67.9800033569336,25594700
2016-02-01,63.65805435180664,67.02999877929688,67.69999694824219,65.3499984741211,66.5,16213800
2016-02-02,61.815643310546875,65.08999633789062,67.73999786376953,64.66000366210938,67.05000305175781,19150800
2016-02-03,60.24864959716797,63.439998626708984,65.7300033569336,60.869998931884766,65.5999984741211,31918600
2016-02-04,61.59721755981445,64.86000061035156,65.72000122070312,63.099998474121094,64.33000183105469,22911500
2016-02-05,59.488895416259766,62.63999938964844,64.86000061035156,62.18000030517578,64.70999908447266,12842800
2016-02-08,58.0263671875,61.099998474121094,62.04999923706055,60.45000076293945,60.900001525878906,16157900
2016-02-09,58.30177307128906,61.38999938964844,62.220001220703125,59.25,60.11000061035156,12738300
2016-02-10,58.67215347290039,61.779998779296875,63.09000015258789,60.869998931884766,61.900001525878906,8998600
2016-02-11,57.52302551269531,60.56999969482422,61.630001068115234,59.849998474121094,60.25,15008500
2016-02-12,57.82693099975586,60.88999938964844,62.779998779296875,60.279998779296875,61.27000045776367,13669600
2016-02-16,62.95528030395508,66.29000091552734,66.88999938964844,64.04000091552734,64.41999816894531,21735400
2016-02-17,63.04075622558594,66.37999725341797,67.38999938964844,65.68000030517578,67.30000305175781,14457100
2016-02-18,63.173709869384766,66.5199966430664,68.5,66.2300033569336,67.0,14547800
2016-02-19,63.895477294921875,67.27999877929688,67.75,66.08999633789062,66.80000305175781,12334900
2016-02-22,65.37700653076172,68.83999633789062,69.52999877929688,67.9800033569336,68.30000305175781,13405400
2016-02-23,63.60107421875,66.97000122070312,68.66000366210938,66.46499633789062,68.5,12930600
2016-02-24,63.84800338745117,67.2300033569336,67.69000244140625,65.20999908447266,66.16999816894531,10781500
2016-02-25,63.30667495727539,66.66000366210938,66.72000122070312,64.66000366210938,65.66999816894531,14686100
2016-02-26,63.544090270996094,66.91000366210938,68.83000183105469,66.86000061035156,68.08999633789062,12084100
2016-02-29,65.3485107421875,68.80999755859375,70.58000183105469,67.55999755859375,67.63999938964844,17984200
2016-03-01,67.2953872680664,70.86000061035156,71.83999633789062,69.86000061035156,70.0199966430664,14007700
2016-03-02,67.665771484375,71.25,72.04000091552734,70.75,72.04000091552734,10503000
2016-03-03,67.44733428955078,71.0199966430664,72.58999633789062,70.45999908447266,71.30999755859375,11596400
2016-03-04,68.58697509765625,72.22000122070312,72.95999908447266,70.72000122070312,70.95999908447266,10763600
2016-03-07,69.2232666015625,72.88999938964844,73.9800033569336,72.0,72.19999694824219,11244500
2016-03-08,67.49482727050781,71.06999969482422,72.6500015258789,70.95999908447266,72.4000015258789,8670700
2016-03-09,68.78640747070312,72.43000030517578,72.61000061035156,70.68000030517578,71.58999633789062,7283400
2016-03-10,68.34954833984375,71.97000122070312,73.05000305175781,70.6050033569336,72.5,11247900
2016-03-11,70.28692626953125,74.01000213623047,74.01000213623047,72.22000122070312,72.58000183105469,11219200
2016-03-14,69.6601333618164,73.3499984741211,74.41999816894531,72.88999938964844,74.01000213623047,11069800
2016-03-15,68.59647369384766,72.2300033569336,72.83999633789062,71.75,72.62000274658203,8373700
2016-03-16,69.80258178710938,73.5,73.66000366210938,71.86000061035156,72.01000213623047,7701200
2016-03-17,70.51485443115234,74.25,74.37000274658203,73.51000213623047,73.76000213623047,9423900
2016-03-18,72.41424560546875,76.25,76.30000305175781,74.70999908447266,74.97000122070312,13350100
2016-03-21,74.18067169189453,78.11000061035156,79.68000030517578,76.94000244140625,77.08999633789062,15493300
2016-03-22,74.24715423583984,78.18000030517578,78.55000305175781,76.90799713134766,77.0,9148400
2016-03-23,72.70864868164062,76.55999755859375,78.9800033569336,76.1500015258789,78.16000366210938,10806800
2016-03-24,72.04386138916016,75.86000061035156,76.1500015258789,73.52999877929688,75.1500015258789,8833400
2016-03-28,72.63267517089844,76.4800033569336,76.88999938964844,74.9000015258789,76.44999694824219,6082100
2016-03-29,74.15218353271484,78.08000183105469,78.23999786376953,75.56999969482422,75.5999984741211,12535000
2016-03-30,74.8929443359375,78.86000061035156,79.55000305175781,78.54000091552734,79.01000213623047,10696000
2016-03-31,75.05439758300781,79.02999877929688,79.83999633789062,78.41000366210938,78.5,11318500
2016-04-01,74.76949310302734,78.7300033569336,79.0199966430664,78.19999694824219,78.23999786376953,9262200
2016-04-04,75.10188293457031,79.08000183105469,79.55000305175781,78.31999969482422,78.33000183105469,9817300
2016-04-05,73.43042755126953,77.31999969482422,78.30000305175781,76.91000366210938,78.19999694824219,9603900
2016-04-06,74.72200012207031,78.68000030517578,79.1500015258789,77.19000244140625,77.30000305175781,9071900
2016-04-07,73.70582580566406,77.61000061035156,78.5999984741211,77.18299865722656,77.5999984741211,10937900
2016-04-08,73.5728759765625,77.47000122070312,78.76000213623047,76.62100219726562,78.2699966430664,8401200
2016-04-11,73.80078887939453,77.70999908447266,78.58899688720703,77.43000030517578,78.06999969482422,7896500
2016-04-12,73.9432601928711,77.86000061035156,78.23999786376953,76.87000274658203,78.0,7115400
2016-04-13,75.63371276855469,79.63999938964844,79.72000122070312,78.5,78.73999786376953,14150900
2016-04-14,75.60521697998047,79.61000061035156,79.85800170898438,78.36000061035156,79.30999755859375,12611500
2016-04-15,74.99742126464844,78.97000122070312,79.75,78.45999908447266,79.44999694824219,11709100
2016-04-18,75.035400390625,79.01000213623047,79.12000274658203,77.70999908447266,78.5199966430664,7767000
2016-04-19,75.46276092529297,79.45999908447266,80.4800033569336,78.47000122070312,79.19999694824219,14742000
2016-04-20,77.1247329711914,81.20999908447266,81.73500061035156,78.98999786376953,79.0,14911900
2016-04-21,76.71636199951172,80.77999877929688,81.77999877929688,80.19999694824219,81.08000183105469,8819000
2016-04-22,75.87113189697266,79.88999938964844,81.44000244140625,79.15499877929688,80.12000274658203,8649300
2016-04-25,74.87394714355469,78.83999633789062,79.83999633789062,78.68000030517578,79.80000305175781,9207600
2016-04-26,74.65553283691406,78.61000061035156,79.55999755859375,77.80000305175781,78.8499984741211,9632700
2016-04-27,73.74382019042969,77.6500015258789,78.62000274658203,76.56999969482422,78.30000305175781,11491900
2016-04-28,72.55669403076172,76.4000015258789,77.9000015258789,76.08999633789062,77.6500015258789,9959900
2016-04-29,73.06954193115234,76.94000244140625,77.27999877929688,75.66000366210938,76.80999755859375,10124300
2016-05-02,72.75613403320312,76.61000061035156,77.0,75.94000244140625,76.88999938964844,7718100
2016-05-03,72.09135437011719,75.91000366210938,76.2699966430664,75.42500305175781,75.95999908447266,8019200
2016-05-04,72.00587463378906,75.81999969482422,75.91000366210938,75.01000213623047,75.63999938964844,14326600
2016-05-05,74.86445617675781,78.83000183105469,79.94000244140625,78.0999984741211,79.5199966430664,27950900
2016-05-06,75.21583557128906,79.19999694824219,79.72000122070312,78.25,78.3499984741211,12862100
2016-05-09,75.415283203125,79.41000366210938,79.9800033569336,78.88999938964844,78.94000244140625,11795800
2016-05-10,75.7096939086914,79.72000122070312,79.9800033569336,79.1500015258789,79.79000091552734,9319700
2016-05-11,75.7856674194336,79.80000305175781,80.48500061035156,79.41000366210938,79.43000030517578,11072500
2016-05-12,75.17786407470703,79.16000366210938,80.44999694824219,78.31999969482422,80.01000213623047,8791400
2016-05-13,73.27847290039062,77.16000366210938,79.16000366210938,76.97000122070312,78.82499694824219,10078000
2016-05-16,75.30132293701172,79.29000091552734,79.93000030517578,77.58999633789062,77.86000061035156,11661000
2016-05-17,75.3582992553711,79.3499984741211,80.19999694824219,79.30999755859375,79.83000183105469,10970700
2016-05-18,75.05439758300781,79.02999877929688,80.0,78.47000122070312,78.70999908447266,9085800
2016-05-19,74.38011169433594,78.31999969482422,79.26000213623047,77.5999984741211,78.6500015258789,8317500
2016-05-20,74.82647705078125,78.79000091552734,79.44999694824219,78.31999969482422,78.31999969482422,11043900
2016-05-23,75.02590942382812,79.0,79.5,78.5999984741211,78.94999694824219,7187500
2016-05-24,77.03926086425781,81.12000274658203,81.30999755859375,79.06999969482422,79.16999816894531,16707700
2016-05-25,71.78744506835938,75.58999633789062,79.19999694824219,74.12000274658203,78.52999877929688,49606600
2016-05-26,74.40860748291016,78.3499984741211,78.86499786376953,75.58999633789062,75.58999633789062,26968600
2016-05-27,76.89680480957031,80.97000122070312,81.0,78.38999938964844,78.48999786376953,24552900
2016-05-31,77.87499237060547,82.0,82.02999877929688,80.19999694824219,81.0,78861400
2016-06-01,72.83211517333984,76.69000244140625,82.0,76.55000305175781,82.0,62531500
2016-06-02,73.41143035888672,77.30000305175781,77.75,76.55999755859375,76.6500015258789,45379500
2016-06-03,72.76563262939453,76.62000274658203,77.80000305175781,75.70999908447266,77.23999786376953,23685700
2016-06-06,74.13319396972656,78.05999755859375,78.33000183105469,76.69999694824219,77.11000061035156,19166100
2016-06-07,73.92425537109375,77.83999633789062,78.37000274658203,77.31999969482422,78.19000244140625,12878000
2016-06-08,73.73432159423828,77.63999938964844,78.52999877929688,77.375,78.0,11614100
2016-06-09,73.65834045410156,77.55999755859375,78.06999969482422,76.77999877929688,77.38999938964844,8994400
2016-06-10,72.10084533691406,75.91999816894531,77.05000305175781,75.76000213623047,76.43000030517578,10421100
2016-06-13,71.65449523925781,75.44999694824219,76.45500183105469,74.8499984741211,75.25,11300800
2016-06-14,73.85777282714844,77.7699966430664,78.44999694824219,76.75,76.88999938964844,22358900
2016-06-15,74.44659423828125,78.38999938964844,78.76899719238281,77.51000213623047,78.30999755859375,14734800
2016-06-16,74.33262634277344,78.2699966430664,78.4000015258789,76.19999694824219,77.83999633789062,13570700
2016-06-17,73.12651824951172,77.0,78.44999694824219,76.4800033569336,78.44999694824219,15582600
2016-06-20,74.21866607666016,78.1500015258789,78.79000091552734,77.83999633789062,77.9000015258789,9625600
2016-06-21,74.66502380371094,78.62000274658203,79.08000183105469,78.4000015258789,78.75,8881800
2016-06-22,74.76949310302734,78.7300033569336,79.12000274658203,78.20999908447266,79.04000091552734,8170900
2016-06-23,75.15885925292969,79.13999938964844,79.45999908447266,78.55000305175781,79.16000366210938,8279500
2016-06-24,72.45223236083984,76.29000091552734,77.5,75.43000030517578,76.83000183105469,18224800
2016-06-27,70.49586486816406,74.2300033569336,75.97000122070312,73.30000305175781,75.80000305175781,15131300
2016-06-28,72.44273376464844,76.27999877929688,76.5999984741211,75.5,75.5,11266200
2016-06-29,74.11420440673828,78.04000091552734,78.4800033569336,76.9000015258789,76.9800033569336,11460000
2016-06-30,75.52924346923828,79.52999877929688,79.76000213623047,78.27999877929688,78.30999755859375,12485300
2016-07-01,75.6432113647461,79.6500015258789,80.05000305175781,79.12000274658203,79.12000274658203,7271300
2016-07-05,74.99742126464844,78.97000122070312,79.55000305175781,78.37000274658203,79.04000091552734,6845200
2016-07-06,74.68401336669922,78.63999938964844,78.81999969482422,77.68000030517578,78.47000122070312,7737600
2016-07-07,75.3582992553711,79.3499984741211,79.48999786376953,78.70999908447266,79.0,6819200
2016-07-08,75.01641082763672,78.98999786376953,79.3499984741211,77.80000305175781,78.44000244140625,14029100
2016-07-11,77.36215209960938,81.45999908447266,81.9000015258789,79.23999786376953,79.33000183105469,17417500
2016-07-12,77.62806701660156,81.73999786376953,82.87999725341797,81.51000213623047,81.79000091552734,15294100
2016-07-13,76.51692199707031,80.56999969482422,81.87999725341797,80.37000274658203,81.83000183105469,10739200
2016-07-14,77.62806701660156,81.73999786376953,82.23999786376953,80.86000061035156,81.18000030517578,9361500
2016-07-15,77.16272735595703,81.25,82.48999786376953,80.96499633789062,81.77999877929688,8919900
2016-07-18,78.49229431152344,82.6500015258789,82.79000091552734,80.5999984741211,80.5999984741211,12113600
2016-07-19,78.60624694824219,82.7699966430664,83.69000244140625,82.05000305175781,82.4800033569336,9799400
2016-07-20,80.17325592041016,84.41999816894531,84.69999694824219,83.2300033569336,83.2699966430664,13991000
2016-07-21,79.94532775878906,84.18000030517578,85.0,83.66000366210938,84.70999908447266,10163500
2016-07-22,80.23973083496094,84.48999786376953,84.5,83.80999755859375,84.0,5988400
2016-07-25,79.005126953125,83.19000244140625,84.79000091552734,82.61000061035156,84.47000122070312,13185900
2016-07-26,79.38500213623047,83.58999633789062,83.62999725341797,82.62999725341797,82.86000061035156,7714700
2016-07-27,78.91966247558594,83.0999984741211,83.63999938964844,83.0,83.5999984741211,11629000
2016-07-28,78.93865203857422,83.12000274658203,83.48999786376953,82.12000274658203,83.45999908447266,7476500
2016-07-29,78.33084869384766,82.4800033569336,83.41999816894531,81.94499969482422,83.37000274658203,8709300
2016-08-01,80.09727478027344,84.33999633789062,84.80000305175781,82.58999633789062,82.79000091552734,13401200
2016-08-02,79.58444213867188,83.80000305175781,84.33999633789062,82.91000366210938,84.33999633789062,7691600
2016-08-03,79.46098327636719,83.66999816894531,83.83999633789062,83.16999816894531,83.30000305175781,5365800
2016-08-04,80.48665618896484,84.75,84.9800033569336,83.69000244140625,83.75,10731600
2016-08-05,80.33470153808594,84.58999633789062,85.08000183105469,84.44000244140625,85.01000213623047,9401700
2016-08-08,80.72406768798828,85.0,85.0199966430664,84.30000305175781,84.98999786376953,11528200
2016-08-09,80.9520034790039,85.23999786376953,85.62999725341797,84.80000305175781,85.05000305175781,15349200
2016-08-10,82.9368667602539,87.33000183105469,87.7300033569336,86.01000213623047,86.01000213623047,28195900
2016-08-11,87.15350341796875,91.7699966430664,92.80000305175781,91.26000213623047,92.13999938964844,54169200
2016-08-12,93.30754089355469,98.25,98.3499984741211,92.91000366210938,92.9800033569336,71968300
2016-08-15,92.2818603515625,97.16999816894531,98.86000061035156,96.81999969482422,98.27999877929688,33813400
2016-08-16,91.79752349853516,96.66000366210938,97.1500015258789,95.05000305175781,96.1500015258789,27514000
2016-08-17,92.12041473388672,97.0,97.25,96.05000305175781,96.16999816894531,14980900
2016-08-18,92.12041473388672,97.0,97.94000244140625,96.62000274658203,97.25,15009000
2016-08-19,91.98746490478516,96.86000061035156,97.23999786376953,96.33999633789062,96.91000366210938,14267100
2016-08-22,90.83833312988281,95.6500015258789,96.62999725341797,94.75,96.47000122070312,16222900
2016-08-23,90.9712905883789,95.79000091552734,96.4800033569336,95.41000366210938,95.58999633789062,9646800
2016-08-24,89.1573715209961,93.87999725341797,96.30000305175781,93.55999755859375,95.68000030517578,12726600
2016-08-25,89.21435546875,93.94000244140625,94.69000244140625,93.12000274658203,93.75,13039900
2016-08-26,90.27800750732422,95.05999755859375,95.44999694824219,94.08000183105469,94.1500015258789,14133900
2016-08-29,90.10706329345703,94.87999725341797,95.16000366210938,94.20999908447266,94.5999984741211,8818300
2016-08-30,91.17072296142578,96.0,96.68000030517578,95.16999816894531,95.3499984741211,13994200
2016-08-31,92.30085754394531,97.19000244140625,97.19999694824219,96.01000213623047,96.13999938964844,28617000
2016-09-01,92.519287109375,97.41999816894531,98.0,97.01000213623047,97.30000305175781,13387400
2016-09-02,94.2572250366211,99.25,99.66500091552734,97.97000122070312,97.97000122070312,17482600
2016-09-06,98.5593490600586,103.77999877929688,104.30000305175781,100.44999694824219,100.44999694824219,32803800
2016-09-07,97.17279815673828,102.31999969482422,104.0,102.26000213623047,103.83999633789062,15758800
2016-09-08,97.41021728515625,102.56999969482422,103.77999877929688,101.62999725341797,101.93000030517578,15475500
2016-09-09,94.6086196899414,99.62000274658203,102.20999908447266,99.05000305175781,101.80000305175781,21250400
2016-09-12,95.72926330566406,100.80000305175781,101.37999725341797,97.0,97.37999725341797,17318200
2016-09-13,95.23542022705078,100.27999877929688,101.48999786376953,98.83999633789062,100.37999725341797,20004900
2016-09-14,97.24877166748047,102.4000015258789,102.58999633789062,100.0199966430664,100.08000183105469,19604700
2016-09-15,99.19564056396484,104.44999694824219,104.4800033569336,102.52999877929688,102.62000274658203,20795900
2016-09-16,99.3760757446289,104.63999938964844,105.38999938964844,103.86000061035156,104.0,20363500
2016-09-19,97.8470687866211,103.02999877929688,105.5,102.19499969482422,105.16000366210938,15234600
2016-09-20,96.2610855102539,101.36000061035156,103.7300033569336,100.93000030517578,102.94000244140625,12863800
2016-09-21,100.66767120361328,106.0,106.19000244140625,102.20999908447266,102.45999908447266,22997100
2016-09-22,103.858642578125,109.36000061035156,109.76000213623047,107.4800033569336,107.56999969482422,35627700
2016-09-23,102.2916488647461,107.70999908447266,108.4000015258789,106.70999908447266,108.25,23083000
2016-09-26,100.56320190429688,105.88999938964844,107.05999755859375,105.30000305175781,106.5199966430664,16805300
2016-09-27,102.8139877319336,108.26000213623047,108.48999786376953,106.37000274658203,106.5199966430664,17556700
2016-09-28,103.27932739257812,108.75,109.87000274658203,107.16000366210938,108.44000244140625,16371600
2016-09-29,100.24031066894531,105.55000305175781,106.69000244140625,104.56999969482422,106.51000213623047,30236700
2016-09-30,100.46823120117188,105.79000091552734,107.0999984741211,105.79000091552734,106.5,15577500
2016-10-03,100.078857421875,105.37999725341797,106.29000091552734,104.9800033569336,105.44999694824219,10849500
2016-10-04,100.14533233642578,105.44999694824219,106.2300033569336,105.05000305175781,105.93000030517578,11068800
2016-10-05,101.57937622070312,106.95999908447266,107.44999694824219,105.66000366210938,105.87000274658203,13176500
2016-10-06,101.6933364868164,107.08000183105469,107.51000213623047,106.18499755859375,107.30000305175781,9885600
2016-10-07,100.66767120361328,106.0,107.55000305175781,105.55999755859375,106.88999938964844,8954400
2016-10-10,102.95643615722656,108.41000366210938,109.0,106.55999755859375,106.79000091552734,11516600
2016-10-11,99.93640899658203,105.2300033569336,107.97000122070312,104.75,107.88999938964844,14916600
2016-10-12,98.40740203857422,103.62000274658203,105.11000061035156,101.81999969482422,105.05000305175781,18435000
2016-10-13,97.01134490966797,102.1500015258789,102.55000305175781,99.0,102.05999755859375,22390000
2016-10-14,96.72643280029297,101.8499984741211,104.69999694824219,101.02999877929688,104.2699966430664,12789500
2016-10-17,97.66663360595703,102.83999633789062,103.47000122070312,101.2699966430664,101.5,10351700
2016-10-18,98.1414794921875,103.33999633789062,104.98999786376953,103.30999755859375,104.47000122070312,11107200
2016-10-19,98.7018051147461,103.93000030517578,104.80000305175781,103.6500015258789,104.33000183105469,8918900
2016-10-20,98.6258316040039,103.8499984741211,104.73999786376953,103.56999969482422,104.19999694824219,7109800
2016-10-21,98.71129608154297,103.94000244140625,103.94000244140625,102.75,103.69999694824219,8073100
2016-10-24,99.24312591552734,104.5,105.30000305175781,103.55000305175781,104.9800033569336,10898800
2016-10-25,98.97721862792969,104.22000122070312,105.19999694824219,104.0199966430664,104.86000061035156,8985700
2016-10-26,97.60964965820312,102.77999877929688,104.0,102.69999694824219,103.68000030517578,7579800
2016-10-27,97.22978210449219,102.37999725341797,104.11000061035156,101.8499984741211,103.37999725341797,8807100
2016-10-28,96.80241394042969,101.93000030517578,103.05000305175781,101.55000305175781,102.3499984741211,8479500
2016-10-31,96.5744857788086,101.69000244140625,103.20999908447266,101.41999816894531,102.6500015258789,15837900
2016-11-01,96.06165313720703,101.1500015258789,101.23999786376953,99.20999908447266,100.43000030517578,21287300
2016-11-02,93.55445861816406,98.51000213623047,104.0999984741211,97.30000305175781,103.8499984741211,36939900
2016-11-03,92.83267974853516,97.75,99.30000305175781,96.45999908447266,98.04000091552734,17412600
2016-11-04,92.66173553466797,97.56999969482422,98.79000091552734,96.66999816894531,96.9000015258789,9048500
2016-11-07,94.3521957397461,99.3499984741211,100.62000274658203,99.16000366210938,100.06999969482422,11198300
2016-11-08,94.82704162597656,99.8499984741211,99.98999786376953,98.36000061035156,99.38999938964844,8091100
2016-11-09,91.80701446533203,96.66999816894531,98.58000183105469,95.80000305175781,97.37999725341797,20948000
2016-11-10,89.59423065185547,94.33999633789062,98.5,92.22000122070312,98.33999633789062,27346700
2016-11-11,88.31214141845703,92.98999786376953,94.08999633789062,91.0999984741211,93.86000061035156,23725800
2016-11-14,85.25411987304688,89.7699966430664,92.54000091552734,87.87999725341797,92.45099639892578,27356200
2016-11-15,86.42224884033203,91.0,93.48999786376953,90.75,91.0,16723000
2016-11-16,88.18867492675781,92.86000061035156,93.68000030517578,91.33000183105469,91.38999938964844,14079700
2016-11-17,89.33780670166016,94.06999969482422,94.9800033569336,93.63999938964844,94.70999908447266,10380200
2016-11-18,88.6920166015625,93.38999938964844,95.30000305175781,92.66999816894531,94.8499984741211,10032600
2016-11-21,88.71101379394531,93.41000366210938,94.66000366210938,93.0,94.05000305175781,8960000
2016-11-22,88.52107238769531,93.20999908447266,94.41999816894531,93.16000366210938,94.23999786376953,10403600
2016-11-23,88.35012817382812,93.02999877929688,93.4000015258789,91.44999694824219,92.52999877929688,11721700
2016-11-25,88.33113861083984,93.01000213623047,93.75,92.7699966430664,93.55000305175781,4868500
2016-11-28,89.04341125488281,93.76000213623047,95.74099731445312,93.0,93.0199966430664,14340100
2016-11-29,90.2115249633789,94.98999786376953,96.05500030517578,93.38999938964844,93.66999816894531,14146900
2016-11-30,89.29032135009766,94.0199966430664,95.4800033569336,93.30000305175781,95.27999877929688,11447700
2016-12-01,85.33959197998047,89.86000061035156,94.05500030517578,89.18000030517578,94.0,24030700
2016-12-02,85.92840576171875,90.4800033569336,91.73999786376953,89.94999694824219,90.37999725341797,11718800
2016-12-05,86.4127426147461,90.98999786376953,91.4000015258789,89.56999969482422,90.05000305175781,8902600
2016-12-06,85.85243225097656,90.4000015258789,91.93000030517578,89.95999908447266,91.55999755859375,7787800
2016-12-07,86.48872375488281,91.06999969482422,91.6500015258789,89.5,90.5199966430664,13240000
2016-12-08,87.66634368896484,92.30999755859375,93.08000183105469,91.02999877929688,91.80000305175781,10919500
2016-12-09,88.5875473022461,93.27999877929688,93.63999938964844,92.27999877929688,92.51000213623047,9177600
2016-12-12,87.81830596923828,92.47000122070312,92.88999938964844,91.69999694824219,92.05000305175781,9355900
2016-12-13,87.52389526367188,92.16000366210938,93.7300033569336,91.87000274658203,92.80000305175781,10491300
2016-12-14,86.6026840209961,91.19000244140625,92.26000213623047,90.83000183105469,91.83000183105469,9153700
2016-12-15,84.38040161132812,88.8499984741211,90.5999984741211,88.73999786376953,90.0,19215500
2016-12-16,84.20945739746094,88.66999816894531,90.0999984741211,88.55999755859375,89.0,11341500
2016-12-19,84.45637512207031,88.93000030517578,89.81999969482422,88.41000366210938,88.61000061035156,10226300
2016-12-20,85.32059478759766,89.83999633789062,90.30999755859375,88.94000244140625,89.19000244140625,8434700
2016-12-21,84.7602767944336,89.25,90.43000030517578,89.25,89.95999908447266,9044900
2016-12-22,82.43353271484375,86.80000305175781,88.26000213623047,86.01000213623047,87.88999938964844,14404500
2016-12-23,82.42403411865234,86.79000091552734,87.68000030517578,86.62000274658203,86.62000274658203,6344000
2016-12-27,83.13629913330078,87.54000091552734,87.94000244140625,86.70999908447266,86.72000122070312,5228000
2016-12-28,82.97486114501953,87.37000274658203,88.75,87.22000122070312,88.30000305175781,6421100
2016-12-29,82.9368667602539,87.33000183105469,88.19999694824219,87.16000366210938,87.81999969482422,5467100
2016-12-30,83.39271545410156,87.80999755859375,88.0999984741211,87.19999694824219,87.56999969482422,7211100
2017-01-03,84.14297485351562,88.5999984741211,89.0,88.08000183105469,89.0,8789400
2017-01-04,85.95690155029297,90.51000213623047,90.88999938964844,88.58000183105469,88.98500061035156,11490200
2017-01-05,89.62271881103516,94.37000274658203,94.80999755859375,91.63999938964844,91.91000366210938,16821500
2017-01-06,89.16686248779297,93.88999938964844,94.5,93.0,94.4000015258789,7639800
2017-01-09,89.95510864257812,94.72000122070312,95.6500015258789,93.30999755859375,94.16000366210938,10829500
2017-01-10,91.88299560546875,96.75,97.90399932861328,95.55000305175781,96.4000015258789,14780600
2017-01-11,92.06343841552734,96.94000244140625,97.44999694824219,95.5999984741211,96.91999816894531,8735900
2017-01-12,91.07575225830078,95.9000015258789,96.8499984741211,94.80000305175781,96.8499984741211,8424700
2017-01-13,91.42713165283203,96.2699966430664,97.37999725341797,95.76000213623047,95.94999694824219,10701100
2017-01-17,91.28468322753906,96.12000274658203,96.58999633789062,95.0,96.31999969482422,6342400
2017-01-18,91.17072296142578,96.0,96.2699966430664,95.26000213623047,96.2699966430664,6610700
2017-01-19,91.33216857910156,96.16999816894531,96.69999694824219,95.58000183105469,96.41999816894531,7090000
2017-01-20,91.22769165039062,96.05999755859375,97.1500015258789,95.6709976196289,96.44999694824219,9685800
2017-01-23,93.4594955444336,98.41000366210938,98.66999816894531,96.26000213623047,96.4800033569336,14090300
2017-01-24,96.32756805419922,101.43000030517578,103.19000244140625,99.94000244140625,103.1500015258789,37181500
2017-01-25,98.82526397705078,104.05999755859375,104.2699966430664,101.9000015258789,102.45999908447266,23322800
2017-01-26,97.58116149902344,102.75,104.56999969482422,102.16999816894531,103.91999816894531,12504800
2017-01-27,96.93537139892578,102.06999969482422,102.69999694824219,101.29000091552734,102.25,8031000
2017-01-30,95.93818664550781,101.0199966430664,101.45999908447266,100.08999633789062,101.19999694824219,8619800
2017-01-31,96.2136001586914,101.30999755859375,102.08999633789062,100.05999755859375,100.23999786376953,7530000
2017-02-01,96.46052551269531,101.56999969482422,102.37999725341797,100.87000274658203,102.06999969482422,5736400
2017-02-02,95.76724243164062,100.83999633789062,101.47000122070312,100.55999755859375,101.27999877929688,5371600
2017-02-03,95.33987426757812,100.38999938964844,101.55999755859375,100.30000305175781,101.5,6197600
2017-02-06,95.82422637939453,100.9000015258789,101.70600128173828,100.0199966430664,100.16999816894531,6866700
2017-02-07,95.75775146484375,100.83000183105469,101.5999984741211,100.5,101.04000091552734,5655600
2017-02-08,98.35991668701172,103.56999969482422,103.98999786376953,101.16000366210938,101.55000305175781,10178500
2017-02-09,98.1414794921875,103.33999633789062,104.18000030517578,102.55999755859375,103.56999969482422,8435800
2017-02-10,97.21078491210938,102.36000061035156,103.94000244140625,102.30999755859375,103.87999725341797,7680300
2017-02-13,97.91355895996094,103.0999984741211,104.44000244140625,102.62000274658203,102.81999969482422,9729000
2017-02-14,96.4795150756836,101.58999633789062,103.5999984741211,100.89600372314453,103.13999938964844,10240700
2017-02-15,96.44153594970703,101.55000305175781,102.12999725341797,100.11000061035156,102.05999755859375,12384400
2017-02-16,95.74825286865234,100.81999969482422,102.0999984741211,100.5,101.86000061035156,7464000
2017-02-17,95.46333312988281,100.5199966430664,101.7300033569336,100.30000305175781,100.69000244140625,8258200
2017-02-21,96.98286437988281,102.12000274658203,102.54000091552734,100.91000366210938,101.02999877929688,8189600
2017-02-22,98.95821380615234,104.19999694824219,105.19999694824219,102.41999816894531,102.4800033569336,15779400
2017-02-23,97.30574798583984,102.45999908447266,104.86000061035156,101.81999969482422,104.72000122070312,10095600
2017-02-24,97.7710952758789,102.94999694824219,103.0,101.30000305175781,101.38999938964844,7356600
2017-02-27,98.38839721679688,103.5999984741211,103.82499694824219,102.22000122070312,102.5,6865900
2017-02-28,97.72362518310547,102.9000015258789,103.98999786376953,102.02999877929688,103.88999938964844,8017500
2017-03-01,98.8062744140625,104.04000091552734,104.98999786376953,103.20999908447266,103.68000030517578,10331800
2017-03-02,97.9990234375,103.19000244140625,104.58000183105469,102.7699966430664,103.80000305175781,7983000
2017-03-03,98.11299133300781,103.30999755859375,103.41999816894531,102.44000244140625,102.98999786376953,6320900
2017-03-06,97.16329193115234,102.30999755859375,103.25,102.0999984741211,102.76000213623047,6290700
2017-03-07,97.46719360351562,102.62999725341797,103.30799865722656,102.11000061035156,102.30000305175781,4985200
2017-03-08,98.02751922607422,103.22000122070312,104.29000091552734,102.54000091552734,102.62999725341797,7066700
2017-03-09,98.0465087890625,103.23999786376953,103.75,102.76000213623047,102.97000122070312,4523600
2017-03-10,98.18896484375,103.38999938964844,103.69999694824219,102.62999725341797,103.43000030517578,4120700
2017-03-13,99.88893127441406,105.18000030517578,106.25,103.47000122070312,103.5199966430664,16118900
2017-03-14,99.00570678710938,104.25,106.0,103.8219985961914,104.61000061035156,7748400
2017-03-15,98.473876953125,103.69000244140625,104.48999786376953,102.5999984741211,104.37000274658203,11695200
2017-03-16,100.31627655029297,105.62999725341797,105.6500015258789,104.3010025024414,105.25,12445200
2017-03-17,100.29728698730469,105.61000061035156,106.5,104.86000061035156,105.16999816894531,8778900
2017-03-20,101.85478973388672,107.25,108.19999694824219,105.94000244140625,106.2300033569336,12447900
2017-03-21,99.8034439086914,105.08999633789062,108.69999694824219,104.69999694824219,108.45999908447266,13877700
2017-03-22,100.75313568115234,106.08999633789062,106.12000274658203,103.9800033569336,104.63999938964844,7153000
2017-03-23,102.80448150634766,108.25,108.83000183105469,106.44000244140625,106.94999694824219,13410800
2017-03-24,102.60504913330078,108.04000091552734,109.12999725341797,107.2300033569336,108.4000015258789,7578400
2017-03-27,102.6430435180664,108.08000183105469,108.19000244140625,106.51000213623047,106.6500015258789,7709400
2017-03-28,102.37712860107422,107.80000305175781,108.94999694824219,107.45999908447266,108.2300033569336,6472000
2017-03-29,104.0010986328125,109.51000213623047,109.73999786376953,107.69000244140625,107.97000122070312,8788700
2017-03-30,103.37429809570312,108.8499984741211,110.44999694824219,108.66000366210938,109.72899627685547,10592500
2017-03-31,102.40560913085938,107.83000183105469,109.11900329589844,107.77999877929688,108.5,9002800
2017-04-03,102.65252685546875,108.08999633789062,109.47000122070312,107.5199966430664,108.8499984741211,8391400
2017-04-04,102.11119842529297,107.5199966430664,108.26000213623047,106.87999725341797,107.87000274658203,6480100
2017-04-05,102.03522491455078,107.44000244140625,108.81999969482422,107.31999969482422,108.36000061035156,8205400
2017-04-06,102.60504913330078,108.04000091552734,108.41999816894531,107.1500015258789,107.58999633789062,5211100
2017-04-07,103.50725555419922,108.98999786376953,109.06999969482422,106.76000213623047,107.87999725341797,8354900
2017-04-10,106.0809326171875,111.69999694824219,111.87999725341797,108.83999633789062,109.0,14798600
2017-04-11,104.88432312011719,110.44000244140625,111.79000091552734,109.45999908447266,111.4000015258789,10012100
2017-04-12,105.06475067138672,110.62999725341797,111.69999694824219,110.30999755859375,110.5,8099800
2017-04-13,104.66588592529297,110.20999908447266,111.44999694824219,109.81999969482422,110.72000122070312,6857000
2017-04-17,106.1379165649414,111.76000213623047,111.87000274658203,110.30000305175781,110.91000366210938,7128100
2017-04-18,105.63457489013672,111.2300033569336,112.19999694824219,110.86699676513672,111.19999694824219,8305100
2017-04-19,105.18822479248047,110.76000213623047,112.19999694824219,110.56999969482422,111.98999786376953,9603800
2017-04-20,107.27754211425781,112.95999908447266,113.5999984741211,111.4800033569336,111.52999877929688,13773500
2017-04-21,107.42000579833984,113.11000061035156,113.16999816894531,112.30000305175781,112.80000305175781,8968300
2017-04-24,109.08197021484375,114.86000061035156,115.16000366210938,114.0199966430664,114.04000091552734,13386600
2017-04-25,109.6707763671875,115.4800033569336,115.81999969482422,114.80000305175781,115.54000091552734,11434600
2017-04-26,109.18643951416016,114.97000122070312,115.75,114.62200164794922,115.37000274658203,6678800
2017-04-27,109.62329864501953,115.43000030517578,115.95999908447266,114.83000183105469,115.0,9441500
2017-04-28,109.68976593017578,115.5,115.98999786376953,115.0,115.9000015258789,6984900
2017-05-01,110.81041717529297,116.68000030517578,117.23999786376953,115.5,115.62999725341797,7332100
2017-05-02,112.14948272705078,118.08999633789062,118.69000244140625,117.0,117.06999969482422,10048200
2017-05-03,110.70594787597656,116.56999969482422,118.0,115.12000274658203,117.94999694824219,10591100
2017-05-04,110.03165435791016,115.86000061035156,116.41000366210938,115.1500015258789,115.94000244140625,6977800
2017-05-05,110.20260620117188,116.04000091552734,116.1500015258789,114.80000305175781,116.05000305175781,7099400
2017-05-08,110.98136138916016,116.86000061035156,117.51000213623047,116.19999694824219,116.9000015258789,6461900
2017-05-09,113.9634017944336,120.0,120.0,118.06999969482422,118.62000274658203,15219900
2017-05-10,113.94440460205078,119.9800033569336,120.33000183105469,119.0999984741211,120.01000213623047,9347300
2017-05-11,114.1153564453125,120.16000366210938,120.5,118.25,120.12999725341797,11375500
2017-05-12,114.28629302978516,120.33999633789062,120.46800231933594,119.51000213623047,120.16000366210938,9823900
2017-05-15,115.29297637939453,121.4000015258789,121.48999786376953,120.03099822998047,121.02999877929688,11125500
2017-05-16,117.78117370605469,124.0199966430664,124.33999633789062,121.73999786376953,121.9800033569336,18222100
2017-05-17,114.64717864990234,120.72000122070312,123.88999938964844,120.5,123.25,19834700
2017-05-18,115.16951751708984,121.2699966430664,122.62999725341797,114.0,116.30999755859375,37121900
2017-05-19,117.02141571044922,123.22000122070312,126.4000015258789,123.06999969482422,123.95999908447266,21101700
2017-05-22,118.47444915771484,124.75,125.58999633789062,123.55500030517578,124.9800033569336,13493200
2017-05-23,116.74600982666016,122.93000030517578,125.67500305175781,122.8499984741211,124.66999816894531,14370100
2017-05-24,116.63203430175781,122.80999755859375,123.68399810791016,121.94999694824219,123.06999969482422,8371500
2017-05-25,117.41079711914062,123.62999725341797,124.44999694824219,122.30999755859375,123.73999786376953,12486500
2017-05-26,117.752685546875,123.98999786376953,124.6500015258789,123.0999984741211,123.93000030517578,7558900
2017-05-30,117.67671203613281,123.91000366210938,124.87999725341797,123.52999877929688,124.08000183105469,8343400
2017-05-31,116.29965209960938,122.45999908447266,124.17500305175781,122.0,123.63999938964844,11582200
2017-06-01,117.73368835449219,123.97000122070312,124.0,122.26000213623047,122.81999969482422,8901400
2017-06-02,117.88563537597656,124.12999725341797,124.52999877929688,123.23999786376953,123.72000122070312,7342100
2017-06-05,119.06326293945312,125.37000274658203,125.55999755859375,123.87000274658203,124.0199966430664,10030600
2017-06-06,118.35099792480469,124.62000274658203,126.19999694824219,124.2699966430664,125.37000274658203,9257100
2017-06-07,119.3196792602539,125.63999938964844,125.91000366210938,124.11000061035156,125.08000183105469,9431600
2017-06-08,135.17958068847656,142.33999633789062,143.6999969482422,135.2100067138672,142.50999450683594,81381500
2017-06-09,132.42547607421875,139.44000244140625,148.2899932861328,137.00999450683594,142.33999633789062,54367400
2017-06-12,132.08358764648438,139.0800018310547,139.38999938964844,136.0500030517578,139.1699981689453,32177600
2017-06-13,129.7283477783203,136.60000610351562,142.24400329589844,135.89999389648438,141.8800048828125,40879600
2017-06-14,129.79481506347656,136.6699981689453,139.25,135.25999450683594,137.8000030517578,32862000
2017-06-15,128.28480529785156,135.0800018310547,135.6699981689453,133.10000610351562,135.63999938964844,30510400
2017-06-16,128.08535766601562,134.8699951171875,136.5,133.5500030517578,136.27999877929688,36431300
2017-06-19,132.4539794921875,139.47000122070312,140.39999389648438,137.39999389648438,137.80999755859375,24951600
2017-06-20,131.41879272460938,138.3800048828125,140.6300048828125,137.92999267578125,140.0800018310547,20580500
2017-06-21,136.081787109375,143.2899932861328,143.5,138.02000427246094,138.82000732421875,30911600
2017-06-22,135.1131134033203,142.27000427246094,144.67999267578125,140.8800048828125,142.0500030517578,21897600
2017-06-23,135.8158721923828,143.00999450683594,143.33999633789062,141.60000610351562,142.10000610351562,11759000
2017-06-26,135.5499725341797,142.72999572753906,145.36000061035156,141.27000427246094,144.02999877929688,17828100
2017-06-27,134.41033935546875,141.52999877929688,144.3800048828125,141.10000610351562,143.89999389648438,17374800
2017-06-28,136.70860290527344,143.9499969482422,144.3699951171875,141.47999572753906,142.64999389648438,17759800
2017-06-29,133.72654724121094,140.80999755859375,143.55999755859375,137.52000427246094,143.16000366210938,24130300
2017-06-30,133.81202697753906,140.89999389648438,142.3800048828125,139.9199981689453,141.02999877929688,12276700
2017-07-03,133.8975067138672,140.99000549316406,142.49000549316406,139.4949951171875,141.75,6975700
2017-07-05,137.5823211669922,144.8699951171875,145.0,140.3300018310547,141.16000366210938,16995800
2017-07-06,135.046630859375,142.1999969482422,143.6199951171875,141.8300018310547,143.00999450683594,11934200
2017-07-07,135.2650604248047,142.42999267578125,143.37899780273438,141.83099365234375,142.64999389648438,8046200
2017-07-10,136.5756378173828,143.80999755859375,144.16000366210938,142.25,143.0,10351500
2017-07-11,138.4750213623047,145.80999755859375,145.8699951171875,143.25999450683594,144.2899932861328,13519900
2017-07-12,141.5045623779297,149.0,149.3000030517578,146.85000610351562,147.3800048828125,14955800
2017-07-13,141.99839782714844,149.52000427246094,150.0,148.0,149.52000427246094,11683400
2017-07-14,144.19219970703125,151.8300018310547,152.25,149.69000244140625,150.1199951171875,11469400
2017-07-17,143.62237548828125,151.22999572753906,153.6999969482422,150.4199981689453,153.52999877929688,15342700
2017-07-18,146.01559448242188,153.75,154.60000610351562,150.47999572753906,151.0800018310547,15313000
2017-07-19,145.44578552246094,153.14999389648438,156.41000366210938,152.63999938964844,155.13999938964844,16896100
2017-07-20,144.45811462402344,152.11000061035156,154.1199951171875,151.83999633789062,153.9600067138672,16739800
2017-07-21,144.24916076660156,151.88999938964844,152.14999389648438,150.30999755859375,151.7899932861328,11452700
2017-07-24,144.60055541992188,152.25999450683594,153.22999572753906,151.60000610351562,152.77000427246094,10649100
2017-07-25,144.77149963378906,152.44000244140625,152.75,150.85000610351562,152.36000061035156,8460300
2017-07-26,147.95298767089844,155.7899932861328,156.0,152.36000061035156,152.52999877929688,14466300
2017-07-27,146.3954620361328,154.14999389648438,160.38999938964844,151.3300018310547,157.85000610351562,26058500
2017-07-28,149.63394165039062,157.55999755859375,158.9600067138672,152.82000732421875,153.9600067138672,14449400
2017-07-31,147.1552276611328,154.9499969482422,159.38999938964844,153.5,158.89999389648438,17782400
2017-08-01,146.94630432128906,154.72999572753906,156.61000061035156,153.8000030517578,156.25,12035300
2017-08-02,144.26817321777344,151.91000366210938,155.75,149.10000610351562,155.47000122070312,19529300
2017-08-03,145.60723876953125,153.32000732421875,153.8000030517578,149.60000610351562,152.10000610351562,12435400
2017-08-04,145.6167449951172,153.3300018310547,154.32000732421875,152.16000366210938,154.32000732421875,10035600
2017-08-07,150.84954833984375,158.83999633789062,158.99000549316406,154.3699951171875,154.8300018310547,15906400
2017-08-08,149.57696533203125,157.5,159.83999633789062,156.8000030517578,158.55999755859375,15447100
2017-08-09,149.5674591064453,157.49000549316406,157.7100067138672,155.1999969482422,156.0500030517578,11022600
2017-08-10,144.1352081298828,151.77000427246094,156.5,151.25,156.1999969482422,19298900
2017-08-11,144.0687255859375,151.6999969482422,152.57000732421875,147.5,150.50999450683594,22327400
2017-08-14,146.8323516845703,154.61000061035156,155.0800018310547,153.10000610351562,154.77000427246094,14601800
2017-08-15,149.81439208984375,157.75,158.32000732421875,154.0,155.74000549316406,18635700
2017-08-16,151.4763641357422,159.5,160.35000610351562,158.53500366210938,160.0,21318300
2017-08-17,155.6739959716797,163.9199981689453,168.0,163.50999450683594,166.1199951171875,56840300
2017-08-18,159.0738983154297,167.5,169.5,164.10000610351562,165.36000061035156,31492500
2017-08-21,160.7358856201172,169.25,170.60000610351562,166.97999572753906,168.2899932861328,22352300
2017-08-22,165.68380737304688,174.4600067138672,174.77000427246094,169.63999938964844,170.02000427246094,24481900
2017-08-23,166.9563751220703,175.8000030517578,176.22999572753906,172.75,172.89999389648438,21939000
2017-08-24,166.19662475585938,175.0,177.0,174.3000030517578,177.0,20795200
2017-08-25,163.1006317138672,171.74000549316406,174.94000244140625,171.11000061035156,174.8000030517578,24184700
2017-08-28,159.83367919921875,168.3000030517578,171.33999633789062,167.05999755859375,171.14999389648438,24615900
2017-08-29,158.9884490966797,167.41000366210938,169.22999572753906,164.35000610351562,165.14999389648438,19587300
2017-08-30,162.63528442382812,171.25,172.38999938964844,169.14999389648438,169.14999389648438,17770000
2017-08-31,163.1006317138672,171.74000549316406,172.89999389648438,170.25,172.5399932861328,16486800
2017-09-01,162.4358367919922,171.0399932861328,172.38600158691406,170.64999389648438,171.99000549316406,11166600
2017-09-05,161.37217712402344,169.9199981689453,171.92999267578125,168.73800659179688,169.47000122070312,14943600
2017-09-06,159.6817169189453,168.13999938964844,171.11000061035156,167.0,170.1699981689453,19988300
2017-09-07,161.9040069580078,170.47999572753906,170.97000122070312,168.0,169.25999450683594,15141900
2017-09-08,160.49844360351562,169.0,171.22000122070312,168.9199981689453,169.99000549316406,12345300
2017-09-11,165.30392456054688,174.05999755859375,174.1999969482422,171.5,171.5,18257900
2017-09-12,166.49102783203125,175.30999755859375,175.6199951171875,173.3699951171875,174.88999938964844,15629700
2017-09-13,169.9669189453125,178.97000122070312,179.10000610351562,175.55999755859375,175.75,22060700
2017-09-14,168.19097900390625,177.10000610351562,179.92999267578125,176.02000427246094,177.5399932861328,22827700
2017-09-15,167.8111114501953,176.6999969482422,179.75,176.6999969482422,177.89999389648438,26567600
2017-09-18,170.92611694335938,179.97999572753906,180.2899932861328,177.75,178.88999938964844,22919800
2017-09-19,171.01158142089844,180.07000732421875,180.8699951171875,179.25,180.69000244140625,14751900
2017-09-20,168.99822998046875,177.9499969482422,180.5,176.1510009765625,180.02000427246094,15396700
2017-09-21,168.4663848876953,177.38999938964844,178.86099243164062,175.3000030517578,178.0500030517578,14578800
2017-09-22,169.1786651611328,178.13999938964844,178.4199981689453,175.67999267578125,176.1999969482422,12749700
2017-09-25,161.05877685546875,169.58999633789062,177.0,167.5,176.47999572753906,34033700
2017-09-26,158.61805725097656,167.02000427246094,171.89999389648438,166.7899932861328,170.00999450683594,23696200
2017-09-27,162.3883514404297,170.99000549316406,171.9499969482422,169.4499969482422,169.83999633789062,19444200
2017-09-28,161.67608642578125,170.24000549316406,171.8800048828125,169.56700134277344,170.91000366210938,13957000
2017-09-29,164.02183532714844,172.7100067138672,173.5399932861328,170.74000549316406,171.11000061035156,13401800
2017-10-02,164.8765411376953,173.61000061035156,175.1300048828125,172.57000732421875,174.57000732421875,12563400
2017-10-03,169.57754516601562,178.55999755859375,178.77999877929688,173.61000061035156,176.05999755859375,16714600
2017-10-04,169.7200164794922,178.7100067138672,180.0,177.3000030517578,178.05999755859375,11420600
2017-10-05,169.89093017578125,178.88999938964844,179.72999572753906,176.02999877929688,179.0,11895300
2017-10-06,170.1853485107422,179.1999969482422,179.8699951171875,177.61000061035156,177.85000610351562,8749300
2017-10-09,172.92996215820312,182.08999633789062,183.1320037841797,178.75,178.97000122070312,15011600
2017-10-10,173.90814208984375,183.1199951171875,184.4600067138672,181.36000061035156,181.64999389648438,13201300
2017-10-11,175.399169921875,184.69000244140625,184.6999969482422,182.6009979248047,183.0,11974400
2017-10-12,171.44845581054688,180.52999877929688,184.38999938964844,180.34800720214844,184.0399932861328,15441200
2017-10-13,169.4730682373047,178.4499969482422,181.39999389648438,177.97000122070312,180.9600067138672,18107700
2017-10-16,170.52723693847656,179.55999755859375,180.0500030517578,178.50999450683594,180.0,12855900
2017-10-17,166.5005340576172,175.32000732421875,180.1199951171875,175.3000030517578,179.5800018310547,20132200
2017-10-18,170.57470703125,179.61000061035156,180.0,176.27999877929688,177.08999633789062,21736500
2017-10-19,168.97923278808594,177.92999267578125,179.61000061035156,175.4499969482422,177.00100708007812,13539000
2017-10-20,168.39993286132812,177.32000732421875,179.52000427246094,177.0800018310547,179.02000427246094,11953200
2017-10-23,164.4207000732422,173.1300048828125,178.00999450683594,173.0500030517578,177.8000030517578,17610900
2017-10-24,164.9620361328125,173.6999969482422,175.97999572753906,173.25999450683594,174.0,11946000
2017-10-25,161.65708923339844,170.22000122070312,175.44000244140625,169.3000030517578,174.69000244140625,18109400
2017-10-26,161.75205993652344,170.32000732421875,171.4499969482422,168.5800018310547,170.6199951171875,13527400
2017-10-27,167.2887725830078,176.14999389648438,177.0,171.11000061035156,173.19000244140625,19712600
2017-10-30,172.44561767578125,181.5800018310547,181.89999389648438,177.58999633789062,178.42999267578125,20219700
2017-10-31,175.58909606933594,184.88999938964844,185.1199951171875,181.81100463867188,183.57000732421875,21256700
2017-11-01,176.71923828125,186.0800018310547,188.8800048828125,183.5800018310547,187.8800048828125,28594700
2017-11-02,175.51312255859375,184.80999755859375,191.22000122070312,183.30999755859375,190.99000549316406,41239900
2017-11-03,173.99363708496094,183.2100067138672,186.92999267578125,182.05999755859375,186.50999450683594,19697300
2017-11-06,178.39071655273438,187.83999633789062,188.25,184.0,184.07000732421875,19873100
2017-11-07,179.02699279785156,188.50999450683594,189.86000061035156,187.0,189.5800018310547,17781000
2017-11-08,176.5482940673828,185.89999389648438,188.14999389648438,185.10000610351562,187.97999572753906,13944600
2017-11-09,175.81704711914062,185.1300048828125,185.1300048828125,181.0500030517578,184.2100067138672,19755600
2017-11-10,177.03265380859375,186.41000366210938,187.1699981689453,185.39999389648438,187.02999877929688,15031000
2017-11-13,175.25672912597656,184.5399932861328,187.8800048828125,184.0,186.77000427246094,17139100
2017-11-14,172.64503479003906,181.7899932861328,184.3800048828125,181.14999389648438,184.3000030517578,14475300
2017-11-15,172.35064697265625,181.47999572753906,181.8800048828125,176.73599243164062,179.3699951171875,16567000
2017-11-16,176.10194396972656,185.42999267578125,186.27000427246094,183.1199951171875,183.30999755859375,18389500
2017-11-17,175.81704711914062,185.1300048828125,186.5,184.6699981689453,185.9199981689453,13422700
2017-11-20,178.54266357421875,188.0,190.0,186.61099243164062,187.60000610351562,25992300
2017-11-21,181.29678344726562,190.89999389648438,191.55999755859375,188.8000030517578,190.35000610351562,19639500
2017-11-22,180.2900848388672,189.83999633789062,191.75,189.3699951171875,191.5399932861328,14417600
2017-11-24,181.5721893310547,191.19000244140625,191.6999969482422,188.6999969482422,189.38999938964844,9887300
2017-11-27,178.57115173339844,188.02999877929688,191.4499969482422,187.5500030517578,190.49000549316406,14952800
2017-11-28,177.29856872558594,186.69000244140625,189.10000610351562,186.5,188.8300018310547,13378100
2017-11-29,170.859619140625,179.91000366210938,185.41000366210938,173.6199951171875,185.25,40204100
2017-11-30,168.17201232910156,177.0800018310547,179.8000030517578,176.32000732421875,179.52999877929688,25851100
2017-12-01,165.8262481689453,174.61000061035156,179.8000030517578,173.8000030517578,175.27000427246094,26782300
2017-12-04,161.04928588867188,169.5800018310547,177.5800018310547,168.25999450683594,177.1999969482422,35895100
2017-12-05,160.46046447753906,168.9600067138672,172.9600067138672,164.25,165.27999877929688,31609900
2017-12-06,163.94586181640625,172.6300048828125,173.22999572753906,167.86500549316406,172.6300048828125,23897800
2017-12-07,165.6932830810547,174.47000122070312,175.82000732421875,172.25999450683594,175.2899932861328,15697900
2017-12-08,168.684814453125,177.6199951171875,178.9600067138672,176.3699951171875,177.57000732421875,23543400
2017-12-11,170.2707977294922,179.2899932861328,180.67999267578125,178.14999389648438,179.89999389648438,15626200
2017-12-12,165.854736328125,174.63999938964844,178.16000366210938,173.77000427246094,174.63999938964844,22656500
2017-12-13,167.59268188476562,176.47000122070312,177.6999969482422,174.3000030517578,175.19000244140625,18653400
2017-12-14,163.110107421875,171.75,173.38999938964844,169.61000061035156,173.11000061035156,32830000
2017-12-15,164.81956481933594,173.5500030517578,173.5500030517578,170.0,172.88999938964844,41356700
2017-12-18,164.64862060546875,173.3699951171875,174.6999969482422,172.3699951171875,174.60000610351562,17023300
2017-12-19,162.6637725830078,171.27999877929688,173.0,170.50999450683594,171.97000122070312,23936200
2017-12-20,163.95533752441406,172.63999938964844,172.89999389648438,170.8000030517578,171.7899932861328,17121400
2017-12-21,166.5005340576172,175.32000732421875,176.25,172.6510009765625,172.8000030517578,14812400
2017-12-22,167.42172241210938,176.2899932861328,176.66000366210938,175.0399932861328,175.83999633789062,12524700
2017-12-26,163.66094970703125,172.3300018310547,175.14999389648438,171.72999572753906,174.5500030517578,12913800
2017-12-27,164.26873779296875,172.97000122070312,173.8699951171875,171.72999572753906,172.2899932861328,10152300
2017-12-28,163.6324462890625,172.3000030517578,173.52999877929688,171.6699981689453,173.0399932861328,9508100
2017-12-29,163.7559051513672,172.42999267578125,173.6699981689453,171.1999969482422,172.27999877929688,9704600
2018-01-02,174.41146850585938,183.64999389648438,184.10000610351562,175.6999969482422,176.3990020751953,29916900
2018-01-03,174.74388122558594,184.0,185.63499450683594,181.39999389648438,185.19000244140625,20121900
2018-01-04,176.3678741455078,185.7100067138672,187.7469940185547,184.42999267578125,185.89999389648438,19473800
2018-01-05,181.10684204101562,190.6999969482422,190.75,186.30099487304688,187.1699981689453,18168300
2018-01-08,180.7554473876953,190.3300018310547,191.66000366210938,189.07000732421875,190.4600067138672,16230100
2018-01-09,181.20181274414062,190.8000030517578,192.49000549316406,188.0,191.1300048828125,19495100
2018-01-10,180.24261474609375,189.7899932861328,190.38999938964844,186.5800018310547,188.10000610351562,17943800
2018-01-11,179.25494384765625,188.75,190.42999267578125,188.10000610351562,189.72999572753906,12400400
2018-01-12,178.34320068359375,187.7899932861328,190.1999969482422,187.25,189.91000366210938,11789600
2018-01-16,173.224365234375,182.39999389648438,191.74000549316406,181.75,190.39999389648438,27428500
2018-01-17,174.5824432373047,183.8300018310547,184.8000030517578,179.32000732421875,183.3000030517578,21346500
2018-01-18,175.12374877929688,184.39999389648438,185.84500122070312,182.69000244140625,184.27999877929688,14190700
2018-01-19,174.79136657714844,184.0500030517578,185.23899841308594,182.8000030517578,185.14999389648438,15349300
2018-01-22,174.76287841796875,184.02000427246094,185.0399932861328,181.67999267578125,184.97500610351562,16016300
2018-01-23,182.6073455810547,192.27999877929688,192.39999389648438,183.5399932861328,185.27999877929688,31305900
2018-01-24,185.69386291503906,195.52999877929688,198.86000061035156,192.39999389648438,194.7100067138672,34497300
2018-01-25,188.35301208496094,198.3300018310547,199.58999633789062,194.10000610351562,196.33999633789062,23421600
2018-01-26,194.8964080810547,205.22000122070312,205.22999572753906,199.2100067138672,200.3300018310547,23768600
2018-01-29,192.79759216308594,203.00999450683594,205.69000244140625,201.82000732421875,204.8300018310547,21908600
2018-01-30,189.61610412597656,199.66000366210938,202.5399932861328,196.49000549316406,198.67999267578125,23377500
2018-01-31,194.01318359375,204.2899932861328,206.1999969482422,202.8000030517578,202.82000732421875,26982500
2018-02-01,182.55038452148438,192.22000122070312,199.49000549316406,191.13999938964844,192.75,52628900
2018-02-02,177.8873748779297,187.30999755859375,195.67999267578125,186.8000030517578,194.7899932861328,32233900
2018-02-05,171.44845581054688,180.52999877929688,190.47000122070312,179.89999389648438,183.6999969482422,31084000
2018-02-06,175.85501098632812,185.1699981689453,185.58999633789062,174.1699981689453,174.72000122070312,35804500
2018-02-07,171.23001098632812,180.3000030517578,186.8300018310547,180.3000030517578,183.5,19672100
2018-02-08,164.9620361328125,173.6999969482422,183.10000610351562,171.38999938964844,182.27000427246094,32051300
2018-02-09,167.78260803222656,176.6699981689453,177.61599731445312,168.8800048828125,175.1199951171875,28049500
2018-02-12,168.51390075683594,177.44000244140625,180.7899932861328,175.08599853515625,180.44000244140625,18280300
2018-02-13,170.23281860351562,179.25,182.14999389648438,177.0,177.4199981689453,15507000
2018-02-14,177.3650360107422,186.75999450683594,186.92999267578125,178.89999389648438,179.22000122070312,21047400
2018-02-15,178.02032470703125,187.4499969482422,189.55999755859375,184.43099975585938,189.25,14361100
2018-02-16,174.43997192382812,183.67999267578125,188.27000427246094,183.5399932861328,186.75,16008400
2018-02-20,177.77340698242188,187.19000244140625,188.8300018310547,183.0,183.6699981689453,14854900
2018-02-21,179.3214111328125,188.82000732421875,193.1699981689453,188.4600067138672,189.3699951171875,22071600
2018-02-22,179.25494384765625,188.75,190.74000549316406,187.77000427246094,190.1999969482422,12282800
2018-02-23,183.56654357910156,193.2899932861328,193.40499877929688,189.9499969482422,190.17999267578125,16937300
2018-02-26,184.4212646484375,194.19000244140625,195.14999389648438,190.64999389648438,194.4600067138672,19463100
2018-02-27,178.78958129882812,188.25999450683594,193.56700134277344,187.2100067138672,192.58999633789062,23218500
2018-02-28,176.77622985839844,186.13999938964844,188.24000549316406,185.0,187.25,19367600
2018-03-01,172.83499145507812,181.99000549316406,187.47999572753906,180.0500030517578,186.17999267578125,17286300
2018-03-02,170.7171630859375,179.75999450683594,180.22999572753906,175.4499969482422,178.00999450683594,18909100
2018-03-05,172.464599609375,181.60000610351562,181.9499969482422,177.07000732421875,179.41000366210938,15656700
2018-03-06,177.94436645507812,187.3699951171875,188.00999450683594,184.82000732421875,185.19000244140625,17856100
2018-03-07,179.5398406982422,189.0500030517578,189.07000732421875,184.32000732421875,184.3699951171875,13728900
2018-03-08,177.763916015625,187.17999267578125,190.22999572753906,186.57000732421875,189.0500030517578,14331400
2018-03-09,180.96438598632812,190.5500030517578,190.6999969482422,188.00999450683594,189.63999938964844,14208400
2018-03-12,183.04421997070312,192.74000549316406,194.39999389648438,190.89999389648438,192.3000030517578,17826200
2018-03-13,178.9320526123047,188.41000366210938,194.25,187.38999938964844,193.8800048828125,14826700
2018-03-14,182.87326049804688,192.55999755859375,193.6300048828125,190.22000122070312,190.2899932861328,20032300
2018-03-15,189.04629516601562,199.05999755859375,201.5,196.52000427246094,198.44000244140625,33504600
2018-03-16,190.2049102783203,200.27999877929688,200.3800048828125,197.25999450683594,198.39999389648438,26948700
2018-03-19,184.74415588378906,194.52999877929688,198.42999267578125,192.80099487304688,198.0,19681400
2018-03-20,188.9418182373047,198.9499969482422,199.2100067138672,194.5399932861328,194.9499969482422,11952000
2018-03-21,185.47543334960938,195.3000030517578,198.8800048828125,194.57000732421875,198.8000030517578,12047300
2018-03-22,175.36117553710938,184.64999389648438,192.38999938964844,184.60000610351562,190.75,25355700
2018-03-23,172.08473205566406,181.1999969482422,187.13999938964844,180.4010009765625,186.85000610351562,18714400
2018-03-26,180.9169158935547,190.5,190.6199951171875,184.32000732421875,187.88999938964844,16758700
2018-03-27,172.74002075195312,181.88999938964844,192.25,180.66000366210938,192.24000549316406,16627900
2018-03-28,169.90994262695312,178.91000366210938,183.44000244140625,177.57000732421875,180.72999572753906,20081100
2018-03-29,174.3070068359375,183.5399932861328,185.1300048828125,178.6199951171875,180.8800048828125,16378900
2018-04-02,168.6753387451172,177.61000061035156,183.50999450683594,175.75,182.80999755859375,16028700
2018-04-03,165.8832244873047,174.6699981689453,179.5800018310547,173.0,179.25999450683594,19975100
2018-04-04,163.41403198242188,172.07000732421875,172.41000366210938,166.1300048828125,166.8800048828125,24573600
2018-04-05,163.8888702392578,172.57000732421875,176.55999755859375,171.1699981689453,175.47999572753906,18250900
2018-04-06,159.09291076660156,167.52000427246094,172.27000427246094,166.39999389648438,169.83999633789062,18210000
2018-04-09,161.32467651367188,169.8699951171875,172.72000122070312,168.61000061035156,169.75,14717300
2018-04-10,168.19097900390625,177.10000610351562,177.8800048828125,173.85000610351562,175.10000610351562,20436200
2018-04-11,166.53851318359375,175.36000061035156,178.16000366210938,174.74000549316406,176.47999572753906,10170500
2018-04-12,167.07034301757812,175.9199981689453,177.89999389648438,174.55999755859375,175.92999267578125,11133900
2018-04-13,163.38552856445312,172.0399932861328,176.8000030517578,171.07000732421875,176.72000122070312,13526200
2018-04-16,165.91172790527344,174.6999969482422,174.7899932861328,171.00999450683594,172.00999450683594,9876200
2018-04-17,169.71047973632812,178.6999969482422,179.33999633789062,174.8300018310547,174.8300018310547,16285800
2018-04-18,173.49029541015625,182.67999267578125,182.8800048828125,177.63999938964844,178.89999389648438,16972700
2018-04-19,172.2651824951172,181.38999938964844,183.6300048828125,179.52000427246094,183.25999450683594,11989000
2018-04-20,170.09988403320312,179.11000061035156,181.38999938964844,177.52999877929688,179.36000061035156,14473100
2018-04-23,166.7379608154297,175.57000732421875,179.32000732421875,174.7100067138672,178.6300048828125,12033900
2018-04-24,164.38270568847656,173.08999633789062,178.0,170.67999267578125,177.6300048828125,14567500
2018-04-25,161.65708923339844,170.22000122070312,171.3000030517578,166.63999938964844,170.52000427246094,17132900
2018-04-26,165.15196228027344,173.89999389648438,174.36000061035156,172.0500030517578,173.25,13398000
2018-04-27,168.2479705810547,177.16000366210938,178.1999969482422,174.00999450683594,177.11000061035156,15062500
2018-04-30,169.55853271484375,178.5399932861328,180.0399932861328,177.0500030517578,178.08999633789062,14654000
2018-05-01,170.4702606201172,179.5,180.32000732421875,177.44000244140625,177.5800018310547,10787700
2018-05-02,172.32215881347656,181.4499969482422,184.26400756835938,180.11000061035156,180.8000030517578,20681800
2018-05-03,173.27186584472656,182.4499969482422,183.58999633789062,175.77000427246094,183.5,26257600
2018-05-04,179.38787841796875,188.88999938964844,190.60000610351562,178.6199951171875,180.39999389648438,57788300
2018-05-07,185.52293395996094,195.35000610351562,196.60000610351562,190.3000030517578,190.41000366210938,29862200
2018-05-08,186.43463134765625,196.30999755859375,197.33999633789062,193.00999450683594,194.1999969482422,21856300
2018-05-09,185.59889221191406,195.42999267578125,197.3800048828125,194.5,195.83999633789062,13780600
2018-05-10,186.10223388671875,195.9600067138672,199.77000427246094,195.16000366210938,196.3000030517578,21295000
2018-05-11,184.5827178955078,194.36000061035156,196.4600067138672,193.3800048828125,196.39999389648438,12741100
2018-05-14,188.64743041992188,198.63999938964844,200.0,195.8699951171875,195.89999389648438,17627100
2018-05-15,186.7195281982422,196.61000061035156,196.77999877929688,193.86000061035156,195.22999572753906,12694900
2018-05-16,188.14407348632812,198.11000061035156,199.75,196.3000030517578,196.75,12887500
2018-05-17,186.1592254638672,196.02000427246094,198.42999267578125,195.57000732421875,196.0,13470500
2018-05-18,185.19053649902344,195.0,197.77999877929688,194.72000122070312,196.42999267578125,14242300
2018-05-21,187.69772338867188,197.63999938964844,199.7899932861328,196.39999389648438,197.8000030517578,13830500
2018-05-22,186.0167694091797,195.8699951171875,198.6269989013672,195.6999969482422,198.3000030517578,9700100
2018-05-23,186.8999786376953,196.8000030517578,196.89999389648438,192.80099487304688,193.8800048828125,12807400
2018-05-24,187.44131469726562,197.3699951171875,199.72000122070312,195.69700622558594,198.1199951171875,18527700
2018-05-25,189.1792449951172,199.1999969482422,201.5,197.2100067138672,197.57000732421875,21270000
2018-05-29,188.03961181640625,198.0,202.27999877929688,197.0,197.94000244140625,18768700
2018-05-30,188.02061462402344,197.97999572753906,200.5399932861328,197.5,199.6999969482422,13930600
2018-05-31,188.04910278320312,198.00999450683594,199.47999572753906,196.85000610351562,198.0,17982500
2018-06-01,194.06068420410156,204.33999633789062,204.99000549316406,199.4499969482422,199.5,23131900
2018-06-04,198.4387664794922,208.9499969482422,209.75,204.72999572753906,205.1199951171875,19357000
2018-06-05,197.887939453125,208.3699951171875,211.6999969482422,207.1300048828125,209.9499969482422,17787700
2018-06-06,197.82147216796875,208.3000030517578,210.4600067138672,207.28900146484375,209.86000061035156,13800500
2018-06-07,193.3769073486328,203.6199951171875,209.0,200.8800048828125,207.4600067138672,26747800
2018-06-08,194.7539520263672,205.07000732421875,206.22999572753906,200.42999267578125,201.11000061035156,17525200
2018-06-11,195.3522491455078,205.6999969482422,207.60000610351562,205.00999450683594,206.5,12061400
2018-06-12,198.56222534179688,209.0800018310547,209.8000030517578,206.89999389648438,206.9499969482422,15910900
2018-06-13,196.22598266601562,206.6199951171875,209.64999389648438,206.60000610351562,209.44000244140625,13844200
2018-06-14,200.252685546875,210.86000061035156,211.1199951171875,207.50999450683594,207.72000122070312,18838300
2018-06-15,197.53656005859375,208.0,210.0800018310547,206.00999450683594,207.49000549316406,28665600
2018-06-18,198.07791137695312,208.57000732421875,208.60000610351562,203.8800048828125,205.16000366210938,14645200
2018-06-19,194.14613342285156,204.42999267578125,204.50999450683594,199.5,203.52999877929688,24484200
2018-06-20,195.85560607910156,206.22999572753906,207.22999572753906,205.02000427246094,205.0500030517578,15559600
2018-06-21,192.03782653808594,202.2100067138672,206.0,201.0399932861328,205.83999633789062,13963800
2018-06-22,191.84786987304688,202.00999450683594,203.8000030517578,200.25,203.3800048828125,9585000
2018-06-25,181.62916564941406,191.25,198.10000610351562,187.86000061035156,197.85000610351562,32750900
2018-06-26,181.79061889648438,191.4199981689453,193.66000366210938,188.4199981689453,193.33999633789062,20740400
2018-06-27,175.7125701904297,185.02000427246094,193.60000610351562,184.88999938964844,193.4600067138672,23887000
2018-06-28,178.90354919433594,188.3800048828125,188.9600067138672,182.0399932861328,183.1999969482422,19553800
2018-06-29,176.1968994140625,185.52999877929688,188.97000122070312,184.25999450683594,185.36000061035156,26023400
2018-07-02,176.98516845703125,186.36000061035156,186.36000061035156,181.05999755859375,181.66000366210938,17325900
2018-07-03,175.45616149902344,184.75,188.5,184.36000061035156,187.8800048828125,11673700
2018-07-05,177.47900390625,186.8800048828125,187.44000244140625,182.89999389648438,187.1699981689453,18412100
2018-07-06,182.5978546142578,192.27000427246094,192.49000549316406,185.5399932861328,186.00999450683594,17035600
2018-07-09,183.0537109375,192.75,194.69000244140625,190.8699951171875,194.4499969482422,15466400
2018-07-10,182.86378479003906,192.5500030517578,195.1300048828125,191.47999572753906,192.88999938964844,12611400
2018-07-11,177.99183654785156,187.4199981689453,190.0500030517578,187.4199981689453,188.60000610351562,15947000
2018-07-12,180.60350036621094,190.1699981689453,192.5800018310547,189.7899932861328,190.77000427246094,17440400
2018-07-13,180.48004150390625,190.0399932861328,192.1199951171875,189.3000030517578,191.61000061035156,12550500
2018-07-16,180.7744598388672,190.35000610351562,191.3699951171875,189.14999389648438,189.57000732421875,12205600
2018-07-17,182.96824645996094,192.66000366210938,192.9499969482422,187.89999389648438,188.64999389648438,13270700
2018-07-18,181.1923065185547,190.7899932861328,193.22999572753906,189.91000366210938,192.4499969482422,10796600
2018-07-19,177.91586303710938,187.33999633789062,189.67999267578125,186.8699951171875,188.67999267578125,13373100
2018-07-20,177.8303985595703,187.25,189.5,186.61000061035156,189.49000549316406,12807500
2018-07-23,177.6309356689453,187.0399932861328,187.80999755859375,184.8000030517578,187.17999267578125,10996200
2018-07-24,179.49237060546875,189.0,193.07000732421875,188.35000610351562,190.19000244140625,18414800
2018-07-25,188.02061462402344,197.97999572753906,198.35000610351562,190.13999938964844,190.61000061035156,20735400
2018-07-26,184.41177368164062,194.17999267578125,196.1199951171875,192.6199951171875,193.2100067138672,13885500
2018-07-27,179.8912353515625,189.4199981689453,196.27000427246094,186.92999267578125,196.10000610351562,19907100
2018-07-30,175.52264404296875,184.82000732421875,190.58999633789062,182.05999755859375,190.22000122070312,19906300
2018-07-31,177.81138610839844,187.22999572753906,188.947998046875,183.99000549316406,186.39999389648438,17016600
2018-08-01,175.9499969482422,185.27000427246094,189.05999755859375,183.9600067138672,186.0,14370700
2018-08-02,173.41432189941406,182.60000610351562,182.89999389648438,179.77999877929688,181.5399932861328,20976500
2018-08-03,171.74282836914062,180.83999633789062,184.5,180.0800018310547,184.14999389648438,18185100
2018-08-06,169.63450622558594,178.6199951171875,180.86000061035156,177.49000549316406,180.6999969482422,35419000
2018-08-07,170.86912536621094,179.9199981689453,183.0,179.74000549316406,180.2899932861328,20620300
2018-08-08,168.58985900878906,177.52000427246094,180.17999267578125,176.5500030517578,180.0,21152400
2018-08-09,168.27645874023438,177.19000244140625,180.6300048828125,176.75999450683594,179.30999755859375,35220900
2018-08-10,170.95458984375,180.00999450683594,180.4499969482422,174.75,175.57000732421875,22049200
2018-08-13,168.74180603027344,177.67999267578125,180.64999389648438,177.0,179.64999389648438,14674000
2018-08-14,163.8508758544922,172.52999877929688,176.1999969482422,170.77000427246094,175.13999938964844,38508600
2018-08-15,161.2866973876953,169.8300018310547,169.85000610351562,165.38999938964844,167.11000061035156,41278600
2018-08-16,163.3380584716797,171.99000549316406,175.6999969482422,171.57000732421875,172.3300018310547,34263300
2018-08-17,164.0883026123047,172.77999877929688,174.1999969482422,168.3800048828125,172.52000427246094,24695400
2018-08-20,167.42172241210938,176.2899932861328,178.86000061035156,174.36000061035156,175.22000122070312,25900700
2018-08-21,168.9697265625,177.9199981689453,179.6699981689453,176.97000122070312,177.6300048828125,20337400
2018-08-22,168.90325927734375,177.85000610351562,179.74000549316406,175.5,178.14999389648438,27138500
2018-08-23,163.56597900390625,172.22999572753906,186.5,171.91000366210938,184.97000122070312,78843400
2018-08-24,165.46536254882812,174.22999572753906,176.3699951171875,172.4499969482422,175.0,30442800
2018-08-27,171.56239318847656,180.64999389648438,180.8800048828125,176.22000122070312,177.10000610351562,23533800
2018-08-28,169.22616577148438,178.19000244140625,182.3800048828125,177.5,182.14999389648438,15319000
2018-08-29,169.5205535888672,178.5,179.66000366210938,176.8300018310547,179.35000610351562,11892600
2018-08-30,165.81674194335938,174.60000610351562,178.10000610351562,174.1219940185547,177.3300018310547,17086200
2018-08-31,166.2061309814453,175.00999450683594,176.68099975585938,172.75999450683594,173.11000061035156,13730800
2018-09-04,161.8660125732422,170.44000244140625,173.9499969482422,169.0,173.5,23450500
2018-09-05,155.96839904785156,164.22999572753906,168.27999877929688,162.02999877929688,167.47999572753906,35694700
2018-09-06,151.82772827148438,159.8699951171875,166.47999572753906,158.6699981689453,164.16000366210938,33052000
2018-09-07,154.20196533203125,162.3699951171875,164.61000061035156,159.50999450683594,159.9499969482422,19452400
2018-09-10,148.4943084716797,156.36000061035156,160.72000122070312,155.0,158.58999633789062,39092700
2018-09-11,149.5389862060547,157.4600067138672,158.4499969482422,152.85000610351562,153.17999267578125,25884100
2018-09-12,153.33775329589844,161.4600067138672,162.82000732421875,156.18099975585938,158.1999969482422,32490500
2018-09-13,157.20301818847656,165.52999877929688,167.22000122070312,164.00999450683594,165.41000366210938,25696500
2018-09-14,156.45277404785156,164.74000549316406,168.0,163.38099670410156,167.8800048828125,23417700
2018-09-17,150.8970489501953,158.88999938964844,161.64999389648438,158.28900146484375,161.5,20423200
2018-09-18,148.76971435546875,156.64999389648438,159.39999389648438,155.52000427246094,156.8800048828125,27240600
2018-09-19,154.44891357421875,162.6300048828125,163.1300048828125,158.82000732421875,158.82000732421875,23028300
2018-09-20,157.53541564941406,165.8800048828125,167.6999969482422,164.71600341796875,166.88999938964844,22818100
2018-09-21,156.34828186035156,164.6300048828125,169.83999633789062,164.5,169.4600067138672,22081900
2018-09-24,154.95223999023438,163.16000366210938,163.3990020751953,160.10000610351562,162.80999755859375,13123400
2018-09-25,155.98741149902344,164.25,165.44000244140625,162.8300018310547,164.0500030517578,9588700
2018-09-26,157.07955932617188,165.39999389648438,167.38999938964844,164.8699951171875,165.52000427246094,13592500
2018-09-27,157.95327758789062,166.32000732421875,167.0500030517578,164.9199981689453,166.38999938964844,12689200
2018-09-28,156.4717254638672,164.75999450683594,165.66000366210938,163.3000030517578,164.89999389648438,10486500
2018-10-01,153.85060119628906,162.0,165.9499969482422,161.55999755859375,165.9199981689453,10615200
2018-10-02,152.16961669921875,160.22999572753906,161.0279998779297,158.27000427246094,159.7899932861328,14730500
2018-10-03,154.20196533203125,162.3699951171875,164.5399932861328,161.92999267578125,163.14999389648438,13118800
2018-10-04,148.27587890625,156.1300048828125,160.0800018310547,153.8699951171875,160.05999755859375,32176100
2018-10-05,146.85133361816406,154.6300048828125,157.1199951171875,152.25,156.13999938964844,20271000
2018-10-08,143.5369110107422,151.13999938964844,152.63600158691406,148.33999633789062,150.1999969482422,25060400
2018-10-09,139.54818725585938,146.94000244140625,150.58999633789062,146.47000122070312,147.97000122070312,31070200
2018-10-10,131.33331298828125,138.2899932861328,144.0,137.9199981689453,142.5,55828800
2018-10-11,134.76171875,141.89999389648438,142.91000366210938,135.13999938964844,135.52999877929688,43210300
2018-10-12,139.88058471679688,147.2899932861328,149.0,144.52000427246094,148.6199951171875,30764400
2018-10-15,136.90805053710938,144.16000366210938,145.69000244140625,142.3000030517578,144.77000427246094,18567100
2018-10-16,142.0743865966797,149.60000610351562,149.75999450683594,145.25999450683594,145.7100067138672,18365900
2018-10-17,140.6878204345703,148.13999938964844,150.67999267578125,146.3699951171875,150.67999267578125,16872400
2018-10-18,134.8756866455078,142.02000427246094,146.27999877929688,140.8000030517578,145.85000610351562,20618900
2018-10-19,135.73989868164062,142.92999267578125,146.77000427246094,142.61000061035156,145.33999633789062,14855100
2018-10-22,141.3146209716797,148.8000030517578,150.1999969482422,146.10000610351562,148.99000549316406,22589300
2018-10-23,139.2727508544922,146.64999389648438,147.50999450683594,142.6199951171875,143.22000122070312,19950500
2018-10-24,132.5869140625,139.61000061035156,146.69000244140625,139.33999633789062,145.17999267578125,18512300
2018-10-25,137.32589721679688,144.60000610351562,144.91000366210938,141.00999450683594,142.5,13655100
2018-10-26,135.68292236328125,142.8699951171875,145.82899475097656,138.5500030517578,139.0,19476900
2018-10-29,126.67032623291016,133.3800048828125,144.0,131.36000061035156,142.4199981689453,35121700
2018-10-30,129.471923828125,136.3300018310547,136.39999389648438,130.05999755859375,132.27999877929688,25230000
2018-10-31,135.1226043701172,142.27999877929688,142.64999389648438,139.13999938964844,141.35000610351562,23654600
2018-11-01,143.641357421875,151.25,152.3179931640625,138.6199951171875,144.97999572753906,47039300
2018-11-02,140.1654815673828,147.58999633789062,154.36000061035156,146.27999877929688,152.55999755859375,45985800
2018-11-05,137.36387634277344,144.63999938964844,149.3699951171875,144.22999572753906,146.22000122070312,16197300
2018-11-06,140.0230255126953,147.44000244140625,149.9600067138672,145.3249969482422,145.8699951171875,17849800
2018-11-07,144.8284912109375,152.5,152.8000030517578,148.94000244140625,150.77000427246094,17884400
2018-11-08,141.49505615234375,148.99000549316406,151.8800048828125,146.69000244140625,150.99000549316406,17067100
2018-11-09,137.56332397460938,144.85000610351562,145.72000122070312,142.47999572753906,145.57000732421875,16220000
2018-11-12,135.6354522705078,142.82000732421875,146.406005859375,139.97000122070312,145.00999450683594,16516500
2018-11-13,139.58616638183594,146.97999572753906,149.94000244140625,143.91000366210938,144.8300018310547,19575100
2018-11-14,142.87213134765625,150.44000244140625,152.14999389648438,148.44000244140625,150.2100067138672,21786000
2018-11-15,148.36134338378906,156.22000122070312,157.39999389648438,150.88999938964844,152.89999389648438,30083500
2018-11-16,146.34800720214844,154.10000610351562,155.8000030517578,152.14199829101562,155.0399932861328,20039400
2018-11-19,142.00790405273438,149.52999877929688,153.2100067138672,148.77000427246094,152.02000427246094,18087800
2018-11-20,138.63648986816406,145.97999572753906,148.07000732421875,142.82000732421875,144.47999572753906,19473200
2018-11-21,141.89393615722656,149.41000366210938,151.47999572753906,148.64999389648438,149.05999755859375,14718600
2018-11-23,142.7676544189453,150.3300018310547,151.1699981689453,147.0,147.3000030517578,7437500
2018-11-26,148.1619110107422,156.00999450683594,156.52999877929688,152.3699951171875,153.2100067138672,16152700
2018-11-27,148.5892791748047,156.4600067138672,157.94000244140625,153.5800018310547,154.63999938964844,17911800
2018-11-28,151.32440185546875,159.33999633789062,159.8000030517578,155.25999450683594,159.00999450683594,20767100
2018-11-29,148.4183349609375,156.27999877929688,159.0,153.5399932861328,158.0800018310547,20532200
2018-11-30,152.7679443359375,160.86000061035156,160.86000061035156,156.72000122070312,157.89999389648438,35071200
2018-12-03,155.50306701660156,163.74000549316406,168.8000030517578,163.50999450683594,168.63999938964844,31174000
2018-12-04,150.3747100830078,158.33999633789062,164.97999572753906,156.4600067138672,164.8800048828125,22198600
2018-12-06,147.99098205566406,155.8300018310547,155.8699951171875,150.50999450683594,153.0,25335500
2018-12-07,145.36032104492188,153.05999755859375,158.0500030517578,151.72999572753906,155.39999389648438,17447900
2018-12-10,143.81231689453125,151.42999267578125,152.80999755859375,147.47999572753906,150.38999938964844,15525500
2018-12-11,144.19219970703125,151.8300018310547,156.24000549316406,150.89999389648438,155.25999450683594,13651900
2018-12-12,143.87879943847656,151.5,156.1699981689453,151.42999267578125,155.24000549316406,16619200
2018-12-13,143.85980224609375,151.47999572753906,153.4600067138672,150.52000427246094,153.0500030517578,12255800
2018-12-14,141.5045623779297,149.0,150.6999969482422,145.72000122070312,147.7100067138672,15560700
2018-12-17,136.73707580566406,143.97999572753906,147.94000244140625,142.24000549316406,146.5,15788100
2018-12-18,133.73605346679688,140.82000732421875,144.75,140.11000061035156,144.27999877929688,17846600
2018-12-19,130.2411651611328,137.13999938964844,141.3249969482422,135.72999572753906,141.0399932861328,27657800
2018-12-20,128.31329345703125,135.11000061035156,137.7550048828125,132.91000366210938,135.8300018310547,24103800
2018-12-21,125.3597412109375,132.0,137.19000244140625,130.22999572753906,137.0800018310547,28790600
2018-12-24,125.25527954101562,131.88999938964844,134.57000732421875,129.77000427246094,130.0,11240700
2018-12-26,131.05792236328125,138.0,138.02000427246094,130.17999267578125,132.8699951171875,14862400
2018-12-27,131.48526000976562,138.4499969482422,138.4499969482422,133.88999938964844,135.0500030517578,11457400
2018-12-28,132.09307861328125,139.08999633789062,140.97999572753906,136.7899932861328,139.1999969482422,11955300
2018-12-31,130.17469787597656,137.07000732421875,142.02000427246094,136.0399932861328,141.8300018310547,11186400
2019-01-02,129.82330322265625,136.6999969482422,137.74899291992188,133.02999877929688,134.1300048828125,16708400
2019-01-03,124.0301742553711,130.60000610351562,134.8699951171875,129.8300018310547,134.27000427246094,19531300
2019-01-04,132.71987915039062,139.75,141.0800018310547,133.66000366210938,134.25999450683594,22845400
2019-01-07,135.90135192871094,143.10000610351562,144.0800018310547,139.00999450683594,140.5500030517578,17239000
2019-01-08,139.4057159423828,146.7899932861328,147.5500030517578,142.05999755859375,145.0,16487600
2019-01-09,144.2776641845703,151.9199981689453,153.35000610351562,148.5,149.88999938964844,20214100
2019-01-10,144.05923461914062,151.69000244140625,152.02999877929688,148.8800048828125,149.80999755859375,14221100
2019-01-11,143.70785522460938,151.32000732421875,153.3800048828125,150.13999938964844,151.8300018310547,9589400
2019-01-14,141.76097106933594,149.27000427246094,150.57000732421875,146.5399932861328,148.5,13356700
2019-01-15,143.2899932861328,150.8800048828125,154.1699981689453,149.96400451660156,150.67999267578125,15003100
2019-01-16,147.05078125,154.83999633789062,155.38999938964844,151.5,152.80999755859375,14810800
2019-01-17,148.12391662597656,155.97000122070312,158.5500030517578,151.89999389648438,152.11000061035156,16153200
2019-01-18,149.12112426757812,157.02000427246094,159.49000549316406,154.72999572753906,158.4499969482422,19611400
2019-01-22,144.49609375,152.14999389648438,155.44000244140625,150.20700073242188,154.39999389648438,21295000
2019-01-23,144.3821258544922,152.02999877929688,155.17999267578125,150.9499969482422,154.64999389648438,10195800
2019-01-24,148.0194549560547,155.86000061035156,156.0,151.2100067138672,151.47000122070312,10997900
2019-01-25,151.20095825195312,159.2100067138672,160.5,157.42999267578125,158.91000366210938,16451800
2019-01-28,150.92552185058594,158.9199981689453,159.69000244140625,155.3000030517578,157.8000030517578,10141100
2019-01-29,148.9881591796875,156.8800048828125,160.375,155.9199981689453,159.0399932861328,18348200
2019-01-30,158.42813110351562,166.82000732421875,167.83999633789062,160.5,161.2899932861328,36997700
2019-01-31,160.0141143798828,168.49000549316406,169.72999572753906,165.6999969482422,167.8000030517578,21219500
2019-02-01,159.520263671875,167.97000122070312,169.39999389648438,167.6300048828125,168.0,10771500
2019-02-04,158.31414794921875,166.6999969482422,167.5500030517578,165.61000061035156,166.32000732421875,7380400
2019-02-05,163.1860809326172,171.8300018310547,171.9499969482422,168.0,168.5500030517578,12801800
2019-02-06,162.89169311523438,171.52000427246094,173.08999633789062,169.99000549316406,171.86000061035156,11267800
2019-02-07,158.56109619140625,166.9600067138672,169.61000061035156,164.33599853515625,169.16000366210938,11911100
2019-02-08,158.9409637451172,167.36000061035156,167.64999389648438,163.75,163.8300018310547,8331500
2019-02-11,159.02642822265625,167.4499969482422,170.3300018310547,167.4499969482422,168.85000610351562,7260300
2019-02-12,160.22305297851562,168.7100067138672,170.49000549316406,168.61000061035156,169.60000610351562,8594400
2019-02-13,160.87832641601562,169.39999389648438,171.0500030517578,168.99000549316406,169.91000366210938,8661800
2019-02-14,159.90965270996094,168.3800048828125,168.5,166.61000061035156,167.63999938964844,8722100
2019-02-15,157.79180908203125,166.14999389648438,168.77000427246094,165.41000366210938,168.61000061035156,12099500
2019-02-19,161.6190948486328,170.17999267578125,171.14999389648438,166.5,166.97999572753906,12982300
2019-02-20,162.1224365234375,170.7100067138672,172.67999267578125,170.61000061035156,171.0,12454900
2019-02-21,163.02464294433594,171.66000366210938,171.77999877929688,169.8000030517578,171.0,8434800
2019-02-22,168.02005004882812,176.9199981689453,177.02000427246094,172.52000427246094,172.8000030517578,16175600
2019-02-25,174.0316162109375,183.25,183.72000122070312,180.72999572753906,181.25999450683594,22831800
2019-02-26,174.3070068359375,183.5399932861328,184.35000610351562,179.3699951171875,179.7899932861328,13871000
2019-02-27,175.29470825195312,184.5800018310547,184.92999267578125,180.8800048828125,181.72000122070312,16741600
2019-02-28,173.8226776123047,183.02999877929688,184.3000030517578,181.47000122070312,183.00999450683594,12370400
2019-03-01,174.62991333007812,183.8800048828125,186.89999389648438,183.3800048828125,185.08999633789062,14348500
2019-03-04,177.8303985595703,187.25,187.33999633789062,184.4600067138672,186.0,14761700
2019-03-05,175.69357299804688,185.0,188.0800018310547,185.0,186.94000244140625,11513200
2019-03-06,174.9053192138672,184.1699981689453,185.58999633789062,183.02000427246094,184.3800048828125,10009100
2019-03-07,168.39993286132812,177.32000732421875,181.8000030517578,176.72999572753906,180.91000366210938,16488900
2019-03-08,166.22512817382812,175.02999877929688,175.35000610351562,171.56500244140625,171.56500244140625,14674200
2019-03-11,171.33448791503906,180.41000366210938,181.72000122070312,177.5800018310547,177.8300018310547,13764000
2019-03-12,171.54342651367188,180.6300048828125,182.17999267578125,179.50999450683594,182.0399932861328,8660000
2019-03-13,171.60989379882812,180.6999969482422,182.53500366210938,179.25999450683594,180.72999572753906,8868200
2019-03-14,171.2869873046875,180.36000061035156,180.82000732421875,178.00999450683594,179.05999755859375,9272000
2019-03-15,171.86631774902344,180.97000122070312,181.4499969482422,179.66000366210938,180.66000366210938,10844100
2019-03-18,172.6830291748047,181.8300018310547,182.88999938964844,180.75999450683594,181.92999267578125,7847800
2019-03-19,172.97744750976562,182.13999938964844,183.36000061035156,180.85000610351562,181.6300048828125,10238600
2019-03-20,172.16070556640625,181.27999877929688,181.9499969482422,178.42999267578125,180.94000244140625,15901500
2019-03-21,172.36964416503906,181.5,181.72999572753906,178.52000427246094,178.9499969482422,9754500
2019-03-22,167.3932342529297,176.25999450683594,180.47999572753906,175.33599853515625,179.77000427246094,11688400
2019-03-25,169.7769775390625,178.77000427246094,178.89999389648438,174.10000610351562,174.3300018310547,7511400
2019-03-26,169.12168884277344,178.0800018310547,180.64999389648438,177.09500122070312,179.6999969482422,7897900
2019-03-27,168.12449645996094,177.02999877929688,179.8300018310547,176.91299438476562,177.6999969482422,8371000
2019-03-28,168.78929138183594,177.72999572753906,178.52999877929688,175.97000122070312,177.47000122070312,7146800
2019-03-29,173.27186584472656,182.4499969482422,182.60000610351562,179.0,180.72999572753906,13850900
2019-04-01,171.79034423828125,180.88999938964844,185.55999755859375,180.88999938964844,185.08999633789062,12714800
2019-04-02,172.5975799560547,181.74000549316406,183.56300354003906,180.9499969482422,181.4600067138672,8021500
2019-04-03,169.34962463378906,178.32000732421875,180.6999969482422,176.75999450683594,179.50999450683594,26811600
2019-04-04,171.96127319335938,181.07000732421875,181.9600067138672,176.88999938964844,177.0399932861328,16993200
2019-04-05,176.02598571777344,185.35000610351562,185.5,182.0,182.50999450683594,18705000
2019-04-08,177.1181182861328,186.5,187.82000732421875,184.00999450683594,184.19000244140625,14725600
2019-04-09,177.77340698242188,187.19000244140625,187.88999938964844,186.16000366210938,186.49000549316406,11578200
2019-04-10,176.82371520996094,186.19000244140625,187.39999389648438,184.0,186.69000244140625,10655000
2019-04-11,175.67457580566406,184.97999572753906,186.05999755859375,183.75,185.14999389648438,8900300
2019-04-12,179.40689086914062,188.91000366210938,189.7899932861328,187.13999938964844,187.7100067138672,12600000
2019-04-15,173.8606719970703,183.07000732421875,188.1699981689453,182.55999755859375,188.05999755859375,14616600
2019-04-16,176.43434143066406,185.77999877929688,185.7899932861328,183.39999389648438,185.5500030517578,12195900
2019-04-17,178.11529541015625,187.5500030517578,188.1999969482422,185.77999877929688,187.33999633789062,11614200
2019-04-18,177.53598022460938,186.94000244140625,187.27999877929688,185.38999938964844,186.41000366210938,7882500
2019-04-22,176.05445861816406,185.3800048828125,186.47000122070312,183.61000061035156,184.5,8677800
2019-04-23,177.86837768554688,187.2899932861328,188.14999389648438,185.44000244140625,186.0,11410600
2019-04-24,176.32986450195312,185.6699981689453,186.89999389648438,184.5800018310547,186.75999450683594,9085300
2019-04-25,178.4287109375,187.8800048828125,188.1300048828125,183.9550018310547,185.24000549316406,10328900
2019-04-26,177.67843627929688,187.08999633789062,188.74000549316406,185.50999450683594,187.8800048828125,9421100
2019-04-29,177.53598022460938,186.94000244140625,188.0,185.75999450683594,187.4199981689453,8660600
2019-04-30,176.23489379882812,185.57000732421875,188.25,183.82000732421875,186.3000030517578,15076500
2019-05-01,179.78675842285156,189.30999755859375,193.19500732421875,185.8800048828125,186.75,17397500
2019-05-02,180.8124237060547,190.38999938964844,192.6999969482422,186.64999389648438,189.4199981689453,11468100
2019-05-03,185.3899688720703,195.2100067138672,195.72000122070312,191.8800048828125,191.8800048828125,14521100
2019-05-06,178.77059936523438,188.24000549316406,189.0,184.8300018310547,185.1699981689453,23941200
2019-05-07,172.3031463623047,181.42999267578125,186.4499969482422,179.6300048828125,186.0500030517578,22663200
2019-05-08,170.55572509765625,179.58999633789062,183.1999969482422,178.5800018310547,180.9499969482422,16611100
2019-05-09,170.03338623046875,179.0399932861328,180.69500732421875,173.07000732421875,175.42999267578125,22727800
2019-05-10,169.04571533203125,178.0,180.7899932861328,174.10000610351562,180.17999267578125,18987000
2019-05-13,161.45765686035156,170.00999450683594,172.47000122070312,168.77999877929688,169.7899932861328,22330700
2019-05-14,166.044677734375,174.83999633789062,175.14999389648438,171.47999572753906,172.75,17874100
2019-05-15,168.6658477783203,177.60000610351562,180.24000549316406,173.3209991455078,177.05999755859375,37610400
2019-05-16,166.7379608154297,175.57000732421875,178.25,174.75,178.17999267578125,20579200
2019-05-17,161.039794921875,169.57000732421875,172.2899932861328,168.49000549316406,171.69000244140625,22539400
2019-05-20,152.56849670410156,160.64999389648438,164.57000732421875,160.02000427246094,164.44000244140625,33413800
2019-05-21,155.20864868164062,163.42999267578125,165.58999633789062,162.52000427246094,163.16000366210938,22006100
2019-05-22,150.84005737304688,158.8300018310547,162.82000732421875,158.07000732421875,162.41000366210938,25831200
2019-05-23,148.1524200439453,156.0,158.47999572753906,154.41000366210938,155.4499969482422,26891900
2019-05-24,147.20274353027344,155.0,158.42999267578125,154.89999389648438,157.61500549316406,21489700
2019-05-28,147.0222930908203,154.80999755859375,157.07000732421875,153.22000122070312,156.39999389648438,38603000
2019-05-29,144.80947875976562,152.47999572753906,154.38499450683594,150.7100067138672,153.5800018310547,30073100
2019-05-30,143.47044372558594,151.07000732421875,153.3699951171875,150.25,152.36000061035156,17344700
2019-05-31,141.75146484375,149.25999450683594,150.67999267578125,147.9499969482422,149.6300048828125,26881200
2019-06-03,142.36878967285156,149.91000366210938,151.77000427246094,148.84500122070312,149.60000610351562,25254400
2019-06-04,146.3954620361328,154.14999389648438,155.1999969482422,150.63999938964844,151.55999755859375,27417200
2019-06-05,144.021240234375,151.64999389648438,156.11000061035156,149.30999755859375,155.1699981689453,23208600
2019-06-06,143.87879943847656,151.5,152.6999969482422,150.57000732421875,152.0,15763000
2019-06-07,146.47145080566406,154.22999572753906,155.69000244140625,152.21400451660156,152.9499969482422,17817800
2019-06-10,151.8087615966797,159.85000610351562,161.97999572753906,157.39999389648438,158.77999877929688,36473300
2019-06-11,154.4678955078125,162.64999389648438,165.67999267578125,161.9250030517578,164.1999969482422,23408400
2019-06-12,151.9891815185547,160.0399932861328,161.6999969482422,158.80999755859375,160.47000122070312,16329300
2019-06-13,152.2646026611328,160.3300018310547,161.32000732421875,159.8000030517578,160.5500030517578,17571400
2019-06-14,150.14678955078125,158.10000610351562,158.7100067138672,157.22999572753906,158.3699951171875,14981600
2019-06-17,151.86572265625,159.91000366210938,160.5500030517578,157.4199981689453,157.52999877929688,16079800
2019-06-18,157.1840057373047,165.50999450683594,169.11000061035156,161.9499969482422,162.88999938964844,35754800
2019-06-19,157.1365509033203,165.4600067138672,167.89999389648438,163.4199981689453,167.77000427246094,20798100
2019-06-20,159.7861785888672,168.25,170.47999572753906,166.27499389648438,170.19000244140625,24004700
2019-06-21,159.12139892578125,167.5500030517578,169.4709930419922,166.77000427246094,167.47999572753906,17415800
2019-06-24,159.6437530517578,168.10000610351562,168.8800048828125,165.77999877929688,168.39999389648438,18422600
2019-06-25,157.45944213867188,165.8000030517578,167.33999633789062,164.6199951171875,167.0399932861328,20439200
2019-06-26,160.4889678955078,168.99000549316406,171.24000549316406,168.14999389648438,168.27999877929688,22416400
2019-06-27,162.30287170410156,170.89999389648438,171.97999572753906,169.3800048828125,170.6199951171875,18349400
2019-06-28,160.92581176757812,169.4499969482422,170.88999938964844,167.9600067138672,170.1999969482422,19974300
2019-07-01,166.24411010742188,175.0500030517578,177.9499969482422,174.36000061035156,175.86500549316406,25846800
2019-07-02,166.62399291992188,175.4499969482422,175.5500030517578,174.25,175.1300048828125,14155200
2019-07-03,165.8832244873047,174.6699981689453,175.85000610351562,173.85000610351562,175.69000244140625,8532600
2019-07-05,164.5821533203125,173.3000030517578,173.82000732421875,172.82000732421875,173.75,12618600
2019-07-08,159.9761199951172,168.4499969482422,170.27999877929688,168.35000610351562,170.08999633789062,16531000
2019-07-09,160.3085174560547,168.8000030517578,168.97999572753906,166.5,167.0850067138672,15782800
2019-07-10,158.53257751464844,166.92999267578125,171.3699951171875,166.86000061035156,171.24000549316406,16675600
2019-07-11,158.1717071533203,166.5500030517578,168.4239959716797,165.0,167.55999755859375,14796400
2019-07-12,160.56494140625,169.07000732421875,170.1999969482422,167.64999389648438,168.0,18103600
2019-07-15,164.7720947265625,173.5,173.75,170.4199981689453,171.5,22199000
2019-07-16,165.42738342285156,174.19000244140625,175.52000427246094,173.4600067138672,174.1999969482422,19039700
2019-07-17,166.02569580078125,174.82000732421875,176.22000122070312,172.49000549316406,172.75,15031600
2019-07-18,164.1072998046875,172.8000030517578,174.39999389648438,172.05999755859375,173.41000366210938,15603800
2019-07-19,164.28775024414062,172.99000549316406,175.14999389648438,172.99000549316406,174.8699951171875,13647200
2019-07-22,165.24693298339844,174.0,174.27999877929688,171.43699645996094,173.5,18490900
2019-07-23,169.1311798095703,178.08999633789062,178.63999938964844,174.84500122070312,175.38999938964844,20881500
2019-07-24,169.6820068359375,178.6699981689453,178.9600067138672,176.93800354003906,178.0,14933100
2019-07-25,168.3714141845703,177.2899932861328,179.14999389648438,175.36900329589844,178.49000549316406,14049000
2019-07-26,169.7484893798828,178.74000549316406,179.39999389648438,176.8800048828125,178.25,15281000
2019-07-29,168.11502075195312,177.02000427246094,179.8800048828125,175.35000610351562,178.42999267578125,15130300
2019-07-30,165.34190368652344,174.10000610351562,175.7100067138672,172.88999938964844,174.25,14300600
2019-07-31,164.40171813964844,173.11000061035156,174.88999938964844,170.08999633789062,173.7100067138672,14628900
2019-08-01,157.31698608398438,165.64999389648438,175.71499633789062,162.10000610351562,174.5399932861328,32728200
2019-08-02,152.90090942382812,161.0,163.85000610351562,160.35000610351562,162.55999755859375,27104700
2019-08-05,145.93963623046875,153.6699981689453,157.22999572753906,151.85000610351562,155.02999877929688,28912600
2019-08-06,149.51048278808594,157.42999267578125,158.72999572753906,156.11000061035156,158.47999572753906,24996300
2019-08-07,151.1629638671875,159.1699981689453,159.47999572753906,155.3000030517578,155.72999572753906,17917400
2019-08-08,154.0595245361328,162.22000122070312,162.3000030517578,159.1199951171875,161.7100067138672,19267700
2019-08-09,151.11546325683594,159.1199951171875,161.99000549316406,159.11000061035156,160.97999572753906,11894300
2019-08-12,151.29591369628906,159.30999755859375,159.36000061035156,155.5399932861328,157.5,13566900
2019-08-13,155.77847290039062,164.02999877929688,167.36000061035156,159.57000732421875,160.63999938964844,22842900
2019-08-14,153.90757751464844,162.05999755859375,163.0,159.2100067138672,161.33999633789062,20803700
2019-08-15,158.57057189941406,166.97000122070312,171.0,164.36000061035156,170.11000061035156,36343500
2019-08-16,165.81674194335938,174.60000610351562,177.5500030517578,168.57000732421875,170.0,25952500
2019-08-19,169.31161499023438,178.27999877929688,178.8000030517578,175.58999633789062,177.42999267578125,16012800
2019-08-20,168.29547119140625,177.2100067138672,177.99000549316406,175.6199951171875,175.91000366210938,10338100
2019-08-21,166.42454528808594,175.24000549316406,178.5,174.88999938964844,177.22000122070312,10615700
2019-08-22,163.2620849609375,171.91000366210938,174.97999572753906,170.5,174.10000610351562,11568900
2019-08-23,156.2628173828125,164.5399932861328,171.49000549316406,163.83099365234375,169.69000244140625,20871500
2019-08-26,157.55438232421875,165.89999389648438,167.4499969482422,165.52999877929688,166.49000549316406,8640500
2019-08-27,157.83932495117188,166.1999969482422,168.19000244140625,165.19000244140625,167.1999969482422,12777600
2019-08-28,159.05491638183594,167.47999572753906,168.0,164.1999969482422,164.63999938964844,9507400
2019-08-29,164.1167755126953,172.80999755859375,173.9600067138672,170.9499969482422,171.0,11565400
2019-08-30,166.22512817382812,175.02999877929688,175.25,172.66000366210938,174.35000610351562,10293400
2019-09-03,163.73692321777344,172.41000366210938,174.72000122070312,172.14999389648438,173.0,8499300
2019-09-04,165.56031799316406,174.3300018310547,176.5500030517578,173.99000549316406,176.25999450683594,7208900
2019-09-05,169.93844604492188,178.94000244140625,178.9499969482422,176.52000427246094,176.8800048828125,11154300
2019-09-06,167.80162048339844,176.69000244140625,179.22000122070312,176.2100067138672,179.00999450683594,8304000
2019-09-09,168.83677673339844,177.77999877929688,177.99000549316406,175.86000061035156,177.8800048828125,6931700
2019-09-10,166.1871337890625,174.99000549316406,176.3000030517578,172.22000122070312,176.27999877929688,9835000
2019-09-11,167.23179626464844,176.08999633789062,176.66000366210938,174.14999389648438,176.0,7039300
2019-09-12,169.2736358642578,178.24000549316406,180.5,177.0,177.88999938964844,12509400
2019-09-13,170.15684509277344,179.1699981689453,180.17999267578125,178.61000061035156,179.74000549316406,9479700
2019-09-16,168.16249084472656,177.07000732421875,179.1699981689453,175.3699951171875,177.75,10725100
2019-09-17,169.9954071044922,179.0,179.1199951171875,176.0500030517578,176.85000610351562,7481000
2019-09-18,170.94509887695312,180.0,180.1699981689453,177.5800018310547,179.14999389648438,9233300
2019-09-19,171.3819580078125,180.4600067138672,184.1300048828125,180.42999267578125,180.89999389648438,15119800
2019-09-20,173.32882690429688,182.50999450683594,183.82000732421875,178.83999633789062,182.30999755859375,24517800
2019-09-23,168.0770263671875,176.97999572753906,181.3300018310547,176.8000030517578,181.25,14047400
2019-09-24,162.92018127441406,171.5500030517578,179.49000549316406,171.3000030517578,179.1699981689453,14324600
2019-09-25,167.77313232421875,176.66000366210938,176.99000549316406,171.72000122070312,172.3000030517578,11766400
2019-09-26,166.19662475585938,175.0,178.22999572753906,174.8300018310547,177.0,9982400
2019-09-27,157.63037109375,165.97999572753906,176.5,163.14999389648438,176.0,33287500
2019-09-30,158.81748962402344,167.22999572753906,170.1999969482422,166.4499969482422,169.88699340820312,14866800
2019-10-01,156.8421173095703,165.14999389648438,168.22999572753906,163.63999938964844,168.00999450683594,14155500
2019-10-02,157.43093872070312,165.77000427246094,166.8800048828125,161.89999389648438,162.82000732421875,11526500
2019-10-03,160.9542999267578,169.47999572753906,170.17999267578125,165.0,166.64999389648438,10305000
2019-10-04,161.77105712890625,170.33999633789062,170.6999969482422,167.55999755859375,169.60000610351562,8715200
2019-10-07,159.85267639160156,168.32000732421875,172.3000030517578,167.2100067138672,168.8300018310547,11993000
2019-10-08,153.7841033935547,161.92999267578125,165.22000122070312,161.67999267578125,164.3000030517578,15833100
2019-10-09,156.88011169433594,165.19000244140625,166.5800018310547,163.4199981689453,165.5,10943100
2019-10-10,157.71585083007812,166.07000732421875,168.57000732421875,164.08999633789062,165.9600067138672,11462400
2019-10-11,164.24024963378906,172.94000244140625,174.8800048828125,169.57000732421875,170.77000427246094,19247400
2019-10-14,162.5498046875,171.16000366210938,173.33999633789062,170.7899932861328,172.83999633789062,7667600
2019-10-15,166.4720458984375,175.2899932861328,176.75,172.69000244140625,172.91000366210938,13753000
2019-10-16,168.20997619628906,177.1199951171875,177.35000610351562,174.1199951171875,175.8000030517578,10858700
2019-10-17,167.95358276367188,176.85000610351562,178.58999633789062,175.22999572753906,178.0,8020600
2019-10-18,160.62191772460938,169.1300048828125,176.22999572753906,169.0,176.0,14575700
2019-10-21,164.79107666015625,173.52000427246094,173.91000366210938,170.8699951171875,172.63999938964844,8970800
2019-10-22,161.34368896484375,169.88999938964844,175.36000061035156,169.25999450683594,174.52999877929688,10867100
2019-10-23,161.37217712402344,169.9199981689453,171.0399932861328,168.1199951171875,170.4499969482422,8853700
2019-10-24,163.869873046875,172.5500030517578,172.75,170.2100067138672,171.27999877929688,7397700
2019-10-25,165.5413360595703,174.30999755859375,175.80999755859375,170.8800048828125,171.55999755859375,9891800
2019-10-28,169.69149780273438,178.67999267578125,179.63999938964844,176.41000366210938,176.5,11739600
2019-10-29,167.99156188964844,176.88999938964844,177.74000549316406,175.44000244140625,177.05999755859375,8026400
2019-10-30,168.59934997558594,177.52999877929688,177.8800048828125,173.93600463867188,175.4199981689453,10213200
2019-10-31,167.78260803222656,176.6699981689453,179.24000549316406,175.5,179.16000366210938,15119000
2019-11-01,167.58319091796875,176.4600067138672,182.1199951171875,176.05999755859375,179.00999450683594,28924100
2019-11-04,170.65069580078125,179.69000244140625,182.39999389648438,178.02000427246094,180.66000366210938,44541200
2019-11-05,172.84449768066406,182.0,183.1999969482422,180.30999755859375,181.4199981689453,23690200
2019-11-06,174.89584350585938,184.16000366210938,185.0,182.1999969482422,183.61000061035156,14834900
2019-11-07,177.27008056640625,186.66000366210938,188.07000732421875,184.69000244140625,187.07000732421875,20162600
2019-11-08,177.7449188232422,187.16000366210938,188.27999877929688,185.14999389648438,187.90199279785156,19718100
2019-11-11,177.3175506591797,186.7100067138672,187.1999969482422,181.3699951171875,184.82000732421875,20561500
2019-11-12,177.56448364257812,186.97000122070312,187.64999389648438,185.13999938964844,185.91000366210938,11797600
2019-11-13,173.3003387451172,182.47999572753906,185.6739959716797,181.0,185.47000122070312,14977700
2019-11-14,173.604248046875,182.8000030517578,184.5,181.3209991455078,182.8699951171875,12712800
2019-11-15,176.158935546875,185.49000549316406,185.60000610351562,183.7100067138672,184.0,11296400
2019-11-18,175.3231964111328,184.61000061035156,186.97999572753906,184.16000366210938,186.97999572753906,11822900
2019-11-19,175.9309844970703,185.25,186.7100067138672,183.8699951171875,186.30999755859375,13407200
2019-11-20,173.1768798828125,182.35000610351562,183.6999969482422,181.05999755859375,183.6699981689453,16684600
2019-11-21,175.56063842773438,184.86000061035156,184.88999938964844,181.60000610351562,181.77000427246094,10254700
2019-11-22,177.384033203125,186.77999877929688,186.77999877929688,183.93499755859375,185.8000030517578,10541000
2019-11-25,180.86940002441406,190.4499969482422,190.72000122070312,187.8800048828125,188.32000732421875,19157700
2019-11-26,184.90560913085938,194.6999969482422,195.0,189.0399932861328,190.38999938964844,51832300
2019-11-27,190.71775817871094,200.82000732421875,200.97999572753906,197.0,197.24000549316406,33040500
2019-11-29,189.93899536132812,200.0,200.42999267578125,198.35000610351562,199.80999755859375,18593100
2019-12-02,186.43463134765625,196.30999755859375,198.6699981689453,193.50999450683594,198.5800018310547,19357700
2019-12-03,185.09555053710938,194.89999389648438,195.0,189.85000610351562,190.97000122070312,18355300
2019-12-04,183.99391174316406,193.74000549316406,196.66000366210938,193.22999572753906,195.52999877929688,14849300
2019-12-05,189.93899536132812,200.0,200.94000244140625,196.42999267578125,196.92999267578125,22290200
2019-12-06,191.73391723632812,201.88999938964844,202.0,199.50999450683594,201.11000061035156,14087300
2019-12-09,188.74240112304688,198.74000549316406,203.42999267578125,198.5500030517578,200.32000732421875,14258100
2019-12-10,190.36636352539062,200.4499969482422,202.47999572753906,199.22999572753906,200.7100067138672,11623900
2019-12-11,194.34559631347656,204.63999938964844,204.8000030517578,200.72000122070312,201.10000610351562,11760000
2019-12-12,194.21263122558594,204.5,206.0,202.0,203.7100067138672,22448600
2019-12-13,194.6020050048828,204.91000366210938,207.10000610351562,203.77000427246094,205.75999450683594,19270400
2019-12-16,196.55836486816406,206.97000122070312,209.14999389648438,206.19000244140625,206.3300018310547,16734300
2019-12-17,197.70750427246094,208.17999267578125,208.8699951171875,206.82000732421875,208.69000244140625,11287600
2019-12-18,199.4359588623047,210.0,210.0500030517578,208.0399932861328,208.52999877929688,13481800
2019-12-19,199.55941772460938,210.1300048828125,211.3699951171875,209.22999572753906,209.61000061035156,12167300
2019-12-20,201.57276916503906,212.25,213.97999572753906,210.4199981689453,211.35000610351562,26670000
2019-12-23,204.02297973632812,214.8300018310547,215.0500030517578,212.91000366210938,213.25,12535000
2019-12-24,203.4816436767578,214.25999450683594,215.42999267578125,213.35000610351562,215.00999450683594,5523000
2019-12-26,205.4949951171875,216.3800048828125,216.99000549316406,214.3300018310547,214.64999389648438,6907100
2019-12-27,204.63076782226562,215.47000122070312,218.11000061035156,215.1699981689453,217.99000549316406,11674200
2019-12-30,202.19956970214844,212.91000366210938,215.77999877929688,211.75999450683594,215.77999877929688,8732600
2019-12-31,201.43031311035156,212.10000610351562,213.63999938964844,210.72999572753906,212.0,6773600
2020-01-02,208.7144775390625,219.77000427246094,219.97999572753906,216.5399932861328,216.60000610351562,15873500
2020-01-03,206.0838165283203,217.0,218.2030029296875,216.00999450683594,216.35000610351562,8604500
2020-01-06,205.74192810058594,216.63999938964844,217.16000366210938,214.08999633789062,214.88999938964844,11885500
2020-01-07,206.68214416503906,217.6300048828125,218.94000244140625,216.69000244140625,217.63999938964844,9388000
2020-01-08,207.03350830078125,218.0,220.64999389648438,216.32000732421875,216.60000610351562,11959100
2020-01-09,210.62335205078125,221.77999877929688,223.0800018310547,220.82000732421875,221.5,13122500
2020-01-10,212.5702362060547,223.8300018310547,225.9600067138672,222.06100463867188,223.89999389648438,12296000
2020-01-13,218.8856964111328,230.47999572753906,231.13999938964844,227.0399932861328,228.80999755859375,17544800
2020-01-14,215.096435546875,226.49000549316406,230.1750030517578,224.8800048828125,230.0500030517578,17266900
2020-01-15,213.7383575439453,225.05999755859375,227.82000732421875,224.38999938964844,226.64999389648438,10743400
2020-01-16,212.67471313476562,223.94000244140625,226.3300018310547,222.72999572753906,226.3000030517578,13700500
2020-01-17,215.98912048339844,227.42999267578125,228.0,225.35000610351562,225.89999389648438,12956200
2020-01-21,211.07920837402344,222.25999450683594,222.60000610351562,220.72999572753906,222.4499969482422,15831100
2020-01-22,211.1836700439453,222.3699951171875,225.5800018310547,222.0,224.69000244140625,10059600
2020-01-23,208.10667419433594,219.1300048828125,220.1300048828125,216.77000427246094,217.92999267578125,18519900
2020-01-24,202.997314453125,213.75,219.8300018310547,211.3249969482422,218.49000549316406,18143900
2020-01-27,195.1338348388672,205.47000122070312,208.02000427246094,199.5,201.22000122070312,24574700
2020-01-28,199.6543731689453,210.22999572753906,210.91000366210938,207.1699981689453,209.74000549316406,16196700
2020-01-29,201.35433959960938,212.02000427246094,213.97999572753906,209.52000427246094,212.55999755859375,12871900
2020-01-30,198.08738708496094,208.5800018310547,209.86000061035156,205.02999877929688,207.8800048828125,14376000
2020-01-31,196.19749450683594,206.58999633789062,207.92999267578125,204.72799682617188,206.5,18181400
2020-02-03,202.38002014160156,213.10000610351562,215.02000427246094,208.6699981689453,208.6699981689453,14118800
2020-02-04,211.66802978515625,222.8800048828125,224.3800048828125,220.49000549316406,221.35000610351562,16695100
2020-02-05,209.14183044433594,220.22000122070312,226.6999969482422,217.5399932861328,226.52000427246094,15766100
2020-02-06,209.78761291503906,220.89999389648438,223.64999389648438,219.77999877929688,223.1300048828125,10790800
2020-02-07,205.63746643066406,216.52999877929688,217.83999633789062,214.8800048828125,217.4600067138672,13790300
2020-02-10,204.91571044921875,215.77000427246094,215.77000427246094,212.1999969482422,213.5,17420300
2020-02-11,206.28326416015625,217.2100067138672,220.00999450683594,215.2899932861328,219.91000366210938,16073500
2020-02-12,213.02609252929688,224.30999755859375,225.52000427246094,220.2100067138672,221.1300048828125,18671900
2020-02-13,209.27479553222656,220.36000061035156,225.0,218.99000549316406,220.0,28069700
2020-02-14,208.58151245117188,219.6300048828125,221.63999938964844,218.22999572753906,221.10000610351562,10690000
2020-02-18,209.42674255371094,220.52000427246094,220.85000610351562,217.50999450683594,218.5500030517578,12987000
2020-02-19,210.96524047851562,222.13999938964844,223.55999755859375,220.75,221.52000427246094,10798100
2020-02-20,207.0714874267578,218.0399932861328,222.5,214.22000122070312,222.5,14950100
2020-02-21,201.89566040039062,212.58999633789062,217.60000610351562,211.55999755859375,217.5399932861328,17681200
2020-02-24,195.7891387939453,206.16000366210938,207.27999877929688,202.50999450683594,203.5500030517578,19380200
2020-02-25,195.2667999267578,205.61000061035156,209.9499969482422,204.10000610351562,208.50999450683594,18132400
2020-02-26,198.23934936523438,208.74000549316406,213.0800018310547,206.7899932861328,206.8000030517578,19482100
2020-02-27,194.71595764160156,205.02999877929688,209.97000122070312,201.86000061035156,205.00999450683594,22741200
2020-02-28,197.53656005859375,208.0,208.9199981689453,198.56100463867188,198.97999572753906,31251100
2020-03-02,200.3666534423828,210.97999572753906,211.11000061035156,203.75599670410156,208.58999633789062,21542200
2020-03-03,196.9762420654297,207.41000366210938,211.38999938964844,202.24000549316406,211.0800018310547,20813800
2020-03-04,201.29736328125,211.9600067138672,212.6999969482422,208.85000610351562,209.49000549316406,12474400
2020-03-05,200.822509765625,211.4600067138672,215.14999389648438,209.13999938964844,210.0,13462900
2020-03-06,194.34559631347656,204.63999938964844,207.0,201.10000610351562,206.6999969482422,21700500
2020-03-09,187.7167205810547,197.66000366210938,199.88999938964844,193.92999267578125,195.6199951171875,25502600
2020-03-10,196.007568359375,206.38999938964844,207.4499969482422,200.8000030517578,205.52999877929688,19022600
2020-03-11,188.90383911132812,198.91000366210938,203.10000610351562,196.11000061035156,201.64999389648438,18908200
2020-03-12,175.78855895996094,185.10000610351562,190.48699951171875,183.92999267578125,186.5,30247100
2020-03-13,184.24082946777344,194.0,195.99000549316406,187.80999755859375,194.89999389648438,23650500
2020-03-16,169.8529510498047,178.85000610351562,188.0,174.5,176.14999389648438,26628500
2020-03-17,175.51312255859375,184.80999755859375,189.38999938964844,179.69000244140625,181.25999450683594,19276500
2020-03-18,170.94509887695312,180.0,182.41000366210938,170.0,176.0,22054200
2020-03-19,171.78082275390625,180.8800048828125,187.25,177.38999938964844,179.25999450683594,20905700
2020-03-20,172.17970275878906,181.3000030517578,188.3000030517578,180.0,187.74000549316406,21006100
2020-03-23,167.46922302246094,176.33999633789062,178.5,169.9499969482422,175.27000427246094,22554700
2020-03-24,176.40585327148438,185.75,188.8000030517578,181.17999267578125,183.08999633789062,20801500
2020-03-25,179.07449340820312,188.55999755859375,195.19000244140625,184.51499938964844,185.82000732421875,19605200
2020-03-26,185.49444580078125,195.32000732421875,196.32000732421875,187.60000610351562,188.63999938964844,15416800
2020-03-27,179.10296630859375,188.58999633789062,192.74000549316406,188.0,189.97000122070312,13376400
2020-03-30,181.64816284179688,191.27000427246094,191.47999572753906,187.00999450683594,187.47999572753906,12254400
2020-03-31,184.69668579101562,194.47999572753906,196.7899932861328,190.60000610351562,192.0,19084800
2020-04-01,178.1248016357422,187.55999755859375,192.8699951171875,185.0399932861328,189.5,17948600
2020-04-02,179.3973846435547,188.89999389648438,191.3000030517578,185.69200134277344,186.0800018310547,13412100
2020-04-03,177.6974334716797,187.11000061035156,190.5500030517578,185.41000366210938,190.1199951171875,9483100
2020-04-06,186.56756591796875,196.4499969482422,196.8800048828125,192.6999969482422,194.74000549316406,13248700
2020-04-07,188.03961181640625,198.0,201.4499969482422,197.0500030517578,200.0500030517578,14934500
2020-04-08,186.12123107910156,195.97999572753906,198.86000061035156,193.88400268554688,198.33999633789062,13608000
2020-04-09,186.49159240722656,196.3699951171875,200.35000610351562,193.39999389648438,198.64999389648438,17821300
2020-04-13,189.4071807861328,199.44000244140625,200.3249969482422,195.52999877929688,197.39999389648438,16117900
2020-04-14,194.47853088378906,204.77999877929688,207.97000122070312,204.25,204.9499969482422,16757100
2020-04-15,197.69801330566406,208.1699981689453,209.14999389648438,201.30999755859375,204.77000427246094,10768100
2020-04-16,201.96214294433594,212.66000366210938,213.25,209.1199951171875,210.52999877929688,16353800
2020-04-17,198.9611053466797,209.5,214.97999572753906,208.8509979248047,214.97999572753906,13558500
2020-04-20,201.45880126953125,212.1300048828125,216.10000610351562,209.36000061035156,209.8699951171875,19295400
2020-04-21,196.90977478027344,207.33999633789062,212.1300048828125,205.02999877929688,209.89999389648438,14107600
2020-04-22,199.39797973632812,209.9600067138672,212.0,209.2100067138672,212.0,13471100
2020-04-23,194.9154052734375,205.24000549316406,210.55999755859375,203.4600067138672,210.24000549316406,20424000
2020-04-24,194.07968139648438,204.36000061035156,206.5,202.82000732421875,205.88999938964844,14673900
2020-04-27,193.44338989257812,203.69000244140625,207.77999877929688,202.02999877929688,207.5500030517578,17286800
2020-04-28,191.03115844726562,201.14999389648438,205.19000244140625,199.40699768066406,204.80999755859375,17203800
2020-04-29,196.30194091796875,206.6999969482422,207.0800018310547,202.50999450683594,202.92999267578125,19117800
2020-04-30,192.4746856689453,202.6699981689453,206.6999969482422,199.2899932861328,206.25,20107400
2020-05-01,184.69668579101562,194.47999572753906,197.3800048828125,192.86000061035156,195.75,22276200
2020-05-04,181.53419494628906,191.14999389648438,195.0,189.52999877929688,194.75999450683594,25709400
2020-05-05,185.2095184326172,195.02000427246094,198.27000427246094,194.1999969482422,196.3800048828125,22957200
2020-05-06,185.3519744873047,195.1699981689453,198.91000366210938,194.92999267578125,197.6699981689453,18598900
2020-05-07,186.60557556152344,196.49000549316406,198.08999633789062,194.77999877929688,198.0,16164600
2020-05-08,191.06915283203125,201.19000244140625,203.02000427246094,198.67999267578125,199.8000030517578,23819700
2020-05-11,195.06735229492188,205.39999389648438,206.63999938964844,202.3800048828125,202.77999877929688,17920700
2020-05-12,190.23341369628906,200.30999755859375,208.0500030517578,200.02000427246094,206.9499969482422,17826800
2020-05-13,189.42617797851562,199.4600067138672,204.67999267578125,197.97999572753906,203.6199951171875,22429700
2020-05-14,191.17361450195312,201.3000030517578,201.77000427246094,194.02999877929688,195.5,20025900
2020-05-15,193.43385314941406,203.67999267578125,204.49000549316406,200.10000610351562,200.6999969482422,17209500
2020-05-18,204.45034790039062,215.27999877929688,215.47000122070312,210.3699951171875,212.5,23556600
2020-05-19,206.2737579345703,217.1999969482422,220.58999633789062,215.19000244140625,216.72999572753906,21438100
2020-05-20,205.88438415527344,216.7899932861328,221.15699768066406,210.5800018310547,220.0,38324100
2020-05-21,201.4873046875,212.16000366210938,214.5800018310547,209.52999877929688,211.2899932861328,29850700
2020-05-22,189.65408325195312,199.6999969482422,204.8800048828125,198.99000549316406,203.22999572753906,51979300
2020-05-26,191.57247924804688,201.72000122070312,206.8000030517578,201.0,205.94000244140625,28683200
2020-05-27,191.05963134765625,201.17999267578125,202.99000549316406,196.75,202.99000549316406,23605400
2020-05-28,189.4546661376953,199.49000549316406,202.3699951171875,197.6199951171875,199.0,18763200
2020-05-29,196.95724487304688,207.38999938964844,207.8800048828125,196.6999969482422,200.0,43179500
2020-06-01,196.17849731445312,206.57000732421875,207.1999969482422,203.94000244140625,205.89999389648438,16169700
2020-06-02,203.54812622070312,214.3300018310547,214.57000732421875,207.1699981689453,207.2100067138672,22485800
2020-06-03,207.61282348632812,218.61000061035156,218.97000122070312,213.75,215.60000610351562,19999500
2020-06-04,207.0714874267578,218.0399932861328,220.0,216.32000732421875,217.27999877929688,14962400
2020-06-05,208.5055389404297,219.5500030517578,220.58999633789062,218.6999969482422,220.0,11983200
2020-06-08,207.9832000732422,219.0,220.39999389648438,215.3300018310547,219.60000610351562,12731200
2020-06-09,209.61668395996094,220.72000122070312,220.72000122070312,216.1999969482422,216.30999755859375,14140100
2020-06-10,212.4277801513672,223.67999267578125,225.0,220.60000610351562,222.0,13372400
2020-06-11,204.412353515625,215.24000549316406,219.9499969482422,213.55999755859375,218.0,15560300
2020-06-12,206.69161987304688,217.63999938964844,219.5,213.8800048828125,218.5,12716500
2020-06-15,206.1123046875,217.02999877929688,217.72000122070312,212.75,214.11000061035156,17419900
2020-06-16,211.4210968017578,222.6199951171875,224.83999633789062,220.10000610351562,221.0,17212400
2020-06-17,212.96910095214844,224.25,225.0,222.5,224.39999389648438,12486700
2020-06-18,212.29481506347656,223.5399932861328,226.02999877929688,222.9199981689453,223.74000549316406,10358800
2020-06-19,209.5406951904297,220.63999938964844,226.5,220.08999633789062,226.3800048828125,19545200
2020-06-22,210.27197265625,221.41000366210938,222.0800018310547,219.44500732421875,220.9199981689453,13303600
2020-06-23,217.24273681640625,228.75,230.22500610351562,224.52999877929688,225.1199951171875,18263400
2020-06-24,214.8400115966797,226.22000122070312,231.02999877929688,224.2519989013672,228.3000030517578,12159500
2020-06-25,210.9842529296875,222.16000366210938,224.69000244140625,220.8699951171875,224.58999633789062,14953100
2020-06-26,204.8587188720703,215.7100067138672,222.25999450683594,213.5,222.2100067138672,19340600
2020-06-29,204.20343017578125,215.02000427246094,216.5,211.82000732421875,215.02999877929688,12333000
2020-06-30,204.84921264648438,215.6999969482422,216.42999267578125,212.88999938964844,215.74000549316406,12933800
2020-07-01,205.0866241455078,215.9499969482422,216.5500030517578,214.74000549316406,215.80999755859375,11788100
2020-07-02,212.351806640625,223.60000610351562,225.02499389648438,220.05999755859375,221.85000610351562,18128700
2020-07-06,227.9268035888672,240.0,240.47999572753906,232.82000732421875,233.30999755859375,33702900
2020-07-07,224.61236572265625,236.50999450683594,241.3000030517578,236.1300048828125,241.00999450683594,16491600
2020-07-08,244.7174072265625,257.67999267578125,258.489990234375,244.02000427246094,244.86000061035156,39922700
2020-07-09,248.42120361328125,261.5799865722656,268.0,255.91000366210938,265.54998779296875,36803900
2020-07-10,247.87991333007812,261.010009765625,261.8999938964844,255.7100067138672,260.2099914550781,20335000
2020-07-13,239.00975036621094,251.6699981689453,265.6600036621094,250.67999267578125,261.45001220703125,21568700
2020-07-14,236.07518005371094,248.5800018310547,249.75,241.22999572753906,246.57000732421875,19782600
2020-07-15,236.67349243164062,249.2100067138672,252.5,246.5399932861328,251.47999572753906,12614700
2020-07-16,230.30104064941406,242.5,245.0500030517578,240.74000549316406,241.77000427246094,18032100
2020-07-17,234.70762634277344,247.13999938964844,247.92999267578125,244.47999572753906,246.5500030517578,18742400
2020-07-20,241.9917755126953,254.80999755859375,257.6700134277344,252.42999267578125,256.45001220703125,19015000
2020-07-21,244.92633056640625,257.8999938964844,261.9200134277344,256.5199890136719,261.2099914550781,17120700
2020-07-22,239.03823852539062,251.6999969482422,256.2699890136719,249.60000610351562,255.75999450683594,19682200
2020-07-23,239.2091827392578,251.8800048828125,257.6600036621094,248.69000244140625,252.10000610351562,25712000
2020-07-24,236.47406005859375,249.0,249.47999572753906,241.88999938964844,244.9600067138672,17221500
2020-07-27,238.240478515625,250.86000061035156,252.8699951171875,245.80999755859375,247.11000061035156,18966900
2020-07-28,236.5215606689453,249.0500030517578,251.64999389648438,248.52999877929688,251.14999389648438,9878700
2020-07-29,239.75050354003906,252.4499969482422,254.3000030517578,250.10000610351562,250.33999633789062,11493600
2020-07-30,240.0259246826172,252.74000549316406,253.86000061035156,249.6199951171875,251.6999969482422,7032900
2020-07-31,238.39244079589844,251.02000427246094,254.39999389648438,248.10000610351562,254.1999969482422,12304100
2020-08-03,244.96434020996094,257.94000244140625,260.6499938964844,254.0,254.02000427246094,11530300
2020-08-04,249.0100555419922,262.20001220703125,262.55999755859375,258.82000732421875,260.0799865722656,10994500
2020-08-05,251.58372497558594,264.9100036621094,265.97601318359375,261.7550048828125,263.739990234375,10673800
2020-08-06,252.31497192382812,265.67999267578125,265.70001220703125,259.20001220703125,263.4200134277344,10359500
2020-08-07,239.41812133789062,252.10000610351562,257.760009765625,247.57000732421875,257.4100036621094,22529600
2020-08-10,235.6478271484375,248.1300048828125,251.75,246.10000610351562,249.33999633789062,13621700
2020-08-11,235.92323303222656,248.4199981689453,252.8800048828125,247.8300018310547,251.2899932861328,10681800
2020-08-12,242.3526611328125,255.19000244140625,256.0799865722656,248.67999267578125,249.25,11112300
2020-08-13,240.9566192626953,253.72000122070312,256.9700012207031,252.8800048828125,256.3900146484375,8794500
2020-08-14,241.1940460205078,253.97000122070312,255.77000427246094,251.63999938964844,255.49000549316406,7876400
2020-08-17,244.0336151123047,256.9599914550781,257.375,250.0850067138672,253.0,9760000
2020-08-18,246.16094970703125,259.20001220703125,261.4200134277344,256.05999755859375,258.7099914550781,13267800
2020-08-19,247.4810028076172,260.5899963378906,261.2900085449219,257.3800048828125,260.8900146484375,14096500
2020-08-20,244.99281311035156,257.9700012207031,258.8800048828125,254.17999267578125,256.8900146484375,21460800
2020-08-21,252.4289093017578,265.79998779296875,267.42999267578125,258.30999755859375,259.0299987792969,25648200
2020-08-24,262.1347961425781,276.0199890136719,276.9700012207031,271.6199951171875,273.239990234375,22475800
2020-08-25,271.61279296875,286.0,289.1199951171875,276.0400085449219,278.05999755859375,27535500
2020-08-26,277.2729797363281,291.9599914550781,292.4800109863281,284.1000061035156,289.260009765625,19530300
2020-08-27,269.8748474121094,284.1700134277344,290.25,282.1000061035156,290.1700134277344,14805800
2020-08-28,274.46185302734375,289.0,289.5,283.57000732421875,285.0899963378906,9681500
2020-08-31,272.5909423828125,287.0299987792969,289.19000244140625,283.6099853515625,288.6199951171875,13253800
2020-09-01,283.0091247558594,298.0,298.0,288.8699951171875,289.20001220703125,13797100
2020-09-02,281.17620849609375,296.07000732421875,299.0,289.7900085449219,299.0,12638600
2020-09-03,268.2888488769531,282.5,290.7330017089844,278.1600036621094,289.0,16766200
2020-09-04,267.2347106933594,281.3900146484375,283.7799987792969,267.3900146484375,279.6000061035156,15885800
2020-09-08,256.4366455078125,270.0199890136719,273.9700012207031,266.5899963378906,270.2300109863281,12734000
2020-09-09,259.4091796875,273.1499938964844,275.6400146484375,270.8800048828125,274.45001220703125,9465700
2020-09-10,254.09088134765625,267.54998779296875,277.1000061035156,267.3999938964844,274.8999938964844,10676800
2020-09-11,257.9466552734375,271.6099853515625,274.5299987792969,268.1199951171875,272.6300048828125,9412800
2020-09-14,260.3114013671875,274.1000061035156,276.2900085449219,271.760009765625,275.3599853515625,7883300
2020-09-15,263.9772033691406,277.9599914550781,279.1000061035156,274.79998779296875,278.0,8291400
2020-09-16,264.148193359375,278.1400146484375,283.6050109863281,278.0,281.0299987792969,9583500
2020-09-17,261.8498840332031,275.7200012207031,275.8999938964844,272.3210144042969,273.1099853515625,8016900
2020-09-18,258.7064208984375,272.4100036621094,277.2699890136719,270.54998779296875,275.9800109863281,11753500
2020-09-21,260.04547119140625,273.82000732421875,274.2200012207031,266.3999938964844,269.1000061035156,9076400
2020-09-22,261.4415283203125,275.2900085449219,276.32000732421875,270.04998779296875,276.0199890136719,9673300
2020-09-23,259.2192687988281,272.95001220703125,277.8299865722656,271.5,275.3999938964844,7353200
2020-09-24,256.1612548828125,269.7300109863281,271.25,267.3340148925781,267.92999267578125,9562100
2020-09-25,257.45281982421875,271.0899963378906,271.80999755859375,264.55999755859375,267.57000732421875,11466600
2020-09-28,262.12530517578125,276.010009765625,278.8399963378906,274.1990051269531,275.5299987792969,8761700
2020-09-29,262.9990234375,276.92999267578125,279.29998779296875,274.8999938964844,275.42999267578125,7673300
2020-09-30,279.19134521484375,293.9800109863281,295.0,283.7099914550781,284.010009765625,24777700
2020-10-01,275.4590148925781,290.04998779296875,295.5899963378906,288.25,295.260009765625,16304000
2020-10-02,273.6736145019531,288.1700134277344,291.97900390625,286.510009765625,286.6199951171875,11482800
2020-10-05,273.7685546875,288.2699890136719,290.0,284.8800048828125,289.05999755859375,17876400
2020-10-06,277.6813659667969,292.3900146484375,296.8399963378906,286.9100036621094,287.4100036621094,15860400
2020-10-07,281.5845642089844,296.5,299.510009765625,292.8699951171875,297.989990234375,16669300
2020-10-08,285.4213562011719,300.5400085449219,302.29998779296875,295.4410095214844,298.1099853515625,15105800
2020-10-09,284.6615905761719,299.739990234375,302.6099853515625,297.739990234375,298.54998779296875,11442200
2020-10-12,290.9295654296875,306.3399963378906,309.6400146484375,301.2850036621094,303.95001220703125,14780100
2020-10-13,293.246826171875,308.7799987792969,310.010009765625,303.0299987792969,306.3599853515625,10898500
2020-10-14,285.8962097167969,301.0400085449219,309.9599914550781,300.79998779296875,309.0,15157800
2020-10-15,284.3956604003906,299.4599914550781,299.8630065917969,292.6099853515625,293.79998779296875,9709900
2020-10-16,291.85076904296875,307.30999755859375,310.0,302.95001220703125,303.989990234375,12338000
2020-10-19,289.9324035644531,305.2900085449219,313.80999755859375,303.4100036621094,309.8900146484375,14107300
2020-10-20,294.2250061035156,309.80999755859375,311.79998779296875,307.05999755859375,307.6000061035156,8806100
2020-10-21,292.47760009765625,307.9700012207031,314.0,307.70001220703125,311.75,11139700
2020-10-22,290.8725891113281,306.2799987792969,311.8500061035156,304.2099914550781,311.4599914550781,8008400
2020-10-23,294.3294982910156,309.9200134277344,310.3299865722656,304.05999755859375,307.2699890136719,6231400
2020-10-26,291.43292236328125,306.8699951171875,315.4599914550781,303.20001220703125,309.9200134277344,9350100
2020-10-27,301.1863098144531,317.1400146484375,319.32000732421875,305.6099853515625,307.75,13175900
2020-10-28,292.4490966796875,307.94000244140625,313.5,306.0,313.5,13644500
2020-10-29,296.836669921875,312.55999755859375,315.5799865722656,308.9100036621094,309.44000244140625,11174500
2020-10-30,289.3625793457031,304.69000244140625,310.8299865722656,300.19000244140625,308.54998779296875,14918500
2020-11-02,295.2031555175781,310.8399963378906,311.44000244140625,305.3900146484375,310.95001220703125,11857600
2020-11-03,271.20440673828125,285.57000732421875,294.2799987792969,280.7799987792969,286.20001220703125,58132500
2020-11-04,280.83428955078125,295.7099914550781,299.1700134277344,285.29998779296875,287.7900085449219,28791200
2020-11-05,273.27471923828125,287.75,291.25,279.6000061035156,289.0899963378906,50065200
2020-11-06,284.8610534667969,299.95001220703125,300.8900146484375,289.7860107421875,291.489990234375,25259600
2020-11-09,275.9148864746094,290.5299987792969,304.0,290.5,303.7699890136719,22559900
2020-11-10,253.1317138671875,266.5400085449219,280.0,264.3299865722656,279.9700012207031,61064000
2020-11-11,252.28646850585938,265.6499938964844,271.9200134277344,261.2049865722656,261.9200134277344,41699000
2020-11-12,251.01390075683594,264.30999755859375,271.20001220703125,263.0400085449219,271.0400085449219,27119100
2020-11-13,247.7184600830078,260.8399963378906,265.44000244140625,257.1700134277344,264.7200012207031,33942800
2020-11-16,245.3157196044922,258.30999755859375,262.57000732421875,257.0299987792969,260.4200134277344,20864200
2020-11-17,243.8816680908203,256.79998779296875,260.2799987792969,256.5400085449219,260.2799987792969,19739500
2020-11-18,242.96047973632812,255.8300018310547,258.30999755859375,252.5500030517578,257.760009765625,28307100
2020-11-19,246.81626892089844,259.8900146484375,261.3999938964844,253.55999755859375,255.0,20752800
2020-11-20,257.12042236328125,270.739990234375,272.3699951171875,261.8999938964844,263.9700012207031,34178400
2020-11-23,256.5221252441406,270.1099853515625,275.7300109863281,266.4110107421875,274.75,25317100
2020-11-24,265.8766174316406,279.9599914550781,280.6099853515625,272.79998779296875,276.2349853515625,20660500
2020-11-25,263.7492980957031,277.7200012207031,279.3299865722656,274.04998779296875,275.70001220703125,15229300
2020-11-27,262.5716857910156,276.4800109863281,278.9200134277344,275.6659851074219,278.79998779296875,9583200
2020-11-30,250.11167907714844,263.3599853515625,268.9700012207031,262.5199890136719,268.9700012207031,30476100
2020-12-01,250.72898864746094,264.010009765625,265.6700134277344,261.57000732421875,265.4700012207031,14573100
2020-12-02,248.17430114746094,261.32000732421875,263.1000061035156,260.1099853515625,262.0,13919700
2020-12-03,253.48312377929688,266.9100036621094,268.6000061035156,263.1400146484375,263.7799987792969,15520500
2020-12-04,253.80599975585938,267.25,271.29998779296875,266.2699890136719,271.0199890136719,15527600
2020-12-07,250.719482421875,264.0,265.9700012207031,262.6000061035156,265.70001220703125,11388700
2020-12-08,252.70433044433594,266.0899963378906,268.3999938964844,263.8699951171875,265.20001220703125,9447700
2020-12-09,250.52952575683594,263.79998779296875,267.9100036621094,263.1000061035156,267.55999755859375,9060700
2020-12-10,251.5457000732422,264.8699951171875,266.0899963378906,261.20001220703125,261.989990234375,10290300
2020-12-11,251.23233032226562,264.5400085449219,265.32000732421875,262.5,264.2900085449219,7771300
2020-12-14,243.15042114257812,256.0299987792969,260.8550109863281,256.0299987792969,260.32000732421875,18369900
2020-12-15,242.2766876220703,255.11000061035156,255.67999267578125,252.3000030517578,255.33999633789062,16595600
2020-12-16,248.7156219482422,261.8900146484375,263.17999267578125,257.0400085449219,257.739990234375,15804800
2020-12-17,251.12783813476562,264.42999267578125,264.8500061035156,260.20001220703125,264.70001220703125,14306600
2020-12-18,246.92071533203125,260.0,264.8999938964844,259.20001220703125,263.8999938964844,15981800
2020-12-21,247.3290557861328,260.42999267578125,260.4599914550781,254.5,255.1699981689453,10901800
2020-12-22,242.96047973632812,255.8300018310547,258.3399963378906,255.41000366210938,257.8699951171875,11468400
2020-12-23,243.29286193847656,256.17999267578125,257.3500061035156,252.52999877929688,255.5,10729200
2020-12-24,210.83229064941406,222.0,229.89999389648438,211.22999572753906,228.23500061035156,141830000
2020-12-28,211.17417907714844,222.36000061035156,224.99000549316406,215.32000732421875,216.8800048828125,73512100
2020-12-29,224.37493896484375,236.25999450683594,239.19000244140625,229.60000610351562,231.75999450683594,69715900
2020-12-30,226.3977813720703,238.38999938964844,243.38999938964844,234.64500427246094,243.34800720214844,44812300
2020-12-31,221.0225067138672,232.72999572753906,238.9199981689453,231.02699279785156,237.4600067138672,23451800
2021-01-04,216.3880157470703,227.85000610351562,230.3800048828125,225.0399932861328,226.5,24897900
2021-01-05,228.30667114257812,240.39999389648438,240.75999450683594,228.1199951171875,229.0500030517578,35823800
2021-01-06,216.1600799560547,227.61000061035156,238.3000030517578,225.86000061035156,234.9499969482422,37146100
2021-01-07,215.48577880859375,226.89999389648438,229.9499969482422,220.08999633789062,229.30999755859375,49361800
2021-01-08,224.3084716796875,236.19000244140625,238.60000610351562,226.68299865722656,227.8800048828125,34884900
2021-01-11,215.93215942382812,227.3699951171875,230.8249969482422,225.86000061035156,229.89999389648438,23036900
2021-01-12,214.25120544433594,225.60000610351562,229.75,225.13999938964844,228.38499450683594,18969900
2021-01-13,223.46324157714844,235.3000030517578,240.49000549316406,226.2899932861328,229.94000244140625,38805100
2021-01-14,230.7568817138672,242.97999572753906,245.6999969482422,241.47000122070312,245.30999755859375,31381600
2021-01-15,231.21275329589844,243.4600067138672,246.99000549316406,242.14999389648438,246.25,21561600
2021-01-19,238.99073791503906,251.64999389648438,252.8800048828125,246.99000549316406,250.0,23681900
2021-01-20,252.13453674316406,265.489990234375,269.0,262.70001220703125,267.5,44640800
2021-01-21,246.92071533203125,260.0,264.6000061035156,257.8999938964844,264.1300048828125,20709900
2021-01-22,245.61012268066406,258.6199951171875,260.3299865722656,255.5,256.79998779296875,13518200
2021-01-25,248.2312774658203,261.3800048828125,265.20001220703125,257.8500061035156,263.6199951171875,19478600
2021-01-26,252.5429229736328,265.9200134277344,266.0,261.1199951171875,263.79998779296875,14681200
2021-01-27,247.1581268310547,260.25,265.9200134277344,259.95001220703125,265.1300048828125,16050400
2021-01-28,247.6425018310547,260.760009765625,261.57000732421875,257.3299865722656,259.1700134277344,10244900
2021-01-29,241.0610809326172,253.8300018310547,258.8999938964844,252.3000030517578,256.0299987792969,14693000
2021-02-01,251.37477111816406,264.69000244140625,265.0,255.19500732421875,258.79998779296875,15289300
2021-02-02,241.6973876953125,254.5,265.0,254.0399932861328,264.57000732421875,30534300
2021-02-03,250.1781463623047,263.42999267578125,268.2799987792969,261.25,264.70001220703125,29179700
2021-02-04,253.53057861328125,266.9599914550781,269.989990234375,265.5580139160156,269.5799865722656,16763000
2021-02-05,252.3054656982422,265.6700134277344,266.45001220703125,263.2099914550781,264.6099853515625,11018700
2021-02-08,249.38040161132812,262.5899963378906,265.0,261.82000732421875,264.9800109863281,10721100
2021-02-09,253.08419799804688,266.489990234375,267.20001220703125,262.5400085449219,263.0,12432800
2021-02-10,254.31883239746094,267.7900085449219,270.3999938964844,264.6000061035156,268.70001220703125,13090800
2021-02-11,255.40147399902344,268.92999267578125,274.260009765625,267.20001220703125,268.75,15295800
2021-02-12,254.37582397460938,267.8500061035156,270.25,265.67999267578125,269.0899963378906,9355100
2021-02-16,257.08245849609375,270.70001220703125,274.2900085449219,270.3999938964844,271.0,16708700
2021-02-17,257.2059020996094,270.8299865722656,272.3160095214844,267.80999755859375,270.8900146484375,13262400
2021-02-18,251.203857421875,264.510009765625,266.17999267578125,262.3299865722656,265.2300109863281,15382300
2021-02-19,250.3301239013672,263.5899963378906,269.3900146484375,262.8500061035156,266.04998779296875,14718400
2021-02-22,241.2225341796875,254.0,259.4599914550781,254.0,257.989990234375,14403500
2021-02-23,240.03541564941406,252.75,254.89999389648438,241.6199951171875,247.30999755859375,15980300
2021-02-24,237.74664306640625,250.33999633789062,252.0,248.10000610351562,252.0,12831700
2021-02-25,228.0977325439453,240.17999267578125,250.33999633789062,240.07000732421875,250.0,17967300
2021-02-26,225.7994842529297,237.75999450683594,244.89999389648438,237.64999389648438,244.6300048828125,17470700
2021-03-01,229.5317840576172,241.69000244140625,242.7899932861328,239.25999450683594,241.0500030517578,14043300
2021-03-02,222.6274871826172,234.4199981689453,241.1999969482422,234.27000427246094,238.7899932861328,14644200
2021-03-03,224.3844451904297,236.27000427246094,239.60899353027344,234.4510040283203,237.5,13571700
2021-03-04,218.9047088623047,230.5,236.3699951171875,228.36000061035156,235.0,22964800
2021-03-05,222.12416076660156,233.88999938964844,236.42999267578125,228.33999633789062,235.4199981689453,15988400
2021-03-08,215.28636169433594,226.69000244140625,230.80999755859375,226.52999877929688,229.02000427246094,17138400
2021-03-09,226.16036987304688,238.13999938964844,238.74000549316406,233.0749969482422,233.3800048828125,15291300
2021-03-10,222.5135498046875,234.3000030517578,241.3249969482422,233.63999938964844,241.0,10491200
2021-03-11,228.68655395507812,240.8000030517578,241.72000122070312,235.0,237.1999969482422,15162500
2021-03-12,220.20578002929688,231.8699951171875,235.4499969482422,229.70599365234375,233.69500732421875,17778400
2021-03-15,218.6957550048828,230.27999877929688,230.4499969482422,226.25999450683594,228.41000366210938,14499700
2021-03-16,215.5142822265625,226.92999267578125,229.85000610351562,225.52999877929688,228.07000732421875,19336600
2021-03-17,221.60182189941406,233.33999633789062,235.6300048828125,225.80999755859375,226.5,16949500
2021-03-18,224.536376953125,236.42999267578125,239.5,235.55999755859375,238.55999755859375,14822300
2021-03-19,227.72735595703125,239.7899932861328,241.60000610351562,236.88400268554688,239.66000366210938,15959700
2021-03-22,225.19166564941406,237.1199951171875,238.52999877929688,235.0,235.85499572753906,12063200
2021-03-23,225.71400451660156,237.6699981689453,241.1199951171875,235.5,237.3000030517578,12295600
2021-03-24,218.0404815673828,229.58999633789062,237.3000030517578,229.24000549316406,236.8300018310547,15949900
2021-03-25,211.5160675048828,222.72000122070312,229.24000549316406,222.5,225.0,24819800
2021-03-26,215.82766723632812,227.25999450683594,229.23899841308594,220.4199981689453,222.0,22030800
2021-03-29,220.1962890625,231.86000061035156,232.3800048828125,225.10000610351562,225.49000549316406,18029100
2021-03-30,217.71759033203125,229.25,230.4499969482422,226.63999938964844,229.27000427246094,14828700
2021-03-31,215.3243408203125,226.72999572753906,231.52000427246094,226.47000122070312,229.88999938964844,16825400
2021-04-01,213.0735626220703,224.36000061035156,231.25,223.5,230.67999267578125,23497500
2021-04-05,213.96629333496094,225.3000030517578,226.57000732421875,222.52000427246094,226.52999877929688,14962100
2021-04-06,218.97117614746094,230.57000732421875,232.0,225.74000549316406,226.02999877929688,18100400
2021-04-07,214.0802459716797,225.4199981689453,228.19000244140625,224.8000030517578,226.11000061035156,18034900
2021-04-08,216.75840759277344,228.24000549316406,229.4199981689453,226.6199951171875,228.5,12211300
2021-04-09,212.07638549804688,223.30999755859375,225.07000732421875,221.32000732421875,224.85000610351562,19763000
2021-04-12,231.73507690429688,244.00999450683594,244.91000366210938,236.64999389648438,237.88999938964844,57500300
2021-04-13,229.72174072265625,241.88999938964844,245.69000244140625,239.69000244140625,243.66000366210938,20793000
2021-04-14,227.19554138183594,239.22999572753906,245.08999633789062,238.64999389648438,244.3699951171875,12405200
2021-04-15,227.0625762939453,239.08999633789062,240.9499969482422,238.1269989013672,240.0,11288900
2021-04-16,226.6826934814453,238.69000244140625,241.88999938964844,237.82000732421875,241.88999938964844,14418800
2021-04-19,222.96939086914062,234.77999877929688,238.4199981689453,232.80999755859375,237.44000244140625,11216000
2021-04-20,218.31588745117188,229.8800048828125,234.6300048828125,228.42999267578125,232.8699951171875,12093900
2021-04-21,217.8980255126953,229.44000244140625,229.49000549316406,226.07000732421875,229.3300018310547,14315900
2021-04-22,217.81256103515625,229.35000610351562,234.0,227.82000732421875,228.76499938964844,11986200
2021-04-23,220.40521240234375,232.0800018310547,233.0,230.50999450683594,230.64999389648438,8967000
2021-04-26,220.99403381347656,232.6999969482422,233.49000549316406,230.82000732421875,231.5,7792900
2021-04-27,224.05203247070312,235.9199981689453,236.92999267578125,232.0800018310547,233.44000244140625,11646300
2021-04-28,224.81179809570312,236.72000122070312,239.22000122070312,236.3300018310547,237.57000732421875,9187700
2021-04-29,222.39956665039062,234.17999267578125,238.0500030517578,232.60000610351562,237.7899932861328,9552800
2021-04-30,219.33206176757812,230.9499969482422,233.85000610351562,230.50999450683594,231.77000427246094,9326400
2021-05-03,219.10414123535156,230.7100067138672,236.1699981689453,230.40499877929688,231.27000427246094,13620900
2021-05-04,216.43548583984375,227.89999389648438,231.47999572753906,225.4499969482422,230.25,13260500
2021-05-05,215.37184143066406,226.77999877929688,229.3000030517578,226.72999572753906,228.0,10013800
2021-05-06,215.0299530029297,226.4199981689453,228.44000244140625,222.8800048828125,227.11000061035156,12247700
2021-05-07,213.9757843017578,225.30999755859375,228.7899932861328,225.0500030517578,227.89999389648438,10550000
2021-05-10,208.48655700683594,219.52999877929688,222.8699951171875,218.55999755859375,222.8699951171875,17266700
2021-05-11,210.2434844970703,221.3800048828125,221.38999938964844,213.0,213.7100067138672,13887700
2021-05-12,208.83792114257812,219.89999389648438,225.2899932861328,219.0,224.74000549316406,20366900
2021-05-13,195.71315002441406,206.0800018310547,215.5,204.38999938964844,213.14999389648438,51693900
2021-05-14,198.9705810546875,209.50999450683594,210.94000244140625,206.02000427246094,209.9239959716797,31626800
2021-05-17,200.43313598632812,211.0500030517578,213.14999389648438,209.44000244140625,210.61500549316406,20529800
2021-05-18,202.9688262939453,213.72000122070312,215.1699981689453,211.4199981689453,212.5,19519400
2021-05-19,201.84817504882812,212.5399932861328,212.91000366210938,210.1199951171875,211.10000610351562,17030400
2021-05-20,206.07432556152344,216.99000549316406,217.6300048828125,212.6300048828125,212.9949951171875,19123400
2021-05-21,200.442626953125,211.05999755859375,215.88999938964844,209.8699951171875,215.22999572753906,22825500
2021-05-24,199.85382080078125,210.44000244140625,212.00999450683594,208.6999969482422,210.02999877929688,15884200
2021-05-25,200.5091094970703,211.1300048828125,214.0500030517578,211.00999450683594,212.8300018310547,14116100
2021-05-26,201.12640380859375,211.77999877929688,213.75,211.5399932861328,212.3000030517578,9405800
2021-05-27,202.0381317138672,212.74000549316406,215.4600067138672,212.52999877929688,214.1699981689453,18680200
2021-05-28,203.19674682617188,213.9600067138672,214.52999877929688,212.05999755859375,212.75999450683594,10401500
2021-06-01,208.43905639648438,219.47999572753906,223.1300048828125,218.24000549316406,223.02000427246094,23052800
2021-06-02,208.54351806640625,219.58999633789062,219.94000244140625,217.4600067138672,219.42999267578125,13126400
2021-06-03,206.12181091308594,217.0399932861328,218.6999969482422,216.30499267578125,218.0,12448100
2021-06-04,208.002197265625,219.02000427246094,219.0800018310547,217.13999938964844,218.27999877929688,8999100
2021-06-07,205.98883056640625,216.89999389648438,218.39999389648438,215.69000244140625,218.0,9928600
2021-06-08,204.9631805419922,215.82000732421875,218.22999572753906,214.74000549316406,217.2899932861328,9443000
2021-06-09,202.5889434814453,213.32000732421875,216.57000732421875,213.30999755859375,215.2100067138672,10233600
2021-06-10,202.35153198242188,213.07000732421875,214.8000030517578,212.2100067138672,213.5,10735900
2021-06-11,200.9934539794922,211.63999938964844,213.4600067138672,211.0,213.4499969482422,12276600
2021-06-14,203.17774963378906,213.94000244140625,215.1649932861328,212.24400329589844,212.25,10773100
2021-06-15,199.492919921875,210.05999755859375,214.49000549316406,209.63999938964844,214.1699981689453,12167000
2021-06-16,198.7901611328125,209.32000732421875,211.6199951171875,208.2259979248047,209.75,10917800
2021-06-17,200.95547485351562,211.60000610351562,212.49000549316406,209.77000427246094,209.89999389648438,11233700
2021-06-18,201.6202392578125,212.3000030517578,213.83999633789062,210.58999633789062,212.00999450683594,13724600
2021-06-21,200.442626953125,211.05999755859375,211.77999877929688,208.99000549316406,210.5500030517578,9273800
2021-06-22,200.68955993652344,211.32000732421875,211.66000366210938,209.86000061035156,210.4199981689453,11092100
2021-06-23,204.05148315429688,214.86000061035156,216.3300018310547,213.1300048828125,214.19000244140625,13785800
2021-06-24,207.3944091796875,218.3800048828125,219.5800018310547,215.55999755859375,216.99000549316406,13488200
2021-06-25,217.00531005859375,228.5,230.25,221.10000610351562,221.7100067138672,27383900
2021-06-28,217.0907745361328,228.58999633789062,230.88999938964844,226.72000122070312,229.5,13564900
2021-06-29,217.8980255126953,229.44000244140625,229.63999938964844,225.6020050048828,226.6999969482422,10273800
2021-06-30,215.37184143066406,226.77999877929688,227.97999572753906,225.67999267578125,226.99000549316406,9348600
2021-07-01,210.7088165283203,221.8699951171875,228.85000610351562,221.5500030517578,228.07000732421875,13316400
2021-07-02,206.79608154296875,217.75,219.5,216.4600067138672,219.16000366210938,12989200
2021-07-06,200.95547485351562,211.60000610351562,215.39999389648438,209.3730010986328,215.32000732421875,23719900
2021-07-07,197.53656005859375,208.0,212.0500030517578,207.82000732421875,211.61000061035156,18340400
2021-07-08,189.7965545654297,199.85000610351562,202.27999877929688,198.25999450683594,201.7100067138672,33992500
2021-07-09,195.58018493652344,205.94000244140625,207.26800537109375,201.5,202.0500030517578,16911300
2021-07-12,195.14334106445312,205.47999572753906,206.4550018310547,203.02000427246094,203.89999389648438,11259500
2021-07-13,198.9705810546875,209.50999450683594,212.80999755859375,208.19000244140625,209.22999572753906,17375900
2021-07-14,200.86048889160156,211.5,216.35000610351562,211.02999877929688,215.5,19484200
2021-07-15,203.9564971923828,214.75999450683594,216.60000610351562,213.16099548339844,215.11000061035156,14283600
2021-07-16,201.43031311035156,212.10000610351562,215.1999969482422,211.4600067138672,214.85000610351562,11150200
2021-07-19,198.40078735351562,208.91000366210938,209.0800018310547,203.24000549316406,206.10000610351562,15865800
2021-07-20,199.9962615966797,210.58999633789062,211.5,207.4669952392578,209.0,9986800
2021-07-21,200.46163940429688,211.0800018310547,211.85000610351562,208.4199981689453,209.14999389648438,7650300
2021-07-22,203.27272033691406,214.0399932861328,216.38999938964844,212.60000610351562,212.63999938964844,10563100
2021-07-23,196.1405029296875,206.52999877929688,206.88999938964844,203.55999755859375,206.2899932861328,25539900
2021-07-26,182.11349487304688,191.75999450683594,198.5749969482422,190.8800048828125,198.3699951171875,55736800
2021-07-27,176.7097625732422,186.07000732421875,186.89999389648438,179.6699981689453,183.58999633789062,59265700
2021-07-28,186.1497039794922,196.00999450683594,198.0,189.75999450683594,190.22999572753906,34535200
2021-07-29,187.60275268554688,197.5399932861328,201.13999938964844,194.91000366210938,201.0449981689453,23363200
2021-07-30,185.37098693847656,195.19000244140625,196.0449981689453,190.49000549316406,190.5800018310547,17250600
2021-08-02,190.02447509765625,200.08999633789062,202.07000732421875,196.25,196.27000427246094,17889200
2021-08-03,187.4508056640625,197.3800048828125,197.44000244140625,192.0,195.00999450683594,20115900
2021-08-04,190.61329650878906,200.7100067138672,203.27499389648438,196.91000366210938,197.49000549316406,22327300
2021-08-05,189.25521850585938,199.27999877929688,200.2899932861328,197.63999938964844,199.27000427246094,9881400
2021-08-06,186.51060485839844,196.38999938964844,199.32000732421875,195.67999267578125,199.25,11967700
2021-08-09,185.42794799804688,195.25,195.5,192.82000732421875,194.5800018310547,14657200
2021-08-10,185.8837890625,195.72999572753906,198.4499969482422,195.072998046875,197.27000427246094,9983700
2021-08-11,185.0575714111328,194.86000061035156,196.9199981689453,194.72999572753906,196.60000610351562,8985100
2021-08-12,182.0185546875,191.66000366210938,192.97999572753906,189.68499755859375,191.1699981689453,12873400
2021-08-13,179.1314697265625,188.6199951171875,189.25999450683594,186.7100067138672,188.61000061035156,15377000
2021-08-16,173.51876831054688,182.7100067138672,186.25999450683594,181.50999450683594,185.0,21020700
2021-08-17,164.99050903320312,173.72999572753906,177.88999938964844,173.14999389648438,175.9199981689453,40558000
2021-08-18,163.67994689941406,172.35000610351562,175.36000061035156,172.11000061035156,174.10000610351562,34339800
2021-08-19,152.47352600097656,160.5500030517578,167.26400756835938,159.50999450683594,166.6999969482422,66663000
2021-08-20,150.01382446289062,157.9600067138672,166.92999267578125,155.5,164.1199951171875,75948900
2021-08-23,152.95787048339844,161.05999755859375,161.47000122070312,152.8000030517578,159.27999877929688,88699200
2021-08-24,163.0626220703125,171.6999969482422,174.15199279785156,168.1580047607422,169.0399932861328,62786400
2021-08-25,160.59344482421875,169.10000610351562,169.61000061035156,166.0800018310547,168.6999969482422,26055400
2021-08-26,156.9276123046875,165.24000549316406,168.4499969482422,164.82000732421875,167.4600067138672,18816500
2021-08-27,151.44786071777344,159.47000122070312,161.77000427246094,158.5500030517578,159.99000549316406,31718100
2021-08-30,154.12599182128906,162.2899932861328,163.2899932861328,158.22999572753906,160.1699981689453,23769400
2021-08-31,158.58958435058594,166.99000549316406,169.0,166.13999938964844,167.6999969482422,24629100
2021-09-01,164.5631561279297,173.27999877929688,174.7899932861328,169.3300018310547,169.55999755859375,29550200
2021-09-02,163.34754943847656,172.0,178.17999267578125,171.6699981689453,178.00999450683594,29302400
2021-09-03,161.73306274414062,170.3000030517578,172.05999755859375,168.8800048828125,169.52499389648438,16423500
2021-09-07,166.3485870361328,175.16000366210938,176.83999633789062,173.3699951171875,174.14999389648438,24608500
2021-09-08,162.1224365234375,170.7100067138672,174.3699951171875,169.25999450683594,174.25,18993000
2021-09-09,158.90298461914062,167.32000732421875,169.0399932861328,165.5800018310547,167.3000030517578,17295800
2021-09-10,159.6437530517578,168.10000610351562,171.63999938964844,167.61000061035156,171.1999969482422,15064300
2021-09-13,157.08905029296875,165.41000366210938,166.86199951171875,163.02000427246094,164.49000549316406,15458600
2021-09-14,152.09364318847656,160.14999389648438,163.06900024414062,159.47999572753906,162.86000061035156,20925900
2021-09-15,149.91885375976562,157.86000061035156,158.02999877929688,153.9199981689453,157.9499969482422,31796600
2021-09-16,148.39932250976562,156.25999450683594,157.63900756835938,153.6699981689453,154.9199981689453,24358900
2021-09-17,151.9987030029297,160.0500030517578,160.3800048828125,158.08999633789062,158.47999572753906,25489000
2021-09-20,143.86929321289062,151.49000549316406,155.13999938964844,149.08999633789062,154.39999389648438,36177500
2021-09-21,142.62518310546875,150.17999267578125,152.5800018310547,149.5709991455078,151.5800018310547,19494700
2021-09-22,144.24916076660156,151.88999938964844,154.0,151.02000427246094,151.47000122070312,19832000
2021-09-23,143.5843963623047,151.19000244140625,152.67999267578125,149.61000061035156,152.5800018310547,24707500
2021-09-24,137.78175354003906,145.0800018310547,148.0,144.57000732421875,147.7100067138672,32067400
2021-09-27,142.62518310546875,150.17999267578125,150.99000549316406,144.44000244140625,144.9199981689453,24287400
2021-09-28,144.72401428222656,152.38999938964844,153.72999572753906,148.86000061035156,152.16000366210938,26299600
2021-09-29,140.15599060058594,147.5800018310547,152.10000610351562,147.47999572753906,150.4600067138672,17361300
2021-09-30,140.60235595703125,148.0500030517578,149.5800018310547,146.86399841308594,147.02999877929688,14291500
2021-10-01,136.94601440429688,144.1999969482422,148.4499969482422,143.33999633789062,147.08999633789062,20211000
2021-10-04,132.60592651367188,139.6300048828125,141.89999389648438,138.42999267578125,141.6999969482422,25218500
2021-10-05,135.9393310546875,143.13999938964844,143.8300018310547,139.19000244140625,139.3800048828125,14032100
2021-10-06,136.85105895996094,144.10000610351562,144.89199829101562,139.9600067138672,140.55999755859375,14875900
2021-10-07,148.1524200439453,156.0,158.2899932861328,150.75,151.0500030517578,46035900
2021-10-08,153.39474487304688,161.52000427246094,162.77999877929688,157.91000366210938,159.86000061035156,33499200
2021-10-11,155.70248413085938,163.9499969482422,169.8000030517578,163.9499969482422,169.61000061035156,42193600
2021-10-12,154.80027770996094,163.0,165.72999572753906,162.24000549316406,163.8249969482422,24512700
2021-10-13,158.9789276123047,167.39999389648438,168.26499938964844,163.60000610351562,164.3800048828125,18595000
2021-10-14,158.39012145996094,166.77999877929688,168.99000549316406,164.4600067138672,168.25999450683594,17403700
2021-10-15,159.54876708984375,168.0,169.8000030517578,165.43499755859375,166.99000549316406,20762800
2021-10-18,158.42813110351562,166.82000732421875,169.25,166.5800018310547,166.5800018310547,18945900
2021-10-19,168.0960235595703,177.0,177.44000244140625,170.4499969482422,170.60000610351562,33538900
2021-10-20,168.26695251464844,177.17999267578125,182.08999633789062,176.1300048828125,180.9499969482422,33714400
2021-10-21,168.49488830566406,177.4199981689453,179.77999877929688,176.7100067138672,177.0,16444000
2021-10-22,168.76080322265625,177.6999969482422,182.08999633789062,175.80999755859375,179.0800018310547,20807300
2021-10-25,167.30776977539062,176.1699981689453,178.27999877929688,173.8300018310547,177.86000061035156,13119700
2021-10-26,161.43865966796875,169.99000549316406,174.89999389648438,167.47999572753906,174.47999572753906,17577000
2021-10-27,160.71688842773438,169.22999572753906,172.4499969482422,167.33999633789062,167.52999877929688,11801800
2021-10-28,161.24871826171875,169.7899932861328,170.35000610351562,166.77000427246094,168.49000549316406,12440100
2021-10-29,156.6427001953125,164.94000244140625,168.55999755859375,162.72000122070312,167.07000732421875,17155400
2021-11-01,161.60960388183594,170.1699981689453,171.89500427246094,165.8000030517578,165.83999633789062,17609500
2021-11-02,154.70530700683594,162.89999389648438,167.10000610351562,162.75999450683594,167.10000610351562,19072900
2021-11-03,157.87730407714844,166.24000549316406,166.64999389648438,163.11000061035156,165.36000061035156,13569700
2021-11-04,156.50022888183594,164.7899932861328,169.94000244140625,164.5,169.27999877929688,16669200
2021-11-05,150.74508666992188,158.72999572753906,164.7949981689453,158.3000030517578,164.7949981689453,22098200
2021-11-08,154.00253295898438,162.16000366210938,162.16000366210938,159.47999572753906,161.76499938964844,16223100
2021-11-09,152.1316375732422,160.19000244140625,164.47999572753906,159.5399932861328,162.16000366210938,14010100
2021-11-10,155.72149658203125,163.97000122070312,166.47999572753906,161.82000732421875,163.67999267578125,17216800
2021-11-11,159.40631103515625,167.85000610351562,169.6300048828125,166.55999755859375,166.55999755859375,16747500
2021-11-12,158.41860961914062,166.80999755859375,167.8000030517578,163.39999389648438,165.1739959716797,13741800
2021-11-15,158.16220092773438,166.5399932861328,168.4600067138672,165.6699981689453,167.22000122070312,9655700
2021-11-16,159.95712280273438,168.42999267578125,169.94000244140625,166.6699981689453,168.60000610351562,11887500
2021-11-17,153.45172119140625,161.5800018310547,168.3000030517578,161.13499450683594,168.02000427246094,18829500
2021-11-18,136.376220703125,143.60000610351562,148.5,141.88999938964844,146.91000366210938,61571500
2021-11-19,133.2801971435547,140.33999633789062,145.05999755859375,140.0,143.0399932861328,28575700
2021-11-22,129.74732971191406,136.6199951171875,140.6999969482422,135.2100067138672,139.89999389648438,26390400
2021-11-23,126.93622589111328,133.66000366210938,136.85000610351562,133.30999755859375,136.03199768066406,24102900
2021-11-24,129.65235900878906,136.52000427246094,136.75999450683594,131.22000122070312,133.10000610351562,20010400
2021-11-26,126.641845703125,133.35000610351562,133.97999572753906,131.22000122070312,132.92999267578125,14814900
2021-11-29,124.9893569946289,131.61000061035156,134.5500030517578,130.5500030517578,134.25,18648900
2021-11-30,121.1146011352539,127.52999877929688,131.32000732421875,126.12999725341797,129.9010009765625,32625400
2021-12-01,116.32814025878906,122.48999786376953,129.15499877929688,121.9000015258789,128.3699951171875,29203800
2021-12-02,115.86280059814453,122.0,125.0,119.33999633789062,123.0199966430664,34478600
2021-12-03,106.32785034179688,111.95999908447266,118.19000244140625,108.69999694824219,118.0,70266500
2021-12-06,117.3823013305664,123.5999984741211,123.81999969482422,113.43000030517578,113.63999938964844,43111400
2021-12-07,119.22471618652344,125.54000091552734,129.4499969482422,123.45999908447266,129.3000030517578,38542800
2021-12-08,118.78785705566406,125.08000183105469,126.97000122070312,121.31999969482422,123.20999908447266,22275000
2021-12-09,117.67671203613281,123.91000366210938,127.76000213623047,123.21199798583984,124.62999725341797,23499300
2021-12-10,118.76885223388672,125.05999755859375,125.20999908447266,122.77999877929688,123.22000122070312,15008300
2021-12-13,116.09071350097656,122.23999786376953,123.25,119.75,123.0,15820500
2021-12-14,120.21239471435547,126.58000183105469,127.6500015258789,120.30000305175781,120.93000030517578,17691500
2021-12-15,116.30914306640625,122.47000122070312,123.58999633789062,117.7699966430664,122.62999725341797,24893500
2021-12-16,114.2008285522461,120.25,125.69000244140625,118.9000015258789,122.31999969482422,22533400
2021-12-17,115.957763671875,122.0999984741211,122.87000274658203,117.80999755859375,119.48999786376953,19781100
2021-12-20,109.21492767333984,115.0,118.83000183105469,113.69499969482422,118.5,23970500
2021-12-21,116.79349517822266,122.9800033569336,122.9800033569336,116.5999984741211,116.8499984741211,18036300
2021-12-22,111.8835678100586,117.80999755859375,118.66000366210938,115.1500015258789,117.08999633789062,24502000
2021-12-23,112.69080352783203,118.66000366210938,119.58999633789062,115.38999938964844,116.80000305175781,17563300
2021-12-27,110.72493743896484,116.58999633789062,121.80000305175781,116.10199737548828,117.80000305175781,17864400
2021-12-28,109.02498626708984,114.80000305175781,116.41999816894531,114.47000122070312,116.26000213623047,17052100
2021-12-29,106.4513168334961,112.08999633789062,114.19999694824219,110.37999725341797,113.80000305175781,21100500
2021-12-30,116.80298614501953,122.98999786376953,124.30000305175781,112.30000305175781,112.62999725341797,45437100
2021-12-31,112.81427001953125,118.79000091552734,122.91000366210938,118.58999633789062,121.2300033569336,24287000
2022-01-03,114.32427978515625,120.37999725341797,121.94999694824219,115.81999969482422,119.37999725341797,16775300
2022-01-04,113.54553985595703,119.55999755859375,120.87000274658203,115.7699966430664,119.52999877929688,20824000
2022-01-05,115.06504821777344,121.16000366210938,126.62000274658203,117.69999694824219,118.0,36651100
2022-01-06,120.25988006591797,126.62999725341797,128.39999389648438,123.46499633789062,124.26000213623047,32045800
2022-01-07,123.2799072265625,129.80999755859375,133.8800048828125,128.17999267578125,130.24000549316406,38113000
2022-01-10,121.84587097167969,128.3000030517578,132.60000610351562,126.2300033569336,131.99000549316406,23372200
2022-01-11,125.54017639160156,132.19000244140625,134.22999572753906,127.47000122070312,129.2100067138672,23616400
2022-01-12,130.49758911132812,137.41000366210938,138.6999969482422,135.5850067138672,136.02000427246094,25961100
2022-01-13,124.76142883300781,131.3699951171875,135.9199981689453,131.3000030517578,135.1999969482422,19887700
2022-01-14,124.95137786865234,131.57000732421875,134.36000061035156,129.35000610351562,132.80999755859375,18614900
2022-01-18,122.13078308105469,128.60000610351562,132.1300048828125,124.81999969482422,126.2699966430664,26122200
2022-01-19,121.31404113769531,127.73999786376953,130.86000061035156,127.12999725341797,128.10000610351562,14665200
2022-01-20,124.43853759765625,131.02999877929688,136.75,130.67999267578125,135.77000427246094,28966400
2022-01-21,117.03092193603516,123.2300033569336,128.9600067138672,122.52100372314453,128.22999572753906,26341400
2022-01-24,114.31478881835938,120.37000274658203,120.77999877929688,115.31999969482422,119.31999969482422,28509300
2022-01-25,113.14666748046875,119.13999938964844,122.45999908447266,118.04000091552734,119.91000366210938,22224100
2022-01-26,107.66693115234375,113.37000274658203,120.93000030517578,112.96199798583984,120.93000030517578,27513200
2022-01-27,106.1664047241211,111.79000091552734,114.54000091552734,110.2699966430664,113.11000061035156,21472700
2022-01-28,109.43336486816406,115.2300033569336,115.31999969482422,110.05999755859375,113.25,18892400
2022-01-31,119.4621353149414,125.79000091552734,125.87000274658203,117.5,118.16999816894531,20346500
2022-02-01,120.82020568847656,127.22000122070312,128.0,122.97000122070312,124.80999755859375,15036100
2022-02-02,116.69852447509766,122.87999725341797,127.62999725341797,121.16999816894531,127.62999725341797,14050100
2022-02-03,117.25885009765625,123.47000122070312,125.2699966430664,120.7300033569336,121.55000305175781,16651500
2022-02-04,116.07172393798828,122.22000122070312,123.94000244140625,119.66000366210938,121.2699966430664,13538200
2022-02-07,109.04398345947266,114.81999969482422,116.55000305175781,113.5999984741211,116.0999984741211,28589200
2022-02-08,115.767822265625,121.9000015258789,122.23999786376953,116.80000305175781,118.16000366210938,22340500
2022-02-09,120.13642120361328,126.5,126.80000305175781,121.94000244140625,123.08999633789062,18253600
2022-02-10,117.7431869506836,123.9800033569336,128.33999633789062,123.4000015258789,124.11000061035156,16116600
2022-02-11,116.10021209716797,122.25,126.72000122070312,121.94000244140625,125.33499908447266,13889900
2022-02-14,115.78681945800781,121.91999816894531,122.38400268554688,119.37000274658203,120.55999755859375,13154900
2022-02-15,119.88949584960938,126.23999786376953,126.80500030517578,123.37799835205078,123.7699966430664,14634700
2022-02-16,119.24370574951172,125.55999755859375,127.58000183105469,124.51000213623047,125.61000061035156,17993300
2022-02-17,118.1705551147461,124.43000030517578,129.39999389648438,124.05599975585938,125.0,15906000
2022-02-18,113.00421142578125,118.98999786376953,120.87999725341797,117.19999694824219,120.87999725341797,21201400
2022-02-22,107.24905395507812,112.93000030517578,114.8499984741211,112.05999755859375,114.0,21755100
2022-02-23,104.20053100585938,109.72000122070312,115.4000015258789,109.5999984741211,115.0999984741211,24489200
2022-02-24,103.45027160644531,108.93000030517578,108.94999694824219,100.0199966430664,100.0739974975586,35294700
2022-02-25,102.51008605957031,107.94000244140625,108.55000305175781,104.0,107.88999938964844,21428400
2022-02-28,99.8984146118164,105.19000244140625,107.48999786376953,103.63999938964844,105.97000122070312,23063500
2022-03-01,101.70283508300781,107.08999633789062,111.25,105.8499984741211,105.8499984741211,21218500
2022-03-02,100.1168441772461,105.41999816894531,107.38999938964844,103.23999786376953,107.38999938964844,20791800
2022-03-03,96.91637420654297,102.05000305175781,106.62999725341797,101.06999969482422,106.02999877929688,21725900
2022-03-04,95.53931427001953,100.5999984741211,104.38999938964844,99.33000183105469,100.29000091552734,24574700
2022-03-07,93.69690704345703,98.66000366210938,103.36000061035156,98.5999984741211,99.55999755859375,20679400
2022-03-08,92.59526824951172,97.5,100.91000366210938,95.56999969482422,99.31999969482422,23275500
2022-03-09,95.85272216796875,100.93000030517578,100.97000122070312,98.31999969482422,100.26000213623047,20853600
2022-03-10,88.24565887451172,92.91999816894531,95.69999694824219,90.81999969482422,95.19000244140625,37671200
2022-03-11,82.34805297851562,86.70999908447266,93.94999694824219,86.68000030517578,93.26000213623047,39341800
2022-03-14,73.8482894897461,77.76000213623047,82.44999694824219,77.08000183105469,80.69999694824219,69992600
2022-03-15,72.89859008789062,76.76000213623047,80.13999938964844,73.27999877929688,75.0999984741211,86209300
2022-03-16,99.69898986816406,104.9800033569336,105.73999786376953,87.12000274658203,92.0,159834300
2022-03-17,95.32088470458984,100.37000274658203,101.88999938964844,95.7699966430664,99.13999938964844,80663200
2022-03-18,102.85197448730469,108.30000305175781,111.73999786376953,99.5999984741211,100.5,83781800
2022-03-21,98.37890625,103.58999633789062,105.68000030517578,98.69999694824219,102.80999755859375,58882900
2022-03-22,109.20542907714844,114.98999786376953,118.23999786376953,112.37000274658203,114.01000213623047,88193400
2022-03-23,111.34223937988281,117.23999786376953,124.11100006103516,112.68000030517578,115.69999694824219,81605700
2022-03-24,109.35738372802734,115.1500015258789,116.5,110.81999969482422,112.86000061035156,55850200
2022-03-25,107.30603790283203,112.98999786376953,113.86000061035156,109.4000015258789,110.52999877929688,42396500
2022-03-28,109.30039978027344,115.08999633789062,116.2300033569336,111.91999816894531,113.86000061035156,30168000
2022-03-29,110.83890533447266,116.70999908447266,119.5999984741211,115.73999786376953,118.36000061035156,28060900
2022-03-30,110.7154541015625,116.58000183105469,120.10199737548828,115.54000091552734,115.54000091552734,28381700
2022-03-31,103.32682037353516,108.80000305175781,115.08999633789062,108.70999908447266,115.02999877929688,31240200
2022-04-01,104.65638732910156,110.19999694824219,118.94999694824219,109.75,117.62000274658203,55873000
2022-04-04,111.58916473388672,117.5,118.22000122070312,113.375,115.69999694824219,39088500
2022-04-05,105.41614532470703,111.0,115.0,110.2300033569336,115.0,35226000
2022-04-06,102.2631607055664,107.68000030517578,109.47000122070312,106.12000274658203,109.23999786376953,23739800
2022-04-07,99.02469635009766,104.2699966430664,107.52999877929688,102.61000061035156,106.68000030517578,26814300
2022-04-08,98.3219223022461,103.52999877929688,106.47000122070312,103.3290023803711,104.4800033569336,20814900
2022-04-11,96.44153594970703,101.55000305175781,103.91999816894531,99.16000366210938,101.08999633789062,23504100
2022-04-12,94.7320785522461,99.75,102.33000183105469,99.38999938964844,101.18000030517578,23953600
2022-04-13,94.99798583984375,100.02999877929688,101.3499984741211,98.20999908447266,99.23999786376953,18330400
2022-04-14,90.68637084960938,95.48999786376953,99.27100372314453,95.30500030517578,97.29000091552734,20931200
2022-04-18,89.94561767578125,94.70999908447266,95.27999877929688,91.81999969482422,93.7699966430664,19159200
2022-04-19,88.79647827148438,93.5,93.94999694824219,90.94999694824219,92.29000091552734,23870000
2022-04-20,84.9122314453125,89.41000366210938,93.69999694824219,89.2699966430664,93.4800033569336,20949700
2022-04-21,81.66426849365234,85.98999786376953,90.01000213623047,85.4000015258789,89.55000305175781,25639000
2022-04-22,82.13912200927734,86.48999786376953,90.68000030517578,86.31099700927734,86.5,25130300
2022-04-25,81.52182006835938,85.83999633789062,86.16999816894531,81.80000305175781,82.69999694824219,24674000
2022-04-26,79.76488494873047,83.98999786376953,86.23999786376953,83.27999877929688,85.87000274658203,21194600
2022-04-27,83.87706756591797,88.31999969482422,89.41000366210938,84.77999877929688,85.31999969482422,29351600
2022-04-28,86.33677673339844,90.91000366210938,90.9800033569336,86.94000244140625,88.62000274658203,17707500
2022-04-29,92.20588684082031,97.08999633789062,103.5199966430664,96.66000366210938,101.52999877929688,44933400
2022-05-02,96.11863708496094,101.20999908447266,101.31999969482422,95.1500015258789,96.41000366210938,25479500
2022-05-03,95.33038330078125,100.37999725341797,102.69000244140625,99.43000030517578,100.12999725341797,15216100
2022-05-04,96.30857849121094,101.41000366210938,101.56999969482422,96.61000061035156,97.72000122070312,17740600
2022-05-05,89.87913513183594,94.63999938964844,98.47000122070312,94.05000305175781,97.94000244140625,18673100
2022-05-06,85.52003479003906,90.05000305175781,93.86000061035156,88.70999908447266,93.36000061035156,18568600
2022-05-09,80.57211303710938,84.83999633789062,88.5999984741211,84.43000030517578,86.95500183105469,23338600
2022-05-10,80.31571197509766,84.56999969482422,88.63999938964844,83.51000213623047,88.63999938964844,23400900
2022-05-11,77.61857604980469,81.7300033569336,87.5199966430664,81.47000122070312,85.51000213623047,24962400
2022-05-12,77.0107650756836,81.08999633789062,83.12000274658203,78.01000213623047,80.68000030517578,23833100
2022-05-13,83.56365966796875,87.98999786376953,88.36000061035156,82.0,82.12000274658203,20078400
2022-05-16,82.12963104248047,86.4800033569336,89.08000183105469,86.33999633789062,87.69999694824219,19644800
2022-05-17,87.36243438720703,91.98999786376953,94.4800033569336,89.54000091552734,92.75,27330300
2022-05-18,82.9178695678711,87.30999755859375,91.63999938964844,87.0,90.0,18991300
2022-05-19,83.27875518798828,87.69000244140625,90.08999633789062,85.73999786376953,86.18000030517578,20776400
2022-05-20,82.42403411865234,86.79000091552734,90.16999816894531,84.7300033569336,88.69999694824219,21020800
2022-05-23,82.84190368652344,87.2300033569336,87.41500091552734,84.76000213623047,87.05999755859375,13998200
2022-05-24,78.32135009765625,82.47000122070312,85.12000274658203,81.54000091552734,84.98999786376953,15214400
2022-05-25,78.16939544677734,82.30999755859375,84.06999969482422,81.06999969482422,83.72000122070312,23093700
2022-05-26,89.72718811035156,94.4800033569336,95.08999633789062,86.7300033569336,87.30000305175781,50825000
2022-05-27,88.71101379394531,93.41000366210938,94.5,90.37000274658203,92.20999908447266,26716000
2022-05-31,91.21820831298828,96.05000305175781,99.31999969482422,95.44999694824219,98.33000183105469,33790000
2022-06-01,88.6825180053711,93.37999725341797,96.93000030517578,91.87999725341797,95.9000015258789,23730900
2022-06-02,92.59526824951172,97.5,97.62999725341797,93.4000015258789,93.66999816894531,23228100
2022-06-03,88.52107238769531,93.20999908447266,96.0,93.02300262451172,95.1500015258789,15855900
2022-06-06,94.02931213378906,99.01000213623047,102.41999816894531,97.91500091552734,99.63999938964844,37287200
2022-06-07,99.07218170166016,104.31999969482422,104.45999908447266,99.41999816894531,99.98999786376953,35958700
2022-06-08,113.6025161743164,119.62000274658203,121.05500030517578,107.80999755859375,108.26000213623047,92337000
2022-06-09,104.37147521972656,109.9000015258789,118.22000122070312,109.44000244140625,115.0,72512300
2022-06-10,104.31449890136719,109.83999633789062,114.81999969482422,108.23999786376953,113.66000366210938,49859200
2022-06-13,93.56394958496094,98.5199966430664,104.52999877929688,97.58000183105469,103.61000061035156,36396700
2022-06-14,99.93640899658203,105.2300033569336,106.07499694824219,100.83000183105469,101.98999786376953,28567500
2022-06-15,102.59555053710938,108.02999877929688,108.62999725341797,104.38200378417969,106.80999755859375,24026100
2022-06-16,96.3465576171875,101.44999694824219,104.91000366210938,100.51000213623047,102.79000091552734,22357800
2022-06-17,97.09681701660156,102.23999786376953,112.75,101.32599639892578,112.54000091552734,73019300
2022-06-21,101.03805541992188,106.38999938964844,107.06199645996094,103.87000274658203,105.95999908447266,33975000
2022-06-22,99.86043548583984,105.1500015258789,107.0999984741211,103.08000183105469,104.2300033569336,24233000
2022-06-23,106.47030639648438,112.11000061035156,113.08999633789062,108.08100128173828,109.95999908447266,33228200
2022-06-24,111.70313262939453,117.62000274658203,118.08999633789062,114.30000305175781,115.30000305175781,27029900
2022-06-27,112.75729370117188,118.7300033569336,121.37999725341797,117.87999725341797,119.97000122070312,21724300
2022-06-28,110.88639831542969,116.76000213623047,120.93000030517578,116.51000213623047,118.9800033569336,18659400
2022-06-29,110.193115234375,116.02999877929688,117.08999633789062,113.70999908447266,115.80999755859375,13793900
2022-06-30,107.96133422851562,113.68000030517578,114.5999984741211,111.37999725341797,113.7699966430664,13836200
2022-07-01,110.16462707519531,116.0,116.625,112.91999816894531,113.62999725341797,16679400
2022-07-05,114.08686065673828,120.12999725341797,120.52999877929688,112.13999938964844,114.51000213623047,20989300
2022-07-06,113.12767791748047,119.12000274658203,120.0,115.51000213623047,118.93000030517578,20222700
2022-07-07,116.23316955566406,122.38999938964844,125.0,120.62999725341797,120.62999725341797,24202000
2022-07-08,114.81812286376953,120.9000015258789,125.83999633789062,120.69999694824219,122.26000213623047,27221400
2022-07-11,104.0580825805664,109.56999969482422,115.58000183105469,109.33000183105469,115.45999908447266,31249900
2022-07-12,103.71619415283203,109.20999908447266,111.0,107.05999755859375,110.86000061035156,22318500
2022-07-13,103.61172485351562,109.0999984741211,110.63999938964844,106.75,106.83999633789062,16861400
2022-07-14,98.54035186767578,103.76000213623047,108.54000091552734,100.70999908447266,107.80000305175781,35314900
2022-07-15,97.28675842285156,102.44000244140625,103.63999938964844,97.83999633789062,103.48999786376953,33572300
2022-07-18,97.9515380859375,103.13999938964844,106.95999908447266,102.94999694824219,105.87999725341797,20503400
2022-07-19,99.48055267333984,104.75,104.81999969482422,101.52999877929688,103.97000122070312,19842500
2022-07-20,98.73029327392578,103.95999908447266,107.16000366210938,102.8499984741211,106.23999786376953,21897900
2022-07-21,99.8414306640625,105.12999725341797,106.61000061035156,103.68000030517578,104.05999755859375,17865500
2022-07-22,95.54882049560547,100.61000061035156,104.69999694824219,99.68000030517578,104.30999755859375,18819800
2022-07-25,95.97618103027344,101.05999755859375,101.2699966430664,98.73999786376953,100.5,16604300
2022-07-26,96.33706665039062,101.44000244140625,105.25,100.80999755859375,104.30999755859375,28004300
2022-07-27,97.60964965820312,102.77999877929688,102.97000122070312,99.80000305175781,102.19999694824219,19366600
2022-07-28,95.49182891845703,100.55000305175781,102.68000030517578,95.62000274658203,101.91999816894531,33875400
2022-07-29,84.8742446899414,89.37000274658203,94.22000122070312,89.11000061035156,94.22000122070312,59201800
2022-08-01,85.79544067382812,90.33999633789062,90.54000091552734,88.0,89.19000244140625,36050900
2022-08-02,87.96075439453125,92.62000274658203,94.87000274658203,88.19999694824219,88.19999694824219,34430500
2022-08-03,90.9048080444336,95.72000122070312,96.30000305175781,90.91999816894531,92.0,23921700
2022-08-04,92.5287857055664,97.43000030517578,103.0,95.05999755859375,101.06999969482422,42517800
2022-08-05,87.90376281738281,92.55999755859375,94.16999816894531,90.7300033569336,93.06999969482422,27206100
2022-08-08,86.27029418945312,90.83999633789062,92.75,90.33999633789062,91.47000122070312,16194100
2022-08-09,86.6026840209961,91.19000244140625,93.12000274658203,90.5999984741211,91.19000244140625,16744900
2022-08-10,87.78031921386719,92.43000030517578,92.94999694824219,88.55999755859375,91.16999816894531,17855400
2022-08-11,90.09756469726562,94.87000274658203,97.70999908447266,93.62999725341797,94.48999786376953,17521200
2022-08-12,90.0025863647461,94.7699966430664,94.80000305175781,91.43000030517578,91.51000213623047,17846400
2022-08-15,89.46126556396484,94.19999694824219,94.62999725341797,92.37999725341797,93.19999694824219,14425100
2022-08-16,87.98925018310547,92.6500015258789,93.56999969482422,91.4000015258789,92.69000244140625,12003200
2022-08-17,85.25411987304688,89.7699966430664,92.38999938964844,89.76000213623047,91.87000274658203,14491500
2022-08-18,86.17532348632812,90.73999786376953,91.93000030517578,88.5199966430664,90.05000305175781,13418600
2022-08-19,85.12117004394531,89.62999725341797,91.6500015258789,89.18000030517578,90.41000366210938,12364300
2022-08-22,85.50104522705078,90.02999877929688,90.87999725341797,89.30000305175781,89.56999969482422,15545000
2022-08-23,85.31111145019531,89.83000183105469,90.18000030517578,86.70999908447266,89.16999816894531,17345900
2022-08-24,87.86577606201172,92.5199966430664,94.14800262451172,87.55000305175781,87.9000015258789,22808300
2022-08-25,94.86503601074219,99.88999938964844,101.02999877929688,94.94999694824219,96.05999755859375,39170600
2022-08-26,93.07011413574219,98.0,104.8499984741211,97.61000061035156,104.83999633789062,45773400
2022-08-29,91.74053955078125,96.5999984741211,100.91000366210938,96.4800033569336,98.95999908447266,18323500
2022-08-30,89.11937713623047,93.83999633789062,96.97000122070312,92.62000274658203,95.86000061035156,17865800
2022-08-31,90.61041259765625,95.41000366210938,98.62000274658203,94.91999816894531,96.66000366210938,16169000
2022-09-01,88.99591827392578,93.70999908447266,94.5199966430664,91.66999816894531,92.75,11929100
2022-09-02,87.1820068359375,91.80000305175781,93.66799926757812,90.7699966430664,91.7699966430664,12378900
2022-09-06,84.00051879882812,88.44999694824219,89.47000122070312,87.80000305175781,89.31999969482422,15573500
2022-09-07,86.04236602783203,90.5999984741211,90.86000061035156,87.75599670410156,88.5199966430664,12753300
2022-09-08,85.01669311523438,89.5199966430664,90.18000030517578,88.27999877929688,88.55999755859375,13291800
2022-09-09,87.50489807128906,92.13999938964844,92.9000015258789,90.72000122070312,91.05000305175781,10745500
2022-09-12,89.92662048339844,94.69000244140625,94.83999633789062,91.80999755859375,92.41999816894531,15604000
2022-09-13,84.96922302246094,89.47000122070312,92.18000030517578,89.2300033569336,90.76000213623047,21149800
2022-09-14,84.4468765258789,88.91999816894531,89.77999877929688,88.16999816894531,89.45999908447266,10843600
2022-09-15,84.36140441894531,88.83000183105469,91.09500122070312,88.19999694824219,88.62999725341797,12188800
2022-09-16,82.08213806152344,86.43000030517578,88.25,85.41999816894531,87.69999694824219,19322000
2022-09-19,83.2502670288086,87.66000366210938,87.76499938964844,85.0,85.0999984741211,12822100
2022-09-20,81.48383331298828,85.80000305175781,88.7300033569336,85.01000213623047,87.94999694824219,19129000
2022-09-21,77.49510955810547,81.5999984741211,85.16000366210938,81.5,85.12000274658203,23847300
2022-09-22,76.6498794555664,80.70999908447266,83.27999877929688,80.16999816894531,82.62999725341797,19141200
2022-09-23,74.83596801757812,78.80000305175781,79.7699966430664,77.5999984741211,79.26000213623047,20492100
2022-09-26,74.94043731689453,78.91000366210938,80.98600006103516,78.77999877929688,79.94000244140625,17880600
2022-09-27,73.95275115966797,77.87000274658203,80.41000366210938,77.0999984741211,79.43000030517578,16975100
2022-09-28,76.9157943725586,80.98999786376953,81.4800033569336,76.27999877929688,76.48500061035156,20725400
2022-09-29,75.08287811279297,79.05999755859375,79.19000244140625,76.73999786376953,78.05000305175781,17913600
2022-09-30,75.96610260009766,79.98999786376953,81.77999877929688,78.6500015258789,78.73999786376953,17116900
2022-10-03,76.40296173095703,80.44999694824219,80.92500305175781,78.05000305175781,79.76000213623047,13249600
2022-10-04,79.87885284423828,84.11000061035156,85.03299713134766,82.33999633789062,83.0,18252000
2022-10-05,80.14476776123047,84.38999938964844,86.29000091552734,83.25,84.0999984741211,13194000
2022-10-06,80.07827758789062,84.31999969482422,85.25,83.5199966430664,84.06999969482422,11583600
2022-10-07,77.1532211303711,81.23999786376953,83.70999908447266,80.75499725341797,82.3499984741211,11632400
2022-10-10,75.25382232666016,79.23999786376953,79.79000091552734,77.69999694824219,79.7699966430664,14070900
2022-10-11,71.5785140991211,75.37000274658203,77.83999633789062,74.13999938964844,77.37999725341797,18387900
2022-10-12,71.92041015625,75.7300033569336,76.6780014038086,74.02999877929688,74.9000015258789,13247900
2022-10-13,71.23662567138672,75.01000213623047,75.77999877929688,71.4000015258789,72.23999786376953,17563400
2022-10-14,69.34672546386719,73.0199966430664,76.13999938964844,72.77999877929688,76.05000305175781,13675300
2022-10-17,72.9080810546875,76.7699966430664,77.87000274658203,75.11000061035156,75.1500015258789,14487400
2022-10-18,72.49971008300781,76.33999633789062,78.63999938964844,75.05999755859375,78.01000213623047,14970600
2022-10-19,67.68476104736328,71.2699966430664,74.33000183105469,70.5199966430664,73.27999877929688,23094500
2022-10-20,68.39703369140625,72.0199966430664,74.94000244140625,71.55000305175781,71.5999984741211,19173400
2022-10-21,68.54898834228516,72.18000030517578,72.79000091552734,69.46499633789062,71.19999694824219,19526800
2022-10-24,59.973243713378906,63.150001525878906,64.0999984741211,58.0099983215332,63.38999938964844,101023200
2022-10-25,60.03971862792969,63.220001220703125,66.17900085449219,61.2599983215332,65.08000183105469,69302400
2022-10-26,65.06360626220703,68.51000213623047,69.80000305175781,62.91999816894531,63.36000061035156,52957400
2022-10-27,62.52791976928711,65.83999633789062,67.87999725341797,65.41999816894531,65.44000244140625,25812600
2022-10-28,60.53356170654297,63.7400016784668,64.1500015258789,61.81999969482422,63.20000076293945,28638000
2022-10-31,60.38161087036133,63.58000183105469,64.8499984741211,63.220001220703125,63.4900016784668,20645300
2022-11-01,62.54691696166992,65.86000061035156,68.45099639892578,65.63999938964844,68.01000213623047,27257000
2022-11-02,61.44526290893555,64.69999694824219,67.66999816894531,64.33000183105469,66.4800033569336,28298100
2022-11-03,61.92961502075195,65.20999908447266,66.87999725341797,63.400001525878906,63.41999816894531,23360500
2022-11-04,66.29820251464844,69.80999755859375,71.63999938964844,67.44999694824219,71.16999816894531,51292200
2022-11-07,66.20323181152344,69.70999908447266,71.87999725341797,68.6719970703125,71.30000305175781,26087600
2022-11-08,64.70272064208984,68.12999725341797,68.91999816894531,66.2699966430664,67.62000274658203,23870200
2022-11-09,61.57822036743164,64.83999633789062,66.77999877929688,64.80000305175781,66.43000030517578,22099300
2022-11-10,66.26021575927734,69.7699966430664,69.98999786376953,68.0,68.02999877929688,28757200
2022-11-11,67.20991516113281,70.7699966430664,72.69999694824219,69.30999755859375,72.31999969482422,38723400
2022-11-14,67.74175262451172,71.33000183105469,74.0,71.31999969482422,73.16000366210938,30310700
2022-11-15,75.3108139038086,79.30000305175781,80.37000274658203,77.80999755859375,78.93000030517578,53150500
2022-11-16,74.22816467285156,78.16000366210938,80.44999694824219,77.41000366210938,80.31999969482422,26637300
2022-11-17,80.02130126953125,84.26000213623047,85.68000030517578,75.76000213623047,76.0,62050600
2022-11-18,76.43146514892578,80.4800033569336,82.5199966430664,79.86000061035156,82.1500015258789,29528300
2022-11-21,73.06004333496094,76.93000030517578,79.05999755859375,76.47000122070312,78.69000244140625,19005100
2022-11-22,72.16732788085938,75.98999786376953,76.80000305175781,74.58000183105469,75.44000244140625,20694100
2022-11-23,74.55105590820312,78.5,78.84500122070312,76.8499984741211,78.19000244140625,19032700
2022-11-25,71.70197296142578,75.5,76.05000305175781,74.91999816894531,75.5,13036900
2022-11-28,72.06285095214844,75.87999725341797,77.41699981689453,74.68000030517578,74.73999786376953,19107400
2022-11-29,75.8426513671875,79.86000061035156,80.88999938964844,79.44999694824219,80.23999786376953,24178100
2022-11-30,83.15528869628906,87.55999755859375,89.625,82.25,82.73999786376953,60169600
2022-12-01,81.61679077148438,85.94000244140625,87.5999984741211,84.26000213623047,84.3499984741211,20243000
2022-12-02,85.52952575683594,90.05999755859375,91.8499984741211,86.05000305175781,86.05000305175781,35042600
2022-12-05,85.96638488769531,90.5199966430664,92.9000015258789,89.62999725341797,92.9000015258789,30929800
2022-12-06,86.84960174560547,91.44999694824219,92.56999969482422,89.19999694824219,91.87999725341797,26675700
2022-12-07,83.88656616210938,88.33000183105469,89.26000213623047,86.62000274658203,87.05999755859375,19507400
2022-12-08,89.43276977539062,94.16999816894531,94.33499908447266,91.08000183105469,91.97000122070312,29241500
2022-12-09,86.74514770507812,91.33999633789062,93.75,91.2249984741211,93.2699966430664,15452100
2022-12-12,84.9122314453125,89.41000366210938,90.88899993896484,87.75,90.08999633789062,15190200
2022-12-13,86.8116226196289,91.41000366210938,94.9800033569336,90.30000305175781,93.44999694824219,21150600
2022-12-14,86.33677673339844,90.91000366210938,91.26499938964844,89.5,91.05999755859375,15575500
2022-12-15,81.87320709228516,86.20999908447266,94.08000183105469,86.05000305175781,93.08999633789062,30419400
2022-12-16,82.42403411865234,86.79000091552734,90.56999969482422,86.61000061035156,88.80000305175781,25084600
2022-12-19,82.77542114257812,87.16000366210938,89.77999877929688,86.5009994506836,89.75,20737000
2022-12-20,81.5978012084961,85.91999816894531,87.19999694824219,85.04000091552734,85.04000091552734,15315400
2022-12-21,83.39271545410156,87.80999755859375,88.38700103759766,85.45999908447266,86.01000213623047,18212900
2022-12-22,83.544677734375,87.97000122070312,89.69000244140625,86.66999816894531,89.08000183105469,16004800
2022-12-23,81.34137725830078,85.6500015258789,88.6500015258789,85.5199966430664,87.8499984741211,17949300
2022-12-27,85.33959197998047,89.86000061035156,90.68900299072266,86.20999908447266,86.55000305175781,22959900
2022-12-28,82.81340026855469,87.19999694824219,90.1500015258789,86.46499633789062,88.9800033569336,16268800
2022-12-29,84.64630889892578,89.12999725341797,89.5199966430664,87.05999755859375,87.625,12535400
2022-12-30,83.65863037109375,88.08999633789062,89.41000366210938,87.41000366210938,87.44999694824219,11926700
2023-01-03,87.35295104980469,91.9800033569336,94.44999694824219,90.75,91.11000061035156,27891000
2023-01-04,98.69229888916016,103.91999816894531,104.5199966430664,96.97000122070312,98.8499984741211,53291800
2023-01-05,99.31910705566406,104.58000183105469,105.69999694824219,100.63999938964844,101.4000015258789,30400400
2023-01-06,101.99724578857422,107.4000015258789,108.0,102.45999908447266,104.11000061035156,21072400
2023-01-09,105.25469970703125,110.83000183105469,113.11000061035156,108.12000274658203,111.98999786376953,42085300
2023-01-10,109.10095977783203,114.87999725341797,115.4800033569336,111.20999908447266,112.97000122070312,33478600
2023-01-11,109.23391723632812,115.0199966430664,115.20999908447266,112.30999755859375,114.5999984741211,22804400
2023-01-12,107.45799255371094,113.1500015258789,113.79000091552734,111.44999694824219,113.66000366210938,16590600
2023-01-13,111.12380981445312,117.01000213623047,117.9800033569336,114.08999633789062,114.5199966430664,25615100
2023-01-17,109.39537048339844,115.19000244140625,117.01000213623047,114.33999633789062,115.5199966430664,16945600
2023-01-18,107.52447509765625,113.22000122070312,116.75,113.04000091552734,116.75,15347900
2023-01-19,110.7154541015625,116.58000183105469,117.0,113.97000122070312,114.0199966430664,18489900
2023-01-20,113.8304443359375,119.86000061035156,120.05999755859375,117.80000305175781,118.302001953125,18342700
2023-01-23,113.51704406738281,119.52999877929688,120.30000305175781,118.13700103759766,120.0,13590200
2023-01-24,113.43157196044922,119.44000244140625,120.0,115.0,115.0,7807100
2023-01-25,114.2008285522461,120.25,120.31999969482422,117.5,118.51000213623047,9705000
2023-01-26,114.50473022460938,120.56999969482422,121.30000305175781,118.76200103759766,121.0,11171000
2023-01-27,112.42488861083984,118.37999725341797,119.70999908447266,116.80999755859375,119.69000244140625,18027400
2023-01-30,105.6060791015625,111.19999694824219,113.1500015258789,109.77999877929688,111.69000244140625,21918200
2023-01-31,104.65638732910156,110.19999694824219,112.08000183105469,108.80999755859375,109.41999816894531,15330000
2023-02-01,107.14459228515625,112.81999969482422,113.94999694824219,110.1500015258789,111.86000061035156,16623000
2023-02-02,104.21952819824219,109.73999786376953,112.5250015258789,107.80999755859375,112.5,23396900
2023-02-03,100.98107147216797,106.33000183105469,109.52999877929688,105.80999755859375,108.05000305175781,15982200
2023-02-06,100.14533233642578,105.44999694824219,106.27999877929688,103.22000122070312,103.81999969482422,15337500
2023-02-07,100.19282531738281,105.5,107.3499984741211,103.72000122070312,106.83999633789062,16861700
2023-02-08,99.82244110107422,105.11000061035156,107.13999938964844,103.55000305175781,107.0999984741211,14329500
2023-02-09,103.00392150878906,108.45999908447266,109.80999755859375,107.75,108.5,16281300
2023-02-10,98.43589782714844,103.6500015258789,106.63999938964844,102.79000091552734,105.80000305175781,18776000
2023-02-13,99.51854705810547,104.79000091552734,106.3499984741211,104.1500015258789,105.98999786376953,18538600
2023-02-14,98.97721862792969,104.22000122070312,104.4800033569336,101.8499984741211,103.55000305175781,12978400
2023-02-15,97.89456939697266,103.08000183105469,103.44000244140625,102.0,102.38999938964844,18230200
2023-02-16,97.92304992675781,103.11000061035156,104.5199966430664,102.02999877929688,102.70999908447266,21747100
2023-02-17,94.97899627685547,100.01000213623047,101.08999633789062,99.25,101.0,18121600
2023-02-21,90.31598663330078,95.0999984741211,97.625,94.69999694824219,96.5,27172700
2023-02-22,90.01209259033203,94.77999877929688,95.88999938964844,93.55500030517578,95.57499694824219,24484000
2023-02-23,89.42328643798828,94.16000366210938,100.47000122070312,92.12999725341797,100.0999984741211,40482900
2023-02-24,84.52285766601562,89.0,91.68000030517578,88.02999877929688,90.06999969482422,36174500
2023-02-27,84.7602767944336,89.25,91.23999786376953,88.8949966430664,90.8499984741211,25840000
2023-02-28,83.37373352050781,87.79000091552734,89.33999633789062,87.2699966430664,88.45999908447266,24597200
2023-03-01,85.42506408691406,89.94999694824219,92.91999816894531,89.7300033569336,92.91999816894531,35434900
2023-03-02,85.2351303100586,89.75,90.91899871826172,87.97000122070312,88.95999908447266,24829000
2023-03-03,85.18763732910156,89.69999694824219,90.45999908447266,88.4000015258789,90.11000061035156,25834300
2023-03-06,85.1116714477539,89.62000274658203,91.30000305175781,88.02999877929688,89.58499908447266,16983900
2023-03-07,84.26644134521484,88.7300033569336,90.05000305175781,88.19999694824219,89.5199966430664,14514700
2023-03-08,82.57598114013672,86.94999694824219,87.7699966430664,86.44999694824219,87.38999938964844,14721500
2023-03-09,79.17607116699219,83.37000274658203,85.69000244140625,82.875,85.12000274658203,24327700
2023-03-10,78.78669738769531,82.95999908447266,84.5199966430664,82.33000183105469,82.63999938964844,18123100
2023-03-13,78.72972106933594,82.9000015258789,83.75499725341797,81.97000122070312,83.01000213623047,17848300
2023-03-14,79.6319351196289,83.8499984741211,83.91000366210938,82.16000366210938,82.86000061035156,20126100
2023-03-15,77.4096450805664,81.51000213623047,82.54000091552734,80.1500015258789,81.55000305175781,21025300
2023-03-16,78.08391571044922,82.22000122070312,82.4800033569336,80.66000366210938,81.45999908447266,22877500
2023-03-17,77.56159210205078,81.66999816894531,84.16000366210938,80.62000274658203,84.0,23711100
2023-03-20,76.92530059814453,81.0,81.9000015258789,79.4800033569336,80.1500015258789,19536500
2023-03-21,79.48946380615234,83.69999694824219,84.08799743652344,82.0,82.45999908447266,16529400
2023-03-22,79.44198608398438,83.6500015258789,85.38999938964844,83.51000213623047,84.83999633789062,21204700
2023-03-23,82.16761016845703,86.5199966430664,88.37999725341797,85.26000213623047,87.68000030517578,26861400
2023-03-24,82.52849578857422,86.9000015258789,88.11000061035156,85.62999725341797,85.87000274658203,20332500
2023-03-27,81.78773498535156,86.12000274658203,88.22000122070312,85.5,87.12999725341797,18258300
2023-03-28,93.44998931884766,98.4000015258789,99.51000213623047,92.05999755859375,95.3499984741211,118875200
2023-03-29,94.89352416992188,99.91999816894531,101.33000183105469,96.27999877929688,97.58999633789062,53695000
2023-03-30,98.1794662475586,103.37999725341797,105.05000305175781,100.5,101.33999633789062,57780700
2023-03-31,97.03984069824219,102.18000030517578,103.5999984741211,101.13200378417969,102.86000061035156,28382600
2023-04-03,93.44049835205078,98.38999938964844,101.75,97.61000061035156,100.88999938964844,26888100
2023-04-04,95.65328216552734,100.72000122070312,101.47000122070312,97.26000213623047,98.94000244140625,26868400
2023-04-05,93.59244537353516,98.55000305175781,100.44999694824219,97.66000366210938,99.23999786376953,20117700
2023-04-06,97.57167053222656,102.73999786376953,103.23999786376953,98.2699966430664,98.52999877929688,26849200
2023-04-10,96.4320297241211,101.54000091552734,102.83000183105469,100.58999633789062,100.62000274658203,16308300
2023-04-11,94.74158477783203,99.76000213623047,102.54000091552734,99.19999694824219,102.45999908447266,19017700
2023-04-12,89.11937713623047,93.83999633789062,98.88999938964844,93.58000183105469,97.81999969482422,35516000
2023-04-13,91.33216857910156,96.16999816894531,97.19000244140625,95.09500122070312,95.875,24231700
2023-04-14,89.79366302490234,94.55000305175781,96.12000274658203,93.83999633789062,95.62999725341797,14098700
2023-04-17,91.56959533691406,96.41999816894531,97.2300033569336,95.48999786376953,96.73999786376953,15714100
2023-04-18,90.68637084960938,95.48999786376953,99.16999816894531,95.18099975585938,99.0199966430664,20672300
2023-04-19,88.7869873046875,93.48999786376953,94.81999969482422,92.94999694824219,94.5999984741211,18985200
2023-04-20,86.17532348632812,90.73999786376953,93.79000091552734,90.05000305175781,93.3499984741211,25533900
2023-04-21,84.64630889892578,89.12999725341797,90.19000244140625,88.30000305175781,89.95999908447266,23097300
2023-04-24,82.51899719238281,86.88999938964844,88.4800033569336,86.04000091552734,88.4000015258789,22757100
2023-04-25,78.74871063232422,82.91999816894531,85.69999694824219,82.21199798583984,85.31999969482422,36441300
2023-04-26,78.65373992919922,82.81999969482422,85.22000122070312,82.76000213623047,85.04000091552734,24983000
2023-04-27,80.22074127197266,84.47000122070312,84.63999938964844,82.63999938964844,83.06999969482422,24506800
2023-04-28,80.42967224121094,84.69000244140625,85.08000183105469,83.87000274658203,84.18000030517578,18109300
2023-05-01,79.92633819580078,84.16000366210938,85.27999877929688,83.77100372314453,84.1500015258789,12909200
2023-05-02,77.42863464355469,81.52999877929688,83.27999877929688,80.65399932861328,83.1500015258789,20689500
2023-05-03,77.38114929199219,81.4800033569336,82.0,80.48999786376953,81.30500030517578,17759400
2023-05-04,78.34033966064453,82.48999786376953,83.12999725341797,81.80000305175781,82.38999938964844,23773800
2023-05-05,79.03362274169922,83.22000122070312,83.37999725341797,82.02999877929688,82.75,17527600
2023-05-08,79.11908721923828,83.30999755859375,83.69999694824219,82.33999633789062,83.62999725341797,17392900
2023-05-09,78.08391571044922,82.22000122070312,82.66000366210938,80.1500015258789,80.54499816894531,13457400
2023-05-10,78.77719116210938,82.94999694824219,84.5,81.7699966430664,82.13999938964844,16868100
2023-05-11,83.46869659423828,87.88999938964844,88.4800033569336,84.81999969482422,85.43000030517578,28104200
2023-05-12,81.0469741821289,85.33999633789062,86.70999908447266,84.76000213623047,86.70999908447266,19042800
2023-05-15,83.89605712890625,88.33999633789062,88.4000015258789,85.83300018310547,87.12999725341797,23691200
2023-05-16,84.29492950439453,88.76000213623047,89.37000274658203,87.05999755859375,87.11000061035156,18177900
2023-05-17,86.11833953857422,90.68000030517578,91.43000030517578,88.01000213623047,88.45999908447266,27670700
2023-05-18,81.45532989501953,85.7699966430664,91.0,85.0,90.80999755859375,60258600
2023-05-19,79.7553939819336,83.9800033569336,85.19999694824219,83.4800033569336,83.8499984741211,21571800
2023-05-22,81.76874542236328,86.0999984741211,87.4800033569336,85.6500015258789,85.66999816894531,16951300
2023-05-23,78.71072387695312,82.87999725341797,84.9749984741211,82.69999694824219,84.16000366210938,19917800
2023-05-24,77.1247329711914,81.20999908447266,82.5999984741211,80.87999725341797,82.16500091552734,17045800
2023-05-25,74.81697082519531,78.77999877929688,80.70999908447266,78.12000274658203,80.58999633789062,21811600
2023-05-26,76.89680480957031,80.97000122070312,81.56600189208984,78.4000015258789,79.9000015258789,16399200
2023-05-30,74.7125015258789,78.66999816894531,80.69999694824219,78.16999816894531,80.12000274658203,21209600
2023-05-31,75.5482406616211,79.55000305175781,79.66500091552734,77.7699966430664,79.58000183105469,16206300
2023-06-01,78.8246841430664,83.0,84.0,79.3499984741211,79.3499984741211,23217600
2023-06-02,80.03079223632812,84.2699966430664,86.02999877929688,84.13999938964844,85.08000183105469,17616100
2023-06-05,80.15425872802734,84.4000015258789,84.56999969482422,83.23999786376953,83.98999786376953,8204000
2023-06-06,82.33855438232422,86.69999694824219,87.05999755859375,83.37000274658203,83.5,18452000
2023-06-07,80.989990234375,85.27999877929688,86.94999694824219,85.08999633789062,85.72000122070312,12886700
2023-06-08,81.80672454833984,86.13999938964844,86.94999694824219,85.16999816894531,85.16999816894531,11281000
2023-06-09,81.19892883300781,85.5,86.83799743652344,85.06500244140625,86.05999755859375,12903400
2023-06-12,81.54081726074219,85.86000061035156,87.29000091552734,85.62999725341797,86.01000213623047,11559000
2023-06-13,83.1078109741211,87.51000213623047,89.22000122070312,87.25,87.95999908447266,16814100
2023-06-14,84.86474609375,89.36000061035156,90.12000274658203,87.70999908447266,87.97000122070312,21519300
2023-06-15,87.56187438964844,92.19999694824219,92.7699966430664,90.5999984741211,91.45999908447266,26570500
2023-06-16,87.46691131591797,92.0999984741211,94.29000091552734,91.5199966430664,94.0,25087700
2023-06-20,83.50668334960938,87.93000030517578,90.19999694824219,87.31999969482422,89.83000183105469,23382900
2023-06-21,82.40503692626953,86.7699966430664,89.16000366210938,86.62000274658203,87.37999725341797,15159900
2023-06-22,82.51899719238281,86.88999938964844,87.31500244140625,85.31999969482422,86.77999877929688,10272700
2023-06-23,80.6480941772461,84.91999816894531,85.93800354003906,84.37000274658203,85.80999755859375,14907100
2023-06-26,81.1704330444336,85.47000122070312,86.70999908447266,85.20999908447266,85.31999969482422,10808700
2023-06-27,82.7469253540039,87.12999725341797,87.61499786376953,86.71499633789062,86.81999969482422,13994500
2023-06-28,80.33470153808594,84.58999633789062,85.75,84.37999725341797,85.75,14113800
2023-06-29,79.34701538085938,83.55000305175781,83.98999786376953,83.0,83.38999938964844,13362500
2023-06-30,79.15707397460938,83.3499984741211,84.2300033569336,83.01000213623047,83.2300033569336,12174300
2023-07-03,79.84085845947266,84.06999969482422,85.63500213623047,84.0,84.87000274658203,11514400
2023-07-05,80.05928802490234,84.30000305175781,84.69000244140625,82.81999969482422,83.9800033569336,11203900
2023-07-06,79.62242889404297,83.83999633789062,83.94999694824219,82.63999938964844,83.12000274658203,12930300
2023-07-07,85.99488830566406,90.55000305175781,91.56999969482422,86.62999725341797,86.76000213623047,46992100
2023-07-10,86.00437927246094,90.55999755859375,92.04000091552734,89.5999984741211,90.05000305175781,25401800
2023-07-11,87.17250061035156,91.79000091552734,92.31999969482422,89.01000213623047,91.0199966430664,20768800
2023-07-12,89.27133178710938,94.0,95.02999877929688,92.55000305175781,94.11000061035156,24161400
2023-07-13,91.75003051757812,96.61000061035156,97.00499725341797,94.5999984741211,95.02999877929688,24021400
2023-07-14,89.80315399169922,94.55999755859375,96.08999633789062,94.23999786376953,95.22000122070312,18897100
2023-07-17,88.71101379394531,93.41000366210938,93.55000305175781,91.04000091552734,92.25,17317300
2023-07-18,86.6121826171875,91.19999694824219,92.20999908447266,90.1500015258789,91.54000091552734,20221900
2023-07-19,87.45741271972656,92.08999633789062,94.70999908447266,92.08999633789062,93.56999969482422,17228100
2023-07-20,87.2769775390625,91.9000015258789,93.12000274658203,91.3499984741211,91.69000244140625,14753000
2023-07-21,87.53338623046875,92.16999816894531,93.2300033569336,91.54000091552734,92.88999938964844,13899100
2023-07-24,91.50311279296875,96.3499984741211,97.46900177001953,91.30000305175781,92.06999969482422,33376100
2023-07-25,90.20203399658203,94.9800033569336,98.48999786376953,94.61000061035156,98.16999816894531,25827300
2023-07-26,92.25337982177734,97.13999938964844,97.54499816894531,94.83999633789062,94.94999694824219,15833400
2023-07-27,90.6388931274414,95.44000244140625,97.98999786376953,95.16100311279297,97.75,18685500
2023-07-28,95.49182891845703,100.55000305175781,101.22000122070312,97.95999908447266,98.06999969482422,31956500
2023-07-31,97.0208511352539,102.16000366210938,102.5,99.72000122070312,99.79000091552734,17726500
2023-08-01,95.0644760131836,100.0999984741211,101.16000366210938,99.30000305175781,99.87000274658203,14333700
2023-08-02,90.28751373291016,95.06999969482422,97.73999786376953,94.55999755859375,97.72000122070312,19452300
2023-08-03,92.6712417602539,97.58000183105469,98.48999786376953,96.58000183105469,96.70999908447266,15370900
2023-08-04,92.02545166015625,96.9000015258789,98.48999786376953,96.69000244140625,97.73500061035156,13477300
2023-08-07,91.70255279541016,96.55999755859375,97.80000305175781,95.02999877929688,97.77999877929688,13893900
2023-08-08,89.48026275634766,94.22000122070312,94.4800033569336,92.9219970703125,93.51000213623047,13504700
2023-08-09,90.07856750488281,94.8499984741211,96.30000305175781,94.08000183105469,96.0250015258789,18640100
2023-08-10,94.21923828125,99.20999908447266,101.83999633789062,97.12000274658203,98.30999755859375,53193100
2023-08-11,90.9048080444336,95.72000122070312,97.6500015258789,94.33999633789062,97.33999633789062,25222800
2023-08-14,88.75849151611328,93.45999908447266,94.44999694824219,92.52999877929688,94.23999786376953,17581000
2023-08-15,86.98255920410156,91.58999633789062,93.01000213623047,90.74500274658203,93.0,14756300
2023-08-16,84.6368179321289,89.12000274658203,90.5,88.29000091552734,89.62999725341797,23292400
2023-08-17,86.08985137939453,90.6500015258789,91.94999694824219,90.26000213623047,91.94000244140625,15732300
2023-08-18,83.60164642333984,88.02999877929688,88.36000061035156,86.86000061035156,87.77999877929688,20424800
2023-08-21,84.1144790649414,88.56999969482422,88.81999969482422,87.22000122070312,87.5999984741211,14167300
2023-08-22,83.64913940429688,88.08000183105469,89.48999786376953,87.86000061035156,89.27999877929688,11577600
2023-08-23,85.32059478759766,89.83999633789062,90.58999633789062,88.30999755859375,88.37000274658203,12185700
2023-08-24,84.6273193359375,89.11000061035156,90.91999816894531,89.04000091552734,90.48999786376953,10684500
2023-08-25,85.30160522460938,89.81999969482422,90.04000091552734,88.2699966430664,89.25,11382200
2023-08-28,87.59986877441406,92.23999786376953,92.7699966430664,91.29000091552734,91.5,14613800
2023-08-29,89.29981994628906,94.02999877929688,94.09500122070312,92.33999633789062,93.44999694824219,16928000
2023-08-30,88.93893432617188,93.6500015258789,94.25,92.47000122070312,92.55000305175781,13779900
2023-08-31,88.2266616821289,92.9000015258789,93.36000061035156,92.16000366210938,92.9800033569336,13332400
2023-09-01,90.23052215576172,95.01000213623047,96.68000030517578,94.5199966430664,94.55000305175781,17470400
2023-09-05,89.88863372802734,94.6500015258789,95.39199829101562,94.06999969482422,94.52999877929688,10097600
2023-09-06,89.69869232177734,94.44999694824219,95.80000305175781,94.12999725341797,94.1500015258789,10123600
2023-09-07,85.44406127929688,89.97000122070312,91.76000213623047,88.95500183105469,91.63999938964844,18667200
2023-09-08,85.52003479003906,90.05000305175781,90.30000305175781,88.7300033569336,89.5999984741211,10333300
2023-09-11,84.24744415283203,88.70999908447266,90.3499984741211,87.70999908447266,89.7300033569336,15773500
2023-09-12,83.85807800292969,88.30000305175781,89.95999908447266,88.18000030517578,88.19000244140625,10262500
2023-09-13,83.23126220703125,87.63999938964844,88.29000091552734,87.38200378417969,87.94000244140625,10634900
2023-09-14,83.57315063476562,88.0,88.5999984741211,87.44000244140625,88.55000305175781,8643100
2023-09-15,82.68994140625,87.06999969482422,88.22000122070312,86.81999969482422,87.7699966430664,10147700
2023-09-18,82.6424560546875,87.0199966430664,87.16999816894531,85.3949966430664,86.1500015258789,9291600
2023-09-19,82.72793579101562,87.11000061035156,87.87999725341797,86.08000183105469,86.12000274658203,9247000
2023-09-20,81.42684936523438,85.73999786376953,87.5,85.6500015258789,86.97000122070312,9228200
2023-09-21,79.87885284423828,84.11000061035156,84.7750015258789,83.76000213623047,83.86000061035156,10638900
2023-09-22,83.85807800292969,88.30000305175781,88.875,87.11000061035156,87.36499786376953,22469600
2023-09-25,82.83240509033203,87.22000122070312,87.2699966430664,85.7699966430664,85.87999725341797,9897200
2023-09-26,81.58830261230469,85.91000366210938,87.06999969482422,85.69999694824219,86.45999908447266,9666600
2023-09-27,81.85420989990234,86.19000244140625,86.55000305175781,85.30000305175781,86.37999725341797,7233900
2023-09-28,81.2369155883789,85.54000091552734,85.88999938964844,84.30500030517578,84.88999938964844,10093600
2023-09-29,82.37654113769531,86.73999786376953,87.94999694824219,86.6050033569336,87.29000091552734,9654800
2023-10-02,82.1771011352539,86.52999877929688,87.1050033569336,85.88999938964844,86.75,8209800
2023-10-03,80.28721618652344,84.54000091552734,85.0,83.94999694824219,84.5,11448800
2023-10-04,79.85035705566406,84.08000183105469,84.54000091552734,83.6500015258789,84.2750015258789,8904700
2023-10-05,79.46098327636719,83.66999816894531,83.70999908447266,82.44999694824219,83.5199966430664,10334500
2023-10-06,81.73075103759766,86.05999755859375,86.51499938964844,84.0,84.25,13423700
2023-10-09,80.58161926269531,84.8499984741211,85.20999908447266,83.56999969482422,83.91000366210938,10880000
2023-10-10,82.784912109375,87.16999816894531,87.73999786376953,85.56999969482422,85.66999816894531,13557800
2023-10-11,83.36422729492188,87.77999877929688,88.7959976196289,87.1449966430664,88.01000213623047,11111500
2023-10-12,80.25872802734375,84.51000213623047,87.66999816894531,84.19999694824219,87.58000183105469,16158100
2023-10-13,79.79337310791016,84.0199966430664,85.48999786376953,83.75,84.05999755859375,10325500
2023-10-16,80.06878662109375,84.30999755859375,84.96499633789062,82.62999725341797,83.69999694824219,10075300
2023-10-17,79.68891143798828,83.91000366210938,84.36000061035156,82.55999755859375,82.75,8270000
2023-10-18,78.83418273925781,83.01000213623047,83.7300033569336,82.76000213623047,82.95999908447266,9321600
2023-10-19,77.5046157836914,81.61000061035156,82.3949966430664,81.11499786376953,81.4800033569336,12624100
2023-10-20,75.91862487792969,79.94000244140625,80.86000061035156,79.78299713134766,80.2300033569336,14636200
2023-10-23,76.4599380493164,80.51000213623047,80.9260025024414,79.0199966430664,79.41999816894531,12715200
2023-10-24,78.70122528076172,82.87000274658203,83.31999969482422,80.44000244140625,80.44999694824219,17925800
2023-10-25,76.95378875732422,81.02999877929688,82.0,80.77999877929688,81.30000305175781,11390200
2023-10-26,78.35933685302734,82.51000213623047,83.08999633789062,81.19999694824219,81.26499938964844,13010400
2023-10-27,78.65373992919922,82.81999969482422,84.12000274658203,82.4800033569336,83.87000274658203,10795600
2023-10-30,78.9576416015625,83.13999938964844,84.23999786376953,83.01100158691406,83.62999725341797,8980500
2023-10-31,78.38783264160156,82.54000091552734,82.54000091552734,80.87999725341797,81.94000244140625,12094300
2023-11-01,78.33084869384766,82.4800033569336,82.48999786376953,81.20999908447266,81.70500183105469,9550000
2023-11-02,79.21406555175781,83.41000366210938,83.9800033569336,83.02999877929688,83.6500015258789,10606300
2023-11-03,81.01847839355469,85.30999755859375,86.08000183105469,84.5,84.94000244140625,15148300
2023-11-06,81.06597137451172,85.36000061035156,86.72000122070312,85.2300033569336,86.55000305175781,9786400
2023-11-07,81.11344909667969,85.41000366210938,85.66000366210938,84.11000061035156,84.86000061035156,8829400
2023-11-08,80.53414154052734,84.80000305175781,85.7300033569336,84.4800033569336,84.62000274658203,8154600
2023-11-09,78.56827545166016,82.7300033569336,84.69000244140625,82.4749984741211,84.58000183105469,10885100
2023-11-10,78.5872573852539,82.75,82.87000274658203,81.66000366210938,82.41000366210938,9779500
2023-11-13,78.12191009521484,82.26000213623047,83.31500244140625,82.08000183105469,82.75,11236900
2023-11-14,79.65092468261719,83.87000274658203,84.53500366210938,82.31999969482422,82.76000213623047,20897600
2023-11-15,82.68994140625,87.06999969482422,87.83000183105469,85.88999938964844,86.95999908447266,28991000
2023-11-16,75.13037109375,79.11000061035156,80.7699966430664,78.23100280761719,79.5199966430664,63008500
2023-11-17,73.69633483886719,77.5999984741211,78.46600341796875,76.75,77.0199966430664,35497300
2023-11-20,74.51306915283203,78.45999908447266,78.74500274658203,76.55999755859375,76.91000366210938,31506800
2023-11-21,74.96892547607422,78.94000244140625,79.2750015258789,77.5999984741211,77.8499984741211,20525500
2023-11-22,74.9879150390625,78.95999908447266,79.70999908447266,78.12999725341797,79.27999877929688,18958600
2023-11-24,74.54155731201172,78.48999786376953,79.06999969482422,78.20999908447266,78.2699966430664,12251700
2023-11-27,73.62984466552734,77.52999877929688,79.25,77.08999633789062,77.55500030517578,18248200
2023-11-28,72.87959289550781,76.73999786376953,76.83999633789062,75.26000213623047,76.55999755859375,23682200
2023-11-29,70.91372680664062,74.66999816894531,75.45600128173828,74.42500305175781,75.0,30969100
2023-11-30,71.11316680908203,74.87999725341797,74.94000244140625,74.01000213623047,74.69999694824219,17884200
2023-12-01,70.26792907714844,73.98999786376953,74.13999938964844,72.12000274658203,73.12000274658203,27998600
2023-12-04,69.3562240600586,73.02999877929688,73.58000183105469,72.4800033569336,72.66999816894531,21074900
2023-12-05,68.73892211914062,72.37999725341797,72.69999694824219,71.91999816894531,72.04000091552734,19129000
2023-12-06,67.89369201660156,71.48999786376953,72.94999694824219,71.48999786376953,72.36000061035156,30394400
2023-12-07,68.69143676757812,72.33000183105469,72.37000274658203,71.44000244140625,71.54499816894531,18966700
2023-12-08,68.51099395751953,72.13999938964844,72.44000244140625,71.83000183105469,72.0199966430664,16914800
2023-12-11,67.77973175048828,71.37000274658203,71.61000061035156,70.08000183105469,70.48999786376953,19719300
2023-12-12,67.79872131347656,71.38999938964844,71.95500183105469,70.93000030517578,71.37999725341797,14725900
2023-12-13,67.8652114868164,71.45999908447266,71.4800033569336,70.12000274658203,70.91000366210938,21721600
2023-12-14,68.86238098144531,72.51000213623047,73.23999786376953,71.41999816894531,71.47000122070312,25199300
2023-12-15,70.76177978515625,74.51000213623047,75.54499816894531,73.31999969482422,74.0,31327500
2023-12-18,70.12547302246094,73.83999633789062,74.2300033569336,73.20999908447266,74.05000305175781,17233500
2023-12-19,71.59750366210938,75.38999938964844,76.01000213623047,74.22000122070312,74.4000015258789,20939300
2023-12-20,70.59654235839844,73.3499984741211,75.29499816894531,73.33000183105469,74.58000183105469,27540200
2023-12-21,73.3973159790039,76.26000213623047,76.29000091552734,74.3499984741211,74.86000061035156,20812100
2023-12-22,72.4541015625,75.27999877929688,75.68000030517578,74.44000244140625,74.5,20004300
2023-12-26,73.00270080566406,75.8499984741211,76.96900177001953,75.7300033569336,76.16000366210938,13121300
2023-12-27,73.25293731689453,76.11000061035156,76.44999694824219,75.41000366210938,76.27999877929688,14904500
2023-12-28,74.34052276611328,77.23999786376953,77.79000091552734,76.9800033569336,77.2300033569336,18937900
2023-12-29,74.60038757324219,77.51000213623047,77.63500213623047,76.81999969482422,77.05999755859375,14094600
2024-01-02,71.95361328125,74.76000213623047,76.07499694824219,74.51000213623047,76.05000305175781,21739600
2024-01-03,73.71492004394531,76.58999633789062,76.69000244140625,74.06999969482422,74.33000183105469,24444600
2024-01-04,71.85737609863281,74.66000366210938,75.7249984741211,74.44000244140625,75.55999755859375,18454900
2024-01-05,70.2693099975586,73.01000213623047,74.0,72.86000061035156,74.0,21725200
2024-01-08,70.1441879272461,72.87999725341797,73.05999755859375,70.91999816894531,71.25,22000000
2024-01-09,69.31647491455078,72.0199966430664,72.12000274658203,70.95999908447266,71.25,21451800
2024-01-10,68.72937774658203,71.41000366210938,71.7750015258789,71.04499816894531,71.37999725341797,19540000
2024-01-11,69.66295623779297,72.37999725341797,73.12999725341797,71.52999877929688,72.54499816894531,18095300
2024-01-12,69.14322662353516,71.83999633789062,73.43000030517578,71.80999755859375,72.58999633789062,16147300
2024-01-16,66.85256958007812,69.45999908447266,70.53099822998047,69.30000305175781,70.12999725341797,27606900
2024-01-17,66.34246826171875,68.93000030517578,69.0,67.26000213623047,67.72000122070312,22684400
2024-01-18,65.49549865722656,68.05000305175781,69.08000183105469,68.0,68.5999984741211,19307000
2024-01-19,66.81407165527344,69.41999816894531,69.90499877929688,66.91999816894531,67.19999694824219,34547700
2024-01-22,66.05372619628906,68.62999725341797,68.73799896240234,66.62999725341797,67.27999877929688,27294200
2024-01-23,71.24139404296875,74.0199966430664,74.5,72.55000305175781,72.75499725341797,53017700
2024-01-24,72.3770980834961,75.19999694824219,75.62000274658203,74.22000122070312,75.28500366210938,36503300
2024-01-25,71.07777404785156,73.8499984741211,75.5,73.55999755859375,75.19000244140625,23268600
2024-01-26,71.23177337646484,74.01000213623047,74.72000122070312,72.91999816894531,73.0999984741211,19418200
2024-01-29,70.81791687011719,73.58000183105469,74.80999755859375,72.83000183105469,74.66999816894531,17537400
2024-01-30,69.60520935058594,72.31999969482422,73.06500244140625,72.08499908447266,72.45999908447266,17089600
2024-01-31,69.4608383178711,72.16999816894531,72.94000244140625,71.49500274658203,71.49500274658203,15743600
2024-02-01,69.73995208740234,72.45999908447266,73.47000122070312,72.12000274658203,73.15499877929688,14445800
2024-02-02,69.1528549194336,71.8499984741211,72.2300033569336,71.05000305175781,72.12999725341797,18824200
2024-02-05,71.82849884033203,74.62999725341797,75.1500015258789,71.86000061035156,72.16999816894531,27721000
2024-02-06,75.29336547851562,78.2300033569336,78.33999633789062,75.7300033569336,77.04499816894531,39069100
2024-02-07,70.87565612792969,73.63999938964844,76.16999816894531,73.1500015258789,74.55500030517578,53766300
2024-02-08,68.12301635742188,70.77999877929688,73.19999694824219,70.6500015258789,71.88500213623047,33070600
2024-02-09,69.31647491455078,72.0199966430664,72.08499908447266,70.0,70.80000305175781,18998400
2024-02-12,70.3944320678711,73.13999938964844,74.12999725341797,72.30999755859375,72.30999755859375,18151100
2024-02-13,68.91223907470703,71.5999984741211,73.02999877929688,71.41999816894531,71.95999908447266,13560600
2024-02-14,70.63504791259766,73.38999938964844,73.41000366210938,72.2300033569336,72.30999755859375,12817500
2024-02-15,71.04890441894531,73.81999969482422,74.13999938964844,73.08499908447266,73.22000122070312,12078100
2024-02-16,71.13552856445312,73.91000366210938,75.37000274658203,73.9000015258789,74.86000061035156,16393300
2024-02-20,70.3944320678711,73.13999938964844,73.66999816894531,72.18000030517578,73.45999908447266,14353300
2024-02-21,72.74283599853516,75.58000183105469,76.38999938964844,74.06999969482422,74.4800033569336,23475500
2024-02-22,73.2625732421875,76.12000274658203,76.37999725341797,75.0,75.0999984741211,14836600
2024-02-23,73.10856628417969,75.95999908447266,76.93499755859375,75.1500015258789,76.4800033569336,12301700
2024-02-26,73.63792419433594,76.51000213623047,76.56999969482422,75.33999633789062,75.62000274658203,13973100
2024-02-27,74.76400756835938,77.68000030517578,78.05000305175781,77.25,77.52999877929688,14490200
2024-02-28,71.79000091552734,74.58999633789062,76.18000030517578,74.44999694824219,76.0199966430664,16905300
2024-02-29,71.25102233886719,74.02999877929688,75.04000091552734,73.80000305175781,74.68000030517578,12549200
2024-03-01,71.8188705444336,74.62000274658203,75.08999633789062,74.37000274658203,74.4800033569336,11980100
2024-03-04,69.29722595214844,72.0,73.7300033569336,71.69999694824219,73.7300033569336,19550100
2024-03-05,69.3646011352539,72.06999969482422,72.70999908447266,71.04000091552734,71.25,15804500
2024-03-06,70.94303131103516,73.70999908447266,74.72000122070312,73.61000061035156,74.19999694824219,19785300
2024-03-07,69.81695556640625,72.54000091552734,72.75800323486328,71.76000213623047,72.5999984741211,12374700
2024-03-08,70.7890396118164,73.55000305175781,73.76000213623047,72.76000213623047,72.80999755859375,16430400
2024-03-11,72.04986572265625,74.86000061035156,76.05999755859375,74.55000305175781,74.62999725341797,13510400
2024-03-12,73.2048110961914,76.05999755859375,76.4800033569336,75.21499633789062,75.87000274658203,13314700
2024-03-13,73.52242279052734,76.38999938964844,77.44999694824219,75.94000244140625,75.94000244140625,15319800
2024-03-14,70.64466857910156,73.4000015258789,75.38999938964844,73.2300033569336,75.23500061035156,18923500
2024-03-15,70.6639175415039,73.41999816894531,74.12999725341797,73.38999938964844,73.57499694824219,10233700
2024-03-18,70.76016235351562,73.5199966430664,74.0199966430664,73.33000183105469,73.41999816894531,8542500
2024-03-19,70.6639175415039,73.41999816894531,73.73500061035156,72.8499984741211,73.08000183105469,8164200
2024-03-20,71.39539337158203,74.18000030517578,74.33000183105469,73.30000305175781,73.55000305175781,11123200
2024-03-21,71.05852508544922,73.83000183105469,74.73999786376953,73.7699966430664,74.30000305175781,11860700
2024-03-22,69.4223403930664,72.12999725341797,72.62000274658203,72.04000091552734,72.4800033569336,12771500
2024-03-25,68.77749633789062,71.45999908447266,72.48999786376953,71.36000061035156,71.94000244140625,12422100
2024-03-26,68.79674530029297,71.4800033569336,71.87000274658203,71.08999633789062,71.83999633789062,10881900
2024-03-27,68.9026107788086,71.58999633789062,71.69000244140625,70.58300018310547,70.88999938964844,13281300
2024-03-28,69.64371490478516,72.36000061035156,72.58999633789062,72.05500030517578,72.08000183105469,14073400
2024-04-01,70.61579895019531,73.37000274658203,73.58200073242188,72.80999755859375,73.23999786376953,14311700
2024-04-02,70.1441879272461,72.87999725341797,73.13999938964844,72.51000213623047,72.56999969482422,17290400
2024-04-03,69.72071075439453,72.44000244140625,72.87000274658203,72.11000061035156,72.41999816894531,11777900
2024-04-04,69.24909973144531,71.94999694824219,73.2300033569336,71.9000015258789,72.9800033569336,11087100
2024-04-05,68.9699935913086,71.66000366210938,72.0250015258789,71.41000366210938,71.68000030517578,12260300
2024-04-08,69.01811218261719,71.70999908447266,72.38999938964844,71.55999755859375,71.95999908447266,10560000
2024-04-09,70.25005340576172,72.98999786376953,73.23999786376953,72.30999755859375,72.37000274658203,14060400
2024-04-10,71.79000091552734,74.58999633789062,75.16999816894531,73.73999786376953,74.44499969482422,20572200
2024-04-11,72.04023742675781,74.8499984741211,75.43000030517578,74.37000274658203,75.21499633789062,14986800
2024-04-12,68.61387634277344,71.29000091552734,72.9800033569336,71.29000091552734,72.94000244140625,18231400
2024-04-15,67.96903228759766,70.62000274658203,72.05000305175781,70.16999816894531,71.7300033569336,15903900
2024-04-16,66.99694061279297,69.61000061035156,70.30699920654297,69.29000091552734,70.0199966430664,17478900
2024-04-17,66.2365951538086,68.81999969482422,70.01000213623047,68.7249984741211,69.70999908447266,12760600
2024-04-18,66.29434204101562,68.87999725341797,69.625,68.80000305175781,69.08999633789062,9491000
2024-04-19,66.47721099853516,69.06999969482422,69.1500015258789,68.36000061035156,68.41999816894531,13084100
2024-04-22,68.02677917480469,70.68000030517578,70.9000015258789,69.12000274658203,69.69499969482422,15015600
2024-04-23,69.78807830810547,72.51000213623047,72.80000305175781,70.98999786376953,71.08000183105469,15268200
2024-04-24,71.82849884033203,74.62999725341797,74.69999694824219,73.5,73.73999786376953,16375200
2024-04-25,72.29048156738281,75.11000061035156,75.19999694824219,73.80500030517578,73.80500030517578,11921900
2024-04-26,72.71395874023438,75.55000305175781,76.93000030517578,75.05999755859375,76.18499755859375,14216100
2024-04-29,73.54168701171875,76.41000366210938,76.52999877929688,75.22000122070312,75.6500015258789,13076400
2024-04-30,72.04023742675781,74.8499984741211,76.29000091552734,74.4800033569336,75.88999938964844,12856000
2024-05-01,72.67546844482422,75.51000213623047,76.25,74.87000274658203,74.98999786376953,10549100
2024-05-02,77.31452941894531,80.33000183105469,81.41500091552734,77.16000366210938,77.58999633789062,36663900
2024-05-03,78.27698516845703,81.33000183105469,81.37000274658203,79.69999694824219,81.2699966430664,19355800
2024-05-06,78.48873138427734,81.55000305175781,82.22000122070312,80.5,81.75499725341797,11826100
2024-05-07,76.39056396484375,79.37000274658203,79.93000030517578,78.81500244140625,79.93000030517578,14589100
2024-05-08,75.51472473144531,78.45999908447266,78.98999786376953,77.80999755859375,77.91999816894531,11327100
2024-05-09,76.47718048095703,79.45999908447266,79.91999816894531,78.70999908447266,79.5,9627300
2024-05-10,77.03541564941406,80.04000091552734,80.5199966430664,79.7699966430664,80.08000183105469,10819600
2024-05-13,81.42424011230469,84.5999984741211,85.0,82.5999984741211,82.70999908447266,32010700
2024-05-14,76.52530670166016,79.51000213623047,80.51000213623047,77.72000122070312,79.6500015258789,44687700
2024-05-15,77.94975280761719,80.98999786376953,81.12999725341797,79.77999877929688,80.38999938964844,17803300
2024-05-16,83.44540405273438,86.69999694824219,87.48999786376953,81.64600372314453,81.95999908447266,47259500
2024-05-17,85.21633911132812,88.54000091552734,90.45999908447266,86.83000183105469,87.5999984741211,35152900
2024-05-20,84.96609497070312,88.27999877929688,89.23999786376953,86.94999694824219,87.47000122070312,16737200
2024-05-21,82.89679718017578,86.12999725341797,87.16999816894531,85.31999969482422,86.5199966430664,16512400
2024-05-22,79.57630920410156,82.68000030517578,85.12999725341797,82.68000030517578,84.61000061035156,19717800
2024-05-23,77.76688385009766,80.80000305175781,82.94000244140625,80.05000305175781,81.43000030517578,23930300
2024-05-24,78.2096176147461,81.26000213623047,82.55999755859375,79.7300033569336,80.5,41456400
2024-05-28,77.55514526367188,80.58000183105469,81.72000122070312,80.04000091552734,80.80000305175781,15211800
2024-05-29,76.09220123291016,79.05999755859375,79.36000061035156,78.2300033569336,78.76000213623047,18448500
2024-05-30,76.64080047607422,79.62999725341797,80.19999694824219,78.69999694824219,78.86499786376953,13875900
2024-05-31,75.39922332763672,78.33999633789062,78.5,77.16999816894531,77.95999908447266,20023900
2024-06-03,74.97574615478516,77.9000015258789,79.31999969482422,77.22000122070312,79.0,14244400
2024-06-04,75.50509643554688,78.44999694824219,78.85700225830078,77.7750015258789,78.18000030517578,10784400
2024-06-05,76.83329772949219,79.83000183105469,79.93499755859375,78.86000061035156,78.9800033569336,13716200
2024-06-06,77.00653839111328,80.01000213623047,80.05500030517578,78.76000213623047,79.41999816894531,11205300
2024-06-07,75.46660614013672,78.41000366210938,79.31999969482422,78.13500213623047,78.94999694824219,12190300
2024-06-10,76.32319641113281,79.30000305175781,79.73999786376953,78.23999786376953,78.56999969482422,9475200
2024-06-11,74.97574615478516,77.9000015258789,79.08000183105469,77.66999816894531,79.0,11108400
2024-06-12,75.1104965209961,78.04000091552734,78.79000091552734,77.63999938964844,78.75,12069600
2024-06-13,74.42212677001953,75.68000030517578,76.98999786376953,75.48999786376953,76.5,14026700
2024-06-14,72.13085174560547,73.3499984741211,74.29000091552734,73.26000213623047,74.20999908447266,18282700
2024-06-17,73.3109130859375,74.55000305175781,75.08000183105469,73.83000183105469,74.0250015258789,13466300
2024-06-18,73.22240447998047,74.45999908447266,75.0999984741211,73.8499984741211,74.08499908447266,10305300
2024-06-20,73.1142349243164,74.3499984741211,75.2490005493164,74.02999877929688,74.56999969482422,9709400
2024-06-21,72.4455337524414,73.66999816894531,74.6500015258789,73.66999816894531,73.79000091552734,10183400
2024-06-24,73.54692077636719,74.79000091552734,75.93499755859375,74.12000274658203,74.12000274658203,20134400
2024-06-25,72.56354522705078,73.79000091552734,74.76000213623047,73.61000061035156,74.5,16914100
2024-06-26,72.93722534179688,74.16999816894531,74.3499984741211,73.66999816894531,73.92500305175781,7010100
2024-06-27,71.16714477539062,72.37000274658203,73.55000305175781,72.3499984741211,73.45999908447266,11865100
2024-06-28,70.80329132080078,72.0,72.55500030517578,71.80000305175781,72.37000274658203,10335000
2024-07-01,70.98030090332031,72.18000030517578,73.0199966430664,72.0199966430664,72.51000213623047,9034200
2024-07-02,72.45536804199219,73.68000030517578,73.7770004272461,71.97000122070312,72.31999969482422,13419100
2024-07-03,74.31395721435547,75.56999969482422,75.80500030517578,74.18000030517578,74.18000030517578,11768500
2024-07-05,73.28140258789062,74.5199966430664,74.71499633789062,73.61000061035156,74.66999816894531,14928700
2024-07-08,72.27835845947266,73.5,73.70999908447266,72.94999694824219,73.61000061035156,10919400
2024-07-09,74.4417953491211,75.69999694824219,76.05999755859375,73.97000122070312,74.01000213623047,14458100
2024-07-10,74.74664306640625,76.01000213623047,76.65499877929688,75.25,75.27999877929688,12235200
2024-07-11,77.21492004394531,78.5199966430664,78.83000183105469,77.4219970703125,77.66000366210938,18896900
2024-07-12,78.32614135742188,79.6500015258789,81.01000213623047,79.42500305175781,80.30000305175781,14857200
2024-07-15,76.7134017944336,78.01000213623047,78.5999984741211,77.44999694824219,78.08999633789062,12614900
2024-07-16,77.0772476196289,78.37999725341797,78.58000183105469,76.9800033569336,77.29000091552734,12304500
2024-07-17,75.759521484375,77.04000091552734,77.94999694824219,76.48999786376953,77.86000061035156,10815500
2024-07-18,75.26783752441406,76.54000091552734,78.31999969482422,76.36499786376953,77.36000061035156,11108600
2024-07-19,74.01893615722656,75.2699966430664,76.04499816894531,75.18000030517578,75.66000366210938,7557300
2024-07-22,75.36617279052734,76.63999938964844,77.19000244140625,76.26000213623047,76.83000183105469,9166800
2024-07-23,74.83514404296875,76.0999984741211,76.31999969482422,75.44000244140625,75.67500305175781,7997100
2024-07-24,74.5401382446289,75.80000305175781,77.05999755859375,75.72000122070312,76.1500015258789,7924700
2024-07-25,74.14678192138672,75.4000015258789,76.21499633789062,75.12999725341797,75.37000274658203,8172600
2024-07-26,75.25799560546875,76.52999877929688,76.7699966430664,74.55000305175781,75.26000213623047,10884500
2024-07-29,77.31326293945312,78.62000274658203,79.4000015258789,78.20500183105469,78.45999908447266,17364100
2024-07-30,76.70356750488281,78.0,78.79000091552734,77.69999694824219,78.22000122070312,8431900
2024-07-31,77.53943634033203,78.8499984741211,80.01499938964844,78.33999633789062,79.33000183105469,12178600
2024-08-01,76.68390655517578,77.9800033569336,79.36000061035156,77.83999633789062,78.7699966430664,8559600
2024-08-02,76.16270446777344,77.44999694824219,77.47000122070312,75.76499938964844,76.79000091552734,10808700
2024-08-05,75.70052337646484,76.9800033569336,77.25499725341797,73.87000274658203,74.02999877929688,16143300
2024-08-06,76.60523223876953,77.9000015258789,78.8499984741211,76.51000213623047,76.51000213623047,12128900
2024-08-07,76.53639221191406,77.83000183105469,78.94000244140625,77.45999908447266,78.91999816894531,9693900
2024-08-08,78.97517395019531,80.30999755859375,80.30999755859375,78.75,78.8499984741211,14004300
2024-08-09,78.66049194335938,79.98999786376953,80.22000122070312,79.19499969482422,79.97000122070312,7755900
2024-08-12,79.56520080566406,80.91000366210938,81.5,80.2300033569336,80.58999633789062,12127700
2024-08-13,79.75203704833984,81.0999984741211,81.4000015258789,80.68000030517578,80.96499633789062,9365700
2024-08-14,78.14913177490234,79.47000122070312,80.9800033569336,78.06999969482422,80.55000305175781,18058100
2024-08-15,78.21797180175781,79.54000091552734,81.87999725341797,77.73999786376953,77.9000015258789,31619400
2024-08-16,81.79747009277344,83.18000030517578,84.16000366210938,81.9800033569336,82.05000305175781,25249200
2024-08-19,82.51534271240234,83.91000366210938,84.9000015258789,83.48999786376953,83.9800033569336,14751000
2024-08-20,79.69303894042969,81.04000091552734,82.5999984741211,80.7750015258789,82.45999908447266,17880100
2024-08-21,82.14165496826172,83.52999877929688,83.80000305175781,81.70999908447266,81.8499984741211,14690000
2024-08-22,81.58112335205078,82.95999908447266,83.79000091552734,81.83000183105469,83.5,9729000
2024-08-23,83.99040985107422,85.41000366210938,85.79000091552734,84.36000061035156,84.9000015258789,17318000
2024-08-26,80.40107727050781,81.76000213623047,82.30500030517578,80.37000274658203,81.88999938964844,29321700
2024-08-27,80.09622192382812,81.44999694824219,82.6500015258789,81.2699966430664,82.2699966430664,9026100
2024-08-28,78.29664611816406,79.62000274658203,81.27999877929688,79.20500183105469,81.125,14024400
2024-08-29,79.67337036132812,81.0199966430664,81.46499633789062,80.45999908447266,81.23999786376953,14154200
2024-08-30,81.9548110961914,83.33999633789062,84.75,82.58000183105469,84.72000122070312,20027300
2024-09-03,80.90259552001953,82.2699966430664,83.0199966430664,81.69999694824219,81.77999877929688,11638200
2024-09-04,81.09927368164062,82.47000122070312,83.4000015258789,82.30000305175781,82.87000274658203,11114100
2024-09-05,81.0599365234375,82.43000030517578,83.01000213623047,82.0,82.1050033569336,8461000
2024-09-06,79.8307113647461,81.18000030517578,82.62000274658203,81.16999816894531,82.12000274658203,11712700
2024-09-09,80.08639526367188,81.44000244140625,81.625,80.31999969482422,80.93000030517578,10434400
2024-09-10,82.40716552734375,83.80000305175781,84.30000305175781,82.71499633789062,83.80000305175781,15327800
2024-09-11,83.40037536621094,84.80999755859375,84.83999633789062,83.5,83.57499694824219,11551700
2024-09-12,84.06907653808594,85.48999786376953,85.68000030517578,84.86000061035156,85.02999877929688,10775000
2024-09-13,83.28237915039062,84.69000244140625,84.88999938964844,83.81999969482422,84.38999938964844,8985500
2024-09-16,82.21048736572266,83.5999984741211,84.37999725341797,83.26000213623047,84.03500366210938,11298200
2024-09-17,83.29220581054688,84.69999694824219,85.7699966430664,84.62999725341797,84.81999969482422,10113900
2024-09-18,83.01686096191406,84.41999816894531,85.0,84.04000091552734,84.8499984741211,7858800
2024-09-19,87.01921081542969,88.48999786376953,88.56500244140625,86.94999694824219,87.625,18618400
2024-09-20,86.82254028320312,88.29000091552734,89.5199966430664,88.05000305175781,89.22000122070312,12277000
2024-09-23,88.59261322021484,90.08999633789062,91.1500015258789,89.31999969482422,89.47000122070312,19744100
2024-09-24,95.57461547851562,97.19000244140625,97.5,94.4000015258789,96.06999969482422,47423200
2024-09-25,93.87336730957031,95.45999908447266,96.18000030517578,94.05999755859375,94.37999725341797,18816600
2024-09-26,103.32363891601562,105.06999969482422,105.97000122070312,101.76000213623047,102.69000244140625,67261600
2024-09-27,105.54607391357422,107.33000183105469,109.43000030517578,105.7300033569336,105.97000122070312,50075200
2024-09-30,104.35618591308594,106.12000274658203,112.22000122070312,106.1050033569336,111.72000122070312,58561500
2024-10-01,110.86615753173828,112.73999786376953,112.79000091552734,106.1500015258789,106.41999816894531,44505000
2024-10-02,113.33443450927734,115.25,116.56999969482422,112.22000122070312,115.30999755859375,53732800
2024-10-03,110.96449279785156,112.83999633789062,114.08999633789062,110.62999725341797,110.9000015258789,29267000
2024-10-04,112.62640380859375,114.52999877929688,115.7300033569336,113.75,115.66500091552734,25644200
2024-10-07,115.56670379638672,117.5199966430664,117.81999969482422,113.37000274658203,117.44999694824219,38404000
2024-10-08,107.85701751708984,109.68000030517578,110.76000213623047,108.04000091552734,110.0999984741211,37414400
2024-10-09,106.09676361083984,107.88999938964844,109.37999725341797,105.62000274658203,105.80000305175781,28793000
2024-10-10,107.46366119384766,109.27999877929688,110.83999633789062,107.4800033569336,108.9800033569336,19736600
2024-10-11,108.30937194824219,110.13999938964844,111.05000305175781,107.22000122070312,108.05000305175781,18042600
2024-10-14,106.01809692382812,107.80999755859375,110.08000183105469,106.91999816894531,108.30999755859375,21351600
2024-10-15,100.14732360839844,101.83999633789062,104.41000366210938,101.63999938964844,103.98999786376953,28942600
2024-10-16,100.47183990478516,102.16999816894531,103.8499984741211,101.77999877929688,102.50499725341797,16432600
2024-10-17,98.40674591064453,100.06999969482422,101.44999694824219,99.55000305175781,101.25,15808200
2024-10-18,100.7275161743164,102.43000030517578,103.36499786376953,101.66000366210938,103.36499786376953,20824600
2024-10-21,99.2327880859375,100.91000366210938,101.6500015258789,100.11499786376953,100.4749984741211,10328600
2024-10-22,98.7902603149414,100.45999908447266,101.88999938964844,99.80000305175781,100.01000213623047,20650100
2024-10-23,96.37114715576172,98.0,100.22000122070312,97.73500061035156,100.16500091552734,13638200
2024-10-24,94.75840759277344,96.36000061035156,97.41000366210938,95.5199966430664,96.79000091552734,13602900
2024-10-25,95.80078887939453,97.41999816894531,98.9000015258789,97.05000305175781,98.30000305175781,16977100
2024-10-28,98.26907348632812,99.93000030517578,101.05000305175781,98.77999877929688,99.02999877929688,16044400
2024-10-29,98.17073059082031,99.83000183105469,101.44999694824219,99.52999877929688,101.44999694824219,13685400
2024-10-30,97.05950927734375,98.69999694824219,99.80000305175781,97.58000183105469,98.21499633789062,10179900
2024-10-31,96.35148620605469,97.9800033569336,98.0999984741211,96.75499725341797,97.80000305175781,8379300
2024-11-01,95.9581298828125,97.58000183105469,98.30000305175781,97.41999816894531,98.22000122070312,8501000
2024-11-04,96.7645034790039,98.4000015258789,99.87999725341797,98.36000061035156,98.81999969482422,8681900
2024-11-05,97.56103515625,99.20999908447266,101.08999633789062,98.95500183105469,99.97000122070312,10804200
2024-11-06,95.12226104736328,96.7300033569336,97.31999969482422,94.76000213623047,95.80000305175781,18162900
2024-11-07,98.47557830810547,100.13999938964844,101.0999984741211,99.18000030517578,99.26000213623047,16340400
2024-11-08,92.62447357177734,94.19000244140625,96.37999725341797,93.69000244140625,96.11000061035156,24879800
2024-11-11,93.83403015136719,95.41999816894531,96.80000305175781,95.04499816894531,96.16000366210938,12556700
2024-11-12,90.25453186035156,91.77999877929688,93.33000183105469,91.02999877929688,92.68000030517578,21641900
2024-11-13,90.47087097167969,92.0,92.87000274658203,91.27999877929688,92.55000305175781,12874500
2024-11-14,89.07447814941406,90.58000183105469,91.55500030517578,90.01000213623047,90.88999938964844,16946800
2024-11-15,87.11754608154297,88.58999633789062,90.69999694824219,87.2300033569336,90.19999694824219,31018300
2024-11-18,87.86492156982422,89.3499984741211,89.5,87.8499984741211,88.9000015258789,13482000
2024-11-19,85.66214752197266,87.11000061035156,87.94000244140625,86.81800079345703,87.16000366210938,19289000
2024-11-20,85.32779693603516,86.7699966430664,87.54000091552734,86.5,87.04000091552734,15174500
2024-11-21,84.15758514404297,85.58000183105469,87.04000091552734,85.44499969482422,86.9800033569336,15869200
2024-11-22,81.74829864501953,83.12999725341797,83.68000030517578,82.63500213623047,83.5999984741211,24999200
2024-11-25,84.15758514404297,85.58000183105469,85.875,83.75,84.25,15120100
2024-11-26,83.76422882080078,85.18000030517578,86.08000183105469,84.86000061035156,85.81500244140625,10241500
2024-11-27,85.15078735351562,86.58999633789062,87.54000091552734,86.47000122070312,86.97000122070312,13607600
2024-11-29,85.91783142089844,87.37000274658203,87.48999786376953,85.97000122070312,86.41999816894531,7553500
2024-12-02,84.52143096923828,85.94999694824219,87.0,85.2699966430664,86.94000244140625,16537200
2024-12-03,84.25592041015625,85.68000030517578,86.63999938964844,85.37999725341797,86.00499725341797,13660700
2024-12-04,83.51838684082031,84.93000030517578,85.98999786376953,84.2699966430664,85.94999694824219,13613700
2024-12-05,82.75135040283203,84.1500015258789,85.0999984741211,83.92500305175781,84.79499816894531,12979600
2024-12-06,84.50176239013672,85.93000030517578,86.69000244140625,85.9000015258789,86.01000213623047,11751500
2024-12-09,90.78555297851562,92.31999969482422,94.12000274658203,91.83000183105469,92.01000213623047,32767300
2024-12-10,88.33694458007812,89.83000183105469,90.55999755859375,89.49500274658203,89.78500366210938,13859200
2024-12-11,87.5010757446289,88.9800033569336,89.16500091552734,88.0,88.8949966430664,9866000
2024-12-12,87.74691772460938,89.2300033569336,90.0,88.48999786376953,89.03500366210938,9951200
2024-12-13,86.3603515625,87.81999969482422,88.38999938964844,87.23999786376953,88.19000244140625,11608600
2024-12-16,84.62960052490234,86.05999755859375,86.91899871826172,85.87000274658203,85.95999908447266,13216600
2024-12-17,85.70148468017578,87.1500015258789,87.5999984741211,85.4000015258789,85.5,13288700
2024-12-18,83.58721923828125,85.0,87.22000122070312,84.8280029296875,86.39099884033203,11319500
2024-12-19,82.90868377685547,84.30999755859375,85.38999938964844,84.23999786376953,85.0,13795100
2024-12-20,80.91242980957031,82.27999877929688,83.0,81.69999694824219,82.20999908447266,21270500
2024-12-23,83.72489166259766,85.13999938964844,85.30999755859375,82.7699966430664,82.8499984741211,20055100
2024-12-24,84.09857177734375,85.5199966430664,85.88999938964844,85.0,85.69999694824219,5235400
2024-12-26,84.6492691040039,86.08000183105469,87.2699966430664,85.55999755859375,85.72000122070312,12008600
2024-12-27,83.6462173461914,85.05999755859375,85.2699966430664,84.29000091552734,84.88999938964844,8629400
2024-12-30,82.73168182373047,84.12999725341797,84.94999694824219,83.52999877929688,84.16999816894531,10731000
2024-12-31,83.3807144165039,84.79000091552734,85.3499984741211,84.41999816894531,84.41999816894531,7415000
2025-01-02,83.53804779052734,84.94999694824219,85.43000030517578,84.19999694824219,84.38999938964844,10635700
2025-01-03,84.11824798583984,85.54000091552734,85.55000305175781,84.76000213623047,85.0999984741211,7689500
2025-01-06,84.09857177734375,85.5199966430664,87.36000061035156,85.08000183105469,86.55000305175781,18077100
2025-01-07,83.07586669921875,84.4800033569336,85.11000061035156,83.77999877929688,84.30500030517578,11144100
2025-01-08,82.29899597167969,83.69000244140625,83.79000091552734,82.72000122070312,83.08999633789062,9661800
2025-01-10,79.19151306152344,80.52999877929688,82.25,80.4000015258789,82.25,15393900
2025-01-13,79.20134735107422,80.54000091552734,81.08000183105469,80.05999755859375,80.1500015258789,10726600
2025-01-14,80.32240295410156,81.68000030517578,82.6500015258789,81.48999786376953,82.38999938964844,8773700
2025-01-15,81.06977081298828,82.44000244140625,82.79000091552734,82.1500015258789,82.62999725341797,11655700
2025-01-16,81.0599365234375,82.43000030517578,82.58999633789062,81.81999969482422,82.0199966430664,7566500
2025-01-17,83.70523071289062,85.12000274658203,85.58999633789062,83.02999877929688,83.19999694824219,21132400
2025-01-21,83.96089935302734,85.37999725341797,86.9000015258789,84.91999816894531,86.87000274658203,17099500
2025-01-22,84.96395111083984,86.4000015258789,86.54000091552734,84.41999816894531,85.0,10354800
2025-01-23,84.66893768310547,86.0999984741211,86.19999694824219,84.95999908447266,85.80000305175781,9225600
2025-01-24,87.65840911865234,89.13999938964844,89.19000244140625,86.4800033569336,86.70999908447266,18791000
2025-01-27,88.49427795410156,89.98999786376953,91.43000030517578,89.22000122070312,90.58999633789062,25999800
2025-01-28,94.43389129638672,96.02999877929688,96.43000030517578,89.9000015258789,90.94000244140625,31296300
2025-01-29,95.1124267578125,96.72000122070312,101.27999877929688,96.44999694824219,99.38999938964844,75053000
2025-01-30,101.03236389160156,102.73999786376953,103.66500091552734,97.13999938964844,97.30000305175781,45929000
2025-01-31,97.19718170166016,98.83999633789062,102.5,98.0,102.0,36416400
2025-02-03,96.97100830078125,98.61000061035156,101.87000274658203,96.06999969482422,96.50499725341797,29282900
2025-02-04,100.64884948730469,102.3499984741211,103.61000061035156,99.68000030517578,100.58999633789062,29877500
2025-02-05,97.62987518310547,99.27999877929688,101.81999969482422,99.02999877929688,100.16500091552734,17017900
2025-02-06,98.71158599853516,100.37999725341797,101.73999786376953,99.86499786376953,101.25,12774600
2025-02-07,101.78956604003906,103.51000213623047,107.51000213623047,103.0,104.45999908447266,39538200
2025-02-10,109.46975708007812,111.31999969482422,111.6500015258789,106.69999694824219,107.31999969482422,42429400
2025-02-11,110.90548706054688,112.77999877929688,115.54000091552734,111.0,113.95999908447266,55001300
2025-02-12,116.36324310302734,118.33000183105469,119.80999755859375,114.96499633789062,115.81999969482422,44024700
2025-02-13,117.55313110351562,119.54000091552734,119.56999969482422,114.76000213623047,115.33000183105469,34429300
2025-02-14,122.65687561035156,124.7300033569336,126.80000305175781,120.49500274658203,126.58999633789062,52729800
2025-02-18,124.79080200195312,126.9000015258789,129.02000427246094,125.61000061035156,127.73999786376953,42152800
2025-02-19,123.69925689697266,125.79000091552734,127.69999694824219,124.94999694824219,126.0,35155200
2025-02-20,133.71005249023438,135.97000122070312,144.50999450683594,131.41000366210938,137.80999755859375,118849000
2025-02-21,141.36074829101562,143.75,145.3000030517578,141.10000610351562,141.60000610351562,73892100
2025-02-24,126.89522552490234,129.0399932861328,135.8000030517578,128.44000244140625,135.8000030517578,74118300
2025-02-25,131.78262329101562,134.00999450683594,134.47000122070312,130.75,132.7899932861328,38881100
2025-02-26,136.7683563232422,139.0800018310547,141.9499969482422,138.2899932861328,140.0,40543000
2025-02-27,134.28041076660156,136.5500030517578,140.10499572753906,135.8699951171875,138.6750030517578,23859400
2025-02-28,130.30755615234375,132.50999450683594,133.9499969482422,130.13999938964844,130.9499969482422,24862600
2025-03-03,128.6358184814453,130.80999755859375,134.71499633789062,129.55999755859375,134.00999450683594,22528000
2025-03-04,127.69178009033203,129.85000610351562,132.10000610351562,126.0999984741211,129.60000610351562,25366500
2025-03-05,138.68594360351562,141.02999877929688,141.8300018310547,133.33999633789062,134.3699951171875,37284600
2025-03-06,137.6239013671875,139.9499969482422,144.75999450683594,138.08999633789062,142.1999969482422,35482100
2025-03-07,138.2827606201172,140.6199951171875,145.36000061035156,139.3800048828125,142.9199981689453,31904400
2025-03-10,130.33705139160156,132.5399932861328,137.9499969482422,131.0,135.9949951171875,33484200
2025-03-11,136.70936584472656,139.02000427246094,141.33299255371094,136.0399932861328,138.16000366210938,29094800
2025-03-12,134.86061096191406,137.13999938964844,138.9499969482422,135.27999877929688,138.40499877929688,23880900
2025-03-13,136.05050659179688,138.35000610351562,140.27999877929688,134.33999633789062,134.77000427246094,20516300
2025-03-14,138.75479125976562,141.10000610351562,141.82000732421875,139.4499969482422,141.35000610351562,17381900
2025-03-17,145.11724853515625,147.57000732421875,148.42999267578125,140.02999877929688,140.16000366210938,33897000
2025-03-18,140.36753845214844,142.74000549316406,146.8699951171875,142.5,146.3800048828125,20950100
2025-03-19,140.81988525390625,143.1999969482422,145.1999969482422,141.8699951171875,145.07000732421875,16333800
2025-03-20,134.63442993164062,136.91000366210938,138.99000549316406,136.3699951171875,137.1750030517578,23646800
2025-03-21,132.8938446044922,135.13999938964844,136.47000122070312,133.3000030517578,133.99000549316406,13970300
2025-03-24,132.24481201171875,134.47999572753906,136.42999267578125,133.6300048828125,136.3300018310547,14019000
2025-03-25,130.54356384277344,132.75,136.2449951171875,132.35000610351562,132.94000244140625,17943400
2025-03-26,130.04205322265625,132.24000549316406,134.66000366210938,131.1300048828125,133.52999877929688,15933500
2025-03-27,133.37570190429688,135.6300048828125,137.78500366210938,132.8800048828125,133.4499969482422,16688300
2025-03-28,130.2288818359375,132.42999267578125,134.2100067138672,131.39999389648438,133.5,13271500
2025-03-31,130.03221130371094,132.22999572753906,132.8699951171875,128.0,130.02999877929688,12183800
2025-04-01,130.49440002441406,132.6999969482422,134.10000610351562,131.52999877929688,132.75,11627500
2025-04-02,127.63275909423828,129.7899932861328,132.8300018310547,129.14999389648438,131.9600067138672,21240900
2025-04-03,127.180419921875,129.3300018310547,130.6699981689453,125.5,125.6449966430664,30607600
2025-04-04,114.60299682617188,116.54000091552734,118.87000274658203,111.30000305175781,117.56999969482422,57154500
2025-04-07,104.21851348876953,105.9800033569336,114.12000274658203,102.63999938964844,106.62000274658203,61386600
2025-04-08,97.7183837890625,99.37000274658203,109.0,97.75,108.26000213623047,52100200
2025-04-09,103.03845977783203,104.77999877929688,107.04000091552734,95.7300033569336,100.5999984741211,74981900
2025-04-10,102.44843292236328,104.18000030517578,108.44999694824219,101.37000274658203,106.86000061035156,53133400
2025-04-11,105.9394302368164,107.7300033569336,108.04399871826172,102.19000244140625,104.77999877929688,40522800
2025-04-14,112.07571411132812,113.97000122070312,116.0,111.69999694824219,111.87000274658203,32926100
2025-04-15,110.41380310058594,112.27999877929688,114.0,111.47000122070312,113.77999877929688,16172300
2025-04-16,104.97571563720703,106.75,108.97000122070312,105.94999694824219,108.17500305175781,18031600
2025-04-17,107.06047821044922,108.87000274658203,111.51499938964844,108.41999816894531,110.83499908447266,17885000
2025-04-21,108.31920623779297,110.1500015258789,110.2300033569336,107.2699966430664,108.7300033569336,12145700
2025-04-22,113.95396423339844,115.87999725341797,117.43000030517578,113.01000213623047,114.36000061035156,27662400
2025-04-23,116.99260711669922,118.97000122070312,123.80999755859375,118.75,119.58999633789062,25762800
2025-04-24,117.30728912353516,119.29000091552734,119.33999633789062,117.58000183105469,117.93499755859375,13696000
2025-04-25,118.28083038330078,120.27999877929688,120.48999786376953,118.2699966430664,118.58000183105469,9306400
2025-04-28,116.40258026123047,118.37000274658203,120.66999816894531,117.29000091552734,119.5,10748000
2025-04-29,116.90409851074219,118.87999725341797,119.87999725341797,117.69000244140625,117.7300033569336,8295500
2025-04-30,117.44496154785156,119.43000030517578,119.94000244140625,118.19000244140625,119.08999633789062,10144800
2025-05-01,118.52667999267578,120.52999877929688,121.44999694824219,119.36000061035156,120.19000244140625,8690200
2025-05-02,123.66975402832031,125.76000213623047,126.62000274658203,124.25,126.00499725341797,18092500
2025-05-05,124.4662857055664,126.56999969482422,127.12999725341797,124.70999908447266,125.0,9868800
2025-05-06,125.53817749023438,127.66000366210938,129.72999572753906,127.48500061035156,128.4550018310547,17919700
2025-05-07,121.18180847167969,123.2300033569336,124.96499633789062,122.91000366210938,124.91000366210938,15979200
2025-05-08,123.69925689697266,125.79000091552734,126.81500244140625,124.16999816894531,125.3499984741211,10846800
2025-05-09,123.24690246582031,125.33000183105469,127.7699966430664,125.19000244140625,126.98999786376953,11172200
2025-05-12,130.34689331054688,132.5500030517578,134.07000732421875,132.3000030517578,133.8699951171875,22631700
2025-05-13,129.46185302734375,131.64999389648438,133.031005859375,130.1999969482422,131.0,16123600
2025-05-14,131.82196044921875,134.0500030517578,134.50999450683594,132.64999389648438,134.0749969482422,18278300
2025-05-15,121.84066772460938,123.9000015258789,126.31999969482422,122.6500015258789,126.23999786376953,35442800
2025-05-16,121.4079818725586,123.45999908447266,126.0999984741211,123.30999755859375,125.77999877929688,20090000
2025-05-19,120.91629028320312,122.95999908447266,123.05999755859375,120.0,120.18000030517578,11197000
2025-05-20,123.07972717285156,125.16000366210938,125.22000122070312,124.1500015258789,124.29000091552734,11790000
2025-05-21,121.53581237792969,123.58999633789062,126.05999755859375,122.7699966430664,125.44999694824219,8521400
2025-05-22,119.46089172363281,121.4800033569336,122.16999816894531,120.91999816894531,121.48999786376953,7820900
2025-05-23,118.72335815429688,120.7300033569336,121.04199981689453,119.28399658203125,119.58000183105469,7163400
2025-05-27,117.53346252441406,119.5199966430664,120.00499725341797,118.88999938964844,119.875,8544500
2025-05-28,114.79966735839844,116.73999786376953,117.91999816894531,116.51000213623047,117.44999694824219,11707700
2025-05-29,115.23236083984375,117.18000030517578,119.33999633789062,116.69999694824219,119.03500366210938,12356300
2025-05-30,111.94786834716797,113.83999633789062,115.06999969482422,111.5999984741211,115.01000213623047,17213200
2025-06-02,112.8427505493164,114.75,115.4000015258789,113.65899658203125,114.9000015258789,13147200
2025-06-03,113.05908966064453,114.97000122070312,115.80999755859375,114.41500091552734,115.37999725341797,14008900
2025-06-04,117.46463012695312,119.44999694824219,120.0,116.66000366210938,116.81500244140625,18115500
2025-06-05,117.96614837646484,119.95999908447266,121.55000305175781,119.13999938964844,120.94999694824219,15332200
2025-06-06,117.39579010009766,119.37999725341797,119.7699966430664,118.22000122070312,119.0,9753200
2025-06-09,119.46089172363281,121.4800033569336,122.15499877929688,120.12000274658203,121.08999633789062,10410600
2025-06-10,119.85424041748047,121.87999725341797,122.16000366210938,119.87999725341797,120.61499786376953,8892800
2025-06-11,118.33000183105469,120.33000183105469,123.45999908447266,120.05000305175781,122.62999725341797,10443100
2025-06-12,116.62000274658203,116.62000274658203,117.55000305175781,115.94999694824219,117.5199966430664,10204500
2025-06-13,112.87000274658203,112.87000274658203,114.77999877929688,112.26899719238281,113.66999816894531,13355100
2025-06-16,115.95999908447266,115.95999908447266,116.9000015258789,114.87000274658203,114.9800033569336,10242900
2025-06-17,115.02999877929688,115.02999877929688,116.61000061035156,115.02999877929688,115.94000244140625,10205700
2025-06-18,113.48999786376953,113.48999786376953,114.30000305175781,113.0199966430664,113.63999938964844,14002300
2025-06-20,113.01000213623047,113.01000213623047,114.427001953125,112.62200164794922,114.11000061035156,12737300
2025-06-23,113.08999633789062,113.08999633789062,113.08999633789062,111.26000213623047,112.11499786376953,12536500
2025-06-24,117.01000213623047,117.01000213623047,117.31999969482422,113.62000274658203,114.61499786376953,17125100
2025-06-25,114.55000305175781,114.55000305175781,117.44999694824219,114.16999816894531,117.19999694824219,12835500
2025-06-26,113.93000030517578,113.93000030517578,114.19999694824219,113.37999725341797,114.0999984741211,8388000
2025-06-27,114.08000183105469,114.08000183105469,115.5,113.31999969482422,114.37000274658203,12355500
2025-06-30,113.41000366210938,113.41000366210938,113.48999786376953,111.4000015258789,112.45999908447266,10457300
2025-07-01,113.97000122070312,113.97000122070312,114.79000091552734,112.73999786376953,112.94999694824219,9243200
2025-07-02,110.70999908447266,110.70999908447266,111.81999969482422,110.37000274658203,111.56999969482422,13843800
2025-07-03,108.69999694824219,108.69999694824219,109.08000183105469,107.94999694824219,108.33499908447266,11847200
2025-07-07,106.2699966430664,106.2699966430664,108.19999694824219,105.94000244140625,107.43000030517578,17446200
2025-07-08,107.98999786376953,107.98999786376953,109.12999725341797,107.91000366210938,108.76499938964844,11319900
2025-07-09,103.83000183105469,103.83000183105469,105.5250015258789,103.70999908447266,105.4800033569336,24609300
2025-07-10,106.63999938964844,106.63999938964844,106.76000213623047,104.41400146484375,105.13999938964844,13554500
2025-07-11,106.72000122070312,106.72000122070312,107.41999816894531,106.30000305175781,106.91000366210938,10774600
2025-07-14,108.22000122070312,108.22000122070312,108.80000305175781,107.19000244140625,107.6449966430664,13231300
2025-07-15,116.97000122070312,116.97000122070312,117.21499633789062,113.2040023803711,114.65499877929688,34785400
2025-07-16,115.7300033569336,115.7300033569336,116.02999877929688,114.04000091552734,115.5,14439000
2025-07-17,117.30000305175781,117.30000305175781,118.19999694824219,114.86000061035156,115.04000091552734,14573600
2025-07-18,120.2300033569336,120.2300033569336,122.16000366210938,119.7699966430664,121.37999725341797,26787700
2025-07-21,120.2699966430664,120.2699966430664,122.30999755859375,118.25,119.51000213623047,17937600
2025-07-22,120.70999908447266,120.70999908447266,121.83999633789062,119.0,120.44000244140625,11551500
2025-07-23,122.58000183105469,122.58000183105469,123.86499786376953,121.4000015258789,122.79499816894531,12874200
2025-07-24,121.1500015258789,121.1500015258789,123.98999786376953,120.44999694824219,121.8499984741211,11378400
2025-07-25,120.02999877929688,120.02999877929688,120.4800033569336,119.33999633789062,120.19000244140625,7060600
2025-07-28,122.1500015258789,122.1500015258789,123.44999694824219,121.52999877929688,122.02999877929688,11207400
2025-07-29,119.36000061035156,119.36000061035156,122.87000274658203,119.05000305175781,122.48999786376953,13599700
2025-07-30,117.37999725341797,117.37999725341797,119.58999633789062,116.83999633789062,119.04499816894531,12794100
2025-07-31,120.62999725341797,120.62999725341797,121.33999633789062,117.5199966430664,117.81999969482422,13650400
2025-08-01,117.06999969482422,117.06999969482422,118.37000274658203,116.11000061035156,118.05999755859375,12424300
2025-08-04,117.5,117.5,119.48999786376953,116.86000061035156,118.3499984741211,7272100
2025-08-05,117.04000091552734,117.04000091552734,118.6500015258789,116.87000274658203,118.0999984741211,5885600
2025-08-06,120.86000061035156,120.86000061035156,121.29000091552734,117.7699966430664,118.87999725341797,12079600
2025-08-07,120.95999908447266,120.95999908447266,122.27999877929688,119.5999984741211,121.33999633789062,9480600
2025-08-08,120.36000061035156,120.36000061035156,120.69999694824219,118.65499877929688,119.31999969482422,9763600
2025-08-11,118.63999938964844,118.63999938964844,121.30000305175781,118.12000274658203,120.43000030517578,12072000
2025-08-12,122.41999816894531,122.41999816894531,122.79000091552734,118.0999984741211,118.80999755859375,11939800
2025-08-13,126.86000061035156,126.86000061035156,127.93000030517578,125.08000183105469,126.69000244140625,19362500
2025-08-14,122.27999877929688,122.27999877929688,123.93000030517578,121.33999633789062,123.7300033569336,15045600
2025-08-15,121.26000213623047,121.26000213623047,122.18900299072266,120.68000030517578,120.9800033569336,11141800
2025-08-18,121.4000015258789,121.4000015258789,123.1500015258789,120.9000015258789,121.91999816894531,8550400
2025-08-19,119.98999786376953,119.98999786376953,122.58000183105469,119.98999786376953,121.58000183105469,8106100
2025-08-20,119.48999786376953,119.48999786376953,120.80999755859375,118.66999816894531,119.91999816894531,7095800
2025-08-21,118.08999633789062,118.08999633789062,119.2699966430664,117.51000213623047,117.87999725341797,8231200
2025-08-22,122.94000244140625,122.94000244140625,123.4000015258789,120.27999877929688,120.4749984741211,13855300
2025-08-25,124.3499984741211,124.3499984741211,126.7300033569336,123.5,125.18000030517578,12888400
2025-08-26,124.19000244140625,124.19000244140625,126.0,123.72000122070312,125.29499816894531,8706100
2025-08-27,122.2300033569336,122.2300033569336,122.51499938964844,120.79000091552734,121.19999694824219,13833100
2025-08-28,119.56999969482422,119.56999969482422,121.25,117.5999984741211,119.52999877929688,14501100
2025-08-29,135.0,135.0,136.64999389648438,128.50999450683594,128.8800048828125,82165100
2025-09-02,138.5500030517578,138.5500030517578,138.8300018310547,133.05999755859375,134.47000122070312,41625400
2025-09-03,136.4499969482422,136.4499969482422,137.77000427246094,135.5800018310547,136.6999969482422,16470500
2025-09-04,130.9199981689453,130.9199981689453,134.25,130.05999755859375,133.16000366210938,24730900
2025-09-05,135.5800018310547,135.5800018310547,135.61000061035156,132.6999969482422,135.02999877929688,19202500
2025-09-08,141.1999969482422,141.1999969482422,141.22000122070312,138.7689971923828,139.8800048828125,20095300
2025-09-09,147.10000610351562,147.10000610351562,148.0,144.64999389648438,145.39999389648438,32792300
2025-09-10,143.92999267578125,143.92999267578125,145.9199981689453,143.22999572753906,145.4199981689453,21079900
2025-09-11,155.44000244140625,155.44000244140625,156.8489990234375,147.86000061035156,148.1199951171875,50089200
2025-09-12,155.05999755859375,155.05999755859375,155.4600067138672,152.05999755859375,154.07000732421875,20903300
2025-09-15,158.0399932861328,158.0399932861328,159.6999969482422,156.72999572753906,159.08999633789062,23567200
2025-09-16,162.2100067138672,162.2100067138672,163.0,157.58999633789062,158.36000061035156,26017700
2025-09-17,166.1699981689453,166.1699981689453,167.32000732421875,163.25999450683594,166.0,29344300
2025-09-18,162.47999572753906,162.47999572753906,164.7899932861328,161.3000030517578,162.5,19529600
2025-09-19,162.80999755859375,162.80999755859375,166.25,162.61000061035156,164.69000244140625,18183200
2025-09-22,164.25,164.25,167.43499755859375,163.02999877929688,163.75999450683594,18667700
2025-09-23,163.0800018310547,163.0800018310547,167.8300018310547,162.8000030517578,165.00999450683594,18278600
2025-09-24,176.44000244140625,176.44000244140625,180.16000366210938,175.0,175.97999572753906,52642300
2025-09-25,175.47000122070312,175.47000122070312,175.77000427246094,170.43499755859375,173.39999389648438,20712200
2025-09-26,171.91000366210938,171.91000366210938,172.75999450683594,169.6999969482422,172.1699981689453,15971100
2025-09-29,179.89999389648438,179.89999389648438,181.343994140625,177.58999633789062,178.0800018310547,21576300
2025-09-30,178.72999572753906,178.72999572753906,182.14999389648438,177.10000610351562,181.66000366210938,18681500
2025-10-01,182.77999877929688,182.77999877929688,183.0800018310547,178.8699951171875,179.97999572753906,14966900
2025-10-02,189.33999633789062,189.33999633789062,192.6699981689453,188.3000030517578,188.5800018310547,23687800
2025-10-03,188.02999877929688,188.02999877929688,191.07000732421875,187.13499450683594,190.72000122070312,13990900
2025-10-06,187.22000122070312,187.22000122070312,189.61000061035156,186.30999755859375,186.5,10973500
2025-10-07,181.3300018310547,181.3300018310547,188.66000366210938,180.44000244140625,187.40499877929688,16942200
2025-10-08,181.1199951171875,181.1199951171875,182.08999633789062,177.3000030517578,180.7899932861328,15883700
2025-10-09,173.67999267578125,173.67999267578125,178.77999877929688,172.3000030517578,178.52000427246094,21211600
2025-10-10,159.00999450683594,159.00999450683594,172.92999267578125,157.25,170.02999877929688,50296800
2025-10-13,166.80999755859375,166.80999755859375,168.7899932861328,165.02999877929688,167.77999877929688,25703100
2025-10-14,162.86000061035156,162.86000061035156,166.5,160.0,160.0500030517578,18583200
2025-10-15,165.91000366210938,165.91000366210938,168.10000610351562,164.60000610351562,168.07000732421875,15337400
2025-10-16,165.08999633789062,165.08999633789062,168.3000030517578,164.4600067138672,166.52000427246094,10979700
2025-10-17,167.0500030517578,167.0500030517578,169.10000610351562,161.14999389648438,161.75999450683594,17765700
2025-10-20,173.47000122070312,173.47000122070312,174.97000122070312,165.7899932861328,167.2899932861328,20120500
2025-10-21,166.6699981689453,166.6699981689453,170.94000244140625,166.4199981689453,170.52000427246094,15662500
2025-10-22,165.86000061035156,165.86000061035156,169.6699981689453,163.5800018310547,167.0,15016500
2025-10-23,171.89999389648438,171.89999389648438,173.24000549316406,168.31700134277344,168.97000122070312,12792100
2025-10-24,174.6999969482422,174.6999969482422,176.44000244140625,173.36199951171875,174.39999389648438,11841000
2025-10-27,179.4499969482422,179.4499969482422,180.0,177.6199951171875,179.74000549316406,12580800
2025-10-28,176.72000122070312,176.72000122070312,179.3800048828125,175.24000549316406,177.47999572753906,11906900
2025-10-29,179.97000122070312,179.97000122070312,182.5,178.08999633789062,180.2949981689453,12068900
2025-10-30,173.92999267578125,173.92999267578125,176.3800048828125,173.77999877929688,174.32000732421875,10756300
2025-10-31,170.42999267578125,170.42999267578125,171.4499969482422,168.1199951171875,170.52999877929688,13181400
