Price,Adj Close,Close,High,Low,Open,Volume
Ticker,EBAY,EBAY,EBAY,EBAY,EBAY,EBAY
Date,,,,,,
1998-09-24,0.7419816851615906,0.8307909965515137,0.9513540267944336,0.7759889960289001,0.9382010102272034,518656090
1998-09-25,0.7028261423110962,0.7869489789009094,0.8088700175285339,0.7211880087852478,0.7979099750518799,121255834
1998-09-28,0.7556853294372559,0.8461350202560425,0.8921679854393005,0.8066779971122742,0.8329830169677734,89772883
1998-09-29,0.7654738426208496,0.8570950031280518,0.8812080025672913,0.8373669981956482,0.865863025188446,39289536
1998-09-30,0.7057629227638245,0.7902370095252991,0.841750979423523,0.7584530115127563,0.8275020122528076,44113766
1998-10-01,0.6264748573303223,0.7014589905738831,0.7584530115127563,0.7014589905738831,0.7474920153617859,44433101
1998-10-02,0.6264748573303223,0.7014589905738831,0.7321479916572571,0.6137769818305969,0.7102270126342773,46816704
1998-10-05,0.561869740486145,0.6291210055351257,0.686115026473999,0.6115850210189819,0.686115026473999,33832339
1998-10-06,0.5716579556465149,0.640080988407135,0.670769989490509,0.5611670017242432,0.670769989490509,40270349
1998-10-07,0.4835605025291443,0.5414389967918396,0.624737024307251,0.5414389967918396,0.6137769818305969,35058355
1998-10-08,0.45419448614120483,0.5085579752922058,0.5129420161247253,0.442795991897583,0.48882898688316345,57172262
1998-10-09,0.4816029369831085,0.5392469763755798,0.5655509829521179,0.5173259973526001,0.5392469763755798,38519712
1998-10-12,0.4933488667011261,0.5523989796638489,0.5611670017242432,0.5523989796638489,0.5611670017242432,28198368
1998-10-13,0.4600674510002136,0.5151339769363403,0.5567830204963684,0.5129420161247253,0.5534949898719788,15430694
1998-10-14,0.47181352972984314,0.5282859802246094,0.5633590221405029,0.5107499957084656,0.5107499957084656,30935520
1998-10-15,0.5109689831733704,0.5721279978752136,0.5743200182914734,0.5282859802246094,0.5282859802246094,29144966
1998-10-16,0.5638272166252136,0.6313130259513855,0.640080988407135,0.5787039995193481,0.5852800011634827,43343942
1998-10-19,0.7106578350067139,0.7957180142402649,0.8066779971122742,0.6488500237464905,0.6510419845581055,78151392
1998-10-20,0.7282768487930298,0.8154460191726685,0.9097049832344055,0.7935259938240051,0.8592870235443115,109292198
1998-10-21,0.7919034361839294,0.8866879940032959,0.903128981590271,0.8285980224609375,0.8592870235443115,65703053
1998-10-22,0.8075655102729797,0.9042249917984009,0.9382010102272034,0.8636710047721863,0.9075130224227905,53323142
1998-10-23,0.7850515246391296,0.8790159821510315,0.91628098487854,0.8680559992790222,0.9053210020065308,32309798
1998-10-26,1.1491899490356445,1.2867389917373657,1.2889310121536255,1.0302679538726807,1.0521889925003052,389981434
1998-10-27,1.2921042442321777,1.4467589855194092,1.5925309658050537,1.4073020219802856,1.4292229413986206,571032634
1998-10-28,1.2529497146606445,1.4029179811477661,1.4862159490585327,1.341539978981018,1.367845058441162,254555136
1998-10-29,1.2509921789169312,1.4007259607315063,1.4544310569763184,1.3985340595245361,1.4248390197753906,81150854
1998-10-30,1.3018934726715088,1.4577200412750244,1.479640007019043,1.404013991355896,1.418262004852295,94944960
1998-11-02,1.3155972957611084,1.4730639457702637,1.5388259887695312,1.4686800241470337,1.523481011390686,123707866
1998-11-03,1.3155972957611084,1.4730639457702637,1.4993690252304077,1.4555269479751587,1.4905999898910522,45978451
1998-11-04,1.2950408458709717,1.4500470161437988,1.5037529468536377,1.4325109720230103,1.4993690252304077,44632685
1998-11-05,1.2715485095977783,1.4237430095672607,1.4686800241470337,1.3809969425201416,1.420454978942871,66085114
1998-11-06,1.3155972957611084,1.4730639457702637,1.4807360172271729,1.4073020219802856,1.4094940423965454,48966509
1998-11-09,1.6131728887557983,1.8062570095062256,1.8062570095062256,1.4818320274353027,1.4840240478515625,202355366
1998-11-10,2.0497477054595947,2.295085906982422,2.4551069736480713,1.9487409591674805,1.9761420488357544,577698739
1998-11-11,1.8157984018325806,2.033134937286377,2.3718080520629883,2.001349925994873,2.2315170764923096,306874656
1998-11-12,1.9733954668045044,2.2095959186553955,2.3301589488983154,1.9728540182113647,1.996966004371643,223699450
1998-11-13,1.9410936832427979,2.173427104949951,2.3312549591064453,2.0999929904937744,2.2797420024871826,135688608
1998-11-16,1.998846411705017,2.2380928993225098,2.2797420024871826,2.142738103866577,2.2709739208221436,82411085
1998-11-17,2.0145089626312256,2.255629062652588,2.332350969314575,2.174523115158081,2.235901117324829,81555725
1998-11-18,2.3101258277893066,2.58663010597229,2.6041669845581055,2.198636054992676,2.2885100841522217,201192077
1998-11-19,2.251394271850586,2.5208680629730225,2.720345973968506,2.486891031265259,2.648008108139038,135973728
1998-11-20,2.302295446395874,2.577862024307251,2.6304709911346436,2.4616830348968506,2.6304709911346436,67214189
1998-11-23,3.0227413177490234,3.38454008102417,3.4283809661865234,2.6600639820098877,2.6830809116363525,162518400
1998-11-24,3.0824522972106934,3.4513978958129883,4.105727195739746,3.121493101119995,3.314393997192383,342451930
1998-11-25,3.202852725982666,3.5862090587615967,3.757189989089966,3.4283809661865234,3.524832010269165,195546701
1998-11-27,3.4142887592315674,3.8229520320892334,3.8602170944213867,3.6300508975982666,3.7001960277557373,66632544
1998-11-30,3.0951778888702393,3.4656460285186768,3.945707082748413,3.2968571186065674,3.935842990875244,135768442
1998-12-01,3.2459239959716797,3.634434938430786,3.6651229858398438,3.191638946533203,3.280416965484619,147874637
1998-12-02,3.1793603897094727,3.5599050521850586,3.7528059482574463,3.472222089767456,3.612514019012451,72072634
1998-12-03,2.9287703037261963,3.2793209552764893,3.6519711017608643,3.2442479133605957,3.4766058921813965,76469184
1998-12-04,2.8582918643951416,3.200407028198242,3.4716739654541016,2.8102200031280518,3.4196128845214844,138288902
1998-12-07,2.729081869125366,3.0557310581207275,3.2091751098632812,2.928591012954712,3.2091751098632812,115382362
1998-12-08,2.770193576812744,3.101763963699341,3.191638946533203,2.919822931289673,2.9461278915405273,120868070
1998-12-09,2.811795711517334,3.1483449935913086,3.4108450412750244,3.029426097869873,3.114917039871216,119431066
1998-12-10,2.915066719055176,3.26397705078125,3.342890977859497,3.1587579250335693,3.2267119884490967,114025190
1998-12-11,3.0070793628692627,3.3670029640197754,3.3889238834381104,3.192734956741333,3.1960229873657227,60257261
1998-12-14,2.952263593673706,3.3056259155273438,3.38454008102417,3.2530159950256348,3.259592056274414,46685549
1998-12-15,3.038402557373047,3.402076005935669,3.4086520671844482,3.3187780380249023,3.375771999359131,40424314
1998-12-16,3.500427722930908,3.9194018840789795,3.9632439613342285,3.5072948932647705,3.5094869136810303,123251674
1998-12-17,3.732419729232788,4.179161071777344,4.270132064819336,3.779110908508301,3.8229520320892334,106326950
1998-12-18,3.950707197189331,4.4235758781433105,4.598940849304199,4.296436786651611,4.384119033813477,83830982
1998-12-21,4.641788005828857,5.197372913360596,5.269711017608643,4.506874084472656,4.533178806304932,132164525
1998-12-22,4.714223384857178,5.278479099273682,5.454939842224121,4.94966983795166,5.368353843688965,105979104
1998-12-23,4.667238235473633,5.225870132446289,5.45822811126709,5.146955966949463,5.4034271240234375,42699571
1998-12-24,4.47929573059082,5.015431880950928,5.210525035858154,4.945285797119141,5.085577964782715,26213933
1998-12-28,4.473422050476074,5.008855819702148,5.296016216278076,4.840066909790039,5.041737079620361,60770477
1998-12-29,4.290375232696533,4.803897857666016,5.103114128112793,4.7348480224609375,5.103114128112793,33729696
1998-12-30,3.9604947566986084,4.434535980224609,4.732656002044678,4.0224289894104,4.723887920379639,99484070
1998-12-31,3.778428077697754,4.230675220489502,4.525506973266602,4.226291179656982,4.2745161056518555,37441958
1999-01-04,3.7588491439819336,4.208754062652588,4.401655197143555,4.068461894989014,4.14518404006958,44689709
1999-01-05,3.5082597732543945,3.928170919418335,4.077230930328369,3.8536410331726074,3.999413013458252,75265978
1999-01-06,4.432310581207275,4.962822914123535,4.997896194458008,4.085999011993408,4.103535175323486,108921542
1999-01-07,4.667238235473633,5.225870132446289,5.523990154266357,4.737040996551514,4.772112846374512,118450253
1999-01-08,4.579139232635498,5.127226829528809,5.629209041595459,5.034064769744873,5.523990154266357,89453549
1999-01-11,4.565435409545898,5.111883163452148,5.348625183105469,4.875140190124512,5.332184791564941,43982611
1999-01-12,3.766679048538208,4.217522144317627,5.129418849945068,4.208754062652588,4.910212993621826,63262426
1999-01-13,3.375134229660034,3.779110908508301,4.138607978820801,3.724308967590332,3.805414915084839,77586854
1999-01-14,3.528815507888794,3.9511868953704834,4.239442825317383,3.842679977416992,3.936939001083374,70641331
1999-01-15,3.4984705448150635,3.917210102081299,4.243826866149902,3.8930981159210205,3.9895479679107666,44786650
1999-01-19,3.6002726554870605,4.0311970710754395,4.384119033813477,3.7440381050109863,4.340278148651123,36757670
1999-01-20,3.3477251529693604,3.7484219074249268,4.0443501472473145,3.6826601028442383,4.02681303024292,52302413
1999-01-21,2.8465449810028076,3.187253952026367,3.542367935180664,3.159853935241699,3.454685926437378,90029491
1999-01-22,3.0814738273620605,3.4503018856048584,3.858025074005127,2.911055088043213,2.911055088043213,125966016
1999-01-25,3.4064576625823975,3.8141839504241943,3.8196640014648438,3.2091751098632812,3.5072948932647705,108978566
1999-01-26,3.459315776824951,3.873368978500366,4.116687774658203,3.735269069671631,3.8404879570007324,84680640
1999-01-27,4.7533793449401855,5.322319984436035,5.506453037261963,4.980359077453613,5.348625183105469,251110886
1999-01-28,4.58305549621582,5.131610870361328,5.363969802856445,5.015431880950928,5.331089019775391,66746592
1999-01-29,4.348127365112305,4.868564128875732,5.201756954193115,4.769920825958252,5.015431880950928,91791533
1999-02-01,4.10341215133667,4.59455680847168,4.910212993621826,4.585787773132324,4.892676830291748,66256186
1999-02-02,3.9820313453674316,4.458649158477783,4.561676025390625,4.296436786651611,4.561676025390625,49086259
1999-02-03,4.357915878295898,4.879524230957031,4.910212993621826,4.331510066986084,4.366581916809082,53545536
1999-02-04,3.743187665939331,4.19121789932251,4.875140190124512,4.156145095825195,4.804994106292725,217672013
1999-02-05,3.4651894569396973,3.8799450397491455,4.331510066986084,3.858025074005127,4.30520486831665,105733901
1999-02-08,3.6178929805755615,4.050926208496094,4.285476207733154,3.9128260612487793,4.033389091491699,80677555
1999-02-09,3.33402156829834,3.733077049255371,4.068461894989014,3.6826601028442383,4.050926208496094,48128256
1999-02-10,3.320317268371582,3.7177329063415527,3.794455051422119,3.3670029640197754,3.6804680824279785,71650656
1999-02-11,3.7510180473327637,4.199985980987549,4.217522144317627,3.735269069671631,3.844871997833252,75174739
1999-02-12,3.6962015628814697,4.138607978820801,4.344662189483643,4.0037970542907715,4.136415958404541,69090278
1999-02-16,3.6198501586914062,4.0531182289123535,4.3139729499816895,4.0027008056640625,4.230675220489502,36124704
1999-02-17,3.6492161750793457,4.085999011993408,4.3139729499816895,4.02900505065918,4.182448863983154,66951878
1999-02-18,3.682497978210449,4.123263835906982,4.178064823150635,3.9018659591674805,4.110112190246582,43047418
1999-02-19,3.7510180473327637,4.199985980987549,4.235058784484863,4.064077854156494,4.151761054992676,36124704
1999-02-22,4.36574649810791,4.8882927894592285,4.997896194458008,4.235058784484863,4.292051792144775,100812730
1999-02-23,4.426435947418213,4.9562458992004395,5.1995649337768555,4.875140190124512,4.9781670570373535,115599053
1999-02-24,4.47929573059082,5.015431880950928,5.304783821105957,4.997896194458008,5.092154026031494,94386125
1999-02-25,4.690732002258301,5.2521748542785645,5.258750915527344,4.93213415145874,5.094346046447754,73549555
1999-02-26,5.231064319610596,5.85718297958374,5.8944478034973145,5.254366874694824,5.392466068267822,197000813
1999-03-01,5.058785915374756,5.664281845092773,6.212296962738037,5.370545864105225,5.730042934417725,280586592
1999-03-02,5.500254154205322,6.158590793609619,6.365740776062012,5.747580051422119,5.819918155670166,186358234
1999-03-03,5.802722454071045,6.4972639083862305,6.576178073883057,6.181608200073242,6.480823993682861,102354278
1999-03-04,6.146306037902832,6.8819708824157715,6.898410797119141,6.4972639083862305,6.7800397872924805,104631437
1999-03-05,7.012603759765625,7.851956844329834,7.947311878204346,7.102272987365723,7.306134223937988,158532422
1999-03-08,8.034541130065918,8.996212005615234,8.996212005615234,8.009784698486328,8.121580123901367,165966451
1999-03-09,7.8113555908203125,8.746316909790039,9.331597328186035,8.489846229553223,9.213226318359375,127629216
1999-03-10,7.285707473754883,8.15774917602539,8.877840995788574,7.996633052825928,8.812079429626465,92867386
1999-03-11,7.047842979431152,7.891414165496826,8.463541984558105,7.628366947174072,8.101852416992188,66729485
1999-03-12,6.6719584465026855,7.470539093017578,7.838805198669434,7.299558162689209,7.582334041595459,58109357
1999-03-15,7.367934226989746,8.249815940856934,8.295848846435547,7.490266799926758,7.654672145843506,65955859
1999-03-16,7.4149169921875,8.302425384521484,8.703572273254395,8.167613983154297,8.45038890838623,44619379
1999-03-17,7.3180108070373535,8.193918228149414,8.351746559143066,7.947311878204346,8.128156661987305,32068397
1999-03-18,7.552936553955078,8.456965446472168,8.627945899963379,8.009784698486328,8.193918228149414,36637920
1999-03-19,7.505950927734375,8.404356002807617,8.667403221130371,8.23337459564209,8.631234169006348,31741459
1999-03-22,7.288644313812256,8.16103744506836,8.522727012634277,8.101852416992188,8.338594436645508,23900659
1999-03-23,6.877521514892578,7.700705051422119,8.101852416992188,7.417929172515869,8.04924201965332,36472550
1999-03-24,6.830535411834717,7.648096084594727,7.680975914001465,7.220643997192383,7.556028842926025,34214400
1999-03-25,7.4883341789245605,8.384628295898438,8.601640701293945,8.207071304321289,8.404356002807617,58692902
1999-03-26,7.259278297424316,8.128156661987305,8.522727012634277,8.04924201965332,8.207071304321289,27183341
1999-03-29,6.943594455718994,7.774686813354492,8.09527587890625,7.680975914001465,7.799347877502441,51834816
1999-03-30,6.442903995513916,7.2140679359436035,7.680975914001465,7.115425109863281,7.654672145843506,67415674
1999-03-31,6.4517130851745605,7.223931789398193,7.628366947174072,6.9707489013671875,6.977324962615967,52091424
1999-04-01,6.5133819580078125,7.29298210144043,7.57575798034668,7.0036301612854,7.57575798034668,41021165
1999-04-05,6.989110946655273,7.825652122497559,8.25228214263916,7.12857723236084,7.339015007019043,80255578
1999-04-06,7.141814231872559,7.996633052825928,8.285984992980957,7.707281112670898,7.878262042999268,46208448
1999-04-07,7.047842979431152,7.891414165496826,8.285984992980957,7.69412899017334,8.259679794311523,32471366
1999-04-08,8.06977653503418,9.035669326782227,9.052109718322754,7.746737957000732,7.957176208496094,95665363
1999-04-09,8.615987777709961,9.64725399017334,10.04840087890625,8.73316478729248,8.785774230957031,119370240
1999-04-12,8.298835754394531,9.292140007019043,10.258837699890137,9.009364128112793,9.469696998596191,110113344
1999-04-13,8.122640609741211,9.094855308532715,9.777132987976074,9.094855308532715,9.186921119689941,116002022
1999-04-14,7.6527838706970215,8.568760871887207,9.476272583007812,8.470117568969727,9.469696998596191,68124672
1999-04-15,8.404552459716797,9.410511016845703,9.574915885925293,8.022937774658203,8.522727012634277,97298150
1999-04-16,8.2694673538208,9.259259223937988,9.486137390136719,8.943602561950684,9.232954978942871,43615757
1999-04-19,7.241659164428711,8.108428001403809,9.14746379852295,7.996633052825928,9.094855308532715,55761869
1999-04-20,7.635163307189941,8.549032211303711,8.621370315551758,7.69412899017334,7.901278018951416,55292371
1999-04-21,7.834852695465088,8.772622108459473,8.9699068069458,8.535880088806152,8.660826683044434,29156371
1999-04-22,8.081526756286621,9.048822402954102,9.219801902770996,8.647674560546875,8.996212005615234,27875232
1999-04-23,9.403000831604004,10.528462409973145,10.732322692871094,8.943602561950684,9.068550109863281,145219219
1999-04-26,9.819992065429688,10.995369911193848,11.449127197265625,10.68628978729248,11.021675109863281,111953318
1999-04-27,9.831742286682129,11.008522987365723,12.310606002807617,10.67971420288086,12.304030418395996,194659027
1999-04-28,9.047666549682617,10.130602836608887,10.837541580200195,10.081281661987305,10.837541580200195,108461549
1999-04-29,10.101906776428223,11.311026573181152,11.363636016845703,9.41708755493164,9.41708755493164,134586144
1999-04-30,9.77888298034668,10.949337005615234,11.679292678833008,10.469276428222656,11.409669876098633,90751795
1999-05-03,8.956634521484375,10.028672218322754,10.725747108459473,9.9957914352417,10.525174140930176,57702586
1999-05-04,8.516143798828125,9.5354585647583,10.56791877746582,9.259259223937988,9.9957914352417,70591910
1999-05-05,8.777502059936523,9.828099250793457,9.9957914352417,8.838383674621582,9.436816215515137,75864730
1999-05-06,8.245976448059082,9.232954978942871,10.1010103225708,9.206649780273438,9.805082321166992,49859885
1999-05-07,8.301772117614746,9.295428276062012,9.824810981750488,9.101430892944336,9.403935432434082,57029702
1999-05-10,9.085845947265625,10.173348426818848,10.298295021057129,9.469696998596191,9.588068008422852,65343802
1999-05-11,9.176880836486816,10.27527904510498,10.574495315551758,10.140466690063477,10.39693832397461,45731347
1999-05-12,9.338391304016113,10.456124305725098,10.620528221130371,9.88399600982666,10.252262115478516,36805190
1999-05-13,9.044732093811035,10.127314567565918,10.857271194458008,9.9957914352417,10.607376098632812,35278848
1999-05-14,8.733449935913086,9.778777122497559,10.04840087890625,9.693286895751953,9.759049415588379,34929101
1999-05-17,9.323708534240723,10.439682960510254,10.469276428222656,9.213226318359375,9.574915885925293,49483526
1999-05-18,8.906713485717773,9.97277545928955,10.469276428222656,9.943181991577148,10.258837699890137,39928205
1999-05-19,9.247360229492188,10.354192733764648,10.452836036682129,10.074705123901367,10.074705123901367,43277414
1999-05-20,8.768692016601562,9.81823444366455,10.390361785888672,9.811657905578613,10.311448097229004,25278739
1999-05-21,8.949291229248047,10.020451545715332,10.1010103225708,9.601221084594727,9.762336730957031,27930355
1999-05-24,8.610115051269531,9.640678405761719,9.9957914352417,9.226378440856934,9.99250316619873,40886208
1999-05-25,7.702706336975098,8.62465763092041,9.54861068725586,8.595065116882324,9.489425659179688,72021312
1999-05-26,8.19018268585205,9.170480728149414,9.311868667602539,7.967040061950684,8.555607795715332,99261677
1999-05-27,7.940568923950195,8.890993118286133,9.394070625305176,8.812079429626465,9.101430892944336,45297965
1999-05-28,8.325263023376465,9.321733474731445,9.443391799926758,8.690420150756836,8.923873901367188,38981606
1999-06-01,7.823106288909912,8.759469985961914,9.614373207092285,8.575337409973145,9.154040336608887,50779872
1999-06-02,7.931760311126709,8.881129264831543,9.231310844421387,7.970327854156494,8.545743942260742,103969958
1999-06-03,7.5793681144714355,8.486557960510254,8.996212005615234,8.417508125305176,8.96333122253418,52671168
1999-06-04,7.917078495025635,8.864688873291016,8.910721778869629,8.279409408569336,8.483269691467285,48974112
1999-06-07,8.610115051269531,9.640678405761719,9.811657905578613,8.910721778869629,8.910721778869629,67708397
1999-06-08,8.633606910705566,9.66698169708252,9.83138656616211,9.318445205688477,9.627525329589844,46027872
1999-06-09,8.598367691040039,9.627525329589844,9.680134773254395,9.384206771850586,9.673559188842773,29933798
1999-06-10,8.583683013916016,9.611084938049316,9.811657905578613,9.24610710144043,9.48284912109375,44974829
1999-06-11,7.7937397956848145,8.72658920288086,9.55847454071045,8.601640701293945,9.496002197265625,103627814
1999-06-14,6.390044689178467,7.154881954193115,8.417508125305176,7.0233588218688965,8.391203880310059,283519526
1999-06-15,6.366550922393799,7.12857723236084,7.523148059844971,6.664957046508789,7.0036301612854,210078317
1999-06-16,6.989110946655273,7.825652122497559,7.914431095123291,7.365320205688477,7.496842861175537,124245792
1999-06-17,6.895139694213867,7.720434188842773,8.282696723937988,7.661248207092285,7.848669052124023,108900634
1999-06-18,6.868710517883301,7.690841197967529,7.874973773956299,7.536301136016846,7.865108966827393,37339315
1999-06-21,7.144751071929932,7.999920845031738,8.259679794311523,7.470539093017578,7.983480930328369,77934701
1999-06-22,6.962682723999023,7.796060085296631,8.417508125305176,7.763178825378418,8.036089897155762,76254394
1999-06-23,6.880456924438477,7.70399284362793,7.976903915405273,7.470539093017578,7.763178825378418,58257619
1999-06-24,6.677830219268799,7.477115154266357,7.865108966827393,7.385047912597656,7.7270097732543945,42001978
1999-06-25,6.390044689178467,7.154881954193115,7.5856218338012695,6.954308986663818,7.57575798034668,51502176
1999-06-28,6.580924034118652,7.368607997894287,7.378471851348877,6.707702159881592,7.136797904968262,96716506
1999-06-29,6.61322546005249,7.4047770500183105,7.556028842926025,7.049663066864014,7.279829978942871,73477325
1999-06-30,7.112447738647461,7.963751792907715,8.207071304321289,7.181187152862549,7.240372180938721,85214765
1999-07-01,7.031692028045654,7.873330116271973,8.256391525268555,7.6743998527526855,8.059106826782227,63665395
1999-07-02,6.748310089111328,7.556028842926025,8.036089897155762,7.450809955596924,7.8125,53862970
1999-07-06,6.61322546005249,7.4047770500183105,7.805923938751221,7.260100841522217,7.496842861175537,96705101
1999-07-07,6.495761394500732,7.273252964019775,7.651383876800537,7.151594161987305,7.467250823974609,79833600
1999-07-08,6.304882049560547,7.05952787399292,7.388336181640625,6.918139934539795,7.1220011711120605,95461978
1999-07-09,6.378297328948975,7.141729831695557,7.246949195861816,7.05952787399292,7.118712902069092,33474989
1999-07-12,6.0082855224609375,6.727430820465088,7.075967788696289,6.710989952087402,7.075967788696289,78031642
1999-07-13,5.873202323913574,6.576178073883057,6.812921047210693,6.326283931732178,6.615635871887207,106912397
1999-07-14,5.779231548309326,6.4709601402282715,6.707702159881592,6.359165191650391,6.6518049240112305,73602778
1999-07-15,5.967173099517822,6.681396961212158,6.799768924713135,6.4183502197265625,6.480823993682861,82549843
1999-07-16,5.777764797210693,6.469316005706787,6.707702159881592,6.428214073181152,6.635364055633545,34752326
1999-07-19,5.529620170593262,6.191472053527832,6.50383996963501,6.168455123901367,6.500552177429199,55490054
1999-07-20,5.3064374923706055,5.941576957702637,6.128997802734375,5.826494216918945,6.102694034576416,54879898
1999-07-21,5.41802978515625,6.066524982452393,6.293403148651123,5.84951114654541,5.990899085998535,69647213
1999-07-22,5.106749057769775,5.717987060546875,5.990899085998535,5.701547145843506,5.97445821762085,80706067
1999-07-23,5.06563663482666,5.671954154968262,5.892255783081055,5.648937225341797,5.787036895751953,60894029
1999-07-26,4.904123783111572,5.4911088943481445,5.806766033172607,5.428635120391846,5.57659912109375,82323648
1999-07-27,4.678003787994385,5.237926006317139,5.678530216217041,5.182028770446777,5.523990154266357,161583206
1999-07-28,4.930553913116455,5.520701885223389,5.616055965423584,5.195180892944336,5.21491003036499,100094227
1999-07-29,4.804279804229736,5.379313945770264,5.471380233764648,5.277382850646973,5.306975841522217,62578138
1999-07-30,4.589907646179199,5.139283180236816,5.500973224639893,5.129418849945068,5.438499927520752,45354989
1999-08-02,4.287438869476318,4.800610065460205,5.2609429359436035,4.7874579429626465,5.096538066864014,75250771
1999-08-03,3.9644110202789307,4.438920021057129,4.866372108459473,4.340278148651123,4.853219985961914,147319603
1999-08-04,3.5591609477996826,3.985163927078247,4.524411201477051,3.978588104248047,4.392887115478516,151003354
1999-08-05,4.363790035247803,4.886100769042969,4.905828952789307,3.697455883026123,3.9489951133728027,258020294
1999-08-06,3.911553144454956,4.379734992980957,5.155724048614502,4.340278148651123,4.682239055633545,288138470
1999-08-09,3.741229772567749,4.18902587890625,4.5178351402282715,4.116687774658203,4.373158931732178,137275776
1999-08-10,4.193465232849121,4.6953911781311035,4.81376314163208,4.156145095825195,4.281092166900635,286507584
1999-08-11,4.120051860809326,4.613189220428467,4.918981075286865,4.471800804138184,4.917336940765381,204575501
1999-08-12,4.293310642242432,4.807186126708984,4.997896194458008,4.577020168304443,4.619764804840088,124521408
1999-08-13,4.604590892791748,5.155724048614502,5.188604831695557,5.004471778869629,5.089962005615234,104926061
1999-08-16,5.121433258056641,5.7344279289245605,5.7738847732543945,5.034064769744873,5.145860195159912,197130067
1999-08-17,5.532556533813477,6.194759845733643,6.2276411056518555,5.701547145843506,5.777173042297363,218417126
1999-08-18,5.917252540588379,6.625500202178955,6.806344985961914,6.326283931732178,6.401909828186035,230686790
1999-08-19,5.344613552093506,5.9843220710754395,6.536721229553223,5.933356761932373,6.405198097229004,190625530
1999-08-20,5.779231548309326,6.4709601402282715,6.516993045806885,5.938289165496826,6.000762939453125,170254656
1999-08-23,5.846774101257324,6.546586036682129,6.812921047210693,6.392045021057129,6.681396961212158,141491750
1999-08-24,5.585414409637451,6.253945827484131,6.78661584854126,6.221065044403076,6.434791088104248,156152621
1999-08-25,6.0611443519592285,6.78661584854126,6.812921047210693,6.313130855560303,6.415061950683594,129144154
1999-08-26,6.03471565246582,6.757022857666016,7.0233588218688965,6.655093193054199,6.839225769042969,94971571
1999-08-27,5.978919982910156,6.694550037384033,6.852377891540527,6.523569107055664,6.852377891540527,69571181
1999-08-30,5.61184549331665,6.283538818359375,6.7405829429626465,6.204624176025391,6.694550037384033,81173664
1999-08-31,5.899631977081299,6.605771064758301,6.625500202178955,6.09611701965332,6.405198097229004,183185798
1999-09-01,5.72930908203125,6.415061950683594,6.628787994384766,6.342723846435547,6.605771064758301,76469184
1999-09-02,5.705816745758057,6.388757228851318,6.563025951385498,6.168455123901367,6.194759845733643,83266445
1999-09-03,6.272581100463867,7.0233588218688965,7.049663066864014,6.602482795715332,6.641940116882324,106332653
1999-09-07,6.287262916564941,7.039799213409424,7.1614580154418945,6.8688178062438965,6.954308986663818,83076365
1999-09-08,6.33131217956543,7.089119911193848,7.2535247802734375,6.8918352127075195,6.9312920570373535,73496333
1999-09-09,6.786485195159912,7.598773956298828,7.602062225341797,7.266676902770996,7.29626989364624,104308301
1999-09-10,7.423729419708252,8.31229019165039,8.364898681640625,7.832229137420654,7.838805198669434,171054893
1999-09-13,6.950934410095215,7.782907009124756,8.187341690063477,7.720434188842773,8.141308784484863,114308410
1999-09-14,7.28277063369751,8.154460906982422,8.200494766235352,7.733585834503174,7.733585834503174,101782138
1999-09-15,7.141814231872559,7.996633052825928,8.470117568969727,7.944024085998535,8.378050804138184,130569754
1999-09-16,7.130067348480225,7.983480930328369,8.055818557739258,7.667823791503906,7.9958109855651855,113070989
1999-09-17,6.624972820281982,7.417929172515869,7.759891033172607,7.266676902770996,7.556028842926025,166223059
1999-09-20,6.390044689178467,7.154881954193115,7.289693832397461,6.855666160583496,7.266676902770996,99257875
1999-09-21,6.6073527336120605,7.398200988769531,7.569180965423584,6.944444179534912,7.0233588218688965,134827546
1999-09-22,7.006730556488037,7.845380783081055,7.891414165496826,7.207491874694824,7.388336181640625,133915162
1999-09-23,6.495761394500732,7.273252964019775,8.177477836608887,7.250236988067627,7.983480930328369,156042374
1999-09-24,6.862838268280029,7.68426513671875,7.799347877502441,7.17789888381958,7.319286823272705,151714253
1999-09-27,6.519253253936768,7.299558162689209,7.835516929626465,7.246949195861816,7.799347877502441,112057862
1999-09-28,6.484014987945557,7.260100841522217,7.496842861175537,6.9839019775390625,7.345591068267822,110008800
1999-09-29,6.53100061416626,7.312709808349609,7.602062225341797,7.102272987365723,7.210780143737793,110126650
1999-09-30,6.627910137176514,7.42121696472168,7.8125,7.365320205688477,7.615214824676514,110274912
1999-10-01,6.494293212890625,7.271608829498291,7.526435852050781,7.181187152862549,7.457386016845703,51623827
1999-10-04,6.542748928070068,7.325862884521484,7.431081771850586,7.1614580154418945,7.273252964019775,59361984
1999-10-05,6.633782386779785,7.427793979644775,7.562604904174805,7.181187152862549,7.2633891105651855,104682758
1999-10-06,7.127131462097168,7.980193138122559,8.006497383117676,7.690841197967529,7.707281112670898,117851501
1999-10-07,7.053716659545898,7.8979902267456055,8.279409408569336,7.855245113372803,8.16103744506836,115378560
1999-10-08,7.100701332092285,7.9506001472473145,8.022937774658203,7.717144966125488,7.904565811157227,57248294
1999-10-11,7.036097049713135,7.878262042999268,8.10513973236084,7.842092990875244,7.947311878204346,36398419
1999-10-12,6.801168918609619,7.615214824676514,7.865108966827393,7.608637809753418,7.858532905578613,37375430
1999-10-13,6.437028884887695,7.207491874694824,7.82236385345459,7.194338798522949,7.509995937347412,78647501
1999-10-14,6.654338836669922,7.450809955596924,7.473826885223389,7.092408180236816,7.325862884521484,81285811
1999-10-15,6.301945209503174,7.056239128112793,7.29298210144043,6.997054100036621,7.102272987365723,70728768
1999-10-18,6.084637641906738,6.812921047210693,7.095696926116943,6.5498738288879395,7.075967788696289,101683296
1999-10-19,6.2784528732299805,7.029934883117676,7.1614580154418945,6.944444179534912,7.082543849945068,73559059
1999-10-20,6.854027271270752,7.6743998527526855,7.680975914001465,7.141729831695557,7.207491874694824,80774496
1999-10-21,6.977365016937256,7.8125,7.957176208496094,7.332438945770264,7.4442338943481445,89096198
1999-10-22,6.701323986053467,7.503419876098633,8.052531242370605,7.470539093017578,7.851956844329834,69483744
1999-10-25,7.088955402374268,7.9374470710754395,8.02951431274414,7.493555068969727,7.495199203491211,99746381
1999-10-26,7.141814231872559,7.996633052825928,8.174189567565918,7.960464000701904,8.088699340820312,96058829
1999-10-27,6.516318321228027,7.29626989364624,7.493555068969727,7.052950859069824,7.339015007019043,241181107
1999-10-28,6.398853778839111,7.164745807647705,7.358744144439697,7.0233588218688965,7.246949195861816,88122989
1999-10-29,6.348931312561035,7.108849048614502,7.220643997192383,7.082543849945068,7.207491874694824,78729235
1999-11-01,6.437028884887695,7.207491874694824,7.312709808349609,7.102272987365723,7.12857723236084,61367328
1999-11-02,6.166862964630127,6.90498685836792,7.154881954193115,6.734006881713867,7.148305892944336,115650374
1999-11-03,5.970109939575195,6.684685230255127,6.990478038787842,6.641940116882324,6.977324962615967,75619526
1999-11-04,6.108130931854248,6.839225769042969,6.997054100036621,6.734006881713867,6.753735065460205,63239616
1999-11-05,6.260833740234375,7.01020622253418,7.098985195159912,6.8918352127075195,7.000341892242432,52137043
1999-11-08,6.437028884887695,7.207491874694824,7.378471851348877,6.951021194458008,6.964172840118408,76771411
1999-11-09,6.337184429168701,7.095696926116943,7.332438945770264,6.9839019775390625,7.325862884521484,40574477
1999-11-10,6.26377010345459,7.01349401473999,7.28640604019165,6.918139934539795,7.069392204284668,45470938
1999-11-11,6.254961013793945,7.0036301612854,7.141729831695557,6.8918352127075195,7.01349401473999,38770618
1999-11-12,6.431157112121582,7.2009148597717285,7.273252964019775,6.8688178062438965,7.026647090911865,46390925
1999-11-15,6.610289096832275,7.401488780975342,7.470539093017578,7.154881954193115,7.197627067565918,48618662
1999-11-16,6.871646881103516,7.69412899017334,7.707281112670898,7.312709808349609,7.398200988769531,65801894
1999-11-17,6.63084602355957,7.424505233764648,7.911142826080322,7.391624927520752,7.644806861877441,48367757
1999-11-18,7.153559684753418,8.009784698486328,8.101852416992188,7.470539093017578,7.483691215515137,73009728
1999-11-19,6.856963157653809,7.677688121795654,7.924294948577881,7.602062225341797,7.878262042999268,47544710
1999-11-22,7.2504682540893555,8.118291854858398,8.355034828186035,7.608637809753418,7.648096084594727,94935456
1999-11-23,7.873026371002197,8.815366744995117,9.101430892944336,7.983480930328369,8.04924201965332,151839706
1999-11-24,8.433917045593262,9.443391799926758,9.453256607055664,8.808791160583496,8.877840995788574,94408934
1999-11-26,8.325263023376465,9.321733474731445,9.785353660583496,9.285564422607422,9.574915885925293,36162720
1999-11-29,7.969934940338135,8.923873901367188,9.469696998596191,8.900857925415039,9.397358894348145,70259270
1999-11-30,7.755563735961914,8.683843612670898,9.029092788696289,8.654251098632812,8.890993118286133,54492134
1999-12-01,7.517698287963867,8.417508125305176,8.673978805541992,8.207071304321289,8.262968063354492,61852032
1999-12-02,7.8495378494262695,8.789063453674316,8.812079429626465,8.410931587219238,8.43066120147705,49257331
1999-12-03,8.398680686950684,9.403935432434082,9.542035102844238,8.917298316955566,8.937026977539062,98393011
1999-12-06,8.292960166931152,9.285564422607422,9.568340301513672,9.101430892944336,9.351325988769531,37573114
1999-12-07,7.6938934326171875,8.61479377746582,9.377630233764648,8.542455673217773,9.295428276062012,101265120
1999-12-08,7.632227420806885,8.545743942260742,8.950179100036621,8.427372932434082,8.627945899963379,73802362
1999-12-09,7.547065258026123,8.45038890838623,8.943602561950684,8.305712699890137,8.746316909790039,70582406
1999-12-10,7.726197242736816,8.650962829589844,8.798927307128906,8.424084663391113,8.759469985961914,58926701
1999-12-13,7.58817720413208,8.49642276763916,8.946890830993652,8.44381332397461,8.670690536499023,44898797
1999-12-14,7.074272155761719,7.92100715637207,8.552319526672363,7.8979902267456055,8.499711036682129,53872474
1999-12-15,6.851090908050537,7.671112060546875,8.414219856262207,7.654672145843506,8.128156661987305,87980429
1999-12-16,7.000856876373291,7.838805198669434,8.167613983154297,7.559317111968994,7.970327854156494,59607187
1999-12-17,7.065463066101074,7.911142826080322,8.075547218322754,7.733585834503174,8.072258949279785,57208378
1999-12-20,7.003794193267822,7.842092990875244,8.134733200073242,7.786194801330566,7.884838104248047,51194246
1999-12-21,6.7835493087768555,7.595486164093018,8.101852416992188,7.57575798034668,7.8125,50183021
1999-12-22,7.024350166320801,7.865108966827393,7.871685981750488,7.306134223937988,7.700705051422119,71230579
1999-12-23,6.686640739440918,7.486979007720947,7.993344783782959,7.483691215515137,7.970327854156494,32167238
1999-12-27,6.296072959899902,7.049663066864014,7.4146409034729,6.878683090209961,7.401488780975342,67993517
1999-12-28,6.57211446762085,7.358744144439697,7.549452781677246,6.852377891540527,6.921428203582764,66566016
1999-12-29,6.745372295379639,7.552741050720215,7.69412899017334,7.365320205688477,7.391624927520752,31378406
1999-12-30,6.340122222900391,7.098985195159912,7.713857173919678,6.997054100036621,7.569180965423584,37706170
1999-12-31,5.882012367248535,6.586042881011963,6.997054100036621,6.576178073883057,6.9707489013671875,44898797
2000-01-03,6.636718273162842,7.431081771850586,7.457386016845703,6.175032138824463,6.845801830291748,116192102
2000-01-04,6.014159202575684,6.734006881713867,7.368607997894287,6.681396961212158,7.12857723236084,80316403
2000-01-05,6.416473865509033,7.184474945068359,7.312709808349609,6.326283931732178,6.37889289855957,104891846
2000-01-06,6.337184429168701,7.095696926116943,7.753314018249512,6.862242221832275,7.046374797821045,104893747
2000-01-07,6.33131217956543,7.089119911193848,7.299558162689209,6.796480178833008,7.049663066864014,51260774
2000-01-10,6.683704853057861,7.483691215515137,7.667823791503906,7.365320205688477,7.42121696472168,59533056
2000-01-11,6.539811134338379,7.322575092315674,7.628366947174072,7.075967788696289,7.470539093017578,53849664
2000-01-12,6.125750541687012,6.858953952789307,7.319286823272705,6.816208839416504,7.240372180938721,50848301
2000-01-13,6.475205898284912,7.250236988067627,7.279829978942871,6.944444179534912,7.0233588218688965,45824486
2000-01-14,6.287262916564941,7.039799213409424,7.572469234466553,6.974037170410156,7.371895790100098,55461542
2000-01-18,6.554492950439453,7.339015007019043,7.381760120391846,6.89512300491333,6.898410797119141,42982790
2000-01-19,6.7541823387146,7.562604904174805,7.602062225341797,7.207491874694824,7.319286823272705,42939072
2000-01-20,7.276899337768555,8.1478853225708,8.190629959106445,7.572469234466553,7.621790885925293,99018374
2000-01-21,7.071335315704346,7.917718887329102,8.351746559143066,7.845380783081055,8.062395095825195,54334368
2000-01-24,6.4076642990112305,7.1746110916137695,7.944024085998535,7.016781806945801,7.9374470710754395,65153722
2000-01-25,6.460521697998047,7.233796119689941,7.628366947174072,7.036510944366455,7.319286823272705,86341939
2000-01-26,7.21522855758667,8.078834533691406,8.297492980957031,7.470539093017578,7.713857173919678,188994643
2000-01-27,7.232847690582275,8.098564147949219,8.134733200073242,7.805923938751221,7.917718887329102,61430054
2000-01-28,6.933316230773926,7.763178825378418,8.04924201965332,7.628366947174072,7.944024085998535,46461254
2000-01-31,7.050779342651367,7.894701957702637,8.02951431274414,7.628366947174072,7.680975914001465,38827642
2000-02-01,7.091892242431641,7.94073486328125,8.075547218322754,7.799347877502441,7.8125,27274579
2000-02-02,7.094829559326172,7.944024085998535,8.226799011230469,7.848669052124023,7.993344783782959,28956787
2000-02-03,7.752626419067383,8.680556297302246,8.752894401550293,8.101852416992188,8.167613983154297,82131667
2000-02-04,7.896522045135498,8.84167194366455,9.009364128112793,8.391203880310059,8.417508125305176,73792858
2000-02-07,7.966997146606445,8.920585632324219,9.022517204284668,8.618082046508789,8.700284004211426,32028480
2000-02-08,7.9758100509643555,8.930450439453125,9.206649780273438,8.812079429626465,9.068550109863281,47362234
2000-02-09,7.705641269683838,8.627945899963379,8.894281387329102,8.483269691467285,8.890993118286133,33665069
2000-02-10,7.629290580749512,8.542455673217773,8.693708419799805,8.32544231414795,8.601640701293945,32497978
2000-02-11,7.206418991088867,8.068970680236816,8.575337409973145,7.983480930328369,8.56218433380127,22906541
2000-02-14,7.241659164428711,8.108428001403809,8.394492149353027,7.980193138122559,8.11500358581543,30281645
2000-02-15,6.977365016937256,7.8125,8.128156661987305,7.57904577255249,8.02951431274414,49434106
2000-02-16,6.610289096832275,7.401488780975342,7.805923938751221,7.365320205688477,7.805923938751221,32832518
2000-02-17,6.824660301208496,7.641519069671631,7.648096084594727,7.398200988769531,7.437657833099365,43338240
2000-02-18,6.4487762451171875,7.220643997192383,7.680975914001465,7.207491874694824,7.661248207092285,26474342
2000-02-22,6.319566249847412,7.075967788696289,7.437657833099365,6.977324962615967,7.322575092315674,37599725
2000-02-23,7.279835224151611,8.151172637939453,8.31229019165039,7.325862884521484,7.352168083190918,80787802
2000-02-24,7.705641269683838,8.627945899963379,8.627945899963379,7.911142826080322,8.101852416992188,61507987
2000-02-25,7.0860185623168945,7.934158802032471,8.588488578796387,7.891414165496826,8.535880088806152,32745082
2000-02-28,6.815850734710693,7.631655216217041,7.92100715637207,7.516571998596191,7.782907009124756,45594490
2000-02-29,6.7365641593933105,7.542877197265625,7.825652122497559,7.28640604019165,7.6875529289245605,30705523
2000-03-01,7.012603759765625,7.851956844329834,8.177477836608887,7.654672145843506,7.782907009124756,57881261
2000-03-02,7.053716659545898,7.8979902267456055,8.075547218322754,7.618503093719482,7.750026226043701,23434963
2000-03-03,7.024350166320801,7.865108966827393,8.078834533691406,7.57575798034668,7.911142826080322,20302445
2000-03-06,7.591115474700928,8.499711036682129,8.680556297302246,7.858532905578613,7.878262042999268,53473306
2000-03-07,7.649846076965332,8.565471649169922,8.85153579711914,8.45038890838623,8.739741325378418,45957542
2000-03-08,8.645352363586426,9.680134773254395,9.732744216918945,8.364898681640625,8.62465763092041,88556371
2000-03-09,8.574878692626953,9.601221084594727,9.673559188842773,9.206649780273438,9.515729904174805,66356928
2000-03-10,9.079968452453613,10.16677188873291,10.712594985961914,9.351325988769531,9.436816215515137,96406675
2000-03-13,9.855233192443848,11.03482723236084,11.679292678833008,9.515729904174805,9.683423042297363,118879834
2000-03-14,9.913965225219727,11.10058879852295,11.810815811157227,10.995369911193848,11.399805068969727,67465094
2000-03-15,8.904510498046875,9.970309257507324,11.429397583007812,9.759049415588379,11.429397583007812,82553645
2000-03-16,10.313342094421387,11.547768592834473,11.574073791503906,9.693286895751953,10.064841270446777,92952922
2000-03-17,10.286913871765137,11.518177032470703,11.781224250793457,11.10058879852295,11.449127197265625,42836429
2000-03-20,9.215054512023926,10.318023681640625,11.551056861877441,10.258837699890137,11.551056861877441,53800243
2000-03-21,10.078414916992188,11.284722328186035,11.363636016845703,9.9957914352417,10.314736366271973,51817709
2000-03-22,10.930030822753906,12.23826789855957,12.63941478729248,10.995369911193848,11.153199195861816,74627309
2000-03-23,10.504220008850098,11.761494636535645,12.573653221130371,11.745055198669434,12.096879959106445,56345414
2000-03-24,11.452744483947754,12.823548316955566,13.139204978942871,11.958781242370605,12.11003303527832,78854688
2000-03-27,11.26773738861084,12.616397857666016,13.415404319763184,12.405961036682129,12.62955093383789,48873370
2000-03-28,10.515969276428223,11.77464771270752,12.99535083770752,11.731902122497559,12.731480598449707,47383142
2000-03-29,9.350140571594238,10.469276428222656,11.77135944366455,10.416666984558105,11.712174415588379,72103046
2000-03-30,9.73189640045166,10.896727561950684,11.018386840820312,10.1010103225708,10.258837699890137,64509350
2000-03-31,8.2694673538208,9.259259223937988,10.627103805541992,9.200074195861816,10.571207046508789,131387098
2000-04-03,6.730689525604248,7.536301136016846,9.614373207092285,7.483691215515137,9.423664093017578,121061952
2000-04-04,7.846599102020264,8.785774230957031,8.996212005615234,6.90498685836792,7.805923938751221,158562835
2000-04-05,7.79667854309082,8.729877471923828,9.877420425415039,8.20378303527832,8.502999305725098,78987744
2000-04-06,8.551383018493652,9.574915885925293,9.601221084594727,8.910721778869629,9.006075859069824,108284774
2000-04-07,8.498522758483887,9.515729904174805,9.706439018249512,9.219801902770996,9.41708755493164,59808672
2000-04-10,7.315073013305664,8.190629959106445,9.410511016845703,8.154460906982422,9.410511016845703,72142963
2000-04-11,7.309200763702393,8.184054374694824,8.680556297302246,8.04924201965332,8.128156661987305,80641440
2000-04-12,6.7365641593933105,7.542877197265625,8.404356002807617,7.490266799926758,8.260501861572266,71684870
2000-04-13,6.522191047668457,7.3028459548950195,8.272831916809082,7.260100841522217,7.878262042999268,88786368
2000-04-14,6.557430744171143,7.3423027992248535,7.641519069671631,7.029934883117676,7.299558162689209,137591309
2000-04-17,6.730689525604248,7.536301136016846,7.733585834503174,6.944444179534912,6.957596778869629,104355821
2000-04-18,7.655718803405762,8.572049140930176,8.575337409973145,7.503419876098633,7.50917387008667,62477395
2000-04-19,7.062527656555176,7.907855033874512,8.627945899963379,7.891414165496826,8.417508125305176,52865050
2000-04-20,7.0595879554748535,7.904565811157227,8.200494766235352,7.490266799926758,8.09527587890625,37223366
2000-04-24,6.666085243225098,7.463963031768799,7.759891033172607,6.61234712600708,7.730298042297363,53819251
2000-04-25,7.21522855758667,8.078834533691406,8.20378303527832,7.398200988769531,7.52972412109375,93909024
2000-04-26,7.012603759765625,7.851956844329834,8.486557960510254,7.786194801330566,8.476694107055664,120961210
2000-04-27,7.608731746673584,8.519438743591309,8.618082046508789,7.52972412109375,7.634943008422852,72620064
2000-04-28,7.479522705078125,8.374762535095215,8.575337409973145,8.2235107421875,8.516151428222656,56408141
2000-05-01,7.312136650085449,8.187341690063477,8.391203880310059,8.075547218322754,8.384628295898438,44410291
2000-05-02,6.7365641593933105,7.542877197265625,8.101852416992188,7.536301136016846,8.082122802734375,37835424
2000-05-03,6.5779876708984375,7.365320205688477,7.69412899017334,7.095696926116943,7.536301136016846,48483706
2000-05-04,6.434092044830322,7.204203128814697,7.648096084594727,7.01020622253418,7.457386016845703,58010515
2000-05-05,6.296072959899902,7.049663066864014,7.312709808349609,6.924715995788574,7.135153770446777,56560205
2000-05-08,6.037651062011719,6.760311126708984,7.102272987365723,6.734006881713867,6.957596778869629,28707782
2000-05-09,5.694069862365723,6.37560510635376,6.839225769042969,6.165166854858398,6.819497108459473,62082029
2000-05-10,5.215404033660889,5.839645862579346,6.365740776062012,5.790325164794922,6.230928897857666,72677088
2000-05-11,5.532556533813477,6.194759845733643,6.299979209899902,5.918560981750488,6.020491123199463,57025901
2000-05-12,5.699943542480469,6.382181167602539,6.5498738288879395,6.2276411056518555,6.26052188873291,40688525
2000-05-15,5.990665435791016,6.707702159881592,6.730719089508057,6.069812774658203,6.352588176727295,32600621
2000-05-16,6.337184429168701,7.095696926116943,7.260100841522217,6.681396961212158,6.720853805541992,65718259
2000-05-17,6.0200324058532715,6.7405829429626465,7.016781806945801,6.641940116882324,6.90498685836792,37115021
2000-05-18,5.829152584075928,6.526856899261475,6.937868118286133,6.523569107055664,6.812921047210693,34157376
2000-05-19,5.553112506866455,6.217776775360107,6.490687847137451,6.09611701965332,6.346012115478516,33722093
2000-05-22,6.398853778839111,7.164745807647705,7.348878860473633,5.760732173919678,6.2670979499816895,91103443
2000-05-23,5.450332164764404,6.102694034576416,7.049663066864014,6.09611701965332,6.918139934539795,97720128
2000-05-24,6.105195045471191,6.835937976837158,6.89512300491333,5.971169948577881,6.14215087890625,99406138
2000-05-25,5.6852593421936035,6.365740776062012,7.102272987365723,6.365740776062012,6.8918352127075195,41037322
2000-05-26,5.8203444480896,6.516993045806885,6.681396961212158,6.155303001403809,6.477536201477051,19943194
2000-05-30,6.297540187835693,7.051307201385498,7.062816143035889,6.681396961212158,6.720853805541992,25800509
2000-05-31,5.8790764808654785,6.582755088806152,7.181187152862549,6.576178073883057,6.9986982345581055,24047021
2000-06-01,6.33131217956543,7.089119911193848,7.246949195861816,6.6879730224609375,6.747159004211426,39836966
2000-06-02,7.253404140472412,8.121580123901367,8.128156661987305,7.431081771850586,7.562604904174805,47443968
2000-06-05,7.088955402374268,7.9374470710754395,8.345170021057129,7.746737957000732,7.865108966827393,36101894
2000-06-06,6.748310089111328,7.556028842926025,8.075547218322754,7.556028842926025,7.970327854156494,27961718
2000-06-07,7.106575965881348,7.957176208496094,7.957176208496094,7.154881954193115,7.496842861175537,31277664
2000-06-08,6.7365641593933105,7.542877197265625,7.996633052825928,7.470539093017578,7.990056991577148,20769091
2000-06-09,6.877521514892578,7.700705051422119,7.838805198669434,7.503419876098633,7.753314018249512,21223382
2000-06-12,6.2784528732299805,7.029934883117676,7.707281112670898,6.997054100036621,7.707281112670898,37085558
2000-06-13,6.390044689178467,7.154881954193115,7.2140679359436035,6.773464202880859,7.12857723236084,22316342
2000-06-14,5.896695613861084,6.602482795715332,7.115425109863281,6.576178073883057,7.115425109863281,43629062
2000-06-15,6.0200324058532715,6.7405829429626465,6.865530014038086,6.589331150054932,6.714278221130371,27410486
2000-06-16,5.743991374969482,6.431502819061279,6.753735065460205,6.313130855560303,6.753735065460205,33910272
2000-06-19,5.626528263092041,6.299979209899902,6.431502819061279,6.207911968231201,6.38546895980835,22615718
2000-06-20,5.8555827140808105,6.556449890136719,6.90498685836792,6.4709601402282715,6.5498738288879395,32274634
2000-06-21,5.802722454071045,6.4972639083862305,6.523569107055664,6.392045021057129,6.5104169845581055,14853802
2000-06-22,5.467951774597168,6.122422218322754,6.5498738288879395,6.056660175323486,6.536721229553223,48765974
2000-06-23,5.062699794769287,5.668665885925293,5.819918155670166,5.2609429359436035,5.813342094421387,113492016
2000-06-26,4.927617073059082,5.517414093017578,5.819918155670166,5.418770790100098,5.694971084594727,35925120
2000-06-27,4.927617073059082,5.517414093017578,5.62263298034668,5.313551902770996,5.412195205688477,59284051
2000-06-28,4.886504650115967,5.471380233764648,5.754156112670898,5.287247180938721,5.438499927520752,37135930
2000-06-29,4.8571391105651855,5.438499927520752,5.62263298034668,5.109691143035889,5.366161823272705,54347674
2000-06-30,5.103811740875244,5.714698791503906,5.7344279289245605,5.431922912597656,5.523990154266357,27052186
2000-07-03,4.962856292724609,5.556870937347412,5.701547145843506,5.537141799926758,5.681818008422852,11518848
2000-07-05,4.751420497894287,5.320127964019775,5.445075988769531,5.313551902770996,5.418770790100098,23653555
2000-07-06,4.792535305023193,5.366161823272705,5.445075988769531,5.267518997192383,5.353009223937988,26732851
2000-07-07,4.675070285797119,5.234638214111328,5.392466068267822,5.122842788696289,5.359584808349609,17833306
2000-07-10,4.516493797302246,5.05708122253418,5.33328104019165,4.997896194458008,5.254366874694824,37102666
2000-07-11,4.128861427307129,4.623053073883057,4.945285797119141,4.577020168304443,4.93213415145874,65975818
2000-07-12,4.945237159729004,5.537141799926758,5.708123207092285,4.853219985961914,5.089962005615234,93350189
2000-07-13,5.0215888023376465,5.62263298034668,5.7344279289245605,5.379313945770264,5.57659912109375,56834870
2000-07-14,5.749865531921387,6.438078880310059,6.516993045806885,6.089540958404541,6.1733880043029785,73061050
2000-07-17,5.655892848968506,6.332859992980957,6.602482795715332,6.102694034576416,6.365740776062012,45208627
2000-07-18,5.403346061706543,6.050084114074707,6.4578070640563965,6.050084114074707,6.211201190948486,26446781
2000-07-19,5.344613552093506,5.9843220710754395,6.181608200073242,5.892255783081055,6.082964897155762,17146166
2000-07-20,5.732246398925781,6.4183502197265625,6.4709601402282715,5.9843220710754395,6.050084114074707,36794736
2000-07-21,5.520810604095459,6.181608200073242,6.365740776062012,6.050084114074707,6.313130855560303,23577523
2000-07-24,5.180164337158203,5.800189018249512,6.247369766235352,5.793612957000732,6.201335906982422,22325846
2000-07-25,5.285882949829102,5.918560981750488,6.023778915405273,5.497684955596924,5.938289165496826,38617603
2000-07-26,4.951109886169434,5.543717861175537,5.9974751472473145,5.287247180938721,5.931713104248047,70535837
2000-07-27,4.669195652008057,5.228062152862549,5.418770790100098,5.129418849945068,5.418770790100098,35585827
2000-07-28,4.40490198135376,4.93213415145874,5.405619144439697,4.866372108459473,5.287247180938721,25885094
2000-07-31,4.698561191558838,5.2609429359436035,5.2609429359436035,4.741425037384033,5.0505051612854,32077901
2000-08-01,4.563477993011475,5.109691143035889,5.274095058441162,5.037353038787842,5.267518997192383,18191606
2000-08-02,4.592844009399414,5.142571926116943,5.399043083190918,5.043929100036621,5.089962005615234,21644410
2000-08-03,4.698561191558838,5.2609429359436035,5.3003997802734375,4.840066909790039,5.025844097137451,24581146
2000-08-04,4.769039630889893,5.33985710144043,5.57659912109375,5.288891792297363,5.382602214813232,14381453
2000-08-07,4.698561191558838,5.2609429359436035,5.392466068267822,5.037353038787842,5.043929100036621,29297030
2000-08-08,4.722054958343506,5.287247180938721,5.3003997802734375,5.201756954193115,5.2083330154418945,15079046
2000-08-09,4.692689418792725,5.254366874694824,5.425346851348877,5.116267204284668,5.399043083190918,21808829
2000-08-10,4.592844009399414,5.142571926116943,5.2609429359436035,5.024199962615967,5.2214860916137695,17257363
2000-08-11,4.55760383605957,5.103114128112793,5.116267204284668,4.965014934539795,5.037353038787842,20606573
2000-08-14,4.528240203857422,5.0702338218688965,5.2083330154418945,4.925558090209961,4.925558090209961,32494176
2000-08-15,4.874757766723633,5.45822811126709,5.629209041595459,5.0505051612854,5.05708122253418,33011194
2000-08-16,5.403346061706543,6.050084114074707,6.4183502197265625,5.504261016845703,5.517414093017578,85738435
2000-08-17,5.926061630249023,6.635364055633545,6.720853805541992,5.97774600982666,5.9843220710754395,69864854
2000-08-18,5.168417930603027,5.787036895751953,7.2009148597717285,5.668665885925293,6.799768924713135,85568314
2000-08-21,5.274135112762451,5.905407905578613,6.063237190246582,5.814986228942871,5.938289165496826,32549299
2000-08-22,5.3328680992126465,5.971169948577881,6.194759845733643,5.9448652267456055,5.971169948577881,30239827
2000-08-23,5.432712078094482,6.082964897155762,6.214488983154297,5.787036895751953,5.9843220710754395,24943248
2000-08-24,5.767483234405518,6.4578070640563965,6.5498738288879395,6.188183784484863,6.214488983154297,44472067
2000-08-25,5.843836784362793,6.54329776763916,6.674820899963379,6.392045021057129,6.563025951385498,19100189
2000-08-28,5.914315223693848,6.622211933135986,6.6682448387146,6.4183502197265625,6.523569107055664,18745690
2000-08-29,5.743991374969482,6.431502819061279,6.628787994384766,6.392045021057129,6.5498738288879395,12376109
2000-08-30,5.7381181716918945,6.424925804138184,6.536721229553223,6.26052188873291,6.372316837310791,17510170
2000-08-31,5.8262152671813965,6.523569107055664,6.615635871887207,6.431502819061279,6.444654941558838,16741296
2000-09-01,5.908441543579102,6.615635871887207,6.707702159881592,6.4709601402282715,6.628787994384766,17280173
2000-09-05,6.343059539794922,7.102272987365723,7.2535247802734375,6.589331150054932,6.602482795715332,75455107
2000-09-06,6.166862964630127,6.90498685836792,7.187763214111328,6.819497108459473,7.12857723236084,53938051
2000-09-07,6.260833740234375,7.01020622253418,7.075967788696289,6.681396961212158,6.944444179534912,23110877
2000-09-08,6.183013439178467,6.92307186126709,7.102272987365723,6.812921047210693,6.957596778869629,24678086
2000-09-11,6.084637641906738,6.812921047210693,7.095696926116943,6.747159004211426,6.832649230957031,13190602
2000-09-12,5.843836784362793,6.54329776763916,6.88525915145874,6.4972639083862305,6.811276912689209,21678624
2000-09-13,5.873202323913574,6.576178073883057,6.694550037384033,6.299979209899902,6.398622035980225,18322762
2000-09-14,6.431157112121582,7.2009148597717285,7.312709808349609,6.784972190856934,6.78661584854126,42243379
2000-09-15,6.337184429168701,7.095696926116943,7.207491874694824,6.90498685836792,7.187763214111328,32456160
2000-09-18,6.207975387573242,6.951021194458008,7.358744144439697,6.852377891540527,7.016781806945801,31581792
2000-09-19,6.172735214233398,6.911563873291016,7.299558162689209,6.6682448387146,7.1220011711120605,34590758
2000-09-20,7.194674015045166,8.055818557739258,8.16103744506836,6.951021194458008,6.990478038787842,130543142
2000-09-21,6.689577579498291,7.490266799926758,7.733585834503174,7.319286823272705,7.6743998527526855,70774387
2000-09-22,6.752714157104492,7.56096076965332,7.602062225341797,7.16803503036499,7.187763214111328,32818262
2000-09-25,6.801168918609619,7.615214824676514,7.924294948577881,7.417929172515869,7.595486164093018,28666915
2000-09-26,6.64259147644043,7.437657833099365,7.996633052825928,7.424505233764648,7.805923938751221,32005670
2000-09-27,5.967173099517822,6.681396961212158,7.483691215515137,6.595907211303711,7.477115154266357,47596032
2000-09-28,6.495761394500732,7.273252964019775,7.365320205688477,6.747159004211426,6.76688814163208,39710563
2000-09-29,6.454649925231934,7.227220058441162,7.299558162689209,7.062816143035889,7.148305892944336,20824214
2000-10-02,6.284326553344727,7.036510944366455,7.391624927520752,6.681396961212158,7.365320205688477,28444522
2000-10-03,5.8262152671813965,6.523569107055664,7.273252964019775,6.5104169845581055,7.141729831695557,23618390
2000-10-04,6.072891712188721,6.799768924713135,6.951021194458008,6.214488983154297,6.4578070640563965,24790234
2000-10-05,6.002413272857666,6.720853805541992,7.089119911193848,6.576178073883057,6.6879730224609375,19289318
2000-10-06,5.585414409637451,6.253945827484131,6.799768924713135,5.800189018249512,6.727430820465088,46986826
2000-10-09,5.726372241973877,6.411774158477783,6.615635871887207,5.635785102844238,6.194759845733643,33696432
2000-10-10,5.444459438323975,6.09611701965332,6.54329776763916,5.918560981750488,6.359165191650391,26503805
2000-10-11,4.980476379394531,5.57659912109375,5.916916847229004,5.366161823272705,5.648937225341797,41966813
2000-10-12,4.804279804229736,5.379313945770264,5.9843220710754395,5.366161823272705,5.747580051422119,43401917
2000-10-13,5.250644207000732,5.879104137420654,5.892255783081055,5.3003997802734375,5.313551902770996,33410362
2000-10-16,5.603034973144531,6.273674011230469,6.451231002807617,5.497684955596924,5.74100399017334,38079677
2000-10-17,4.9569830894470215,5.550294876098633,6.4972639083862305,5.418770790100098,6.456162929534912,47735741
2000-10-18,5.015714168548584,5.616055965423584,5.958017826080322,4.774305820465088,5.096538066864014,68081904
2000-10-19,5.373979091644287,6.017202854156494,6.339436054229736,5.655512809753418,5.9974751472473145,51587712
2000-10-20,5.456204891204834,6.109270095825195,6.997054100036621,6.023778915405273,6.982256889343262,167615395
2000-10-23,5.59716272354126,6.2670979499816895,6.444654941558838,5.892255783081055,6.082964897155762,41304384
2000-10-24,5.080318450927734,5.688394069671631,6.023778915405273,5.681818008422852,6.017202854156494,67107744
2000-10-25,5.080318450927734,5.688394069671631,6.036931991577148,5.405619144439697,5.875814914703369,62174218
2000-10-26,4.93349027633667,5.523990154266357,5.846222877502441,5.155724048614502,5.7344279289245605,48813494
2000-10-27,4.827772617340088,5.405619144439697,5.819918155670166,5.280671119689941,5.570023059844971,33108134
2000-10-30,4.628083229064941,5.182028770446777,5.510838031768799,5.05708122253418,5.438499927520752,34090848
2000-10-31,4.839519023895264,5.418770790100098,5.523990154266357,5.129418849945068,5.254366874694824,74857306
2000-11-01,5.075915813446045,5.683462142944336,5.9974751472473145,5.372737884521484,5.379313945770264,71615491
2000-11-02,5.397473335266113,6.043508052825928,6.102694034576416,5.7344279289245605,5.787036895751953,45110736
2000-11-03,5.150798797607422,5.767309188842773,6.201335906982422,5.589752197265625,6.043508052825928,42949526
2000-11-06,5.109685897827148,5.7212748527526855,6.010626792907715,5.655512809753418,5.767309188842773,30243629
2000-11-07,5.326993942260742,5.964593887329102,5.9974751472473145,5.484532833099365,5.708123207092285,28946333
2000-11-08,4.851264953613281,5.431922912597656,6.09611701965332,5.346433162689209,5.905407905578613,37833523
2000-11-09,4.575224876403809,5.122842788696289,5.326704978942871,4.866372108459473,5.2477898597717285,40820630
2000-11-10,4.328550338745117,4.846643924713135,5.33985710144043,4.840066909790039,5.053792953491211,31767120
2000-11-13,4.029017925262451,4.511258125305176,4.7874579429626465,4.471800804138184,4.7348480224609375,55741910
2000-11-14,4.481253147125244,5.0176239013671875,5.024199962615967,4.530986785888672,4.7348480224609375,38370499
2000-11-15,4.305057525634766,4.820339202880859,5.162300109863281,4.754577159881592,4.9387102127075195,23156496
2000-11-16,4.029017925262451,4.511258125305176,4.991319179534912,4.511258125305176,4.728271961212158,30884198
2000-11-17,4.081875801086426,4.570444107055664,4.629630088806152,4.267940044403076,4.530986785888672,39957667
2000-11-20,3.2420079708099365,3.6300508975982666,3.9128260612487793,3.551136016845703,3.873368978500366,100527610
2000-11-21,2.9659674167633057,3.320970058441162,3.78787899017334,3.2354800701141357,3.735269069671631,59233680
2000-11-22,3.0893044471740723,3.4590699672698975,3.7089650630950928,3.0776519775390625,3.314393997192383,72763574
2000-11-24,3.471062183380127,3.886521100997925,3.9194018840789795,3.564289093017578,3.6695079803466797,32614877
2000-11-27,3.588526964187622,4.018044948577881,4.090383052825928,3.8799450397491455,4.018044948577881,45408211
2000-11-28,3.38590145111084,3.7911670207977295,3.990096092224121,3.7484219074249268,3.9325549602508545,41803344
2000-11-29,3.488682508468628,3.90625,3.945707082748413,3.590593099594116,3.78787899017334,44207856
2000-11-30,3.2243881225585938,3.6103219985961914,3.827336072921753,3.2552080154418945,3.7615740299224854,39444451
2000-12-01,3.26550030708313,3.6563549041748047,3.9522829055786133,3.564289093017578,3.676084041595459,58766083
2000-12-04,3.036445379257202,3.399883985519409,3.597170114517212,3.2354800701141357,3.597170114517212,42383088
2000-12-05,3.711864709854126,4.156145095825195,4.169297218322754,3.2880890369415283,3.557713031768799,71139341
2000-12-06,3.4123306274414062,3.8207600116729736,4.156145095825195,3.7089650630950928,4.011468887329102,43243200
2000-12-07,3.2889938354492188,3.6826601028442383,3.8240480422973633,3.472222089767456,3.6958119869232178,35389094
2000-12-08,3.629638671875,4.064077854156494,4.202178001403809,3.8930981159210205,3.9522829055786133,52141795
2000-12-11,4.0877485275268555,4.577020168304443,4.577020168304443,3.945707082748413,4.064077854156494,38114842
2000-12-12,3.8469467163085938,4.30739688873291,4.721695899963379,4.182448863983154,4.4652252197265625,30139085
2000-12-13,3.688370704650879,4.129839897155762,4.471800804138184,4.110112190246582,4.452073097229004,26585539
2000-12-14,3.4769365787506104,3.8930981159210205,4.235058784484863,3.827336072921753,4.123263835906982,24375859
2000-12-15,3.570906639099121,3.9983160495758057,4.327125072479248,3.6826601028442383,3.8602170944213867,47145542
2000-12-18,3.6002726554870605,4.0311970710754395,4.149569034576416,3.8930981159210205,3.985163927078247,26800330
2000-12-19,3.036445379257202,3.399883985519409,3.9720120429992676,3.39330792427063,3.9654359817504883,47026742
2000-12-20,2.625322103500366,2.939552068710327,3.3670029640197754,2.8146040439605713,3.2157509326934814,57434573
2000-12-21,2.672306776046753,2.9921610355377197,3.4656460285186768,2.847485065460205,2.926398992538452,52211174
2000-12-22,3.2889938354492188,3.6826601028442383,3.702388048171997,3.1565659046173096,3.1565659046173096,39452054
2000-12-26,3.259626626968384,3.6497790813446045,3.925978899002075,3.5314080715179443,3.78787899017334,27653789
2000-12-27,3.3124868869781494,3.7089650630950928,3.8010311126708984,3.4261889457702637,3.7089650630950928,23083315
2000-12-28,3.553287982940674,3.978588104248047,4.103535175323486,3.6958119869232178,3.7089650630950928,31764269
2000-12-29,3.101050615310669,3.472222089767456,4.02462100982666,3.432765007019043,3.978588104248047,34678195
2001-01-02,2.836757183074951,3.1762940883636475,3.603745937347412,3.0250420570373535,3.544559955596924,43383859
2001-01-03,3.6986477375030518,4.141347885131836,4.156145095825195,3.1039559841156006,3.1039559841156006,65531981
2001-01-04,3.324233055114746,3.7221169471740723,4.14299201965332,3.6497790813446045,3.9194018840789795,52275802
2001-01-05,2.871995449066162,3.2157509326934814,3.78787899017334,3.2091751098632812,3.774725914001465,58458154
2001-01-08,2.87786865234375,3.2223269939422607,3.2880890369415283,2.9921610355377197,3.2617850303649902,76336128
2001-01-09,3.1362900733947754,3.51167893409729,3.6826601028442383,3.2880890369415283,3.353851079940796,46161878
2001-01-10,3.694244384765625,4.136415958404541,4.156145095825195,3.3472750186920166,3.399883985519409,65674541
2001-01-11,3.8469467163085938,4.30739688873291,4.452073097229004,3.78787899017334,3.886521100997925,72218045
2001-01-12,3.764723062515259,4.215330123901367,4.458649158477783,4.096959114074707,4.43234395980835,51584861
2001-01-16,4.117114543914795,4.609900951385498,4.682239055633545,4.195601940155029,4.202178001403809,48161520
2001-01-17,4.064255237579346,4.55071496963501,5.011047840118408,4.491529941558838,4.840066909790039,85639594
2001-01-18,4.40490198135376,4.93213415145874,4.984743118286133,4.484953880310059,4.6953911781311035,90686218
2001-01-19,4.710309028625488,5.274095058441162,5.767309188842773,5.05708122253418,5.7344279289245605,157235126
2001-01-22,4.645702362060547,5.201756954193115,5.589752197265625,5.142571926116943,5.33328104019165,60498662
2001-01-23,4.921743869781494,5.510838031768799,5.550294876098633,5.129418849945068,5.182028770446777,61181050
2001-01-24,5.109685897827148,5.7212748527526855,5.800189018249512,5.4911088943481445,5.497684955596924,62977306
2001-01-25,4.680942058563232,5.241213798522949,5.800189018249512,5.2214860916137695,5.7738847732543945,46845216
2001-01-26,4.686814785003662,5.2477898597717285,5.372737884521484,5.004471778869629,5.0702338218688965,46176134
2001-01-29,4.915870666503906,5.504261016845703,5.556870937347412,5.2609429359436035,5.346433162689209,42812669
2001-01-30,4.998095989227295,5.596327781677246,5.602903842926025,5.399043083190918,5.57659912109375,33959693
2001-01-31,4.639830589294434,5.195180892944336,5.629209041595459,5.1688761711120605,5.563446998596191,38265005
2001-02-01,4.534111976623535,5.076809883117676,5.2609429359436035,4.984743118286133,5.188604831695557,36812794
2001-02-02,4.344701290130615,4.864727973937988,5.155724048614502,4.780881881713867,5.149147987365723,37321258
2001-02-05,4.387282848358154,4.912405014038086,4.997896194458008,4.511258125305176,4.800610065460205,40064112
2001-02-06,4.40490198135376,4.93213415145874,4.945285797119141,4.6953911781311035,4.800610065460205,33511104
2001-02-07,4.340297698974609,4.859796047210693,4.881167888641357,4.682239055633545,4.840066909790039,28875053
2001-02-08,4.428395748138428,4.958438873291016,5.142571926116943,4.853219985961914,4.925558090209961,29277072
2001-02-09,4.187592029571533,4.688815116882324,4.958438873291016,4.491529941558838,4.892676830291748,30952627
2001-02-12,4.434268951416016,4.965014934539795,5.096538066864014,4.682239055633545,4.688815116882324,28379894
2001-02-13,4.457760334014893,4.991319179534912,5.326704978942871,4.984743118286133,5.101469993591309,46216051
2001-02-14,4.71618127822876,5.280671119689941,5.366161823272705,5.0176239013671875,5.038997173309326,51551597
2001-02-15,4.745547771453857,5.313551902770996,5.583176136016846,5.287247180938721,5.344789028167725,40134442
2001-02-16,4.5810980796813965,5.129418849945068,5.280671119689941,4.971590995788574,4.971590995788574,34958563
2001-02-20,4.187592029571533,4.688815116882324,5.17545223236084,4.655933856964111,5.155724048614502,37551254
2001-02-21,4.293310642242432,4.807186126708984,4.905828952789307,4.537562847137451,4.5392069816589355,42399245
2001-02-22,4.187592029571533,4.688815116882324,4.945285797119141,4.392887115478516,4.854864120483398,52780464
2001-02-23,4.175846099853516,4.675662994384766,4.6953911781311035,4.241634845733643,4.577020168304443,55906330
2001-02-26,4.263946533203125,4.774305820465088,4.794034004211426,4.379734992980957,4.6953911781311035,38513059
2001-02-27,3.958538770675659,4.43234395980835,4.866372108459473,4.399463176727295,4.81376314163208,39274330
2001-02-28,3.601741075515747,4.032841205596924,4.649357795715332,3.8799450397491455,4.42576789855957,56361571
2001-03-01,3.523921489715576,3.945707082748413,4.180805206298828,3.5774409770965576,3.9588589668273926,77756026
2001-03-02,3.541541814804077,3.9654359817504883,4.235058784484863,3.6958119869232178,3.8404879570007324,52684474
2001-03-05,3.570906639099121,3.9983160495758057,4.169297218322754,3.9325549602508545,4.116687774658203,26198726
2001-03-06,3.788214921951294,4.241634845733643,4.511258125305176,4.195601940155029,4.195601940155029,46198944
2001-03-07,3.9937760829925537,4.471800804138184,4.7151198387146,4.103535175323486,4.386311054229736,100591286
2001-03-08,3.6766250133514404,4.116687774658203,4.419191837310791,4.050926208496094,4.386311054229736,49234522
2001-03-09,3.1950223445892334,3.5774409770965576,3.8141839504241943,3.5379838943481445,3.8141839504241943,68163638
2001-03-12,2.9659674167633057,3.320970058441162,3.5774409770965576,3.281512975692749,3.5264759063720703,73973434
2001-03-13,3.2361350059509277,3.623473882675171,3.6300508975982666,3.3078179359436035,3.51167893409729,52128490
2001-03-14,3.206768274307251,3.590593099594116,3.6695079803466797,3.3275458812713623,3.3275458812713623,40986000
2001-03-15,3.253754138946533,3.643203020095825,3.8404879570007324,3.5774409770965576,3.7665059566497803,49893149
2001-03-16,3.054065465927124,3.4196128845214844,3.715540885925293,3.3275458812713623,3.5708649158477783,44910202
2001-03-19,3.48280930519104,3.8996739387512207,3.925978899002075,3.360426902770996,3.4393410682678223,46114358
2001-03-20,3.318359136581421,3.715540885925293,4.090383052825928,3.7089650630950928,3.90625,58429642
2001-03-21,3.0188260078430176,3.3801560401916504,3.9194018840789795,3.3801560401916504,3.774725914001465,62541072
2001-03-22,3.441696882247925,3.8536410331726074,3.8930981159210205,3.3406989574432373,3.413037061691284,47870698
2001-03-23,3.4945554733276367,3.9128260612487793,4.103535175323486,3.7813029289245605,3.985163927078247,45153504
2001-03-26,3.6120197772979736,4.0443501472473145,4.30739688873291,3.939131021499634,3.985163927078247,51548746
2001-03-27,3.7588491439819336,4.208754062652588,4.261363983154297,3.9194018840789795,4.037774085998535,34131715
2001-03-28,3.4005839824676514,3.8076069355010986,4.156145095825195,3.754997968673706,4.057501792907715,39528086
2001-03-29,3.206768274307251,3.590593099594116,3.8799450397491455,3.544559955596924,3.7089650630950928,41606611
2001-03-30,3.4005839824676514,3.8076069355010986,4.02462100982666,3.636626958847046,3.643203020095825,44713469
2001-04-02,3.318359136581421,3.715540885925293,3.9720120429992676,3.6695079803466797,3.8141839504241943,42066605
2001-04-03,2.883742094039917,3.2289040088653564,3.7089650630950928,3.1762940883636475,3.6563549041748047,75541594
2001-04-04,2.854377269744873,3.1960229873657227,3.3801560401916504,3.0776519775390625,3.2289040088653564,72915638
2001-04-05,3.271373987197876,3.662930965423584,3.7089650630950928,3.5314080715179443,3.590593099594116,64821082
2001-04-06,3.3359787464141846,3.735269069671631,3.8207600116729736,3.432765007019043,3.5823729038238525,54858038
2001-04-09,3.5690276622772217,3.9962120056152344,4.043560981750488,3.861531972885132,3.979377031326294,38898922
2001-04-10,3.7071659564971924,4.15088415145874,4.329755783081055,4.103535175323486,4.149831771850586,65894083
2001-04-11,3.6808528900146484,4.12142276763916,4.345539093017578,3.9772729873657227,4.3139729499816895,45948989
2001-04-12,3.912022829055786,4.380260944366455,4.392887115478516,4.095118045806885,4.095118045806885,48835354
2001-04-16,3.8415439128875732,4.301346778869629,4.540194034576416,4.190866947174072,4.201388835906982,40125888
2001-04-17,4.045462608337402,4.529672145843506,4.566497802734375,4.203493118286133,4.228745937347412,45741802
2001-04-18,4.299184322357178,4.81376314163208,5.085227012634277,4.613846778869629,4.7348480224609375,71492890
2001-04-19,4.697622299194336,5.259891033172607,5.2609429359436035,4.840066909790039,4.965278148651123,75399984
2001-04-20,4.759643077850342,5.3293352127075195,5.922769069671631,5.229376792907715,5.471380233764648,167934730
2001-04-23,4.411949157714844,4.9400248527526855,5.245160102844238,4.913721084594727,5.244108200073242,65713507
2001-04-24,4.187357425689697,4.688551902770996,5.134679794311523,4.682239055633545,4.840066909790039,62466941
2001-04-25,4.548208713531494,5.092593193054199,5.134679794311523,4.629630088806152,4.730639934539795,83389046
2001-04-26,4.322675704956055,4.840066909790039,5.2083330154418945,4.682239055633545,5.185184955596924,55835050
2001-04-27,4.404431343078613,4.931608200073242,5.039982795715332,4.773778915405273,4.998948097229004,35908963
2001-04-30,4.743668556213379,5.311448097229004,5.481902122497559,5.039982795715332,5.076809883117676,89849866
2001-05-01,5.103578090667725,5.714436054229736,5.719696998596191,5.32302188873291,5.326178073883057,105103786
2001-05-02,5.046254634857178,5.650252819061279,5.812290191650391,5.497684955596924,5.792297840118408,63795600
2001-05-03,4.84045934677124,5.419823169708252,5.501893997192383,5.313551902770996,5.4082489013671875,39783744
2001-05-04,4.919393539428711,5.508206844329834,5.542929172515869,5.160984992980957,5.187290191650391,33260198
2001-05-07,4.730511665344238,5.296717166900635,5.500842094421387,5.226221084594727,5.486111164093018,26184470
2001-05-08,4.939128398895264,5.530303001403809,5.627103805541992,5.076809883117676,5.471380233764648,61722778
2001-05-09,4.9936323165893555,5.591330051422119,5.660774230957031,5.324073791503906,5.357744216918945,49169894
2001-05-10,5.103578090667725,5.714436054229736,5.867002964019775,5.682869911193848,5.788088798522949,82795997
2001-05-11,5.003968715667725,5.602903842926025,5.702861785888672,5.471380233764648,5.702861785888672,44884541
2001-05-14,5.188151836395264,5.809133052825928,5.8764729499816895,5.508206844329834,5.6081647872924805,51697008
2001-05-15,5.267088413238525,5.897517204284668,6.006944179534912,5.708123207092285,5.8375420570373535,76713437
2001-05-16,5.437175750732422,6.087963104248047,6.170033931732178,5.803872108459473,5.803872108459473,64260346
2001-05-17,5.877900123596191,6.581439018249512,6.602482795715332,6.092172145843506,6.110058784484863,127851610
2001-05-18,5.886357307434082,6.590909004211426,6.637205123901367,6.3941497802734375,6.493055820465088,58829760
2001-05-21,6.017917156219482,6.73821496963501,6.744528770446777,6.47411584854126,6.660354137420654,72969811
2001-05-22,6.037651062011719,6.760311126708984,6.997054100036621,6.629839897155762,6.7308502197265625,70766784
2001-05-23,5.722848892211914,6.407827854156494,6.7655720710754395,6.313130855560303,6.660354137420654,67209437
2001-05-24,5.944620609283447,6.656145095825195,6.705597877502441,6.265782833099365,6.397305965423584,39620275
2001-05-25,5.845009803771973,6.544612884521484,6.734006881713867,6.413088798522949,6.659300804138184,27142474
2001-05-29,5.614781379699707,6.286827087402344,6.52462100982666,6.256312847137451,6.496212005615234,36669283
2001-05-30,5.626998424530029,6.3005051612854,6.576178073883057,6.163721084594727,6.163721084594727,79139808
2001-05-31,5.687140464782715,6.367845058441162,6.467803001403809,6.180555820465088,6.307869911193848,46456502
2001-06-01,5.755738258361816,6.444654941558838,6.513047218322754,6.243687152862549,6.439393997192383,36471600
2001-06-04,5.8882365226745605,6.593012809753418,6.672979831695557,6.259469985961914,6.314184188842773,52660714
2001-06-05,6.084637641906738,6.812921047210693,6.883418083190918,6.611952781677246,6.628787994384766,45728496
2001-06-06,6.067721843719482,6.793981075286865,6.9791669845581055,6.784512042999268,6.8139729499816895,43858109
2001-06-07,6.107189178466797,6.838172912597656,6.871842861175537,6.660354137420654,6.741372108459473,35823427
2001-06-08,5.971871852874756,6.686657905578613,6.852903842926025,6.649831771850586,6.851851940155029,24150614
2001-06-11,5.900453567504883,6.606691837310791,6.860269069671631,6.565657138824463,6.701388835906982,39570854
2001-06-12,5.966233253479004,6.680345058441162,6.78661584854126,6.363636016845703,6.5067338943481445,44221162
2001-06-13,5.808362007141113,6.50357723236084,6.828703880310059,6.494108200073242,6.750842094421387,38607149
2001-06-14,6.0197978019714355,6.740320205688477,6.821338176727295,6.413088798522949,6.4141411781311035,61544102
2001-06-15,6.119407653808594,6.851851940155029,6.881312847137451,6.4972639083862305,6.659300804138184,82304640
2001-06-18,5.918310642242432,6.626684188842773,6.897096157073975,6.58354377746582,6.792929172515869,52004938
2001-06-19,5.934284210205078,6.644570827484131,6.965487957000732,6.5551347732543945,6.788721084594727,64838189
2001-06-20,6.53100061416626,7.312709808349609,7.317971229553223,6.522517204284668,6.523569107055664,98756064
2001-06-21,6.568589687347412,7.354797840118408,7.378997802734375,7.181187152862549,7.27588415145874,84170275
2001-06-22,6.3703107833862305,7.132785797119141,7.417929172515869,7.102272987365723,7.300084114074707,49360925
2001-06-25,6.675716400146484,7.474747180938721,7.502103805541992,7.207491874694824,7.222221851348877,58660589
2001-06-26,6.423874378204346,7.192760944366455,7.4442338943481445,7.129630088806152,7.349536895751953,52792819
2001-06-27,6.446427345275879,7.218012809753418,7.336911201477051,7.155933856964111,7.265361785888672,47880202
2001-06-28,6.574228763580322,7.361111164093018,7.412668228149414,7.270623207092285,7.320075988769531,41827104
2001-06-29,6.436088562011719,7.206439018249512,7.407406806945801,7.101221084594727,7.398990154266357,51874733
2001-07-02,6.40601921081543,7.172769069671631,7.386363983154297,7.118055820465088,7.219066143035889,35259840
2001-07-03,6.499051094055176,7.276936054229736,7.365320205688477,7.154881954193115,7.196969985961914,17244058
2001-07-05,6.253785133361816,7.002315044403076,7.2474751472473145,6.997054100036621,7.175926208496094,34978522
2001-07-06,6.130682945251465,6.86447811126709,7.118055820465088,6.841330051422119,6.95075798034668,36352800
2001-07-09,6.059266567230225,6.784512042999268,6.965487957000732,6.536194801330566,6.918139934539795,53474256
2001-07-10,5.66176700592041,6.339436054229736,6.839225769042969,6.27104377746582,6.838172912597656,67548730
2001-07-11,5.65518856048584,6.332070827484131,6.406775951385498,6.230008125305176,6.230008125305176,55461542
2001-07-12,6.288554668426514,7.041245937347412,7.054924011230469,6.646675109863281,6.695075988769531,66785558
2001-07-13,6.297011852264404,7.05071496963501,7.233796119689941,6.8918352127075195,6.996002197265625,45370195
2001-07-16,6.188007831573486,6.928661823272705,7.184342861175537,6.897096157073975,7.028619766235352,34033824
2001-07-17,6.343059539794922,7.102272987365723,7.118055820465088,6.804502964019775,6.849747180938721,43313530
2001-07-18,6.252846717834473,7.00126314163208,7.181187152862549,6.989688873291016,7.042297840118408,48160570
2001-07-19,6.0517473220825195,6.77609395980835,7.107533931732178,6.695075988769531,7.066497802734375,84662582
2001-07-20,6.277279376983643,7.028619766235352,7.154881954193115,6.9791669845581055,7.004418849945068,79495258
2001-07-23,6.104371547698975,6.835017204284668,7.042297840118408,6.784512042999268,7.041245937347412,46368115
2001-07-24,5.799905776977539,6.494108200073242,6.676136016845703,6.286827087402344,6.603535175323486,106056086
2001-07-25,5.790507793426514,6.483585834503174,6.590909004211426,6.307869911193848,6.410984992980957,59689872
2001-07-26,6.092156410217285,6.821338176727295,6.918139934539795,6.413088798522949,6.481481075286865,76544266
2001-07-27,5.976569175720215,6.691918849945068,6.785563945770264,6.591960906982422,6.763467788696289,34637328
2001-07-30,5.736003875732422,6.422558784484863,6.731902122497559,6.33838415145874,6.718224048614502,35742643
2001-07-31,5.879780292510986,6.58354377746582,6.681396961212158,6.337331771850586,6.434133052825928,49816166
2001-08-01,5.790507793426514,6.483585834503174,6.719275951385498,6.449915885925293,6.634048938751221,52615094
2001-08-02,5.713450908660889,6.397305965423584,6.58354377746582,6.27104377746582,6.51409912109375,67004150
2001-08-03,6.0423502922058105,6.7655720710754395,6.840278148651123,6.336278915405273,6.407827854156494,89512474
2001-08-06,5.967173099517822,6.681396961212158,6.721380233764648,6.593012809753418,6.682448863983154,38239344
2001-08-07,6.0423502922058105,6.7655720710754395,6.801346778869629,6.5625,6.639309883117676,35046000
2001-08-08,5.862865924835205,6.564603805541992,6.954966068267822,6.487794876098633,6.716119766235352,61019482
2001-08-09,5.905151844024658,6.611952781677246,6.702441215515137,6.439393997192383,6.52462100982666,36793786
2001-08-10,5.740701675415039,6.427820205688477,6.598274230957031,6.313130855560303,6.595118045806885,54686966
2001-08-13,5.706872940063477,6.389941215515137,6.51409912109375,6.313130855560303,6.408880233764648,47233930
2001-08-14,5.767014503479004,6.457281112670898,6.60037899017334,6.3941497802734375,6.450967788696289,45416765
2001-08-15,5.638275623321533,6.313130855560303,6.517255783081055,6.269991874694824,6.4709601402282715,62406115
2001-08-16,5.732246398925781,6.4183502197265625,6.4183502197265625,5.971169948577881,6.176346778869629,96724109
2001-08-17,5.544302940368652,6.207911968231201,6.3057661056518555,6.093224048614502,6.261573791503906,69588288
2001-08-20,5.6852593421936035,6.365740776062012,6.410984992980957,6.165824890136719,6.165824890136719,56265581
2001-08-21,5.442814350128174,6.094275951385498,6.523569107055664,6.059554100036621,6.351009845733643,64120637
2001-08-22,5.347903728485107,5.9880051612854,6.176346778869629,5.601851940155029,6.176346778869629,168451747
2001-08-23,5.174055576324463,5.7933502197265625,6.12373685836792,5.71338415145874,6.109006881713867,89471606
2001-08-24,5.545243263244629,6.208964824676514,6.3110270500183105,5.744948863983154,5.860690116882324,75235565
2001-08-27,5.2999773025512695,5.934342861175537,6.135311126708984,5.8775248527526855,6.12373685836792,72321638
2001-08-28,5.072567939758301,5.679714202880859,6.034300804138184,5.674452781677246,5.908039093017578,63783245
2001-08-29,5.06505012512207,5.671296119689941,5.748106002807617,5.523990154266357,5.726009845733643,56884291
2001-08-30,5.220102787017822,5.844906806945801,5.891203880310059,5.555555820465088,5.616581916809082,73052496
2001-08-31,5.284003257751465,5.91645622253418,5.9974751472473145,5.767045021057129,5.809133052825928,44932061
2001-09-04,5.116733551025391,5.7291669845581055,5.968012809753418,5.72390604019165,5.8764729499816895,51740726
2001-09-05,5.13552713394165,5.750209808349609,5.9301347732543945,5.659721851348877,5.703914165496826,81470189
2001-09-06,5.176877498626709,5.796506881713867,5.892255783081055,5.629209041595459,5.695497035980225,64398154
2001-09-07,4.9757771492004395,5.571338176727295,5.730218887329102,5.3777360916137695,5.538721084594727,95320368
2001-09-10,5.128010272979736,5.741793155670166,5.760732173919678,5.407196998596191,5.5250420570373535,65742970
2001-09-17,4.642178535461426,5.197811126708984,5.484006881713867,5.176767826080322,5.334596157073975,120498365
2001-09-18,4.698561191558838,5.2609429359436035,5.481902122497559,5.225168228149414,5.306187152862549,89028720
2001-09-19,4.541631698608398,5.085227012634277,5.217803001403809,4.728535175323486,5.21359395980835,138114979
2001-09-20,4.2277655601501465,4.733796119689941,4.945285797119141,4.668560981750488,4.892676830291748,99299693
2001-09-21,4.115000247955322,4.607533931732178,4.736952781677246,4.366581916809082,4.394991874694824,131197968
2001-09-24,4.395975112915039,4.922138214111328,4.950547218322754,4.62857723236084,4.62857723236084,85010429
2001-09-25,4.406311511993408,4.933712005615234,5.08838415145874,4.830597877502441,4.903199195861816,71773258
2001-09-26,4.138493061065674,4.633838176727295,5.019991874694824,4.619108200073242,5.009469985961914,60224947
2001-09-27,4.23904275894165,4.74642276763916,4.797979831695557,4.259259223937988,4.525463104248047,109763597
2001-09-28,4.299184322357178,4.81376314163208,4.913721084594727,4.571759223937988,4.803240776062012,96120605
2001-10-01,4.413829803466797,4.942130088806152,5.03787899017334,4.629630088806152,4.661194801330566,97526246
2001-10-02,4.462693214416504,4.996842861175537,5.116793155670166,4.903199195861816,4.955808162689209,88837690
2001-10-03,4.693862438201904,5.255681991577148,5.366161823272705,4.802188873291016,4.8558502197265625,130239965
2001-10-04,4.939128398895264,5.530303001403809,5.689184188842773,5.27462100982666,5.337752819061279,101891434
2001-10-05,5.018063545227051,5.618687152862549,5.678661823272705,5.392466068267822,5.455597877502441,77392973
2001-10-08,5.207886695861816,5.831229209899902,5.836490154266357,5.471380233764648,5.512415885925293,70083446
2001-10-09,5.111095428466797,5.722854137420654,5.808081150054932,5.670244216918945,5.80071496963501,46713110
2001-10-10,5.345083713531494,5.9848480224609375,6.003787994384766,5.611321926116943,5.65235710144043,64368691
2001-10-11,5.585649490356445,6.254209041595459,6.407827854156494,5.991161823272705,6.018518924713135,123177542
2001-10-12,5.535846710205078,6.1984429359436035,6.22895622253418,5.9448652267456055,6.197391033172607,58305139
2001-10-15,5.785808563232422,6.478324890136719,6.585648059844971,6.039562225341797,6.1458330154418945,97630790
2001-10-16,5.788627624511719,6.481481075286865,6.679293155670166,6.381524085998535,6.531987190246582,97012080
2001-10-17,5.3648176193237305,6.006944179534912,6.509891033172607,5.999578952789307,6.5014729499816895,102867494
2001-10-18,5.549940586090088,6.214225769042969,6.279460906982422,6.018518924713135,6.030093193054199,79883021
2001-10-19,4.881805419921875,5.466119766235352,5.759679794311523,5.430345058441162,5.743896961212158,213722150
2001-10-22,4.987995147705078,5.585017204284668,5.664982795715332,5.419823169708252,5.419823169708252,94637030
2001-10-23,5.222922325134277,5.848063945770264,5.902778148651123,5.606060981750488,5.6176347732543945,116815565
2001-10-24,5.373275279998779,6.016414165496826,6.018518924713135,5.6723480224609375,5.799663066864014,83675117
2001-10-25,5.556520462036133,6.221590995788574,6.240530014038086,5.764941215515137,5.850168228149414,94222656
2001-10-26,5.356360912322998,5.9974751472473145,6.2026519775390625,5.953282833099365,6.099536895751953,65457850
2001-10-29,4.935369968414307,5.52609395980835,6.138467788696289,5.393518924713135,6.014309883117676,186105427
2001-10-30,5.019003391265869,5.619739055633545,5.733375072479248,5.2619948387146,5.4808502197265625,176097715
2001-10-31,4.931610584259033,5.521885871887207,5.776515007019043,5.4566497802734375,5.696548938751221,100035302
2001-11-01,5.003028869628906,5.601851940155029,5.661827087402344,5.41140604019165,5.551346778869629,96610061
2001-11-02,4.858314037322998,5.439815044403076,5.6765570640563965,5.393518924713135,5.57659912109375,69677626
2001-11-05,5.060351371765137,5.666035175323486,5.750209808349609,5.486111164093018,5.49873685836792,60228749
2001-11-06,5.232318878173828,5.858585834503174,5.900672912597656,5.56607723236084,5.611321926116943,64073117
2001-11-07,5.317833423614502,5.9543352127075195,6.133206844329834,5.787036895751953,5.796506881713867,84151267
2001-11-08,5.201307773590088,5.823863983154297,6.176346778869629,5.813342094421387,6.01325798034668,63565603
2001-11-09,5.351664066314697,5.992214202880859,6.049032211303711,5.737584114074707,5.827020168304443,43654723
2001-11-12,5.418381214141846,6.066918849945068,6.144781112670898,5.865951061248779,5.972221851348877,47619792
2001-11-13,5.625118732452393,6.29840087890625,6.307869911193848,6.092172145843506,6.171085834503174,63372672
2001-11-14,5.839373588562012,6.538300037384033,6.576178073883057,6.33838415145874,6.364688873291016,86866560
2001-11-15,5.644853115081787,6.320497035980225,6.483585834503174,6.261573791503906,6.427820205688477,67335840
2001-11-16,5.638275623321533,6.313130855560303,6.476221084594727,6.26052188873291,6.3015570640563965,44195501
2001-11-19,5.836552619934082,6.53514289855957,6.576178073883057,6.340487957000732,6.351009845733643,65672640
2001-11-20,5.554640769958496,6.219487190246582,6.574073791503906,6.217381954193115,6.481481075286865,52866000
2001-11-21,5.719090461730957,6.403619766235352,6.403619766235352,6.134259223937988,6.2026519775390625,46030723
2001-11-23,5.783930778503418,6.476221084594727,6.479376792907715,6.323653221130371,6.340487957000732,14496451
2001-11-26,6.123166561126709,6.856060981750488,6.870790958404541,6.560396194458008,6.561448097229004,107686973
2001-11-27,6.086517333984375,6.8150248527526855,6.919191837310791,6.576178073883057,6.769781112670898,85966531
2001-11-28,6.117527961730957,6.849747180938721,7.108585834503174,6.741372108459473,6.761363983154297,105357542
2001-11-29,6.224654674530029,6.969696998596191,7.0233588218688965,6.8234429359436035,6.828703880310059,60628867
2001-11-30,6.396622657775879,7.162247180938721,7.206439018249512,6.924452781677246,6.93392276763916,79623562
2001-12-03,6.302650451660156,7.057028770446777,7.112794876098633,6.976009845733643,7.090699195861816,45713290
2001-12-04,6.5770463943481445,7.364267826080322,7.366372108459473,7.00126314163208,7.034933090209961,71651606
2001-12-05,6.482133865356445,7.257997035980225,7.653619766235352,7.156987190246582,7.361111164093018,148671072
2001-12-06,6.592082977294922,7.381103038787842,7.4042510986328125,7.210648059844971,7.253787994384766,70192742
2001-12-07,6.385345935821533,7.14962100982666,7.343224048614502,7.0391411781311035,7.295875072479248,60774278
2001-12-10,6.296072959899902,7.049663066864014,7.2790398597717285,7.003366947174072,7.060184955596924,50299920
2001-12-11,6.5873847007751465,7.375842094421387,7.488426208496094,7.097012042999268,7.098063945770264,78943075
2001-12-12,6.53100061416626,7.312709808349609,7.365320205688477,7.098063945770264,7.306396961212158,66302755
2001-12-13,6.217135906219482,6.961278915405273,7.181187152862549,6.946548938751221,7.114899158477783,55989014
2001-12-14,6.25754451751709,7.006524085998535,7.186448097229004,6.96338415145874,6.986532211303711,52401254
2001-12-17,6.511266231536865,7.290614128112793,7.332702159881592,6.920244216918945,6.998106002807617,57512506
2001-12-18,6.278219223022461,7.029672145843506,7.36321496963501,6.9707489013671875,7.270623207092285,84092342
2001-12-19,6.2208967208862305,6.965487957000732,7.186448097229004,6.8918352127075195,6.977062225341797,72899482
2001-12-20,5.975630283355713,6.690866947174072,7.08859395980835,6.682448863983154,6.949705123901367,55635466
2001-12-21,6.107189178466797,6.838172912597656,6.886573791503906,6.707702159881592,6.781354904174805,59703178
2001-12-24,5.996304988861084,6.714015007019043,6.929714202880859,6.656145095825195,6.844487190246582,18747590
2001-12-26,6.2340521812438965,6.980218887329102,7.053872108459473,6.8276519775390625,6.8276519775390625,40902365
2001-12-27,6.218077182769775,6.962331771850586,7.077020168304443,6.893939018249512,6.990740776062012,28567123
2001-12-28,6.389104843139648,7.153830051422119,7.16645622253418,7.0233588218688965,7.024411201477051,32922806
2001-12-31,6.286675453186035,7.0391411781311035,7.2043352127075195,6.991793155670166,7.186448097229004,34766582
2002-01-02,6.218077182769775,6.962331771850586,6.969696998596191,6.77609395980835,6.880260944366455,59122483
2002-01-03,6.390044689178467,7.154881954193115,7.183290958404541,6.901305198669434,6.95075798034668,50394960
2002-01-04,6.437028884887695,7.207491874694824,7.312709808349609,7.102272987365723,7.16014289855957,44531942
2002-01-07,6.277279376983643,7.028619766235352,7.280093193054199,7.006524085998535,7.216960906982422,42132182
2002-01-08,6.346815586090088,7.106481075286865,7.107533931732178,6.875,7.048611164093018,52871702
2002-01-09,6.285735130310059,7.038088798522949,7.255891799926758,7.007575988769531,7.173821926116943,51664694
2002-01-10,6.2011613845825195,6.943391799926758,7.070706844329834,6.917088031768799,6.997054100036621,44653594
2002-01-11,6.0019426345825195,6.720327854156494,7.0233588218688965,6.681396961212158,6.952861785888672,64879056
2002-01-14,5.935222148895264,6.645623207092285,6.731902122497559,6.567760944366455,6.676136016845703,49657450
2002-01-15,6.016977787017822,6.737163066864014,6.855008125305176,6.695075988769531,6.729797840118408,70104355
2002-01-16,5.632635116577148,6.306818008422852,6.601430892944336,6.294191837310791,6.434133052825928,129415018
2002-01-17,5.789568901062012,6.482533931732178,6.590909004211426,6.404672145843506,6.523569107055664,84184531
2002-01-18,5.65518856048584,6.332070827484131,6.433081150054932,6.294191837310791,6.318391799926758,49579517
2002-01-22,5.586589813232422,6.255260944366455,6.495160102844238,6.22895622253418,6.429924011230469,58975171
2002-01-23,5.552761554718018,6.217381954193115,6.3110270500183105,6.076388835906982,6.269991874694824,77981270
2002-01-24,5.62887716293335,6.302608966827393,6.430975914001465,6.26052188873291,6.275252819061279,56619130
2002-01-25,5.699356555938721,6.381524085998535,6.4141411781311035,6.27104377746582,6.286827087402344,25928813
2002-01-28,5.610083103179932,6.281566143035889,6.452020168304443,6.197391033172607,6.444654941558838,36518170
2002-01-29,5.574373722076416,6.241581916809082,6.363636016845703,6.118475914001465,6.292088031768799,51164784
2002-01-30,5.422141075134277,6.071127891540527,6.279460906982422,5.797558784484863,6.279460906982422,98352144
2002-01-31,5.546181678771973,6.210017204284668,6.267887115478516,5.973274230957031,6.11321496963501,58141670
2002-02-01,5.4550299644470215,6.107954978942871,6.278409004211426,6.055345058441162,6.215278148651123,30563914
2002-02-04,5.221042633056641,5.8459601402282715,6.086911201477051,5.80071496963501,6.0816497802734375,51831014
2002-02-05,5.121433258056641,5.7344279289245605,5.953282833099365,5.6807661056518555,5.8459601402282715,61353072
2002-02-06,5.187211990356445,5.808081150054932,5.860690116882324,5.601851940155029,5.801767826080322,49052045
2002-02-07,5.16465950012207,5.782827854156494,5.88909912109375,5.666035175323486,5.796506881713867,45314122
2002-02-08,5.507654190063477,6.166876792907715,6.17424201965332,5.760732173919678,5.7891411781311035,58404931
2002-02-11,5.382673740386963,6.026936054229736,6.20159912109375,6.006944179534912,6.122684955596924,40972694
2002-02-12,5.4550299644470215,6.107954978942871,6.177399158477783,5.917508125305176,5.9974751472473145,42457219
2002-02-13,5.506714820861816,6.165824890136719,6.2573652267456055,6.11321496963501,6.11321496963501,31436381
2002-02-14,5.638275623321533,6.313130855560303,6.389941215515137,6.176346778869629,6.181608200073242,57087677
2002-02-15,5.538663864135742,6.20159912109375,6.317339897155762,6.102694034576416,6.285774230957031,48534077
2002-02-19,5.018063545227051,5.618687152862549,6.1500420570373535,5.58712100982666,6.1500420570373535,88173360
2002-02-20,5.109217166900635,5.7207489013671875,5.779672145843506,5.510311126708984,5.692339897155762,72246557
2002-02-21,5.072567939758301,5.679714202880859,5.92697811126709,5.625,5.688130855560303,71349379
2002-02-22,4.905298709869385,5.492424011230469,5.679714202880859,5.455597877502441,5.67340087890625,72086890
2002-02-25,5.087603569030762,5.696548938751221,5.7165398597717285,5.43876314163208,5.527145862579346,56391984
2002-02-26,5.002089977264404,5.600800037384033,5.718645095825195,5.501893997192383,5.698653221130371,57188419
2002-02-27,4.614927291870117,5.167297840118408,5.540824890136719,5.139941215515137,5.540824890136719,123790550
2002-02-28,4.891203880310059,5.4766411781311035,5.548190116882324,5.352482795715332,5.366161823272705,125634326
2002-03-01,5.155261993408203,5.772305965423584,5.818603038787842,5.495581150054932,5.507154941558838,62801482
2002-03-04,5.587530136108398,6.256312847137451,6.265782833099365,5.915403842926025,5.915403842926025,81227837
2002-03-05,5.5170512199401855,6.177399158477783,6.25,6.076388835906982,6.210017204284668,68909702
2002-03-06,5.503895282745361,6.162668228149414,6.195285797119141,6.018518924713135,6.1058502197265625,44832269
2002-03-07,5.414621353149414,6.062709808349609,6.258418083190918,6.050084114074707,6.217381954193115,41724461
2002-03-08,5.679621696472168,6.3594279289245605,6.373106002807617,6.11321496963501,6.207911968231201,63415440
2002-03-11,5.676802158355713,6.356270790100098,6.407827854156494,6.165824890136719,6.207911968231201,47574173
2002-03-12,5.5142316818237305,6.17424201965332,6.25,6.0816497802734375,6.218433856964111,49077706
2002-03-13,5.336627006530762,5.97537899017334,6.124790191650391,5.9301347732543945,6.07428503036499,51931757
2002-03-14,5.326289176940918,5.963805198669434,6.009048938751221,5.895411968231201,5.9985270500183105,48717504
2002-03-15,5.422141075134277,6.071127891540527,6.083754062652588,5.900672912597656,5.990108966827393,44272483
2002-03-18,5.434355735778809,6.084805965423584,6.141624927520752,5.962752819061279,6.107954978942871,61252330
2002-03-19,5.4540910720825195,6.106902122497559,6.152145862579346,6.040614128112793,6.106902122497559,29647728
2002-03-20,5.295278549194336,5.929081916809082,6.12373685836792,5.902778148651123,6.044823169708252,46650384
2002-03-21,5.502016067504883,6.160563945770264,6.205808162689209,5.842803001403809,5.940657138824463,55766621
2002-03-22,5.564037322998047,6.230008125305176,6.2626261711120605,6.038509845733643,6.1500420570373535,53795491
2002-03-25,5.393949508666992,6.039562225341797,6.274199962615967,6.023778915405273,6.177399158477783,52070515
2002-03-26,5.356360912322998,5.9974751472473145,6.143729209899902,5.91014289855957,6.031145095825195,54507341
2002-03-27,5.370456218719482,6.01325798034668,6.026936054229736,5.911194801330566,5.966960906982422,29786486
2002-03-28,5.322531223297119,5.959596157073975,6.050084114074707,5.883838176727295,6.034300804138184,28339978
2002-04-01,5.308434963226318,5.943812847137451,6.005891799926758,5.802820205688477,5.882785797119141,54750643
2002-04-02,5.165599822998047,5.783880233764648,5.892255783081055,5.750209808349609,5.862794876098633,52178861
2002-04-03,5.014304161071777,5.61447811126709,5.802820205688477,5.562921047210693,5.802820205688477,55832198
2002-04-04,4.962621688842773,5.556608200073242,5.650252819061279,5.485058784484863,5.58712100982666,50825491
2002-04-05,4.991752624511719,5.589225769042969,5.639730930328369,5.399831771850586,5.5650248527526855,55787530
2002-04-08,5.182514190673828,5.802820205688477,5.850168228149414,5.43876314163208,5.481902122497559,56499379
2002-04-09,4.999268531799316,5.59764289855957,5.918560981750488,5.594487190246582,5.829124927520752,53285126
2002-04-10,5.057531356811523,5.66287899017334,5.707070827484131,5.487163066864014,5.622896194458008,44093808
2002-04-11,4.777498245239258,5.349327087402344,5.578703880310059,5.327230930328369,5.568181991577148,54508291
2002-04-12,5.081965923309326,5.6902360916137695,5.694444179534912,5.402987957000732,5.409300804138184,56368224
2002-04-15,5.195671081542969,5.817551136016846,5.865951061248779,5.649199962615967,5.71338415145874,52493443
2002-04-16,5.269906520843506,5.900672912597656,5.92697811126709,5.757575988769531,5.864899158477783,50195376
2002-04-17,5.161840915679932,5.779672145843506,5.908039093017578,5.687078952789307,5.902778148651123,38739254
2002-04-18,4.9842352867126465,5.580808162689209,5.796506881713867,5.550294876098633,5.744948863983154,59136739
2002-04-19,5.111095428466797,5.722854137420654,5.785984992980957,5.445075988769531,5.607112884521484,152620934
2002-04-22,5.044375419616699,5.648148059844971,5.693391799926758,5.507154941558838,5.693391799926758,78981091
2002-04-23,4.9269118309021,5.516624927520752,5.717593193054199,5.497684955596924,5.631312847137451,58375469
2002-04-24,4.818844795227051,5.395623207092285,5.621842861175537,5.389309883117676,5.588172912597656,54842832
2002-04-25,4.866771697998047,5.44928503036499,5.551346778869629,5.315657138824463,5.385100841522217,64224230
2002-04-26,4.670369625091553,5.229376792907715,5.550294876098633,5.222012042999268,5.472433090209961,62863258
2002-04-29,4.777498245239258,5.349327087402344,5.418770790100098,5.21359395980835,5.2567338943481445,69949440
2002-04-30,4.98987340927124,5.58712100982666,5.6765570640563965,5.270411968231201,5.271464824676514,62510659
2002-05-01,5.080084323883057,5.688130855560303,5.7344279289245605,5.446127891540527,5.56607723236084,65381818
2002-05-02,4.909996032714844,5.497684955596924,5.784933090209961,5.497684955596924,5.6849751472473145,66738989
2002-05-03,4.818844795227051,5.395623207092285,5.513467788696289,5.3640570640563965,5.478745937347412,38580538
2002-05-06,4.7483673095703125,5.316709041595459,5.481902122497559,5.297769069671631,5.393518924713135,41853715
2002-05-07,4.682586669921875,5.243055820465088,5.430345058441162,5.182028770446777,5.387205123901367,69137798
2002-05-08,5.074446678161621,5.681818008422852,5.697600841522217,5.422979831695557,5.424032211303711,62253101
2002-05-09,5.0424957275390625,5.64604377746582,5.678661823272705,5.471380233764648,5.58712100982666,47711030
2002-05-10,4.980476379394531,5.57659912109375,5.626051902770996,5.37142276763916,5.613426208496094,58269974
2002-05-13,5.11391544342041,5.726009845733643,5.744948863983154,5.493475914001465,5.519781112670898,46179936
2002-05-14,5.322531223297119,5.959596157073975,6.023778915405273,5.765993118286133,5.783880233764648,56274134
2002-05-15,5.3892502784729,6.034300804138184,6.142676830291748,5.844906806945801,5.897517204284668,52013491
2002-05-16,5.280241966247559,5.912247180938721,6.023778915405273,5.850168228149414,5.983796119689941,44693510
2002-05-17,5.2924604415893555,5.925926208496094,6.0290398597717285,5.840699195861816,5.957491874694824,34871126
2002-05-20,5.28212308883667,5.914351940155029,5.929081916809082,5.755471229553223,5.870160102844238,34846416
2002-05-21,5.181573867797852,5.801767826080322,5.995369911193848,5.765993118286133,5.934342861175537,44442605
2002-05-22,5.191911220550537,5.813342094421387,5.832281112670898,5.651305198669434,5.767045021057129,41978218
2002-05-23,5.5142316818237305,6.17424201965332,6.178451061248779,5.880681991577148,5.8817338943481445,71011987
2002-05-24,5.383612155914307,6.027987957000732,6.156354904174805,6.014309883117676,6.144781112670898,31269110
2002-05-28,5.258630752563477,5.888047218322754,6.044823169708252,5.865951061248779,6.043770790100098,37037088
2002-05-29,5.341324806213379,5.980639934539795,6.070075988769531,5.852272987365723,5.855429172515869,45452880
2002-05-30,5.303736686706543,5.938551902770996,6.012205123901367,5.850168228149414,5.932239055633545,37467619
2002-05-31,5.188151836395264,5.809133052825928,6.092172145843506,5.809133052825928,6.039562225341797,49140432
2002-06-03,5.180633068084717,5.80071496963501,5.9375,5.767045021057129,5.834385871887207,33750605
2002-06-04,5.182514190673828,5.802820205688477,5.891203880310059,5.718645095825195,5.772305965423584,53072237
2002-06-05,5.1693572998046875,5.788088798522949,5.892255783081055,5.56607723236084,5.81123685836792,84170275
2002-06-06,5.160901069641113,5.778619766235352,5.87857723236084,5.707070827484131,5.767045021057129,45457632
2002-06-07,5.325349807739258,5.962752819061279,5.990108966827393,5.664982795715332,5.670244216918945,64985501
2002-06-10,5.326289176940918,5.963805198669434,6.076388835906982,5.929081916809082,5.955387115478516,36604656
2002-06-11,5.23889684677124,5.865951061248779,6.116372108459473,5.853324890136719,5.9985270500183105,50017651
2002-06-12,5.479462623596191,6.135311126708984,6.144781112670898,5.8417510986328125,5.856481075286865,59451322
2002-06-13,5.545243263244629,6.208964824676514,6.3057661056518555,6.075336933135986,6.102694034576416,59821978
2002-06-14,5.548061370849609,6.21212100982666,6.26052188873291,5.9543352127075195,6.065866947174072,77457600
2002-06-17,5.929584503173828,6.639309883117676,6.698232173919678,6.2668352127075195,6.268939018249512,94710211
2002-06-18,5.843131065368652,6.542508125305176,6.744528770446777,6.536194801330566,6.596169948577881,78160896
2002-06-19,5.8093037605285645,6.504630088806152,6.628787994384766,6.456229209899902,6.526725769042969,60741965
2002-06-20,5.676802158355713,6.356270790100098,6.523569107055664,6.323653221130371,6.496212005615234,59446570
2002-06-21,5.614781379699707,6.286827087402344,6.407827854156494,6.207911968231201,6.397305965423584,53071286
2002-06-24,5.890115737915039,6.595118045806885,6.704545021057129,6.23947811126709,6.255260944366455,96126307
2002-06-25,5.670223236083984,6.34890604019165,6.723484992980957,6.284721851348877,6.655093193054199,76467283
2002-06-26,5.697476863861084,6.379418849945068,6.5025248527526855,6.124790191650391,6.134259223937988,105927782
2002-06-27,5.773591995239258,6.464645862579346,6.507785797119141,6.286827087402344,6.454124927520752,63582710
2002-06-28,5.790507793426514,6.483585834503174,6.568812847137451,6.408880233764648,6.460437774658203,53691898
2002-07-01,5.502955436706543,6.16161584854126,6.4972639083862305,6.155303001403809,6.422558784484863,53848714
2002-07-02,5.420261859893799,6.069024085998535,6.23947811126709,6.0027360916137695,6.1542510986328125,60736262
2002-07-03,5.552761554718018,6.217381954193115,6.2426347732543945,5.830176830291748,6.056396961212158,60504365
2002-07-05,5.6899590492248535,6.371002197265625,6.412036895751953,6.265782833099365,6.265782833099365,24810192
2002-07-08,5.284942150115967,5.917508125305176,6.299452781677246,5.896464824676514,6.102694034576416,126204566
2002-07-09,5.361059188842773,6.0027360916137695,6.086911201477051,5.902778148651123,5.962752819061279,81877910
2002-07-10,5.528327941894531,6.1900248527526855,6.355218887329102,6.165824890136719,6.294191837310791,163936397
2002-07-11,5.6739821434021,6.353114128112793,6.456229209899902,6.086911201477051,6.197391033172607,132425885
2002-07-12,5.733184814453125,6.419402122497559,6.523569107055664,6.365740776062012,6.426767826080322,67653274
2002-07-15,5.713450908660889,6.397305965423584,6.440445899963379,6.102694034576416,6.344696998596191,99311098
2002-07-16,5.707813262939453,6.390993118286133,6.437290191650391,6.243687152862549,6.344696998596191,93055565
2002-07-17,5.790507793426514,6.483585834503174,6.57302188873291,6.43623685836792,6.460437774658203,84019162
2002-07-18,5.6805620193481445,6.360479831695557,6.523569107055664,6.329966068267822,6.467803001403809,116598874
2002-07-19,5.348843574523926,5.9890570640563965,6.307869911193848,5.961699962615967,6.12373685836792,501891034
2002-07-22,5.267088413238525,5.897517204284668,6.223694801330566,5.874369144439697,6.180555820465088,214499578
2002-07-23,4.995510101318359,5.593433856964111,6.019570827484131,5.58712100982666,5.871212005615234,172892016
2002-07-24,5.23889684677124,5.865951061248779,5.880681991577148,5.37142276763916,5.471380233764648,148574131
2002-07-25,5.014304161071777,5.61447811126709,5.902778148651123,5.548190116882324,5.760732173919678,101386771
2002-07-26,5.165599822998047,5.783880233764648,5.809133052825928,5.609217166900635,5.609217166900635,78383290
2002-07-29,5.427779197692871,6.077441215515137,6.134259223937988,5.8869948387146,5.892255783081055,97575667
2002-07-30,5.478523254394531,6.134259223937988,6.236321926116943,6.015361785888672,6.0332489013671875,81950141
2002-07-31,5.3648176193237305,6.006944179534912,6.097433090209961,5.898569107055664,6.080597877502441,83907965
2002-08-01,5.190030097961426,5.81123685836792,5.966960906982422,5.787036895751953,5.919612884521484,69275606
2002-08-02,5.15902042388916,5.776515007019043,5.853324890136719,5.634469985961914,5.801767826080322,81953942
2002-08-05,5.01336669921875,5.613426208496094,5.827020168304443,5.545033931732178,5.708123207092285,69332630
2002-08-06,5.193789958953857,5.815445899963379,5.892255783081055,5.708123207092285,5.708123207092285,75379075
2002-08-07,5.216344356536865,5.840699195861816,5.91014289855957,5.602903842926025,5.873315811157227,80783050
2002-08-08,5.3591790199279785,6.000630855560303,6.022727012634277,5.748106002807617,5.801767826080322,69976051
2002-08-09,5.377034664154053,6.020623207092285,6.094275951385498,5.8459601402282715,5.9448652267456055,57616099
2002-08-12,5.4465742111206055,6.098484992980957,6.111111164093018,5.882785797119141,5.943812847137451,50942390
2002-08-13,5.267088413238525,5.897517204284668,6.283669948577881,5.897517204284668,6.071127891540527,87636384
2002-08-14,5.401466369628906,6.047979831695557,6.060606002807617,5.770202159881592,5.860690116882324,87261926
2002-08-15,5.515172481536865,6.175294876098633,6.186869144439697,5.9448652267456055,6.080597877502441,76437821
2002-08-16,5.5414838790893555,6.204755783081055,6.269991874694824,6.035354137420654,6.107954978942871,62384256
2002-08-19,5.813060760498047,6.508838176727295,6.522517204284668,6.181608200073242,6.197391033172607,83352931
2002-08-20,5.676802158355713,6.356270790100098,6.476221084594727,6.2973480224609375,6.368896961212158,93697085
2002-08-21,5.675863742828369,6.355218887329102,6.449915885925293,6.244739055633545,6.3983588218688965,72148666
2002-08-22,5.768894672393799,6.459385871887207,6.460437774658203,6.243687152862549,6.3541669845581055,44046288
2002-08-23,5.652369499206543,6.328914165496826,6.413088798522949,6.218433856964111,6.407827854156494,45661968
2002-08-26,5.566856384277344,6.2331647872924805,6.351009845733643,6.1584601402282715,6.329966068267822,40701830
2002-08-27,5.375154495239258,6.018518924713135,6.2373738288879395,5.9985270500183105,6.221590995788574,42289949
2002-08-28,5.2050676345825195,5.8280720710754395,6.018518924713135,5.798611164093018,5.986952781677246,54892253
2002-08-29,5.361059188842773,6.0027360916137695,6.027987957000732,5.76178503036499,5.783880233764648,59831482
2002-08-30,5.311254024505615,5.946969985961914,6.064815044403076,5.939603805541992,5.9501261711120605,32877187
2002-09-03,5.118614196777344,5.731270790100098,5.939603805541992,5.698653221130371,5.904881954193115,47005834
2002-09-04,5.223860740661621,5.84911584854126,5.867002964019775,5.639730930328369,5.758627891540527,63522835
2002-09-05,5.138347148895264,5.753366947174072,5.835437774658203,5.728114128112793,5.781775951385498,47249136
2002-09-06,5.304676055908203,5.939603805541992,5.959596157073975,5.825967788696289,5.834385871887207,48495110
2002-09-09,5.543363094329834,6.206860065460205,6.23947811126709,5.850168228149414,5.892255783081055,87863530
2002-09-10,5.623239040374756,6.296296119689941,6.335227012634277,6.182660102844238,6.197391033172607,75961670
2002-09-11,5.490739822387695,6.147937774658203,6.360479831695557,6.112163066864014,6.3110270500183105,60291475
2002-09-12,5.436237812042236,6.086911201477051,6.21212100982666,6.067971229553223,6.1016411781311035,50405414
2002-09-13,5.450332164764404,6.102694034576416,6.15109395980835,5.9985270500183105,6.010100841522217,30623789
2002-09-16,5.436237812042236,6.086911201477051,6.138467788696289,6.023778915405273,6.092172145843506,25518240
2002-09-17,5.377034664154053,6.020623207092285,6.215278148651123,6.006944179534912,6.181608200073242,36120902
2002-09-18,5.464427471160889,6.118475914001465,6.152145862579346,5.974327087402344,5.986952781677246,44888342
2002-09-19,5.3676371574401855,6.010100841522217,6.127945899963379,6.007997035980225,6.044823169708252,42092266
2002-09-20,5.352601528167725,5.9932661056518555,6.060606002807617,5.951178073883057,6.0416669845581055,61966080
2002-09-23,5.261449813842773,5.891203880310059,5.986952781677246,5.809133052825928,5.9501261711120605,66662957
2002-09-24,5.240776062011719,5.868055820465088,6.0027360916137695,5.839645862579346,5.860690116882324,62627558
2002-09-25,5.321590900421143,5.95854377746582,5.9974751472473145,5.840699195861816,5.917508125305176,60677338
2002-09-26,5.325349807739258,5.962752819061279,6.053240776062012,5.86174201965332,5.970118045806885,48282221
2002-09-27,5.403346061706543,6.050084114074707,6.135311126708984,5.882785797119141,5.932239055633545,51988781
2002-09-30,4.962621688842773,5.556608200073242,5.8859429359436035,5.5155720710754395,5.8859429359436035,162812074
2002-10-01,5.028400897979736,5.630260944366455,5.65235710144043,5.446127891540527,5.589225769042969,95832634
2002-10-02,5.0086669921875,5.6081647872924805,5.755471229553223,5.545033931732178,5.56607723236084,77368262
2002-10-03,4.8771071434021,5.4608588218688965,5.668139934539795,5.387205123901367,5.57659912109375,89387021
2002-10-04,4.919393539428711,5.508206844329834,5.523990154266357,5.340909004211426,5.445075988769531,111773693
2002-10-07,4.758705139160156,5.328282833099365,5.495581150054932,5.284090995788574,5.439815044403076,72820598
2002-10-08,4.9165754318237305,5.505051136016846,5.61447811126709,5.3293352127075195,5.429293155670166,79037165
2002-10-09,4.981417655944824,5.5776519775390625,5.613426208496094,5.392466068267822,5.430345058441162,81876960
2002-10-10,5.007728576660156,5.607112884521484,5.681818008422852,5.472433090209961,5.6323652267456055,93120192
2002-10-11,5.290582180023193,5.923821926116943,5.923821926116943,5.655512809753418,5.659721851348877,90643450
2002-10-14,5.403346061706543,6.050084114074707,6.092172145843506,5.839645862579346,5.839645862579346,57099082
2002-10-15,5.4512715339660645,6.103745937347412,6.292088031768799,6.01325798034668,6.225800037384033,123219360
2002-10-16,5.448451519012451,6.100588798522949,6.11321496963501,5.921717166900635,6.057448863983154,90690019
2002-10-17,5.464427471160889,6.118475914001465,6.27104377746582,6.066918849945068,6.171085834503174,109502237
2002-10-18,5.634515762329102,6.30892276763916,6.3415398597717285,5.860690116882324,5.913300037384033,156944304
2002-10-21,5.922066688537598,6.630891799926758,6.665614128112793,6.2973480224609375,6.3099751472473145,121845082
2002-10-22,5.838432788848877,6.537247180938721,6.564603805541992,6.455176830291748,6.509891033172607,89828957
2002-10-23,5.97750997543335,6.692971229553223,6.697179794311523,6.456229209899902,6.465699195861816,61306502
2002-10-24,5.832796096801758,6.530933856964111,6.781354904174805,6.513047218322754,6.721380233764648,71733341
2002-10-25,5.825276851654053,6.522517204284668,6.539351940155029,6.446759223937988,6.519360065460205,47626445
2002-10-28,5.693716526031494,6.375209808349609,6.6182661056518555,6.3499579429626465,6.580387115478516,55912032
2002-10-29,5.749160289764404,6.437290191650391,6.5025248527526855,6.340487957000732,6.405724048614502,57272054
2002-10-30,5.874143600463867,6.577230930328369,6.6182661056518555,6.38678503036499,6.454124927520752,61596374
2002-10-31,5.942741394042969,6.6540398597717285,6.772937774658203,6.6224751472473145,6.628787994384766,73051546
2002-11-01,6.088397026062012,6.817130088806152,6.825547218322754,6.520411968231201,6.588805198669434,59879952
2002-11-04,6.1015520095825195,6.831860065460205,6.991793155670166,6.807660102844238,6.821338176727295,68054342
2002-11-05,6.212438583374023,6.956018924713135,6.962331771850586,6.789772987365723,6.789772987365723,42171149
2002-11-06,6.202101230621338,6.944444179534912,6.982323169708252,6.810815811157227,6.924452781677246,49748688
2002-11-07,5.982208251953125,6.698232173919678,6.855008125305176,6.617214202880859,6.8276519775390625,59979744
2002-11-08,5.999124050140381,6.717172145843506,6.77609395980835,6.63825798034668,6.639309883117676,39765686
2002-11-11,5.814939498901367,6.5109429359436035,6.711911201477051,6.4972639083862305,6.711911201477051,43050269
2002-11-12,5.900453567504883,6.606691837310791,6.68876314163208,6.523569107055664,6.557239055633545,35678016
2002-11-13,5.932404518127441,6.642466068267822,6.679293155670166,6.523569107055664,6.5625,44013024
2002-11-14,6.123166561126709,6.856060981750488,6.863426208496094,6.719275951385498,6.719275951385498,42592176
2002-11-15,6.199283123016357,6.941287994384766,6.954966068267822,6.734006881713867,6.833964824676514,39853123
2002-11-18,6.356215476989746,7.117002964019775,7.253787994384766,6.986532211303711,6.996002197265625,81804730
2002-11-19,6.120347023010254,6.852903842926025,7.090699195861816,6.828703880310059,7.054924011230469,81636509
2002-11-20,6.329902172088623,7.0875420570373535,7.1275248527526855,6.843433856964111,6.86447811126709,56163888
2002-11-21,6.498111724853516,7.27588415145874,7.2790398597717285,7.049663066864014,7.107533931732178,85265136
2002-11-22,6.5864458084106445,7.374790191650391,7.417929172515869,7.186448097229004,7.202230930328369,62572435
2002-11-25,6.484014987945557,7.260100841522217,7.391624927520752,7.181187152862549,7.384259223937988,56063146
2002-11-26,6.346815586090088,7.106481075286865,7.2390570640563965,7.0833330154418945,7.229588031768799,43024608
2002-11-27,6.542278289794922,7.325336933135986,7.366372108459473,7.2001261711120605,7.202230930328369,44898797
2002-11-29,6.476497650146484,7.251684188842773,7.362163066864014,7.250630855560303,7.362163066864014,15007766
2002-12-02,6.648466110229492,7.4442338943481445,7.454755783081055,7.309554100036621,7.347433090209961,61074605
2002-12-03,6.473679065704346,7.2485270500183105,7.386363983154297,7.220118045806885,7.370581150054932,59136739
2002-12-04,6.413537502288818,7.181187152862549,7.240108966827393,7.060184955596924,7.188551902770996,56459462
2002-12-05,6.375948905944824,7.13909912109375,7.220118045806885,7.107533931732178,7.218012809753418,45253296
2002-12-06,6.440786838531494,7.211699962615967,7.221169948577881,6.954966068267822,6.976009845733643,82209600
2002-12-09,6.340239524841309,7.09911584854126,7.199073791503906,7.074915885925293,7.1706647872924805,51380525
2002-12-10,6.408839702606201,7.175926208496094,7.254839897155762,7.097012042999268,7.130681991577148,38586240
2002-12-11,6.351516246795654,7.11174201965332,7.240108966827393,7.0433502197265625,7.12857723236084,43948397
2002-12-12,6.458642959594727,7.231691837310791,7.2348480224609375,7.1401519775390625,7.16645622253418,45999360
2002-12-13,6.334601402282715,7.092803001403809,7.227482795715332,7.070706844329834,7.168560981750488,54875146
2002-12-16,6.510326862335205,7.289562225341797,7.303240776062012,7.105429172515869,7.143308162689209,47341325
2002-12-17,6.5864458084106445,7.374790191650391,7.425294876098633,7.270623207092285,7.281145095825195,51139123
2002-12-18,6.518784999847412,7.299032211303711,7.3358588218688965,7.2380051612854,7.330597877502441,37321258
2002-12-19,6.458642959594727,7.231691837310791,7.383206844329834,7.165403842926025,7.2916669845581055,46670342
2002-12-20,6.562951564788818,7.348484992980957,7.354797840118408,7.207491874694824,7.276936054229736,46773936
2002-12-23,6.5873847007751465,7.375842094421387,7.420033931732178,7.316918849945068,7.330597877502441,33129043
2002-12-24,6.548855781555176,7.332702159881592,7.371633052825928,7.2790398597717285,7.360058784484863,13356922
2002-12-26,6.353396415710449,7.113846778869629,7.412668228149414,7.086490154266357,7.329545021057129,52101878
2002-12-27,6.298891067504883,7.052820205688477,7.142255783081055,6.997054100036621,7.113846778869629,31279565
2002-12-30,6.3693695068359375,7.1317338943481445,7.1948652267456055,7.060184955596924,7.101221084594727,41138064
2002-12-31,6.373129844665527,7.1359429359436035,7.184342861175537,7.026515007019043,7.132785797119141,30217018
2003-01-02,6.516907215118408,7.2969279289245605,7.317971229553223,7.103324890136719,7.17697811126709,72765475
2003-01-03,6.571408271789551,7.357954978942871,7.365320205688477,7.249578952789307,7.323232173919678,48452342
2003-01-06,6.859899997711182,7.680975914001465,7.758838176727295,7.325336933135986,7.344275951385498,125062186
2003-01-07,6.819493293762207,7.635732173919678,7.7167510986328125,7.557869911193848,7.673611164093018,67424227
2003-01-08,6.752774238586426,7.5610270500183105,7.670454978942871,7.467381954193115,7.596800804138184,71892058
2003-01-09,6.908766269683838,7.735690116882324,7.7998738288879395,7.615740776062012,7.621002197265625,68634086
2003-01-10,6.8937296867370605,7.718854904174805,7.786194801330566,7.596800804138184,7.662036895751953,54213667
2003-01-13,6.951053142547607,7.783039093017578,7.870369911193848,7.717803001403809,7.748315811157227,54677462
2003-01-14,6.9707865715026855,7.8051347732543945,7.807239055633545,7.637836933135986,7.748315811157227,42680563
2003-01-15,6.906887054443359,7.733585834503174,7.821969985961914,7.696759223937988,7.789351940155029,46709309
2003-01-16,6.6954498291015625,7.496842861175537,7.680975914001465,7.4389729499816895,7.680975914001465,86736355
2003-01-17,7.033746719360352,7.875630855560303,7.901936054229736,7.57575798034668,7.634679794311523,137075242
2003-01-21,7.119260787963867,7.971380233764648,8.041876792907715,7.757785797119141,7.886153221130371,108576547
2003-01-22,7.072275638580322,7.918770790100098,7.992424011230469,7.82302188873291,7.82302188873291,99402336
2003-01-23,7.113623142242432,7.965066909790039,7.986111164093018,7.870369911193848,7.928240776062012,59845738
2003-01-24,7.074154853820801,7.920875072479248,7.970327854156494,7.797769069671631,7.957702159881592,67779677
2003-01-27,6.924740314483643,7.75357723236084,7.890361785888672,7.743055820465088,7.789351940155029,68268182
2003-01-28,6.900309085845947,7.726221084594727,7.828282833099365,7.683081150054932,7.78514289855957,74389709
2003-01-29,7.041265964508057,7.884048938751221,7.891414165496826,7.638888835906982,7.706229209899902,72455645
2003-01-30,6.9726643562316895,7.807239055633545,7.907196998596191,7.807239055633545,7.892466068267822,52286256
2003-01-31,7.0628790855407715,7.9082489013671875,7.944024085998535,6.739267826080322,7.784090995788574,61696166
2003-02-03,6.957630634307861,7.790403842926025,8.29124641418457,7.766203880310059,7.9219279289245605,51694157
2003-02-04,6.869296550750732,7.691497802734375,7.772517204284668,7.612584114074707,7.771464824676514,50077526
2003-02-05,6.90970516204834,7.73674201965332,7.852482795715332,7.682028770446777,7.745160102844238,51094454
2003-02-06,6.874936103820801,7.697811126708984,7.757785797119141,7.645202159881592,7.726221084594727,38572934
2003-02-07,6.800698757171631,7.614688873291016,7.750421047210693,7.536827087402344,7.707281112670898,41779584
2003-02-10,6.912524223327637,7.739899158477783,7.754630088806152,7.5652360916137695,7.607323169708252,44233517
2003-02-11,6.897487163543701,7.723063945770264,7.832491874694824,7.690445899963379,7.754630088806152,34152624
2003-02-12,6.89185094833374,7.7167510986328125,7.82302188873291,7.690445899963379,7.691497802734375,32125421
2003-02-13,6.888092517852783,7.7125420570373535,7.744108200073242,7.57575798034668,7.7083330154418945,48494160
2003-02-14,7.047842979431152,7.891414165496826,7.891414165496826,7.699915885925293,7.729376792907715,48494160
2003-02-18,7.187859535217285,8.048190116882324,8.054503440856934,7.886153221130371,7.893518924713135,50544173
2003-02-19,7.234846591949463,8.100799560546875,8.107112884521484,7.996633052825928,7.996633052825928,54924566
2003-02-20,7.2160515785217285,8.079755783081055,8.13131332397461,8.030303001403809,8.086069107055664,34535635
2003-02-21,7.362646579742432,8.243897438049316,8.252314567565918,8.033459663391113,8.074495315551758,57495398
2003-02-24,7.3062639236450195,8.180766105651855,8.259679794311523,8.160774230957031,8.214435577392578,40361587
2003-02-25,7.296865940093994,8.170244216918945,8.188131332397461,8.089225769042969,8.121843338012695,45540317
2003-02-26,7.205714702606201,8.068181991577148,8.171296119689941,8.058712005615234,8.117634773254395,32324054
2003-02-27,7.27431583404541,8.144991874694824,8.154460906982422,8.0324068069458,8.109216690063477,47176906
2003-02-28,7.369224548339844,8.251262664794922,8.275463104248047,8.14183521270752,8.143939018249512,42513293
2003-03-03,7.287469863891602,8.159722328186035,8.355428695678711,8.154460906982422,8.259679794311523,46267373
2003-03-04,7.33727502822876,8.21548843383789,8.258627891540527,8.128156661987305,8.149200439453125,41106701
2003-03-05,7.411510467529297,8.29861068725586,8.321759223937988,8.188131332397461,8.194443702697754,39106109
2003-03-06,7.410571575164795,8.297558784484863,8.310185432434082,8.235480308532715,8.259679794311523,29307485
2003-03-07,7.508303642272949,8.406987190246582,8.423822402954102,8.210227012634277,8.211278915405273,56906150
2003-03-10,7.466953754425049,8.360690116882324,8.398569107055664,8.322811126708984,8.338594436645508,38653718
2003-03-11,7.411510467529297,8.29861068725586,8.40593433380127,8.276515007019043,8.385943412780762,34689600
2003-03-12,7.429366588592529,8.318602561950684,8.322811126708984,8.08712100982666,8.277566909790039,55711498
2003-03-13,7.7911553382873535,8.723694801330566,8.742634773254395,8.350168228149414,8.401725769042969,99898445
2003-03-14,7.885125160217285,8.828913688659668,8.856270790100098,8.694233894348145,8.742634773254395,72034618
2003-03-17,8.175497055053711,9.154040336608887,9.175084114074707,8.776305198669434,8.791034698486328,95185411
2003-03-18,8.276987075805664,9.267677307128906,9.2739896774292,9.065656661987305,9.156145095825195,76496746
2003-03-19,8.257254600524902,9.245580673217773,9.28451156616211,9.12142276763916,9.26662540435791,69808781
2003-03-20,8.377535820007324,9.380261421203613,9.40235710144043,9.165614128112793,9.219276428222656,69426720
2003-03-21,8.437679290771484,9.447601318359375,9.4675931930542,9.298190116882324,9.438131332397461,70800998
2003-03-24,8.227181434631348,9.21191120147705,9.36447811126709,9.159300804138184,9.327651977539062,72732211
2003-03-25,8.335250854492188,9.33291244506836,9.431818008422852,9.21191120147705,9.217171669006348,62550576
2003-03-26,8.466809272766113,9.480218887329102,9.515993118286133,9.290824890136719,9.32028579711914,92031034
2003-03-27,8.43674087524414,9.446549415588379,9.498106002807617,9.369738578796387,9.425504684448242,78418454
2003-03-28,8.390689849853516,9.394991874694824,9.46548843383789,9.34343433380127,9.432869911193848,43805837
2003-03-31,8.016683578491211,8.976221084594727,9.227693557739258,8.874157905578613,9.209806442260742,131734944
2003-04-01,8.092803955078125,9.061448097229004,9.141413688659668,8.99726390838623,9.049874305725098,76508150
2003-04-02,8.346527099609375,9.345539093017578,9.363426208496094,9.206649780273438,9.232954978942871,68359421
2003-04-03,8.377535820007324,9.380261421203613,9.478114128112793,9.323443412780762,9.413930892944336,63692957
2003-04-04,8.337127685546875,9.335017204284668,9.416034698486328,9.270833015441895,9.416034698486328,55032912
2003-04-07,8.377535820007324,9.380261421203613,9.618056297302246,9.376051902770996,9.568602561950684,64107331
2003-04-08,8.389750480651855,9.393939018249512,9.425504684448242,9.32239055633545,9.401305198669434,51417590
2003-04-09,8.171740531921387,9.149831771850586,9.39183521270752,9.101430892944336,9.389731407165527,89068637
2003-04-10,8.335250854492188,9.33291244506836,9.349746704101562,9.1550931930542,9.188762664794922,57215030
2003-04-11,8.296721458435059,9.289772987365723,9.40656566619873,9.200337409973145,9.344487190246582,42878246
2003-04-14,8.245037078857422,9.231902122497559,9.244528770446777,9.102482795715332,9.132996559143066,71663962
2003-04-15,8.285442352294922,9.277146339416504,9.298190116882324,9.167718887329102,9.184554100036621,56197152
2003-04-16,8.30799674987793,9.302398681640625,9.39183521270752,9.216119766235352,9.360268592834473,55970006
2003-04-17,8.476204872131348,9.490740776062012,9.51388931274414,9.265571594238281,9.283459663391113,70560547
2003-04-21,8.527892112731934,9.54861068725586,9.680134773254395,9.469696998596191,9.505471229553223,56794003
2003-04-22,8.384112358093262,9.387625694274902,9.448653221130371,9.321337699890137,9.432869911193848,113591808
2003-04-23,8.863367080688477,9.92424201965332,9.97264289855957,9.734848022460938,9.842171669006348,170541677
2003-04-24,8.893439292907715,9.95791244506836,9.9957914352417,9.846380233764648,9.890571594238281,58902941
2003-04-25,8.783490180969238,9.834806442260742,9.894781112670898,9.769571304321289,9.785353660583496,73787155
2003-04-28,8.796648979187012,9.849536895751953,9.889519691467285,9.739056587219238,9.79587459564209,58137869
2003-04-29,8.711134910583496,9.753787994384766,9.851640701293945,9.67066478729248,9.839015007019043,53291779
2003-04-30,8.730867385864258,9.775883674621582,9.846380233764648,9.68118667602539,9.702231407165527,54426557
2003-05-01,8.711134910583496,9.753787994384766,9.806397438049316,9.694865226745605,9.720117568969727,48779280
2003-05-02,8.949819564819336,10.02104377746582,10.036827087402344,9.705387115478516,9.70854377746582,65630822
2003-05-05,8.833294868469238,9.890571594238281,10.05892276763916,9.890571594238281,9.986322402954102,50167814
2003-05-06,8.959217071533203,10.03156566619873,10.077861785888672,9.8989896774292,9.908459663391113,63315648
2003-05-07,8.859610557556152,9.920034408569336,10.007365226745605,9.890571594238281,9.974746704101562,42785107
2003-05-08,8.764698028564453,9.813762664794922,9.915824890136719,9.799032211303711,9.844276428222656,40217126
2003-05-09,8.896257400512695,9.961069107055664,9.981060981750488,9.7885103225708,9.873737335205078,40757904
2003-05-12,8.902832984924316,9.96843433380127,10.035774230957031,9.81270980834961,9.817971229553223,48531226
2003-05-13,9.16031551361084,10.256733894348145,10.305134773254395,9.931608200073242,9.948443412780762,107477885
2003-05-14,9.174410820007324,10.272517204284668,10.35458755493164,10.153619766235352,10.293560981750488,56067898
2003-05-15,9.216697692871094,10.319865226745605,10.412458419799805,10.186237335205078,10.27462100982666,69344986
2003-05-16,9.321008682250977,10.436657905578613,10.5239896774292,10.289352416992188,10.310396194458008,87866381
2003-05-19,9.077617645263672,10.164140701293945,10.395623207092285,10.153619766235352,10.358796119689941,60148915
2003-05-20,9.185687065124512,10.28514289855957,10.336700439453125,10.07575798034668,10.180975914001465,60106147
2003-05-21,9.12084674835205,10.212541580200195,10.307238578796387,10.139941215515137,10.249368667602539,50893920
2003-05-22,9.336980819702148,10.454545021057129,10.456649780273438,10.170454978942871,10.215699195861816,49796208
2003-05-23,9.344502449035645,10.462963104248047,10.520833015441895,10.391413688659668,10.44823169708252,52445923
2003-05-27,9.683735847473145,10.842803001403809,10.874368667602539,10.373526573181152,10.404040336608887,111325104
2003-05-28,9.508009910583496,10.64604377746582,10.888047218322754,10.627103805541992,10.730218887329102,83835734
2003-05-29,9.411222457885742,10.537668228149414,10.708123207092285,10.456649780273438,10.663930892944336,63735725
2003-05-30,9.552176475524902,10.695496559143066,10.748106002807617,10.508207321166992,10.541876792907715,45412013
2003-06-02,9.342620849609375,10.460859298706055,10.758627891540527,10.442971229553223,10.7260103225708,54281146
2003-06-03,9.306910514831543,10.42087459564209,10.474536895751953,10.284090995788574,10.416666984558105,63642586
2003-06-04,9.646145820617676,10.800715446472168,10.833333015441895,10.366162300109863,10.37773609161377,85738435
2003-06-05,9.499555587768555,10.636573791503906,10.735480308532715,10.526094436645508,10.732322692871094,63486720
2003-06-06,9.11239242553711,10.203071594238281,10.743897438049316,10.13573169708252,10.730218887329102,86314378
2003-06-09,9.11427116394043,10.205177307128906,10.35037899017334,10.123106002807617,10.216751098632812,63260525
2003-06-10,9.11614990234375,10.207281112670898,10.243056297302246,10.136784553527832,10.243056297302246,46445098
2003-06-11,9.319128036499023,10.434554100036621,10.464015007019043,10.152566909790039,10.230428695678711,79260509
2003-06-12,9.476998329162598,10.611322402954102,10.658670425415039,10.506102561950684,10.557660102844238,74083680
2003-06-13,9.326643943786621,10.442971229553223,10.642887115478516,10.416666984558105,10.600799560546875,46563898
2003-06-16,9.552176475524902,10.695496559143066,10.710227012634277,10.474536895751953,10.558712005615234,66240979
2003-06-17,9.563455581665039,10.708123207092285,10.853324890136719,10.65235710144043,10.709175109863281,61600176
2003-06-18,9.662120819091797,10.818602561950684,10.92697811126709,10.626051902770996,10.663930892944336,74851603
2003-06-19,9.575669288635254,10.721800804138184,10.92066478729248,10.711278915405273,10.816497802734375,48332592
2003-06-20,9.57754898071289,10.723905563354492,10.84701156616211,10.67760944366455,10.819655418395996,67040266
2003-06-23,9.613259315490723,10.76388931274414,10.76388931274414,10.622896194458008,10.728114128112793,52687325
2003-06-24,9.57190990447998,10.7175931930542,10.850168228149414,10.674452781677246,10.751262664794922,54287798
2003-06-25,9.473240852355957,10.607112884521484,10.80913257598877,10.596590995788574,10.719696998596191,51496474
2003-06-26,9.690314292907715,10.850168228149414,10.900672912597656,10.585017204284668,10.637625694274902,59342976
2003-06-27,9.618896484375,10.770201683044434,10.961700439453125,10.752314567565918,10.890151977539062,53484710
2003-06-30,9.77301025390625,10.942761421203613,11.128997802734375,10.742844581604004,10.871212005615234,62590493
2003-07-01,10.017333984375,11.216329574584961,11.240530014038086,10.80176830291748,10.888047218322754,81109987
2003-07-02,10.26729965209961,11.496212005615234,11.55197811126709,11.187920570373535,11.251051902770996,82175386
2003-07-03,10.349054336547852,11.587753295898438,11.674032211303711,11.390993118286133,11.390993118286133,57687379
2003-07-07,10.704263687133789,11.985480308532715,12.014941215515137,11.700337409973145,11.727693557739258,66867293
2003-07-08,10.693925857543945,11.973905563354492,12.090699195861816,11.819233894348145,12.004419326782227,66990845
2003-07-09,10.791656494140625,12.083333015441895,12.150672912597656,11.849746704101562,11.88131332397461,78168499
2003-07-10,10.532297134399414,11.792928695678711,11.953913688659668,11.748737335205078,11.85395622253418,71907264
2003-07-11,10.625327110290527,11.897095680236816,11.921296119689941,11.731902122497559,11.801346778869629,53023766
2003-07-14,10.708025932312012,11.989688873291016,12.127525329589844,11.963383674621582,12.028619766235352,54190858
2003-07-15,10.630964279174805,11.903409004211426,12.084385871887207,11.848694801330566,12.064393997192383,45267552
2003-07-16,10.595256805419922,11.863426208496094,11.952861785888672,11.700337409973145,11.947601318359375,43687037
2003-07-17,10.356571197509766,11.596170425415039,11.823443412780762,11.511995315551758,11.759259223937988,53706154
2003-07-18,10.347172737121582,11.585647583007812,11.679292678833008,11.488846778869629,11.656145095825195,50141203
2003-07-21,10.436447143554688,11.685606002807617,11.689814567565918,11.489898681640625,11.57933521270752,39219206
2003-07-22,10.446783065795898,11.697179794311523,11.775041580200195,11.543560981750488,11.721380233764648,46268323
2003-07-23,10.72587776184082,12.009679794311523,12.095959663391113,11.795034408569336,11.861322402954102,55272413
2003-07-24,10.876232147216797,12.178030014038086,12.401094436645508,12.115950584411621,12.152777671813965,92151734
2003-07-25,10.547331809997559,11.80976390838623,11.818181991577148,11.480428695678711,11.57933521270752,124214429
2003-07-28,10.420472145080566,11.667718887329102,11.863426208496094,11.613004684448242,11.856060981750488,59653757
2003-07-29,10.1620512008667,11.37836742401123,11.605640411376953,11.322601318359375,11.57933521270752,85745088
2003-07-30,10.163930892944336,11.380471229553223,11.457281112670898,11.27104377746582,11.365740776062012,61368278
2003-07-31,10.083112716674805,11.289982795715332,11.483586311340332,11.274200439453125,11.460437774658203,66748493
2003-08-01,9.893292427062988,11.077441215515137,11.339435577392578,11.050084114074707,11.268939018249512,73894550
2003-08-04,9.71286678314209,10.875420570373535,11.06586742401123,10.711278915405273,11.032196998596191,100918224
2003-08-05,9.605740547180176,10.755471229553223,10.972222328186035,10.75336742401123,10.838594436645508,72068832
2003-08-06,9.536202430725098,10.67760944366455,10.951177597045898,10.59764289855957,10.75336742401123,89700653
2003-08-07,9.534321784973145,10.675504684448242,10.854376792907715,10.638677597045898,10.680766105651855,62073475
2003-08-08,9.444110870361328,10.574495315551758,10.795454978942871,10.494528770446777,10.748106002807617,72188582
2003-08-11,9.57190990447998,10.7175931930542,10.732322692871094,10.521885871887207,10.552398681640625,55223942
2003-08-12,9.71944522857666,10.88278579711914,10.88909912109375,10.606060981750488,10.728114128112793,53599709
2003-08-13,9.51834774017334,10.657617568969727,10.925926208496094,10.64604377746582,10.912246704101562,56654294
2003-08-14,9.65084457397461,10.805975914001465,10.819655418395996,10.655512809753418,10.658670425415039,38876112
2003-08-15,9.685617446899414,10.8449068069458,10.909090995788574,10.738636016845703,10.794402122497559,22797245
2003-08-18,10.173323631286621,11.390993118286133,11.390993118286133,10.911194801330566,10.919612884521484,70428442
2003-08-19,10.35844898223877,11.598274230957031,11.716119766235352,11.337331771850586,11.352062225341797,90935222
2003-08-20,10.370668411254883,11.611952781677246,11.705597877502441,11.492003440856934,11.498315811157227,55502410
2003-08-21,10.58116340637207,11.84764289855957,11.880261421203613,11.632996559143066,11.699284553527832,69245194
2003-08-22,10.428927421569824,11.677188873291016,12.012837409973145,11.669822692871094,11.925504684448242,61745587
2003-08-25,10.476853370666504,11.730850219726562,11.735058784484863,11.611952781677246,11.664562225341797,39236314
2003-08-26,10.539813995361328,11.801346778869629,11.831859588623047,11.603534698486328,11.703493118286133,49056797
2003-08-27,10.47779369354248,11.731902122497559,11.827651977539062,11.679292678833008,11.788721084594727,34747574
2003-08-28,10.291729927062988,11.523569107055664,11.763467788696289,11.406776428222656,11.74663257598877,67151462
2003-08-29,10.413894653320312,11.660353660583496,11.752945899963379,11.43729019165039,11.550926208496094,43582968
2003-09-02,10.289849281311035,11.521465301513672,11.872896194458008,11.500420570373535,11.862374305725098,52885958
2003-09-03,9.86509895324707,11.04587459564209,11.647727012634277,11.031145095825195,11.616162300109863,75516883
2003-09-04,10.077475547790527,11.283670425415039,11.32575798034668,10.694443702697754,11.012205123901367,78423206
2003-09-05,9.932758331298828,11.12163257598877,11.372054100036621,11.047980308532715,11.132155418395996,43503134
2003-09-08,9.833149909973145,11.010101318359375,11.3425931930542,10.942761421203613,11.155303001403809,44709667
2003-09-09,9.560630798339844,10.704965591430664,10.984848022460938,10.633418083190918,10.915404319763184,61514640
2003-09-10,9.662120819091797,10.818602561950684,11.037458419799805,10.612374305725098,10.658670425415039,60548083
2003-09-11,9.716628074645996,10.879630088806152,11.047980308532715,10.837541580200195,10.942761421203613,36801864
2003-09-12,9.889533042907715,11.07323169708252,11.079545021057129,10.732322692871094,10.894359588623047,34917221
2003-09-15,10.126341819763184,11.338383674621582,11.401515007019043,11.153199195861816,11.237374305725098,49102416
2003-09-16,10.31804084777832,11.553030014038086,11.595117568969727,11.300504684448242,11.361532211303711,37789330
2003-09-17,10.329319953918457,11.565656661987305,11.68770980834961,11.42676830291748,11.529882431030273,32865307
2003-09-18,10.449602127075195,11.700337409973145,11.723484992980957,11.43729019165039,11.540404319763184,38446056
2003-09-19,10.319921493530273,11.555134773254395,11.994949340820312,11.521465301513672,11.763467788696289,42082286
2003-09-22,10.169564247131348,11.386784553527832,11.430975914001465,11.264731407165527,11.395201683044434,42626390
2003-09-23,10.404495239257812,11.649831771850586,11.689814567565918,11.386784553527832,11.475168228149414,38613326
2003-09-24,10.299248695373535,11.531987190246582,12.047558784484863,11.508837699890137,11.734006881713867,64748376
2003-09-25,10.423290252685547,11.67087459564209,11.94023609161377,11.473064422607422,11.582491874694824,50540371
2003-09-26,10.190239906311035,11.409933090209961,11.738215446472168,11.382575988769531,11.626684188842773,36384638
2003-09-29,10.458998680114746,11.710859298706055,11.73611068725586,11.43729019165039,11.563551902770996,31540925
2003-09-30,10.081233024597168,11.28787899017334,11.679292678833008,11.216329574584961,11.664562225341797,43697966
2003-10-01,10.2804536819458,11.510943412780762,11.521465301513672,11.037458419799805,11.264731407165527,65174630
2003-10-02,10.355630874633789,11.595117568969727,11.651935577392578,11.428872108459473,11.460437774658203,32443330
2003-10-03,10.778501510620117,12.068602561950684,12.226430892944336,11.752945899963379,11.801346778869629,61620134
2003-10-06,10.83300495147705,12.129630088806152,12.188551902770996,11.9675931930542,12.173822402954102,25310102
2003-10-07,10.786019325256348,12.077019691467285,12.144359588623047,11.889731407165527,11.999157905578613,35322091
2003-10-08,10.988996505737305,12.304292678833008,12.47895622253418,12.053872108459473,12.131733894348145,55203509
2003-10-09,11.32353401184082,12.678872108459473,12.962963104248047,12.539982795715332,12.607322692871094,66547008
2003-10-10,11.36300277709961,12.723064422607422,12.731480598449707,12.539982795715332,12.689393997192383,26857354
2003-10-13,11.086727142333984,12.413721084594727,12.46843433380127,12.053872108459473,12.325337409973145,71784662
2003-10-14,11.000269889831543,12.316919326782227,12.5,12.310606002807617,12.335859298706055,35658533
2003-10-15,10.82548713684082,12.121212005615234,12.470539093017578,12.083333015441895,12.46843433380127,37125475
2003-10-16,10.806692123413086,12.100168228149414,12.268519401550293,12.060185432434082,12.087541580200195,66577421
2003-10-17,10.310524940490723,11.544612884521484,11.588805198669434,11.300504684448242,11.449915885925293,161624549
2003-10-20,10.637545585632324,11.910774230957031,11.963383674621582,11.513047218322754,11.525672912597656,58995130
2003-10-21,10.605592727661133,11.875,11.988636016845703,11.7824068069458,11.849746704101562,43840051
2003-10-22,10.445844650268555,11.696127891540527,11.727693557739258,11.574073791503906,11.637205123901367,35421883
2003-10-23,10.201518058776855,11.422558784484863,11.645623207092285,11.319443702697754,11.553030014038086,46667016
2003-10-24,10.3255615234375,11.561448097229004,11.563551902770996,11.216329574584961,11.355218887329102,37189627
2003-10-27,10.500347137451172,11.757155418395996,11.81607723236084,11.622474670410156,11.752945899963379,32495602
2003-10-28,10.812329292297363,12.106480598449707,12.106480598449707,11.752945899963379,11.85395622253418,48272242
2003-10-29,10.7503080368042,12.037036895751953,12.180134773254395,11.86447811126709,12.045454978942871,44015875
2003-10-30,10.699566841125488,11.980218887329102,12.302188873291016,11.942339897155762,12.245369911193848,46719763
2003-10-31,10.51162338256836,11.769781112670898,12.095959663391113,11.763467788696289,12.009679794311523,28096675
2003-11-03,10.808570861816406,12.102272987365723,12.123315811157227,11.68770980834961,11.734006881713867,38731651
2003-11-04,10.853677749633789,12.152777671813965,12.325337409973145,11.994949340820312,12.04124641418457,32860080
2003-11-05,10.769102096557617,12.058080673217773,12.146465301513672,11.931818008422852,12.070707321166992,28616544
2003-11-06,10.509743690490723,11.767677307128906,12.072811126708984,11.681397438049316,12.022306442260742,35755949
2003-11-07,10.549209594726562,11.811868667602539,11.986532211303711,11.801346778869629,11.90235710144043,29916216
2003-11-10,10.284213066101074,11.515151977539062,11.89183521270752,11.481480598449707,11.84764289855957,27329702
2003-11-11,10.173323631286621,11.390993118286133,11.637205123901367,11.365740776062012,11.498315811157227,37053245
2003-11-12,10.428927421569824,11.677188873291016,11.681397438049316,11.384679794311523,11.42676830291748,38709792
2003-11-13,10.56800651550293,11.83291244506836,11.900253295898438,11.626684188842773,11.702441215515137,33245942
2003-11-14,10.220311164855957,11.443602561950684,11.83080768585205,11.418350219726562,11.763467788696289,37233346
2003-11-17,10.01357364654541,11.21212100982666,11.531987190246582,11.047980308532715,11.357322692871094,46337227
2003-11-18,9.605740547180176,10.755471229553223,11.363636016845703,10.75336742401123,11.329965591430664,54416578
2003-11-19,9.968470573425293,11.161616325378418,11.247896194458008,10.654460906982422,10.818602561950684,63397382
2003-11-20,9.778648376464844,10.949073791503906,11.19739055633545,10.879630088806152,10.978534698486328,45392054
2003-11-21,9.744817733764648,10.911194801330566,11.069024085998535,10.67971420288086,11.060606002807617,49243075
2003-11-24,10.250383377075195,11.477272987365723,11.527777671813965,10.970117568969727,11.033248901367188,51632381
2003-11-25,10.387579917907715,11.630891799926758,11.765571594238281,11.479376792907715,11.504630088806152,44902123
2003-11-26,10.449602127075195,11.700337409973145,11.824495315551758,11.489898681640625,11.603534698486328,31473922
2003-11-28,10.504106521606445,11.761363983154297,11.792928695678711,11.68770980834961,11.70875358581543,10337976
2003-12-01,10.692046165466309,11.971800804138184,12.01388931274414,11.763467788696289,11.84764289855957,39282883
2003-12-02,10.611234664916992,11.88131332397461,12.00336742401123,11.862374305725098,11.898147583007812,28548115
2003-12-03,10.381941795349121,11.624579429626465,11.938131332397461,11.599327087402344,11.8707914352417,31229194
2003-12-04,10.507863998413086,11.765571594238281,11.811868667602539,11.502525329589844,11.597222328186035,26844523
2003-12-05,10.505985260009766,11.763467788696289,11.91708755493164,11.601430892944336,11.696127891540527,28427414
2003-12-08,10.47215461730957,11.72558879852295,11.86868667602539,11.517255783081055,11.704545021057129,27788746
2003-12-09,10.30864429473877,11.542508125305176,11.85816478729248,11.523569107055664,11.704545021057129,32238043
2003-12-10,10.412013053894043,11.658248901367188,11.731902122497559,11.475168228149414,11.626684188842773,35673264
2003-12-11,10.786019325256348,12.077019691467285,12.114898681640625,11.593012809753418,11.645623207092285,42327490
2003-12-12,10.840522766113281,12.138047218322754,12.178030014038086,11.914982795715332,12.060185432434082,34021944
2003-12-15,10.763465881347656,12.05176830291748,12.415824890136719,11.997054100036621,12.327441215515137,41537232
2003-12-16,10.823606491088867,12.119108200073242,12.194865226745605,11.89604377746582,11.994949340820312,35160048
2003-12-17,10.767224311828613,12.055975914001465,12.129630088806152,11.944443702697754,12.060185432434082,23038171
2003-12-18,11.276552200317383,12.626262664794922,12.626262664794922,12.089646339416504,12.100168228149414,55169770
2003-12-19,11.534029006958008,12.914562225341797,12.941919326782227,12.539982795715332,12.645201683044434,58887734
2003-12-22,11.782114028930664,13.192339897155762,13.244949340820312,12.853534698486328,12.904040336608887,50923382
2003-12-23,11.979454040527344,13.413299560546875,13.503787994384766,13.078703880310059,13.234428405761719,42261912
2003-12-24,12.03207778930664,13.472222328186035,13.566919326782227,13.345959663391113,13.354376792907715,15197371
2003-12-26,11.91555404663086,13.341751098632812,13.636363983154297,13.289140701293945,13.482744216918945,15274354
2003-12-29,12.058389663696289,13.501684188842773,13.524831771850586,13.230218887329102,13.341751098632812,27391478
2003-12-30,12.080942153930664,13.526935577392578,13.56270980834961,13.364898681640625,13.396465301513672,19303574
2003-12-31,12.142962455749512,13.596380233764648,13.609006881713867,13.396465301513672,13.560606002807617,25583818
2004-01-02,11.840375900268555,13.257575988769531,13.678450584411621,13.171296119689941,13.543770790100098,43278840
2004-01-05,12.144843101501465,13.598484992980957,13.667928695678711,13.249157905578613,13.322811126708984,62676504
2004-01-06,12.246332168579102,13.71212100982666,13.813131332397461,13.539562225341797,13.627945899963379,40537411
2004-01-07,12.253849029541016,13.720539093017578,13.752103805541992,13.516413688659668,13.69528579711914,30769675
2004-01-08,12.109134674072266,13.558502197265625,13.890993118286133,13.516413688659668,13.758418083190918,38499278
2004-01-09,11.91555404663086,13.341751098632812,13.571127891540527,13.327019691467285,13.556397438049316,32803531
2004-01-12,12.047111511230469,13.489056587219238,13.499579429626465,13.209175109863281,13.377525329589844,30862339
2004-01-13,12.32714557647705,13.80260944366455,13.853114128112793,13.442761421203613,13.461700439453125,42584573
2004-01-14,12.394806861877441,13.87836742401123,13.973064422607422,13.741581916809082,13.752103805541992,30684614
2004-01-15,12.52260684967041,14.021465301513672,14.18770980834961,13.6489896774292,13.76683521270752,44629834
2004-01-16,12.578991889953613,14.084595680236816,14.156145095825195,13.890993118286133,14.109848022460938,33366643
2004-01-20,12.347822189331055,13.82575798034668,14.086700439453125,13.800504684448242,14.069865226745605,29017138
2004-01-21,12.099737167358398,13.547980308532715,13.813131332397461,13.520623207092285,13.796296119689941,52552368
2004-01-22,13.02817153930664,14.587541580200195,14.663299560546875,14.031987190246582,14.135101318359375,86463115
2004-01-23,13.0338134765625,14.593854904174805,14.629630088806152,14.35816478729248,14.570707321166992,39089952
2004-01-26,12.885336875915527,14.42760944366455,14.457071304321289,14.120369911193848,14.126684188842773,65890757
2004-01-27,12.686118125915527,14.204545021057129,14.518097877502441,14.204545021057129,14.414982795715332,32817787
2004-01-28,12.520727157592773,14.019359588623047,14.29924201965332,13.88888931274414,14.227693557739258,33952565
2004-01-29,12.609062194824219,14.118266105651855,14.202441215515137,13.70580768585205,14.059343338012695,42588374
2004-01-30,12.578991889953613,14.084595680236816,14.278199195861816,13.880471229553223,14.046716690063477,37087459
2004-02-02,12.332784652709961,13.80892276763916,14.137205123901367,13.785774230957031,14.036194801330566,29671963
2004-02-03,12.229416847229004,13.693181991577148,13.880471229553223,13.594276428222656,13.783670425415039,28358510
2004-02-04,12.306472778320312,13.779460906982422,14.015151977539062,13.594276428222656,13.644781112670898,33177038
2004-02-05,12.63537311553955,14.147727012634277,14.212963104248047,13.762625694274902,13.783670425415039,33235488
2004-02-06,12.734980583190918,14.259259223937988,14.278199195861816,14.013047218322754,14.120369911193848,23238230
2004-02-09,12.691757202148438,14.210859298706055,14.345539093017578,14.124579429626465,14.229798316955566,19883318
2004-02-10,12.66356372833252,14.179292678833008,14.2824068069458,14.065656661987305,14.204545021057129,16057958
2004-02-11,12.992464065551758,14.547558784484863,14.564393997192383,14.162458419799805,14.164562225341797,31525243
2004-02-12,13.00749683380127,14.564393997192383,14.720117568969727,14.452861785888672,14.473905563354492,27418090
2004-02-13,12.892855644226074,14.436026573181152,14.709595680236816,14.318181991577148,14.54124641418457,25785778
2004-02-17,13.005620956420898,14.56229019165039,14.625420570373535,14.4675931930542,14.511784553527832,18511891
2004-02-18,12.877820014953613,14.41919231414795,14.530723571777344,14.33291244506836,14.488636016845703,19522642
2004-02-19,12.860904693603516,14.400253295898438,14.730640411376953,14.377103805541992,14.56229019165039,22812451
2004-02-20,13.018776893615723,14.577019691467285,14.656987190246582,14.34764289855957,14.51388931274414,29791238
2004-02-23,12.729347229003906,14.252945899963379,14.604376792907715,14.175084114074707,14.522306442260742,32226638
2004-02-24,12.627856254577637,14.139309883117676,14.51388931274414,14.132996559143066,14.22558879852295,33664118
2004-02-25,12.629735946655273,14.141413688659668,14.240320205688477,13.933080673217773,14.227693557739258,32195750
2004-02-26,12.8796968460083,14.421296119689941,14.444443702697754,14.135101318359375,14.212963104248047,27617198
2004-02-27,12.911648750305176,14.457071304321289,14.494949340820312,14.29924201965332,14.35395622253418,24496560
2004-03-01,13.011258125305176,14.568602561950684,14.591751098632812,14.3792085647583,14.41708755493164,20381328
2004-03-02,12.770691871643066,14.29924201965332,14.625420570373535,14.288721084594727,14.537036895751953,20407464
2004-03-03,12.703033447265625,14.223484992980957,14.292928695678711,14.101430892944336,14.24663257598877,22445597
2004-03-04,12.755655288696289,14.2824068069458,14.345539093017578,14.166666984558105,14.223484992980957,15124666
2004-03-05,13.026293754577637,14.585437774658203,14.686448097229004,14.114056587219238,14.143519401550293,38604298
2004-03-08,13.1240234375,14.694865226745605,15.159933090209961,14.490740776062012,14.56229019165039,68167915
2004-03-09,13.172890663146973,14.749579429626465,14.880050659179688,14.56229019165039,14.635943412780762,40797821
2004-03-10,12.868422508239746,14.408670425415039,14.739056587219238,14.398147583007812,14.709595680236816,42957605
2004-03-11,12.674840927124023,14.191919326782227,14.4760103225708,14.162458419799805,14.30976390838623,44097134
2004-03-12,12.992464065551758,14.547558784484863,14.55176830291748,14.206649780273438,14.217171669006348,29316038
2004-03-15,12.746259689331055,14.271885871887207,14.617003440856934,14.231902122497559,14.583333015441895,29832581
2004-03-16,12.765053749084473,14.292928695678711,14.414982795715332,14.151935577392578,14.389731407165527,30367656
2004-03-17,13.080798149108887,14.646465301513672,14.648569107055664,14.240320205688477,14.335017204284668,27773064
2004-03-18,13.031930923461914,14.591751098632812,14.606480598449707,14.41708755493164,14.547558784484863,24769325
2004-03-19,12.83647346496582,14.372896194458008,14.642255783081055,14.35816478729248,14.46548843383789,32799254
2004-03-22,12.411718368530273,13.897306442260742,14.30976390838623,13.69528579711914,14.265571594238281,48366806
2004-03-23,12.317750930786133,13.79208755493164,14.008837699890137,13.634259223937988,13.979376792907715,44005421
2004-03-24,12.449309349060059,13.939393997192383,14.019359588623047,13.70159912109375,13.79840087890625,38170915
2004-03-25,12.710550308227539,14.231902122497559,14.257155418395996,13.907828330993652,14.057238578796387,33884136
2004-03-26,12.554557800292969,14.057238578796387,14.257155418395996,14.057238578796387,14.172980308532715,25223616
2004-03-29,12.857146263122559,14.39604377746582,14.41287899017334,14.183502197265625,14.202441215515137,30379061
2004-03-30,13.129660606384277,14.701177597045898,14.705387115478516,14.290824890136719,14.33291244506836,29843986
2004-03-31,13.020654678344727,14.57912540435791,14.757996559143066,14.558080673217773,14.730640411376953,29044224
2004-04-01,13.578845024108887,15.20412540435791,15.20412540435791,14.532828330993652,14.534933090209961,66109824
2004-04-02,13.864517211914062,15.5239896774292,15.59343433380127,15.311448097229004,15.418770790100098,40343530
2004-04-05,13.93217658996582,15.599746704101562,15.654460906982422,15.427188873291016,15.5239896774292,19399565
2004-04-06,13.926539421081543,15.59343433380127,15.654460906982422,15.425084114074707,15.481902122497559,24369206
2004-04-07,13.888949394226074,15.551346778869629,15.730218887329102,15.481902122497559,15.616581916809082,29178230
2004-04-08,14.272350311279297,15.980640411376953,16.039562225341797,15.75336742401123,15.902777671813965,36501538
2004-04-12,14.321216583251953,16.035354614257812,16.10479736328125,15.854376792907715,15.991162300109863,25013578
2004-04-13,14.035543441772461,15.71548843383789,16.136363983154297,15.58712100982666,16.119529724121094,33206026
2004-04-14,14.106962203979492,15.795454978942871,15.949073791503906,15.530303001403809,15.57239055633545,27433296
2004-04-15,14.163344383239746,15.858586311340332,15.991162300109863,15.751262664794922,15.875420570373535,27624326
2004-04-16,14.069375038146973,15.75336742401123,15.938551902770996,15.660774230957031,15.936448097229004,28628424
2004-04-19,14.283628463745117,15.993266105651855,16.024831771850586,15.70075798034668,15.793350219726562,27742651
2004-04-20,13.902105331420898,15.56607723236084,16.178451538085938,15.557660102844238,16.039562225341797,35006558
2004-04-21,14.054339408874512,15.736532211303711,15.75336742401123,15.439814567565918,15.694443702697754,53064634
2004-04-22,15.522171974182129,17.380050659179688,17.497896194458008,15.995369911193848,16.348905563354492,124351762
2004-04-23,15.437592506408691,17.285354614257812,17.44528579711914,17.085437774658203,17.1738224029541,49155163
2004-04-26,15.332345008850098,17.16750717163086,17.35479736328125,16.81397247314453,16.851852416992188,46547266
2004-04-27,15.777771949768066,17.66624641418457,17.834596633911133,17.085437774658203,17.108585357666016,73330963
2004-04-28,15.653727531433105,17.52735710144043,17.813552856445312,17.45159912109375,17.61153221130371,45566928
2004-04-29,15.416921615600586,17.262205123901367,17.739898681640625,17.09596061706543,17.518938064575195,49812365
2004-04-30,15.04103946685791,16.84132957458496,17.38215446472168,16.788721084594727,17.224327087402344,49733006
2004-05-03,15.38309097290039,17.224327087402344,17.285354614257812,16.696128845214844,16.727693557739258,41881752
2004-05-04,15.548477172851562,17.40951156616211,17.53998374938965,17.093854904174805,17.199073791503906,44377978
2004-05-05,15.574792861938477,17.43897247314453,17.56102752685547,17.30008316040039,17.422138214111328,26919605
2004-05-06,15.217700004577637,17.039140701293945,17.39057159423828,16.84132957458496,17.274831771850586,41381366
2004-05-07,15.001569747924805,16.797138214111328,17.241161346435547,16.782407760620117,16.92971420288086,33359990
2004-05-10,14.57118034362793,16.315235137939453,16.685606002807617,16.172138214111328,16.498315811157227,63853574
2004-05-11,15.010965347290039,16.807659149169922,16.83501625061035,16.502525329589844,16.502525329589844,37776499
2004-05-12,15.181992530822754,16.99915885925293,17.02020263671875,16.315235137939453,16.752946853637695,48064579
2004-05-13,14.928274154663086,16.71506690979004,16.91077423095703,16.643518447875977,16.73821449279785,43936517
2004-05-14,14.838058471679688,16.614057540893555,16.845539093017578,16.424663543701172,16.719276428222656,39345134
2004-05-17,14.723409652709961,16.485689163208008,16.546716690063477,16.31944465637207,16.376262664794922,30280694
2004-05-18,14.862492561340332,16.641414642333984,16.748737335205078,16.578283309936523,16.662458419799805,24932318
2004-05-19,14.901960372924805,16.685606002807617,17.043350219726562,16.643518447875977,16.864477157592773,39829838
2004-05-20,15.048552513122559,16.849746704101562,16.93181800842285,16.660354614257812,16.717172622680664,33011669
2004-05-21,15.0993013381958,16.906566619873047,16.95707130432129,16.7866153717041,16.940235137939453,30263112
2004-05-24,15.431952476501465,17.27903938293457,17.46422576904297,16.95075798034668,16.982322692871094,50446282
2004-05-25,16.03713035583496,17.956649780273438,18.009258270263672,17.245370864868164,17.31902313232422,53961336
2004-05-26,16.247623443603516,18.192340850830078,18.253366470336914,17.864057540893555,17.878787994384766,45431021
2004-05-27,16.548336029052734,18.52903938293457,18.57744026184082,18.143938064575195,18.30597686767578,48182904
2004-05-28,16.68929672241211,18.68686866760254,18.89520263671875,18.413299560546875,18.556396484375,41124283
2004-06-01,16.864076614379883,18.88257598876953,18.890993118286133,18.356481552124023,18.470117568969727,49381358
2004-06-02,16.708087921142578,18.70791244506836,18.981481552124023,18.672138214111328,18.93729019165039,39168835
2004-06-03,16.46375846862793,18.434343338012695,18.70791244506836,18.40909194946289,18.59006690979004,38488824
2004-06-04,16.553974151611328,18.535354614257812,18.747896194458008,18.369108200073242,18.61321449279785,40861973
2004-06-07,16.625396728515625,18.615320205688477,18.724746704101562,18.476430892944336,18.6616153717041,37065125
2004-06-08,16.726882934570312,18.72895622253418,18.73526954650879,18.49326515197754,18.52062225341797,28091448
2004-06-09,16.2213134765625,18.162879943847656,18.71001625061035,18.120790481567383,18.552188873291016,40629600
2004-06-10,16.426170349121094,18.392255783081055,18.419612884521484,18.08501625061035,18.23653221130371,31364150
2004-06-14,16.08975601196289,18.01557159423828,18.29124641418457,17.891414642333984,18.244949340820312,34399728
2004-06-15,16.435569763183594,18.40277862548828,18.491161346435547,18.17340087890625,18.18181800842285,34555594
2004-06-16,16.514509201049805,18.491161346435547,18.531145095825195,18.320707321166992,18.398569107055664,18897278
2004-06-17,16.322805404663086,18.276514053344727,18.539562225341797,18.16498374938965,18.516414642333984,27794448
2004-06-18,16.257022857666016,18.202861785888672,18.40909194946289,18.17340087890625,18.27020263671875,33028301
2004-06-21,16.127338409423828,18.057659149169922,18.358585357666016,18.021886825561523,18.238636016845703,30203237
2004-06-22,16.390464782714844,18.35227394104004,18.35227394104004,17.72937774658203,17.9229793548584,50254776
2004-06-23,16.604721069335938,18.592172622680664,18.594276428222656,18.26388931274414,18.339645385742188,39378874
2004-06-24,16.678014755249023,18.67424201965332,18.78998374938965,18.571128845214844,18.61742401123047,30847133
2004-06-25,17.050142288208008,19.09090805053711,19.259258270263672,18.67424201965332,18.68897247314453,64453752
2004-06-28,17.442943572998047,19.530723571777344,19.808502197265625,19.15403938293457,19.231901168823242,62821440
2004-06-29,17.256879806518555,19.322391510009766,19.526514053344727,19.20244026184082,19.41077423095703,39691080
2004-06-30,17.281314849853516,19.349746704101562,19.54755973815918,19.158248901367188,19.42971420288086,40303613
2004-07-01,17.02570915222168,19.063552856445312,19.398147583007812,18.960437774658203,19.364477157592773,31203058
2004-07-02,17.153514862060547,19.206649780273438,19.225589752197266,18.81944465637207,18.996212005615234,25156138
2004-07-06,16.884750366210938,18.905723571777344,19.185606002807617,18.773147583007812,19.168771743774414,27390053
2004-07-07,16.326562881469727,18.280723571777344,18.594276428222656,18.150253295898438,18.455387115478516,49151362
2004-07-08,15.72138786315918,17.603113174438477,17.87457847595215,17.27903938293457,17.462120056152344,72285523
2004-07-09,15.745820999145508,17.630470275878906,17.878787994384766,17.386363983154297,17.830387115478516,42353150
2004-07-12,15.815356254577637,17.708332061767578,17.765151977539062,17.344276428222656,17.56102752685547,34500946
2004-07-13,15.670641899108887,17.546295166015625,17.824073791503906,17.5084171295166,17.790403366088867,23211619
2004-07-14,15.743941307067871,17.628366470336914,17.94402313232422,17.428451538085938,17.462120056152344,35753098
2004-07-15,15.685678482055664,17.56313133239746,17.748315811157227,17.428451538085938,17.685184478759766,25124299
2004-07-16,15.103056907653809,16.91077423095703,17.737794876098633,16.843433380126953,17.716751098632812,63328003
2004-07-19,14.753482818603516,16.519359588623047,16.91077423095703,16.25,16.89604377746582,70912670
2004-07-20,15.026002883911133,16.824495315551758,16.93602752685547,16.517255783081055,16.546716690063477,49114771
2004-07-21,14.396394729614258,16.119529724121094,16.93813133239746,16.119529724121094,16.93813133239746,73655050
2004-07-22,14.544870376586914,16.28577423095703,16.28998374938965,15.035774230957031,15.145201683044434,150320016
2004-07-23,14.097565650939941,15.784933090209961,16.2415828704834,15.67760944366455,16.220539093017578,50645390
2004-07-26,13.958487510681152,15.6292085647583,15.833333015441895,15.42087459564209,15.740740776062012,49983912
2004-07-27,14.745964050292969,16.510942459106445,16.59722137451172,15.711278915405273,15.755471229553223,71611214
2004-07-28,14.807985305786133,16.580387115478516,16.70244026184082,16.205808639526367,16.433080673217773,55680134
2004-07-29,14.935790061950684,16.723485946655273,16.906566619873047,16.510942459106445,16.809764862060547,40888584
2004-07-30,14.721535682678223,16.483585357666016,16.70244026184082,16.397306442260742,16.670875549316406,30455093
2004-08-02,14.875648498535156,16.656145095825195,16.668771743774414,16.296295166015625,16.296295166015625,27634781
2004-08-03,14.48660659790039,16.220539093017578,16.752946853637695,16.127946853637695,16.559343338012695,32716570
2004-08-04,14.246039390563965,15.951177597045898,16.378366470336914,15.862794876098633,16.092172622680664,53963712
2004-08-05,13.86827564239502,15.528199195861816,16.073232650756836,15.509259223937988,16.035354614257812,49752014
2004-08-06,13.862637519836426,15.521885871887207,15.909090995788574,15.271465301513672,15.366162300109863,66884400
2004-08-09,13.714163780212402,15.355640411376953,15.698653221130371,15.324073791503906,15.591329574584961,34363613
2004-08-10,14.234763145446777,15.938551902770996,15.953283309936523,15.439814567565918,15.439814567565918,48458995
2004-08-11,14.3550443649292,16.073232650756836,16.155302047729492,15.625,15.713383674621582,51350112
2004-08-12,14.567420959472656,16.31102752685547,16.4520206451416,15.946969985961914,15.949073791503906,59319216
2004-08-13,14.539231300354004,16.279460906982422,16.39520263671875,16.02903938293457,16.38888931274414,39766637
2004-08-16,14.794830322265625,16.565656661987305,16.685606002807617,16.321548461914062,16.33207130432129,34360286
2004-08-17,14.954584121704102,16.744529724121094,16.822391510009766,16.56986427307129,16.620370864868164,41438866
2004-08-18,15.018482208251953,16.816076278686523,16.83501625061035,16.481481552124023,16.565656661987305,45734674
2004-08-19,14.975257873535156,16.767677307128906,16.990741729736328,16.565656661987305,16.78451156616211,43595323
2004-08-20,15.292878150939941,17.123315811157227,17.239057540893555,16.656145095825195,16.700336456298828,44361821
2004-08-23,15.477062225341797,17.329544067382812,17.468433380126953,17.175926208496094,17.22222137451172,39132245
2004-08-24,15.762733459472656,17.649410247802734,17.651514053344727,17.36321449279785,17.434764862060547,47385994
2004-08-25,16.09915542602539,18.026094436645508,18.09764289855957,17.45159912109375,17.63257598876953,47968589
2004-08-26,16.240110397338867,18.183923721313477,18.198652267456055,17.916667938232422,18.002946853637695,44607974
2004-08-27,16.14613914489746,18.078704833984375,18.280723571777344,18.005050659179688,18.18181800842285,30347222
2004-08-30,16.07096290588379,17.994529724121094,18.171295166015625,17.89772605895996,17.967172622680664,27393379
2004-08-31,16.264543533325195,18.211278915405273,18.217592239379883,17.929292678833008,17.941919326782227,34089422
2004-09-01,16.469396591186523,18.440656661987305,18.46590805053711,18.06397247314453,18.171295166015625,46646582
2004-09-02,16.830249786376953,18.844697952270508,18.912036895751953,18.43013572692871,18.474327087402344,49875091
2004-09-03,16.798297882080078,18.808923721313477,19.025672912597656,18.71001625061035,18.760522842407227,36937296
2004-09-07,16.74567413330078,18.75,19.03409194946289,18.57744026184082,18.8468017578125,48278419
2004-09-08,16.74567413330078,18.75,18.928871154785156,18.66792869567871,18.720539093017578,43343942
2004-09-09,16.52202606201172,18.49957847595215,18.79208755493164,18.255470275878906,18.77735710144043,46965917
2004-09-10,16.927980422973633,18.954124450683594,18.960437774658203,18.339645385742188,18.440656661987305,42623539
2004-09-13,17.309499740600586,19.38131332397461,19.40235710144043,18.981481552124023,19.00673484802246,60923966
2004-09-14,17.743650436401367,19.86742401123047,19.86742401123047,19.29924201965332,19.419191360473633,77802120
2004-09-15,17.67599105834961,19.791667938232422,19.949495315551758,19.60227394104004,19.776935577392578,49711147
2004-09-16,17.352725982666016,19.42971420288086,20.178871154785156,19.412879943847656,19.804292678833008,70472160
2004-09-17,17.497440338134766,19.591751098632812,19.60227394104004,19.11826515197754,19.32659912109375,62674603
2004-09-20,17.17605972290039,19.231901168823242,19.671716690063477,19.183502197265625,19.421295166015625,50098435
2004-09-21,17.036989212036133,19.0761775970459,19.259258270263672,18.94991683959961,19.234006881713867,47237256
2004-09-22,16.685537338256836,18.682659149169922,19.050926208496094,18.634258270263672,18.954124450683594,45156355
2004-09-23,16.933618545532227,18.960437774658203,19.023569107055664,18.655302047729492,18.724746704101562,42726658
2004-09-24,16.768226623535156,18.775253295898438,19.061447143554688,18.70791244506836,18.97096061706543,35581550
2004-09-27,16.67613983154297,18.672138214111328,18.924663543701172,18.636363983154297,18.6531982421875,35013686
2004-09-28,16.959928512573242,18.989898681640625,19.095117568969727,18.486953735351562,18.75,57726821
2004-09-29,17.320777893066406,19.393938064575195,19.46548843383789,18.962541580200195,19.019359588623047,52364189
2004-09-30,17.279428482055664,19.34764289855957,19.494949340820312,19.093013763427734,19.377103805541992,47356056
2004-10-01,17.373397827148438,19.452861785888672,19.566497802734375,19.160354614257812,19.48653221130371,63596966
2004-10-04,17.60081672668457,19.70749282836914,19.884258270263672,19.454965591430664,19.490741729736328,48323563
2004-10-05,17.64215850830078,19.753787994384766,19.814815521240234,19.549663543701172,19.665403366088867,28700179
2004-10-06,18.155237197875977,20.328283309936523,20.366161346435547,19.844276428222656,19.898990631103516,57495398
2004-10-07,17.852659225463867,19.989477157592773,20.343013763427734,19.96632957458496,20.336700439453125,46655611
2004-10-08,17.401594161987305,19.48442840576172,19.928451538085938,19.36026954650879,19.896886825561523,40796870
2004-10-11,17.615848541259766,19.724327087402344,19.768518447875977,19.478113174438477,19.530723571777344,23782810
2004-10-12,17.570741653442383,19.6738224029541,19.760101318359375,19.36237335205078,19.568603515625,39376022
2004-10-13,17.771841049194336,19.898990631103516,20.149410247802734,19.755891799926758,20.03577423095703,49757242
2004-10-14,17.942869186401367,20.09048843383789,20.208332061767578,19.852693557739258,19.865320205688477,40326422
2004-10-15,17.621482849121094,19.730640411376953,20.22727394104004,19.656986236572266,20.216751098632812,46430366
2004-10-18,17.800031661987305,19.93055534362793,19.947391510009766,19.448652267456055,19.619108200073242,39217781
2004-10-19,17.37527847290039,19.454965591430664,20.02735710144043,19.391834259033203,20.025253295898438,44841298
2004-10-20,17.17043113708496,19.225589752197266,19.48442840576172,19.031986236572266,19.38131332397461,70062062
2004-10-21,18.71719741821289,20.95749282836914,21.081649780273438,20.214645385742188,20.599746704101562,148832640
2004-10-22,18.02556610107422,20.183080673217773,21.489898681640625,20.15993309020996,21.433080673217773,83178533
2004-10-25,18.02556610107422,20.183080673217773,20.391414642333984,19.947391510009766,20.08207130432129,59640451
2004-10-26,17.90152359008789,20.044191360473633,20.286195755004883,19.859006881713867,20.2020206451416,47969539
2004-10-27,18.544286727905273,20.76388931274414,20.896465301513672,20.052608489990234,20.05471420288086,58600714
2004-10-28,18.581871032714844,20.80597686767578,20.885942459106445,20.526094436645508,20.5281982421875,39418790
2004-10-29,18.34882164001465,20.545034408569336,20.938552856445312,20.509258270263672,20.692340850830078,32104512
2004-11-01,18.6589298248291,20.892255783081055,21.043771743774414,20.408248901367188,20.414562225341797,45097906
2004-11-02,18.918283462524414,21.182659149169922,21.33417510986328,20.843854904174805,20.936447143554688,51279782
2004-11-03,18.653287887573242,20.885942459106445,21.651935577392578,20.641834259033203,21.433080673217773,63946238
2004-11-04,18.957759857177734,21.226852416992188,21.28998374938965,20.587120056152344,20.90277862548828,50630659
2004-11-05,18.73410987854004,20.976430892944336,21.37415885925293,20.502946853637695,21.308923721313477,57547670
2004-11-08,19.487754821777344,21.82028579711914,21.95917510986328,21.32575798034668,21.42255973815918,63296640
2004-11-09,19.634349822998047,21.98442840576172,22.156986236572266,21.656145095825195,21.864477157592773,54521122
2004-11-10,19.515949249267578,21.851852416992188,22.098064422607422,21.662458419799805,22.032827377319336,36863640
2004-11-11,20.26772117614746,22.693603515625,22.706228256225586,21.8665828704834,21.95707130432129,55643544
2004-11-12,20.652999877929688,23.125,23.20075798034668,22.516834259033203,22.72727394104004,60166973
2004-11-15,20.564666748046875,23.026094436645508,23.17340087890625,22.796716690063477,23.0281982421875,35878550
2004-11-16,20.28274917602539,22.710437774658203,22.916667938232422,22.579965591430664,22.880891799926758,29233354
2004-11-17,20.555267333984375,23.01557159423828,23.337541580200195,22.81986427307129,22.916667938232422,44086680
2004-11-18,20.767642974853516,23.253366470336914,23.30597686767578,22.94402313232422,22.98611068725586,36542405
2004-11-19,20.36168670654297,22.7988224029541,23.310184478759766,22.794612884521484,23.20075798034668,30626165
2004-11-22,20.57594108581543,23.038721084594727,23.038721084594727,22.31270980834961,22.813552856445312,38433701
2004-11-23,20.585336685180664,23.04924201965332,23.251262664794922,22.887205123901367,23.08922576904297,43442309
2004-11-24,20.995052337646484,23.507997512817383,23.61111068725586,23.162879943847656,23.20075798034668,48073133
2004-11-26,20.95558738708496,23.463804244995117,23.703704833984375,23.38173484802246,23.648990631103516,12258734
2004-11-29,21.171722412109375,23.705808639526367,23.754209518432617,23.362794876098633,23.733165740966797,34579354
2004-11-30,21.10593605041504,23.63215446472168,23.876262664794922,23.56902313232422,23.6616153717041,29506594
2004-12-01,21.38597869873047,23.945707321166992,23.945707321166992,23.425926208496094,23.79208755493164,41764853
2004-12-02,21.985509872436523,24.617002487182617,24.663299560546875,23.89520263671875,24.11826515197754,52357536
2004-12-03,21.87838363647461,24.497053146362305,24.690656661987305,24.30555534362793,24.600168228149414,44452584
2004-12-06,21.865230560302734,24.482322692871094,24.600168228149414,24.30555534362793,24.448652267456055,28499645
2004-12-07,21.4104061126709,23.973064422607422,24.526514053344727,23.92255973815918,24.526514053344727,39141749
2004-12-08,21.540084838867188,24.11826515197754,24.179292678833008,23.676347732543945,24.04250717163086,47688696
2004-12-09,21.842674255371094,24.45707130432129,24.505470275878906,23.853113174438477,23.947811126708984,41051102
2004-12-10,21.502498626708984,24.0761775970459,24.469697952270508,24.063552856445312,24.3834171295166,33993907
2004-12-13,21.801326751708984,24.41077423095703,24.452861785888672,24.021465301513672,24.164562225341797,30924115
2004-12-14,21.840795516967773,24.454965591430664,24.515993118286133,24.149831771850586,24.364477157592773,28931126
2004-12-15,22.06256675720215,24.703283309936523,24.869529724121094,24.54124641418457,24.65909194946289,36366106
2004-12-16,21.744949340820312,24.34764289855957,24.682239532470703,24.200336456298828,24.60437774658203,32024678
2004-12-17,21.5664005279541,24.14772605895996,24.42971420288086,24.128787994384766,24.26557159423828,31458240
2004-12-20,21.547603607177734,24.126684188842773,24.46548843383789,23.985689163208008,24.255050659179688,36516269
2004-12-21,21.36905860900879,23.926767349243164,24.126684188842773,23.705808639526367,24.093013763427734,36855086
2004-12-22,21.316436767578125,23.86784553527832,24.044612884521484,23.691076278686523,23.920455932617188,28495368
2004-12-23,21.303279876708984,23.853113174438477,23.947811126708984,23.76473045349121,23.87415885925293,20078150
2004-12-27,21.211185455322266,23.75,24.111953735351562,23.739477157592773,24.004629135131836,27728870
2004-12-28,21.83139991760254,24.44444465637207,24.461278915405273,23.815235137939453,23.82575798034668,35850989
2004-12-29,22.096391677856445,24.741161346435547,24.9116153717041,24.43602752685547,24.448652267456055,39241541
2004-12-30,22.13398551940918,24.783248901367188,24.905302047729492,24.684343338012695,24.747474670410156,21297038
2004-12-31,21.865230560302734,24.482322692871094,24.920034408569336,24.442340850830078,24.86111068725586,22028846
2005-01-03,21.446117401123047,24.013046264648438,24.783248901367188,23.935184478759766,24.661195755004883,46817654
2005-01-04,20.919879913330078,23.4238224029541,24.14772605895996,23.253366470336914,24.12457847595215,52193117
2005-01-05,20.842824935913086,23.337541580200195,23.796295166015625,23.23653221130371,23.373315811157227,46525882
2005-01-06,19.955734252929688,22.344276428222656,23.558502197265625,22.213804244995117,23.52272605895996,102103848
2005-01-07,20.030914306640625,22.428451538085938,22.853534698486328,22.371633529663086,22.529460906982422,67125802
2005-01-10,20.16810417175293,22.58207130432129,22.849327087402344,22.285354614257812,22.579965591430664,53028043
2005-01-11,19.70389175415039,22.06229019165039,22.615741729736328,21.88973045349121,22.44318199157715,55250554
2005-01-12,20.156829833984375,22.56944465637207,22.601009368896484,21.424663543701172,22.04755973815918,111045211
2005-01-13,19.39754295349121,21.719276428222656,22.67255973815918,21.593013763427734,22.63257598876953,74554603
2005-01-14,19.771549224853516,22.138046264648438,22.234848022460938,21.72138023376465,21.872896194458008,61737034
2005-01-18,19.991439819335938,22.384258270263672,22.481061935424805,22.01178550720215,22.226430892944336,52074792
2005-01-19,19.36747169494629,21.685606002807617,22.678871154785156,21.64772605895996,22.66624641418457,112626677
2005-01-20,15.661247253417969,17.53577423095703,18.301767349243164,17.129629135131836,18.099746704101562,411637248
2005-01-21,16.172452926635742,18.108165740966797,18.537458419799805,17.765151977539062,17.939815521240234,227677824
2005-01-24,15.480820655822754,17.33375358581543,18.26388931274414,17.156986236572266,18.1334171295166,155610893
2005-01-25,15.042916297912598,16.843433380126953,17.803030014038086,16.70875358581543,17.51473045349121,158176022
2005-01-26,15.471426963806152,17.323232650756836,17.35479736328125,16.807659149169922,16.982322692871094,116262907
2005-01-27,15.542842864990234,17.4031982421875,17.62415885925293,17.188552856445312,17.41792869567871,82715213
2005-01-28,15.242131233215332,17.066497802734375,17.525253295898438,16.849746704101562,17.49368667602539,76129416
2005-01-31,15.317312240600586,17.150672912597656,17.41792869567871,17.049663543701172,17.289562225341797,60205939
2005-02-01,14.646358489990234,16.399410247802734,17.129629135131836,16.36784553527832,17.001262664794922,106102656
2005-02-02,14.809866905212402,16.58249282836914,16.81397247314453,16.109006881713867,16.523569107055664,131430816
2005-02-03,14.512917518615723,16.25,16.767677307128906,16.231061935424805,16.441497802734375,88258896
2005-02-04,14.261075973510742,15.968012809753418,16.224746704101562,15.765993118286133,16.17424201965332,126070560
2005-02-07,14.206572532653809,15.906987190246582,16.184764862060547,15.850168228149414,16.119529724121094,70627075
2005-02-08,14.759122848510742,16.525672912597656,16.593013763427734,15.951177597045898,15.982744216918945,103446288
2005-02-09,14.845575332641602,16.622474670410156,17.161195755004883,16.56986427307129,16.79292869567871,112091602
2005-02-10,15.264688491821289,17.091751098632812,17.171716690063477,16.19318199157715,16.837120056152344,130322174
2005-02-11,15.4244384765625,17.27062225341797,17.352693557739258,16.816076278686523,17.003366470336914,86411318
2005-02-14,15.847308158874512,17.744108200073242,17.746212005615234,17.04755973815918,17.04755973815918,70066339
2005-02-15,16.05028533935547,17.97138023376465,18.154460906982422,17.56102752685547,17.716751098632812,97047720
2005-02-16,16.179967880249023,18.1165828704834,18.15867042541504,17.836700439453125,17.855640411376953,59282150
2005-02-17,16.057804107666016,17.97979736328125,18.287036895751953,17.735689163208008,18.240741729736328,58398278
2005-02-18,15.960078239440918,17.870370864868164,18.030302047729492,17.765151977539062,18.009258270263672,46618783
2005-02-22,15.44886589050293,17.2979793548584,17.920875549316406,17.213804244995117,17.790403366088867,46295172
2005-02-23,15.727027893066406,17.60942840576172,17.676767349243164,17.34006690979004,17.55471420288086,41503018
2005-02-24,15.926251411437988,17.83249282836914,17.882997512817383,17.344276428222656,17.377946853637695,44397223
2005-02-25,15.8773832321167,17.77777862548828,18.114477157592773,17.67255973815918,17.853534698486328,30751380
2005-02-28,16.102909088134766,18.030302047729492,18.228113174438477,17.668350219726562,17.697811126708984,32284850
2005-03-01,16.005184173583984,17.920875549316406,18.127103805541992,17.710437774658203,18.03451156616211,33762960
2005-03-02,15.813477516174316,17.706228256225586,17.891414642333984,17.60942840576172,17.765151977539062,33077009
2005-03-03,15.595465660095215,17.462120056152344,17.920875549316406,17.213804244995117,17.84090805053711,41522263
2005-03-04,15.693198204040527,17.571548461914062,17.803030014038086,17.386363983154297,17.676767349243164,32694473
2005-03-07,15.745820999145508,17.630470275878906,17.735689163208008,17.285354614257812,17.43686866760254,38688646
2005-03-08,15.354896545410156,17.192760467529297,17.65993309020996,17.171716690063477,17.52104377746582,32470654
2005-03-09,14.997807502746582,16.79292869567871,17.2011775970459,16.755050659179688,16.906566619873047,40068626
2005-03-10,14.606888771057129,16.3552188873291,16.90235710144043,16.28367042541504,16.78451156616211,50604523
2005-03-11,14.377598762512207,16.098485946655273,16.540403366088867,16.039562225341797,16.456228256225586,41710918
2005-03-14,13.712285041809082,15.353534698486328,15.942761421203613,15.130471229553223,15.904882431030273,102925944
2005-03-15,13.93405532836914,15.601852416992188,15.875420570373535,15.484006881713867,15.517677307128906,57322426
2005-03-16,13.712285041809082,15.353534698486328,15.719696998596191,15.252525329589844,15.467171669006348,41088168
2005-03-17,13.576963424682617,15.202019691467285,15.500842094421387,15.17676830291748,15.319865226745605,29111702
2005-03-18,13.159732818603516,14.734848022460938,15.202019691467285,14.730640411376953,15.130471229553223,71222738
2005-03-21,13.580723762512207,15.206229209899902,15.324073791503906,14.814814567565918,14.848484992980957,51318986
2005-03-22,13.486750602722168,15.1010103225708,15.551346778869629,15.033670425415039,15.353534698486328,57166560
2005-03-23,13.501786231994629,15.117844581604004,15.336700439453125,14.96212100982666,15.02104377746582,38929334
2005-03-24,13.343915939331055,14.94107723236084,15.391413688659668,14.920034408569336,15.260943412780762,31849330
2005-03-28,13.498026847839355,15.113636016845703,15.357744216918945,14.966329574584961,14.987374305725098,39783744
2005-03-29,13.56944465637207,15.193602561950684,15.408248901367188,14.970539093017578,15.151515007019043,39397882
2005-03-30,14.167108535766602,15.862794876098633,15.883837699890137,15.260943412780762,15.345117568969727,57868193
2005-03-31,14.005472183227539,15.681818008422852,16.127946853637695,15.610268592834473,15.955387115478516,41371387
2005-04-01,13.93405532836914,15.601852416992188,15.934343338012695,15.378787994384766,15.883837699890137,44779997
2005-04-04,14.343768119812012,16.060606002807617,16.11111068725586,15.404040336608887,15.509259223937988,43680146
2005-04-05,14.388875007629395,16.11111068725586,16.308923721313477,15.951177597045898,16.245790481567383,41015225
2005-04-06,13.97164535522461,15.643939018249512,16.25,15.59343433380127,16.220539093017578,36840830
2005-04-07,13.58448314666748,15.210437774658203,15.719696998596191,14.869528770446777,15.61447811126709,63099194
2005-04-08,13.216115951538086,14.797980308532715,15.286194801330566,14.747474670410156,15.248315811157227,46379520
2005-04-11,12.768813133239746,14.297138214111328,14.903199195861816,14.22558879852295,14.835859298706055,61532460
2005-04-12,12.652287483215332,14.166666984558105,14.24663257598877,13.446969985961914,14.179292678833008,137962202
2005-04-13,12.32526683807373,13.800504684448242,14.42340087890625,13.76683521270752,14.238215446472168,63903470
2005-04-14,12.400444030761719,13.884679794311523,14.061448097229004,13.716329574584961,13.930975914001465,47252938
2005-04-15,12.01703929901123,13.455387115478516,14.048822402954102,13.425926208496094,13.737374305725098,55033150
2005-04-18,12.253849029541016,13.720539093017578,13.8425931930542,13.29124641418457,13.413299560546875,54244080
2005-04-19,12.092218399047852,13.539562225341797,13.960437774658203,13.299662590026855,13.918350219726562,63350813
2005-04-20,12.445552825927734,13.935185432434082,14.099327087402344,13.67424201965332,13.758418083190918,102508006
2005-04-21,12.434272766113281,13.922558784484863,14.229798316955566,13.13552188873291,14.17087459564209,157506703
2005-04-22,11.844134330749512,13.261784553527832,13.939393997192383,13.15235710144043,13.79208755493164,71451785
2005-04-25,11.859169006347656,13.278619766235352,13.388047218322754,12.992424011230469,13.232322692871094,68283389
2005-04-26,11.705059051513672,13.106060981750488,13.29124641418457,12.984006881713867,13.11868667602539,51032441
2005-04-27,11.832858085632324,13.249157905578613,13.362794876098633,12.954545021057129,12.979798316955566,55491955
2005-04-28,11.95313835144043,13.383837699890137,13.581649780273438,13.13131332397461,13.139731407165527,51581297
2005-04-29,11.919313430786133,13.345959663391113,13.6574068069458,13.13131332397461,13.585859298706055,43895174
2005-05-02,11.847896575927734,13.265993118286133,13.446969985961914,13.207071304321289,13.25336742401123,32683781
2005-05-03,12.092218399047852,13.539562225341797,13.636363983154297,13.211278915405273,13.278619766235352,39596753
2005-05-04,12.956753730773926,14.507575988769531,14.528619766235352,13.581649780273438,13.619528770446777,79264073
2005-05-05,12.746259689331055,14.271885871887207,14.52441120147705,14.145623207092285,14.356060981750488,41434826
2005-05-06,12.701149940490723,14.221380233764648,14.629630088806152,14.141413688659668,14.44023609161377,70498534
2005-05-09,12.614697456359863,14.124579429626465,14.38552188873291,14.053030014038086,14.22558879852295,34573651
2005-05-10,12.310233116149902,13.783670425415039,14.103534698486328,13.762625694274902,14.006733894348145,43579166
2005-05-11,12.486899375915527,13.981480598449707,14.040404319763184,13.623737335205078,13.829965591430664,41489712
2005-05-12,12.704909324645996,14.22558879852295,14.33080768585205,13.973064422607422,13.985690116882324,43095650
2005-05-13,13.1785249710083,14.755891799926758,15.0042085647583,14.28451156616211,14.351852416992188,69477566
2005-05-16,13.298810958862305,14.890571594238281,14.949495315551758,14.56229019165039,14.663299560546875,33663881
2005-05-17,13.261224746704102,14.848484992980957,14.974746704101562,14.701177597045898,14.793770790100098,33311045
2005-05-18,13.419093132019043,15.025253295898438,15.185185432434082,14.772727012634277,14.873737335205078,37990577
2005-05-19,13.591997146606445,15.218854904174805,15.256733894348145,15.088383674621582,15.164140701293945,31916095
2005-05-20,13.742352485656738,15.387205123901367,15.387205123901367,15.117844581604004,15.227272987365723,35541396
2005-05-23,13.949091911315918,15.61868667602539,15.749157905578613,15.319865226745605,15.345117568969727,37624673
2005-05-24,13.866395950317383,15.526094436645508,15.58080768585205,15.340909004211426,15.58080768585205,31413809
2005-05-25,14.121999740600586,15.81229019165039,16.073232650756836,15.723905563354492,15.892255783081055,62651081
2005-05-26,14.21972942352295,15.921716690063477,16.1616153717041,15.900672912597656,16.09006690979004,53874137
2005-05-27,14.396394729614258,16.119529724121094,16.157407760620117,15.837541580200195,15.997474670410156,28552867
2005-05-31,14.283628463745117,15.993266105651855,16.287879943847656,15.938551902770996,16.199495315551758,44541684
2005-06-01,14.700858116149902,16.460437774658203,16.666667938232422,16.119529724121094,16.123737335205078,59192813
2005-06-02,14.67830753326416,16.435184478759766,17.230640411376953,16.203704833984375,16.418350219726562,36992894
2005-06-03,14.208452224731445,15.909090995788574,16.498315811157227,15.79124641418457,16.443603515625,45970373
2005-06-06,14.524192810058594,16.26262664794922,16.414140701293945,16.14057159423828,16.28367042541504,48163421
2005-06-07,14.212212562561035,15.913299560546875,16.498315811157227,15.913299560546875,16.494108200073242,48425494
2005-06-08,13.945328712463379,15.61447811126709,16.098485946655273,15.551346778869629,16.064815521240234,40074804
2005-06-09,13.986680030822754,15.660774230957031,15.803872108459473,15.42087459564209,15.57659912109375,49924750
2005-06-10,13.76866626739502,15.416666984558105,15.66919231414795,15.290404319763184,15.627103805541992,29853252
2005-06-13,13.911504745483398,15.57659912109375,15.740740776062012,15.269359588623047,15.290404319763184,28019218
2005-06-14,13.941572189331055,15.610268592834473,15.702861785888672,15.488215446472168,15.61447811126709,25627298
2005-06-15,14.035543441772461,15.71548843383789,16.018518447875977,15.467171669006348,15.900672912597656,43508124
2005-06-16,14.118237495422363,15.808080673217773,16.1531982421875,15.749157905578613,15.808080673217773,59856905
2005-06-17,14.302424430847168,16.014310836791992,16.245790481567383,15.913299560546875,16.07744026184082,47179282
2005-06-20,13.997957229614258,15.67340087890625,15.799662590026855,15.378787994384766,15.538721084594727,57660768
2005-06-21,13.870157241821289,15.530303001403809,15.749157905578613,15.42087459564209,15.589225769042969,36450454
2005-06-22,13.678452491760254,15.315656661987305,15.694443702697754,15.260943412780762,15.63552188873291,39910860
2005-06-23,12.945477485656738,14.494949340820312,15.210437774658203,14.457071304321289,15.130471229553223,83431102
2005-06-24,12.919166564941406,14.46548843383789,14.654882431030273,14.351852416992188,14.52441120147705,43235597
2005-06-27,12.641011238098145,14.154040336608887,14.52441120147705,14.065656661987305,14.36447811126709,44012549
2005-06-28,12.573351860046387,14.078283309936523,14.389731407165527,14.010943412780762,14.301346778869629,35491738
2005-06-29,12.36661434173584,13.846800804138184,14.217171669006348,13.817339897155762,14.048822402954102,39113712
2005-06-30,12.407960891723633,13.893097877502441,14.044612884521484,13.855218887329102,13.914140701293945,41121907
2005-07-01,12.359099388122559,13.838383674621582,14.090909004211426,13.838383674621582,14.053030014038086,24179839
2005-07-05,12.60718059539795,14.116162300109863,14.149831771850586,13.783670425415039,13.783670425415039,31333025
2005-07-06,12.614697456359863,14.124579429626465,14.44023609161377,14.107744216918945,14.166666984558105,43556357
2005-07-07,12.813920021057129,14.34764289855957,14.360268592834473,13.930975914001465,13.994108200073242,40184813
2005-07-08,12.968029975891113,14.520201683044434,14.52441120147705,14.229798316955566,14.444443702697754,42138122
2005-07-11,13.362710952758789,14.96212100982666,15.084175109863281,14.612794876098633,14.688551902770996,51367219
2005-07-12,13.343915939331055,14.94107723236084,15.02104377746582,14.785353660583496,14.94528579711914,32941814
2005-07-13,13.129660606384277,14.701177597045898,15.01683521270752,14.701177597045898,14.970539093017578,30314196
2005-07-14,13.17101001739502,14.747474670410156,14.932660102844238,14.688551902770996,14.877945899963379,33250694
2005-07-15,13.186044692993164,14.764309883117676,14.886363983154297,14.688551902770996,14.848484992980957,28761242
2005-07-18,13.118386268615723,14.688551902770996,14.94107723236084,14.633837699890137,14.650672912597656,27588686
2005-07-19,13.295052528381348,14.886363983154297,14.92424201965332,14.692761421203613,14.831649780273438,31515264
2005-07-20,13.107108116149902,14.675926208496094,14.911616325378418,14.574915885925293,14.701177597045898,71768268
2005-07-21,15.824761390686035,17.718854904174805,17.89562225341797,16.776094436645508,16.788721084594727,274797706
2005-07-22,15.418804168701172,17.264310836791992,17.857744216918945,17.18013572692871,17.525253295898438,74050654
2005-07-25,15.366175651550293,17.205387115478516,17.525253295898438,17.02020263671875,17.045455932617188,44359445
2005-07-26,15.193270683288574,17.01178550720215,17.255891799926758,16.771886825561523,17.188552856445312,44945366
2005-07-27,15.78341007232666,17.67255973815918,17.676767349243164,17.02861976623535,17.045455932617188,49715899
2005-07-28,15.794687271118164,17.685184478759766,18.228113174438477,17.53367042541504,17.5968017578125,42643973
2005-07-29,15.704472541809082,17.58417510986328,17.962963104248047,17.537879943847656,17.634679794311523,33246655
2005-08-01,16.39234161376953,18.35437774658203,18.497474670410156,18.01346778869629,18.06818199157715,70943083
2005-08-02,16.820852279663086,18.83417510986328,18.93097686767578,18.358585357666016,18.455387115478516,56787826
2005-08-03,16.74567413330078,18.75,18.88888931274414,18.573232650756836,18.72895622253418,35345851
2005-08-04,16.475034713745117,18.446969985961914,18.872053146362305,18.396465301513672,18.66582489013672,30930055
2005-08-05,16.290851593017578,18.240741729736328,18.79208755493164,18.240741729736328,18.484848022460938,32914490
2005-08-08,16.241989135742188,18.18602752685547,18.392255783081055,18.06818199157715,18.295455932617188,30617374
2005-08-09,16.09163475036621,18.017677307128906,18.383838653564453,17.887205123901367,18.308080673217773,28435255
2005-08-10,15.64057445526123,17.51262664794922,18.18602752685547,17.41582489013672,18.09764289855957,48822998
2005-08-11,15.629294395446777,17.5,17.75673484802246,17.260101318359375,17.45791244506836,44941327
2005-08-12,15.396247863769531,17.239057540893555,17.43686866760254,17.032827377319336,17.323232650756836,37495181
2005-08-15,15.497736930847168,17.352693557739258,17.5968017578125,17.22222137451172,17.239057540893555,28671192
2005-08-16,15.178236961364746,16.994949340820312,17.483165740966797,16.961278915405273,17.3947811126709,33810718
2005-08-17,15.212064743041992,17.032827377319336,17.154882431030273,16.872896194458008,17.02020263671875,28214050
2005-08-18,15.009086608886719,16.80555534362793,16.98653221130371,16.62457847595215,16.92340087890625,35218022
2005-08-19,15.039155006408691,16.83922576904297,16.982322692871094,16.809764862060547,16.877103805541992,20488248
2005-08-22,14.715897560119629,16.47727394104004,16.92340087890625,16.279460906982422,16.88973045349121,33456694
2005-08-23,14.651995658874512,16.405723571777344,16.58249282836914,16.287879943847656,16.515151977539062,27455630
2005-08-24,14.64448070526123,16.397306442260742,16.830808639526367,16.296295166015625,16.296295166015625,36761234
2005-08-25,14.614404678344727,16.363636016845703,16.523569107055664,16.245790481567383,16.464645385742188,23510520
2005-08-26,14.648235321044922,16.401514053344727,16.641414642333984,16.27104377746582,16.3468017578125,31594622
2005-08-29,14.836175918579102,16.611953735351562,16.632997512817383,16.245790481567383,16.275253295898438,24406747
2005-08-30,14.922630310058594,16.70875358581543,16.74242401123047,16.376262664794922,16.58249282836914,34759930
2005-08-31,15.219583511352539,17.04124641418457,17.091751098632812,16.561447143554688,16.75084114074707,47622168
2005-09-01,15.012848854064941,16.809764862060547,17.108585357666016,16.74242401123047,16.978113174438477,37642968
2005-09-02,14.918875694274902,16.704544067382812,16.973905563354492,16.679292678833008,16.91077423095703,19833422
2005-09-06,15.0993013381958,16.906566619873047,17.049663543701172,16.725589752197266,16.797138214111328,27740275
2005-09-07,15.208305358886719,17.02861976623535,17.171716690063477,16.898147583007812,16.919191360473633,26389519
2005-09-08,14.633199691772461,16.384679794311523,16.531986236572266,16.233165740966797,16.510942459106445,72980978
2005-09-09,14.516677856445312,16.254209518432617,16.464645385742188,16.1531982421875,16.42255973815918,39420929
2005-09-12,14.636957168579102,16.38888931274414,16.65403938293457,15.888047218322754,16.005891799926758,94564325
2005-09-13,14.388875007629395,16.11111068725586,16.47727394104004,16.073232650756836,16.380470275878906,48899743
2005-09-14,14.155829429626465,15.850168228149414,16.203704833984375,15.782828330993652,16.148990631103516,48730572
2005-09-15,14.152068138122559,15.845959663391113,15.972222328186035,15.707071304321289,15.845959663391113,38595506
2005-09-16,13.945328712463379,15.61447811126709,15.921716690063477,15.57239055633545,15.871212005615234,72310234
2005-09-19,13.8851900100708,15.547138214111328,15.57239055633545,15.315656661987305,15.425084114074707,45104321
2005-09-20,13.798735618591309,15.450337409973145,15.694443702697754,15.281987190246582,15.57659912109375,35400262
2005-09-21,13.851360321044922,15.509259223937988,15.643939018249512,15.256733894348145,15.340909004211426,44490125
2005-09-22,14.178380966186523,15.875420570373535,15.955387115478516,15.488215446472168,15.542928695678711,41944003
2005-09-23,14.576817512512207,16.321548461914062,16.4520206451416,16.07744026184082,16.170034408569336,46970194
2005-09-26,14.554264068603516,16.296295166015625,16.64562225341797,16.170034408569336,16.540403366088867,33168722
2005-09-27,14.700858116149902,16.460437774658203,16.56986427307129,16.212120056152344,16.351009368896484,31850518
2005-09-28,14.633199691772461,16.384679794311523,16.683502197265625,16.2584171295166,16.553030014038086,27231098
2005-09-29,15.5240478515625,17.38215446472168,17.420034408569336,16.376262664794922,16.418350219726562,66902458
2005-09-30,15.486458778381348,17.34006690979004,17.4031982421875,17.129629135131836,17.32744026184082,29412742
2005-10-03,15.711993217468262,17.592592239379883,17.72727394104004,17.218013763427734,17.31902313232422,34992302
2005-10-04,15.110576629638672,16.919191360473633,17.626262664794922,16.830808639526367,17.529460906982422,39802514
2005-10-05,15.106817245483398,16.91498374938965,17.285354614257812,16.83501625061035,16.91077423095703,41154696
2005-10-06,14.82490348815918,16.599327087402344,17.003366470336914,16.4520206451416,16.94444465637207,39788021
2005-10-07,14.997807502746582,16.79292869567871,16.99915885925293,16.64562225341797,16.712963104248047,25822368
2005-10-10,15.208305358886719,17.02861976623535,17.264310836791992,16.771886825561523,16.83501625061035,29877012
2005-10-11,15.208305358886719,17.02861976623535,17.230640411376953,16.755050659179688,17.070707321166992,32993374
2005-10-12,14.8173828125,16.59090805053711,17.091751098632812,16.56986427307129,17.058080673217773,34182324
2005-10-13,14.900080680847168,16.683502197265625,16.82659912109375,16.3383846282959,16.481481552124023,31477723
2005-10-14,14.922630310058594,16.70875358581543,16.830808639526367,16.300504684448242,16.797138214111328,29451470
2005-10-17,15.351143836975098,17.188552856445312,17.192760467529297,16.611953735351562,16.696128845214844,31698691
2005-10-18,15.193270683288574,17.01178550720215,17.449495315551758,16.969697952270508,17.24326515197754,33402046
2005-10-19,15.790925979614258,17.68097686767578,17.706228256225586,16.92340087890625,17.00757598876953,74742545
2005-10-20,14.715897560119629,16.47727394104004,17.386363983154297,16.35942840576172,17.121212005615234,101581603
2005-10-21,14.76851749420166,16.536195755004883,16.856061935424805,16.515151977539062,16.80555534362793,48823711
2005-10-24,14.8173828125,16.59090805053711,16.62457847595215,16.106901168823242,16.611953735351562,39826987
2005-10-25,14.287384986877441,15.997474670410156,16.561447143554688,15.664982795715332,16.418350219726562,74405628
2005-10-26,14.396394729614258,16.119529724121094,16.26262664794922,15.896465301513672,15.951177597045898,36925891
2005-10-27,14.223488807678223,15.925926208496094,16.35942840576172,15.896465301513672,16.010101318359375,27990230
2005-10-28,14.445256233215332,16.17424201965332,16.224746704101562,15.782828330993652,16.182659149169922,27173124
2005-10-31,14.888803482055664,16.670875549316406,16.83501625061035,16.14057159423828,16.1447811126709,50698138
2005-11-01,15.136885643005371,16.948652267456055,17.133838653564453,16.426767349243164,16.460437774658203,55716012
2005-11-02,15.441353797912598,17.289562225341797,17.352693557739258,16.82659912109375,16.830808639526367,41771506
2005-11-03,15.618013381958008,17.48737335205078,17.655723571777344,17.213804244995117,17.344276428222656,53184622
2005-11-04,15.629294395446777,17.5,17.668350219726562,17.348485946655273,17.453704833984375,28008763
2005-11-07,15.738304138183594,17.622053146362305,17.765151977539062,17.398990631103516,17.4031982421875,40572338
2005-11-08,15.899930953979492,17.803030014038086,18.24915885925293,17.44528579711914,17.51262664794922,63316123
2005-11-09,15.817239761352539,17.710437774658203,18.11026954650879,17.52104377746582,17.630470275878906,41952557
2005-11-10,16.279579162597656,18.228113174438477,18.287036895751953,17.626262664794922,17.706228256225586,35558978
2005-11-11,16.497591018676758,18.47222137451172,18.619529724121094,18.223905563354492,18.265993118286133,33740388
2005-11-14,16.362274169921875,18.320707321166992,18.49326515197754,18.211278915405273,18.413299560546875,21215779
2005-11-15,16.181848526000977,18.11868667602539,18.636363983154297,18.06397247314453,18.388046264648438,33631092
2005-11-16,15.990147590637207,17.90403938293457,18.21548843383789,17.878787994384766,18.05555534362793,39248906
2005-11-17,16.46375846862793,18.434343338012695,18.476430892944336,17.929292678833008,18.009258270263672,39653777
2005-11-18,16.790781021118164,18.800504684448242,18.8552188873291,18.425926208496094,18.518518447875977,41491613
2005-11-21,17.362123489379883,19.440235137939453,19.48653221130371,18.6531982421875,18.678451538085938,57214080
2005-11-22,17.572622299194336,19.675926208496094,19.730640411376953,19.099327087402344,19.271886825561523,43243913
2005-11-23,17.531269073486328,19.629629135131836,20.03367042541504,19.553871154785156,19.663299560546875,32767654
2005-11-25,17.557586669921875,19.65909194946289,19.84006690979004,19.524410247802734,19.696969985961914,10835035
2005-11-28,17.05389976501465,19.095117568969727,20.004209518432617,19.019359588623047,19.730640411376953,39223246
2005-11-29,16.726882934570312,18.72895622253418,19.33501625061035,18.6447811126709,19.31397247314453,37376381
2005-11-30,16.843406677246094,18.85942840576172,19.019359588623047,18.636363983154297,18.926767349243164,32657170
2005-12-01,16.89978790283203,18.92255973815918,19.34764289855957,18.75,18.939393997192383,39920839
2005-12-02,16.98624610900879,19.019359588623047,19.086700439453125,18.623737335205078,18.939393997192383,31949359
2005-12-05,16.990001678466797,19.023569107055664,19.31397247314453,18.872053146362305,19.09090805053711,32990998
2005-12-06,16.798297882080078,18.808923721313477,19.204544067382812,18.787879943847656,19.179292678833008,29878438
2005-12-07,16.662979125976562,18.657407760620117,18.93097686767578,18.350168228149414,18.8383846282959,30430382
2005-12-08,16.339723587036133,18.295455932617188,18.648990631103516,18.156566619873047,18.5479793548584,39038630
2005-12-09,16.320926666259766,18.274410247802734,18.396465301513672,18.135522842407227,18.13973045349121,22354358
2005-12-12,16.7005672454834,18.699495315551758,18.77104377746582,18.219697952270508,18.219697952270508,26977817
2005-12-13,17.050142288208008,19.09090805053711,19.141414642333984,18.61111068725586,18.636363983154297,29862518
2005-12-14,17.023826599121094,19.061447143554688,19.149831771850586,18.787879943847656,19.107744216918945,24473750
2005-12-15,17.29822540283203,19.36868667602539,19.473905563354492,19.149831771850586,19.297138214111328,29540333
2005-12-16,17.268156051635742,19.33501625061035,19.60437774658203,19.212963104248047,19.36026954650879,45272542
2005-12-19,16.771987915039062,18.779460906982422,19.566497802734375,18.7415828704834,19.440235137939453,28949897
2005-12-20,16.5915584564209,18.57744026184082,18.901514053344727,18.32491683959961,18.8383846282959,31401454
2005-12-21,16.647945404052734,18.64057159423828,18.897306442260742,18.497474670410156,18.703704833984375,23013936
2005-12-22,16.64418601989746,18.636363983154297,18.766834259033203,18.510101318359375,18.7415828704834,16663126
2005-12-23,16.768226623535156,18.775253295898438,18.829965591430664,18.64057159423828,18.64057159423828,13402066
2005-12-27,16.444965362548828,18.413299560546875,18.926767349243164,18.29124641418457,18.79208755493164,19295496
2005-12-28,16.678014755249023,18.67424201965332,18.77104377746582,18.480640411376953,18.56902313232422,19018930
2005-12-29,16.444965362548828,18.413299560546875,18.78367042541504,18.371212005615234,18.6447811126709,16240198
2005-12-30,16.245744705200195,18.190235137939453,18.560606002807617,18.190235137939453,18.421716690063477,20437402
2006-01-03,16.711843490600586,18.712120056152344,18.82575798034668,17.887205123901367,18.396465301513672,36118526
2006-01-04,16.73063850402832,18.733165740966797,18.897306442260742,18.480640411376953,18.817340850830078,30411850
2006-01-05,17.24560546875,19.309764862060547,19.356061935424805,18.821548461914062,18.821548461914062,35591530
2006-01-06,17.535030364990234,19.633838653564453,19.747474670410156,19.351852416992188,19.50757598876953,36684014
2006-01-09,17.512479782104492,19.608585357666016,19.718013763427734,19.36868667602539,19.591751098632812,24833714
2006-01-10,17.33957290649414,19.41498374938965,19.54124641418457,19.196128845214844,19.44444465637207,23295492
2006-01-11,17.05389976501465,19.095117568969727,19.31397247314453,18.994108200073242,19.29292869567871,22923648
2006-01-12,16.85468101501465,18.872053146362305,19.170875549316406,18.7415828704834,19.019359588623047,21292762
2006-01-13,17.279428482055664,19.34764289855957,19.351852416992188,18.939393997192383,18.943603515625,23435914
2006-01-17,17.068937301635742,19.111953735351562,19.42340087890625,18.964645385742188,19.271886825561523,25724952
2006-01-18,16.704330444335938,18.703704833984375,19.22138023376465,18.670034408569336,18.68686866760254,63631418
2006-01-19,17.580142974853516,19.684343338012695,20.143098831176758,19.120370864868164,19.20875358581543,110318868
2006-01-20,16.903549194335938,18.926767349243164,19.764310836791992,18.821548461914062,19.675926208496094,64087373
2006-01-23,16.426170349121094,18.392255783081055,19.053030014038086,18.287036895751953,18.960437774658203,42763961
2006-01-24,16.640430450439453,18.63215446472168,18.79208755493164,18.434343338012695,18.484848022460938,26810784
2006-01-25,16.33220672607422,18.287036895751953,18.83417510986328,18.211278915405273,18.75,28738908
2006-01-26,16.55773162841797,18.539562225341797,18.623737335205078,18.308080673217773,18.56902313232422,24650050
2006-01-27,16.565250396728516,18.5479793548584,18.787879943847656,18.400672912597656,18.446969985961914,22129114
2006-01-30,16.196882247924805,18.135522842407227,18.619529724121094,18.026094436645508,18.308080673217773,28348531
2006-01-31,16.200639724731445,18.13973045349121,18.228113174438477,17.81986427307129,18.09764289855957,33273266
2006-02-01,16.110429763793945,18.038721084594727,18.135522842407227,17.857744216918945,17.891414642333984,28340453
2006-02-02,15.629294395446777,17.5,18.03451156616211,17.453704833984375,18.030302047729492,36088589
2006-02-03,15.253413200378418,17.079124450683594,17.5,17.003366470336914,17.264310836791992,37155175
2006-02-06,15.324827194213867,17.15909194946289,17.293771743774414,17.09596061706543,17.255891799926758,23304046
2006-02-07,15.009086608886719,16.80555534362793,17.16750717163086,16.62457847595215,17.154882431030273,39617186
2006-02-08,15.219583511352539,17.04124641418457,17.091751098632812,16.649831771850586,16.843433380126953,30930530
2006-02-09,14.858733177185059,16.637205123901367,17.331649780273438,16.595117568969727,17.100168228149414,31945795
2006-02-10,14.858733177185059,16.637205123901367,16.788721084594727,16.245790481567383,16.72138023376465,36004241
2006-02-13,14.873766899108887,16.65403938293457,16.68770980834961,16.35942840576172,16.443603515625,21309394
2006-02-14,15.035396575927734,16.83501625061035,17.032827377319336,16.637205123901367,16.666667938232422,28267034
2006-02-15,15.279723167419434,17.108585357666016,17.22222137451172,16.771886825561523,16.872896194458008,27883073
2006-02-16,15.700718879699707,17.579965591430664,17.655723571777344,17.108585357666016,17.112794876098633,34208698
2006-02-17,15.52780818939209,17.386363983154297,17.592592239379883,17.331649780273438,17.546295166015625,19360836
2006-02-21,15.336105346679688,17.171716690063477,17.5,17.049663543701172,17.4031982421875,21140935
2006-02-22,15.542842864990234,17.4031982421875,17.43686866760254,17.058080673217773,17.285354614257812,19927750
2006-02-23,15.497736930847168,17.352693557739258,17.58417510986328,17.226430892944336,17.356901168823242,20950380
2006-02-24,15.595465660095215,17.462120056152344,17.46632957458496,17.112794876098633,17.302188873291016,18654689
2006-02-27,15.516530990600586,17.373737335205078,17.54208755493164,17.264310836791992,17.356901168823242,19590358
2006-02-28,15.057954788208008,16.86026954650879,17.268518447875977,16.498315811157227,17.255891799926758,48788546
2006-03-01,14.997807502746582,16.79292869567871,16.961278915405273,16.632997512817383,16.822391510009766,25215775
2006-03-02,15.118093490600586,16.927608489990234,16.990741729736328,16.632997512817383,16.74242401123047,31351320
2006-03-03,15.174478530883789,16.990741729736328,17.344276428222656,16.91498374938965,16.940235137939453,29702614
2006-03-06,14.963979721069336,16.755050659179688,17.07491683959961,16.67508316040039,16.990741729736328,18816019
2006-03-07,14.633199691772461,16.384679794311523,16.767677307128906,16.317340850830078,16.632997512817383,26355305
2006-03-08,14.407668113708496,16.13215446472168,16.35942840576172,15.555556297302246,16.317340850830078,55192579
2006-03-09,14.159586906433105,15.854376792907715,16.33417510986328,15.841751098632812,16.178451538085938,24615835
2006-03-10,14.22724723815918,15.930134773254395,16.191076278686523,15.57239055633545,15.808080673217773,24628190
2006-03-13,14.23852252960205,15.942761421203613,16.035354614257812,15.639731407165527,15.816497802734375,26257176
2006-03-14,14.776041030883789,16.544612884521484,16.5488224029541,15.862794876098633,15.904882431030273,25892698
2006-03-15,14.704619407653809,16.464645385742188,16.607744216918945,16.296295166015625,16.544612884521484,23297155
2006-03-16,14.422708511352539,16.148990631103516,16.599327087402344,16.1447811126709,16.544612884521484,31188326
2006-03-17,14.36632251739502,16.085859298706055,16.25,15.925926208496094,16.224746704101562,28195992
2006-03-20,14.433980941772461,16.1616153717041,16.380470275878906,16.102693557739258,16.14057159423828,17377589
2006-03-21,14.253557205200195,15.959595680236816,16.447811126708984,15.909090995788574,15.959595680236816,20938738
2006-03-22,14.23852252960205,15.942761421203613,16.212120056152344,15.833333015441895,15.862794876098633,25358573
2006-03-23,14.043060302734375,15.723905563354492,15.959595680236816,15.65656566619873,15.959595680236816,30764448
2006-03-24,14.02051067352295,15.698653221130371,16.07744026184082,15.622896194458008,15.951177597045898,29019751
2006-03-27,13.964122772216797,15.63552188873291,15.824915885925293,15.610268592834473,15.761784553527832,20312186
2006-03-28,14.610649108886719,16.35942840576172,16.435184478759766,15.542928695678711,15.59343433380127,54532289
2006-03-29,14.77979850769043,16.5488224029541,16.74242401123047,16.27104377746582,16.32575798034668,34997292
2006-03-30,14.76851749420166,16.536195755004883,16.683502197265625,16.308923721313477,16.561447143554688,23259139
2006-03-31,14.659512519836426,16.414140701293945,16.666667938232422,16.372053146362305,16.616161346435547,17340286
2006-04-03,14.659512519836426,16.414140701293945,16.586700439453125,16.380470275878906,16.536195755004883,19546639
2006-04-04,14.809866905212402,16.58249282836914,16.64562225341797,16.372053146362305,16.418350219726562,18589111
2006-04-05,14.482845306396484,16.21632957458496,16.620370864868164,16.1531982421875,16.5488224029541,38290428
2006-04-06,14.584336280822754,16.329965591430664,16.586700439453125,16.13215446472168,16.220539093017578,25034724
2006-04-07,14.381359100341797,16.102693557739258,16.439393997192383,16.031145095825195,16.426767349243164,26585302
2006-04-10,14.317456245422363,16.031145095825195,16.191076278686523,15.862794876098633,16.123737335205078,20593742
2006-04-11,14.403913497924805,16.127946853637695,16.245790481567383,15.993266105651855,16.115320205688477,21589524
2006-04-12,14.46029281616211,16.191076278686523,16.296295166015625,16.081649780273438,16.085859298706055,13355258
2006-04-13,14.505403518676758,16.2415828704834,16.372053146362305,16.119529724121094,16.224746704101562,17850413
2006-04-17,14.294904708862305,16.005891799926758,16.36784553527832,15.82912540435791,16.16582489013672,16845840
2006-04-18,14.614404678344727,16.363636016845703,16.405723571777344,15.946969985961914,16.07744026184082,23665198
2006-04-19,15.166956901550293,16.982322692871094,17.18013572692871,16.666667938232422,16.696128845214844,62456962
2006-04-20,13.821292877197266,15.47558879852295,16.414140701293945,15.441919326782227,15.934343338012695,112863089
2006-04-21,13.189803123474121,14.768519401550293,15.622896194458008,14.667508125305176,15.61447811126709,136207289
2006-04-24,13.129660606384277,14.701177597045898,14.776935577392578,14.612794876098633,14.638047218322754,56314526
2006-04-25,12.964266777038574,14.515993118286133,14.806397438049316,14.393939018249512,14.776935577392578,51161695
2006-04-26,12.86278247833252,14.40235710144043,14.604376792907715,14.339225769042969,14.54124641418457,54117202
2006-04-27,13.054482460021973,14.617003440856934,14.663299560546875,14.137205123901367,14.318181991577148,60799702
2006-04-28,12.934199333190918,14.482322692871094,14.789562225341797,14.46548843383789,14.617003440856934,35666374
2006-05-01,12.900373458862305,14.444443702697754,14.621212005615234,14.335017204284668,14.528619766235352,32514134
2006-05-02,13.058242797851562,14.621212005615234,14.646465301513672,14.478114128112793,14.520201683044434,25794094
2006-05-03,12.843989372253418,14.38131332397461,14.730640411376953,14.229798316955566,14.604376792907715,29482596
2006-05-04,12.821436882019043,14.356060981750488,14.625420570373535,14.280303001403809,14.339225769042969,45622289
2006-05-05,12.174915313720703,13.632155418395996,14.436026573181152,13.472222328186035,14.40235710144043,129535243
2006-05-08,11.772714614868164,13.181818008422852,13.88888931274414,13.089225769042969,13.699495315551758,125894261
2006-05-09,11.97569465637207,13.409090995788574,13.670034408569336,13.181818008422852,13.287036895751953,82334340
2006-05-10,12.250092506408691,13.716329574584961,13.775253295898438,13.468012809753418,13.476430892944336,47716495
2006-05-11,12.035835266113281,13.476430892944336,13.800504684448242,13.383837699890137,13.7457914352417,35543772
2006-05-12,11.836620330810547,13.25336742401123,13.61111068725586,13.240740776062012,13.388047218322754,38707178
2006-05-15,11.738887786865234,13.143939018249512,13.404882431030273,13.005050659179688,13.186026573181152,38000318
2006-05-16,11.381795883178711,12.744108200073242,13.31229019165039,12.710437774658203,13.164982795715332,54905558
2006-05-17,11.092363357543945,12.420034408569336,12.819865226745605,12.340066909790039,12.67676830291748,76685400
2006-05-18,11.141230583190918,12.474746704101562,12.617844581604004,12.226430892944336,12.46212100982666,50277110
2006-05-19,11.16378402709961,12.5,12.630471229553223,12.302188873291016,12.588383674621582,68363698
2006-05-22,11.190093994140625,12.529460906982422,12.563131332397461,12.150672912597656,12.302188873291016,48163658
2006-05-23,11.295344352722168,12.647306442260742,12.946127891540527,12.596800804138184,12.664140701293945,52594898
2006-05-24,11.351727485656738,12.710437774658203,12.891413688659668,12.390571594238281,12.718854904174805,52105205
2006-05-25,12.734980583190918,14.259259223937988,14.30976390838623,13.518519401550293,13.80471420288086,132070435
2006-05-26,12.855266571044922,14.393939018249512,14.566497802734375,14.166666984558105,14.478114128112793,61320758
2006-05-30,12.483138084411621,13.977272987365723,14.351852416992188,13.930975914001465,14.318181991577148,45714240
2006-05-31,12.332784652709961,13.80892276763916,14.023569107055664,13.623737335205078,13.981480598449707,48151303
2006-06-01,12.434272766113281,13.922558784484863,13.930975914001465,13.678450584411621,13.813131332397461,29785298
2006-06-02,12.265128135681152,13.73316478729248,14.061448097229004,13.489056587219238,14.048822402954102,32906412
2006-06-05,12.21626091003418,13.678450584411621,13.716329574584961,13.493266105651855,13.602693557739258,30211790
2006-06-06,11.87420654296875,13.295454978942871,13.859428405761719,13.219696998596191,13.79208755493164,49805950
2006-06-07,11.994488716125488,13.430134773254395,13.76683521270752,13.261784553527832,13.270201683044434,35796816
2006-06-08,11.735128402709961,13.139731407165527,13.501684188842773,12.744108200073242,13.392255783081055,52889047
2006-06-09,11.494563102722168,12.870369911193848,13.211278915405273,12.773569107055664,13.089225769042969,32652418
2006-06-12,11.31789493560791,12.672558784484863,13.09343433380127,12.647306442260742,12.929292678833008,25247138
2006-06-13,11.468247413635254,12.840909004211426,13.127103805541992,12.672558784484863,12.67676830291748,44181245
2006-06-14,11.52463436126709,12.904040336608887,13.07239055633545,12.744108200073242,12.857744216918945,29343125
2006-06-15,11.554703712463379,12.93770980834961,13.038721084594727,12.643097877502441,12.929292678833008,55361038
2006-06-16,11.381795883178711,12.744108200073242,12.99663257598877,12.668350219726562,12.992424011230469,33508253
2006-06-19,11.31789493560791,12.672558784484863,12.962963104248047,12.630471229553223,12.803030014038086,33327677
2006-06-20,11.340445518493652,12.697811126708984,12.836700439453125,12.596800804138184,12.655723571777344,23484384
2006-06-21,11.554703712463379,12.93770980834961,13.005050659179688,12.668350219726562,12.702019691467285,34020518
2006-06-22,11.280306816101074,12.630471229553223,12.95875358581543,12.609428405761719,12.840909004211426,26455810
2006-06-23,11.276552200317383,12.626262664794922,12.748315811157227,12.550504684448242,12.735690116882324,33363792
2006-06-26,11.17129898071289,12.508418083190918,12.668350219726562,12.45791244506836,12.617844581604004,24420290
2006-06-27,10.61875057220459,11.889731407165527,12.53787899017334,11.86868667602539,12.5,57970123
2006-06-28,10.806692123413086,12.100168228149414,12.180134773254395,11.88131332397461,11.936026573181152,28433117
2006-06-29,10.998392105102539,12.314814567565918,12.352693557739258,11.96548843383789,12.264309883117676,46391400
2006-06-30,11.009668350219727,12.327441215515137,12.47895622253418,12.201177597045898,12.436868667602539,34541813
2006-07-03,10.97584056854248,12.289562225341797,12.4074068069458,12.251684188842773,12.394781112670898,10184962
2006-07-05,10.66009521484375,11.936026573181152,12.255891799926758,11.92760944366455,12.239056587219238,30958092
2006-07-06,10.092508316040039,11.300504684448242,11.969696998596191,11.28787899017334,11.952861785888672,101202156
2006-07-07,10.006057739257812,11.203703880310059,11.489898681640625,11.182660102844238,11.2542085647583,62849714
2006-07-10,10.141374588012695,11.355218887329102,11.376262664794922,11.21212100982666,11.329965591430664,38266193
2006-07-11,10.449602127075195,11.700337409973145,11.755050659179688,11.2457914352417,11.376262664794922,57318624
2006-07-12,10.231589317321777,11.456229209899902,11.767677307128906,11.334175109863281,11.624579429626465,41127372
2006-07-13,9.991021156311035,11.186868667602539,11.485690116882324,11.182660102844238,11.363636016845703,33604006
2006-07-14,9.615140914916992,10.765993118286133,11.237374305725098,10.732322692871094,11.19107723236084,60015384
2006-07-17,9.983505249023438,11.178450584411621,11.224746704101562,10.732322692871094,10.761784553527832,46180411
2006-07-18,9.994779586791992,11.19107723236084,11.363636016845703,10.837541580200195,11.140571594238281,39025800
2006-07-19,9.746697425842285,10.913299560546875,11.26683521270752,10.77441120147705,10.955387115478516,87950966
2006-07-20,9.26932144165039,10.378787994384766,11.464646339416504,10.374579429626465,11.443602561950684,100084248
2006-07-21,9.20166301727295,10.303030014038086,10.450337409973145,10.235690116882324,10.315656661987305,50489525
2006-07-24,9.445988655090332,10.57659912109375,10.61868667602539,10.122054100036621,10.395623207092285,52569238
2006-07-25,9.26932144165039,10.378787994384766,10.77441120147705,10.311448097229004,10.744949340820312,45037318
2006-07-26,9.182868957519531,10.281987190246582,10.353534698486328,10.113636016845703,10.307238578796387,47538533
2006-07-27,8.908473014831543,9.974746704101562,10.446127891540527,9.95791244506836,10.324073791503906,46324397
2006-07-28,9.182868957519531,10.281987190246582,10.298822402954102,9.852693557739258,10.01683521270752,53134488
2006-07-31,9.047551155090332,10.130471229553223,10.265151977539062,9.95791244506836,10.193602561950684,51436361
2006-08-01,8.889680862426758,9.953703880310059,10.084175109863281,9.890571594238281,10.0042085647583,30443926
2006-08-02,8.641595840454102,9.675926208496094,10.008418083190918,9.621212005615234,9.98316478729248,59861894
2006-08-03,9.047551155090332,10.130471229553223,10.244108200073242,9.608586311340332,9.633837699890137,53625132
2006-08-04,9.096416473388672,10.185185432434082,10.639731407165527,10.113636016845703,10.332491874694824,47399537
2006-08-07,9.06634521484375,10.151515007019043,10.256733894348145,10.050504684448242,10.185185432434082,24033240
2006-08-08,9.453507423400879,10.585017204284668,10.63552188873291,10.147306442260742,10.172558784484863,59793228
2006-08-09,9.243011474609375,10.349327087402344,10.782828330993652,10.315656661987305,10.732322692871094,43582730
2006-08-10,9.336980819702148,10.454545021057129,10.500842094421387,10.286194801330566,10.311448097229004,21318422
2006-08-11,9.096416473388672,10.185185432434082,10.521885871887207,10.109428405761719,10.500842094421387,36236376
2006-08-14,9.096416473388672,10.185185432434082,10.450337409973145,10.185185432434082,10.345117568969727,30082298
2006-08-15,9.370810508728027,10.492424011230469,10.509259223937988,10.0042085647583,10.349327087402344,53705441
2006-08-16,9.705351829528809,10.867003440856934,10.909090995788574,10.521885871887207,10.555556297302246,50207018
2006-08-17,10.400738716125488,11.645623207092285,11.683502197265625,10.833333015441895,10.913299560546875,86749423
2006-08-18,10.242865562438965,11.468854904174805,11.675084114074707,11.329965591430664,11.649831771850586,44204767
2006-08-21,10.051162719726562,11.2542085647583,11.447811126708984,11.19528579711914,11.401515007019043,33351437
2006-08-22,10.306766510009766,11.540404319763184,11.742424011230469,11.2542085647583,11.300504684448242,49277290
2006-08-23,10.148893356323242,11.363636016845703,11.68770980834961,11.258418083190918,11.553030014038086,28714910
2006-08-24,9.690314292907715,10.850168228149414,11.17424201965332,10.782828330993652,11.106902122497559,49580942
2006-08-25,9.5098876953125,10.648147583007812,10.854376792907715,10.627103805541992,10.795454978942871,34050931
2006-08-28,9.694076538085938,10.854376792907715,11.005891799926758,10.79124641418457,10.934343338012695,42458170
2006-08-29,10.21279525756836,11.435185432434082,11.544612884521484,10.795454978942871,10.938551902770996,63492660
2006-08-30,10.693925857543945,11.973905563354492,12.007575988769531,11.367844581604004,11.510943412780762,68154372
2006-08-31,10.457121849060059,11.70875358581543,12.020201683044434,11.363636016845703,12.00336742401123,71819114
2006-09-01,10.58116340637207,11.84764289855957,11.898147583007812,11.691919326782227,11.72558879852295,41186534
2006-09-05,10.780378341674805,12.070707321166992,12.196969985961914,11.742424011230469,11.750842094421387,46715249
2006-09-06,10.603714942932129,11.872896194458008,12.112794876098633,11.80976390838623,11.978114128112793,42254784
2006-09-07,10.348111152648926,11.586700439453125,11.84764289855957,11.569865226745605,11.788721084594727,50499742
2006-09-08,10.71647834777832,11.999157905578613,12.06229019165039,11.624579429626465,11.662458419799805,48219257
2006-09-11,10.554850578308105,11.818181991577148,11.931818008422852,11.68770980834961,11.813973426818848,34573651
2006-09-12,10.693925857543945,11.973905563354492,12.070707321166992,11.721380233764648,11.801346778869629,35917042
2006-09-13,10.524778366088867,11.78451156616211,12.037036895751953,11.704545021057129,11.982322692871094,38367173
2006-09-14,10.543572425842285,11.805556297302246,11.990740776062012,11.616162300109863,11.801346778869629,27031990
2006-09-15,10.468395233154297,11.721380233764648,11.952861785888672,11.590909004211426,11.914982795715332,68358470
2006-09-18,10.088750839233398,11.296296119689941,11.771885871887207,11.153199195861816,11.696127891540527,41532718
2006-09-19,9.754213333129883,10.921716690063477,11.405723571777344,10.732322692871094,11.363636016845703,65668838
2006-09-20,9.82563304901123,11.001684188842773,11.043770790100098,10.765993118286133,11.026935577392578,43935091
2006-09-21,9.803079605102539,10.976430892944336,11.17424201965332,10.925926208496094,11.043770790100098,36332366
2006-09-22,9.814355850219727,10.989056587219238,11.144781112670898,10.909090995788574,10.976430892944336,32052478
2006-09-25,9.85570240020752,11.035353660583496,11.069024085998535,10.858586311340332,11.035353660583496,32473980
2006-09-26,10.400738716125488,11.645623207092285,11.658248901367188,11.32575798034668,11.376262664794922,53097185
2006-09-27,10.193999290466309,11.414140701293945,11.645623207092285,11.21212100982666,11.624579429626465,35341812
2006-09-28,10.67889404296875,11.957071304321289,11.957071304321289,11.372054100036621,11.473064422607422,52145597
2006-09-29,10.66009521484375,11.936026573181152,12.104376792907715,11.771885871887207,11.931818008422852,45860364
2006-10-02,10.3255615234375,11.561448097229004,11.969696998596191,11.527777671813965,11.952861785888672,30126017
2006-10-03,10.592436790466309,11.860268592834473,11.96548843383789,11.363636016845703,11.582491874694824,34474334
2006-10-04,11.238961219787598,12.584175109863281,12.605218887329102,11.931818008422852,11.961278915405273,72995947
2006-10-05,11.449456214904785,12.819865226745605,12.866162300109863,12.55892276763916,12.626262664794922,48864816
2006-10-06,11.047260284423828,12.369528770446777,12.727272987365723,12.36111068725586,12.689393997192383,40693039
2006-10-09,11.084846496582031,12.411616325378418,12.609428405761719,12.352693557739258,12.420034408569336,24408173
2006-10-10,11.11867904663086,12.449495315551758,12.4957914352417,12.243266105651855,12.4957914352417,28401041
2006-10-11,10.938254356384277,12.247474670410156,12.46212100982666,12.087541580200195,12.45791244506836,20997187
2006-10-12,11.156266212463379,12.491581916809082,12.52104377746582,12.184343338012695,12.302188873291016,23314738
2006-10-13,11.182574272155762,12.52104377746582,12.651515007019043,12.365320205688477,12.51683521270752,23932260
2006-10-16,10.957046508789062,12.268519401550293,12.546296119689941,12.247474670410156,12.5042085647583,32088355
2006-10-17,10.81796932220459,12.112794876098633,12.255891799926758,11.994949340820312,12.180134773254395,44305272
2006-10-18,10.708962440490723,11.990740776062012,12.352693557739258,11.910774230957031,12.255891799926758,58845679
2006-10-19,11.460734367370605,12.832491874694824,12.899831771850586,12.218012809753418,12.260101318359375,83705530
2006-10-20,11.460734367370605,12.832491874694824,13.021885871887207,12.634679794311523,12.874579429626465,37227881
2006-10-23,11.930587768554688,13.358586311340332,13.446969985961914,12.693602561950684,12.706229209899902,55313280
2006-10-24,11.76144027709961,13.16919231414795,13.636363983154297,13.11447811126709,13.362794876098633,43151724
2006-10-25,12.058389663696289,13.501684188842773,13.547980308532715,13.186026573181152,13.19023609161377,35831030
2006-10-26,12.32150936126709,13.796296119689941,13.909933090209961,13.463805198669434,13.510101318359375,36911398
2006-10-27,12.054631233215332,13.497474670410156,14.044612884521484,13.400672912597656,13.7542085647583,33863465
2006-10-30,12.11853313446045,13.569024085998535,13.884679794311523,13.480640411376953,13.522727012634277,33834240
2006-10-31,12.077184677124023,13.522727012634277,13.640571594238281,13.282828330993652,13.615320205688477,27190231
2006-11-01,11.814064979553223,13.228114128112793,13.72895622253418,13.139731407165527,13.547980308532715,29757024
2006-11-02,12.231297492980957,13.69528579711914,13.724746704101562,13.122896194458008,13.160774230957031,37427465
2006-11-03,12.174915313720703,13.632155418395996,13.817339897155762,13.484848022460938,13.817339897155762,24529111
2006-11-06,12.310233116149902,13.783670425415039,14.036194801330566,13.703703880310059,13.72895622253418,29083428
2006-11-07,12.23505687713623,13.699495315551758,14.019359588623047,13.653199195861816,13.77104377746582,39387902
2006-11-08,12.336546897888184,13.813131332397461,14.006733894348145,13.425926208496094,13.547980308532715,34926250
2006-11-09,12.141084671020508,13.594276428222656,13.994108200073242,13.556397438049316,13.935185432434082,32026817
2006-11-10,12.332784652709961,13.80892276763916,13.930975914001465,13.615320205688477,13.6574068069458,31642142
2006-11-13,12.291435241699219,13.762625694274902,14.099327087402344,13.70791244506836,13.859428405761719,35484372
2006-11-14,12.41547966003418,13.901515007019043,13.968854904174805,13.77104377746582,13.821549415588379,39077834
2006-11-15,12.750019073486328,14.276094436645508,14.305556297302246,13.909933090209961,13.922558784484863,45043020
2006-11-16,12.520727157592773,14.019359588623047,14.276094436645508,13.998315811157227,14.263467788696289,43068089
2006-11-17,12.68235969543457,14.200337409973145,14.28451156616211,13.973064422607422,14.28451156616211,37652472
2006-11-20,12.460585594177246,13.952019691467285,14.259259223937988,13.909933090209961,14.234006881713867,27202824
2006-11-21,12.648528099060059,14.162458419799805,14.22558879852295,13.998315811157227,14.074073791503906,29618978
2006-11-22,12.731224060058594,14.255050659179688,14.288721084594727,14.099327087402344,14.221380233764648,20246134
2006-11-24,12.550799369812012,14.053030014038086,14.276094436645508,14.031987190246582,14.048822402954102,15977887
2006-11-27,12.080942153930664,13.526935577392578,14.111952781677246,13.493266105651855,14.031987190246582,35188322
2006-11-28,12.035835266113281,13.476430892944336,13.543770790100098,13.341751098632812,13.446969985961914,36568541
2006-11-29,12.148602485656738,13.602693557739258,13.6489896774292,13.320707321166992,13.636363983154297,26897983
2006-11-30,12.15611743927002,13.61111068725586,13.80471420288086,13.468012809753418,13.518519401550293,30077309
2006-12-01,11.840375900268555,13.257575988769531,13.813131332397461,13.143939018249512,13.813131332397461,37288469
2006-12-04,12.054631233215332,13.497474670410156,13.665824890136719,13.316497802734375,13.337541580200195,29780309
2006-12-05,12.238815307617188,13.703703880310059,13.720539093017578,13.468012809753418,13.552188873291016,28019930
2006-12-06,12.088460922241211,13.535353660583496,13.57323169708252,13.375420570373535,13.57323169708252,23779721
2006-12-07,11.765198707580566,13.17340087890625,13.590066909790039,13.15235710144043,13.569024085998535,28258006
2006-12-08,11.93810749053955,13.367003440856934,13.594276428222656,13.15656566619873,13.362794876098633,41887217
2006-12-11,11.990729331970215,13.425926208496094,13.61111068725586,13.333333015441895,13.442761421203613,27524534
2006-12-12,11.945626258850098,13.375420570373535,13.446969985961914,13.261784553527832,13.442761421203613,28411495
2006-12-13,12.265128135681152,13.73316478729248,13.817339897155762,13.404882431030273,13.552188873291016,58936205
2006-12-14,12.253849029541016,13.720539093017578,13.88888931274414,13.57323169708252,13.741581916809082,39036017
2006-12-15,12.37413215637207,13.855218887329102,13.981480598449707,13.762625694274902,13.876262664794922,51178565
2006-12-18,12.186188697814941,13.644781112670898,13.947811126708984,13.501684188842773,13.947811126708984,34564860
2006-12-19,12.077184677124023,13.522727012634277,13.6574068069458,13.417508125305176,13.543770790100098,42528974
2006-12-20,11.900517463684082,13.324915885925293,13.6574068069458,13.316497802734375,13.446969985961914,31330174
2006-12-21,11.607328414916992,12.99663257598877,13.489056587219238,12.92087459564209,13.489056587219238,45137347
2006-12-22,11.35924243927002,12.718854904174805,13.106060981750488,12.714646339416504,13.106060981750488,33340982
2006-12-26,11.396834373474121,12.760943412780762,12.891413688659668,12.668350219726562,12.710437774658203,19455638
2006-12-27,11.487044334411621,12.861952781677246,12.933502197265625,12.723064422607422,12.811448097229004,30869467
2006-12-28,11.393072128295898,12.756733894348145,12.840909004211426,12.697811126708984,12.794612884521484,19282666
2006-12-29,11.302857398986816,12.655723571777344,12.744108200073242,12.634679794311523,12.697811126708984,28716811
2007-01-03,11.340445518493652,12.697811126708984,13.038721084594727,12.46212100982666,12.777777671813965,45536990
2007-01-04,11.87420654296875,13.295454978942871,13.358586311340332,12.819865226745605,12.828283309936523,44570196
2007-01-05,11.56973934173584,12.954545021057129,13.257575988769531,12.857744216918945,13.110268592834473,40998593
2007-01-08,11.16378402709961,12.5,13.055556297302246,12.314814567565918,12.824073791503906,65810686
2007-01-09,11.182574272155762,12.52104377746582,12.605218887329102,12.377945899963379,12.54208755493164,38138364
2007-01-10,11.013429641723633,12.331649780273438,12.512625694274902,12.281145095825195,12.415824890136719,55949810
2007-01-11,11.36300277709961,12.723064422607422,12.840909004211426,12.46212100982666,12.4957914352417,53479958
2007-01-12,11.276552200317383,12.626262664794922,12.807238578796387,12.596800804138184,12.723064422607422,39613385
2007-01-16,11.291585922241211,12.643097877502441,12.702019691467285,12.6010103225708,12.664140701293945,30471487
2007-01-17,11.257755279541016,12.605218887329102,12.828283309936523,12.596800804138184,12.617844581604004,43604352
2007-01-18,11.092363357543945,12.420034408569336,12.781987190246582,12.373737335205078,12.6010103225708,43153387
2007-01-19,11.148748397827148,12.48316478729248,12.622054100036621,12.352693557739258,12.365320205688477,59332759
2007-01-22,11.020946502685547,12.340066909790039,12.634679794311523,12.234848022460938,12.584175109863281,46486440
2007-01-23,10.757830619812012,12.045454978942871,12.390571594238281,12.037036895751953,12.302188873291016,48467549
2007-01-24,11.276552200317383,12.626262664794922,12.689393997192383,12.07912540435791,12.138047218322754,126184608
2007-01-25,12.197467803955078,13.6574068069458,14.22558879852295,13.468012809753418,14.141413688659668,224064403
2007-01-26,11.896759986877441,13.320707321166992,13.682660102844238,13.278619766235352,13.623737335205078,74767968
2007-01-29,12.028318405151367,13.468012809753418,13.57323169708252,13.21548843383789,13.257575988769531,70594524
2007-01-30,12.06214714050293,13.505891799926758,13.6574068069458,13.425926208496094,13.451177597045898,40133016
2007-01-31,12.174915313720703,13.632155418395996,13.758418083190918,13.295454978942871,13.501684188842773,52341617
2007-02-01,12.084701538085938,13.531145095825195,13.82575798034668,13.522727012634277,13.678450584411621,45939722
2007-02-02,12.178672790527344,13.636363983154297,13.758418083190918,13.484848022460938,13.552188873291016,40150361
2007-02-05,12.122288703918457,13.57323169708252,13.779460906982422,13.531145095825195,13.594276428222656,27701071
2007-02-06,12.347822189331055,13.82575798034668,13.88888931274414,13.543770790100098,13.636363983154297,42209640
2007-02-07,12.543282508850098,14.044612884521484,14.111952781677246,13.678450584411621,13.678450584411621,51752369
2007-02-08,12.62221908569336,14.132996559143066,14.179292678833008,13.859428405761719,14.057238578796387,36361829
2007-02-09,12.595903396606445,14.103534698486328,14.221380233764648,13.956229209899902,14.183502197265625,41848726
2007-02-12,12.329026222229004,13.80471420288086,14.048822402954102,13.76683521270752,13.994108200073242,24565226
2007-02-13,12.359099388122559,13.838383674621582,13.973064422607422,13.7542085647583,13.867844581604004,28618682
2007-02-14,12.580867767333984,14.086700439453125,14.145623207092285,13.838383674621582,13.867844581604004,28126850
2007-02-15,12.652287483215332,14.166666984558105,14.196127891540527,14.040404319763184,14.162458419799805,22803185
2007-02-16,12.637250900268555,14.149831771850586,14.217171669006348,14.111952781677246,14.18770980834961,24974136
2007-02-20,12.56959056854248,14.074073791503906,14.335017204284668,13.88888931274414,14.095117568969727,33912648
2007-02-21,12.592146873474121,14.099327087402344,14.22558879852295,13.943602561950684,13.998315811157227,32226638
2007-02-22,12.66356372833252,14.179292678833008,14.40656566619873,14.061448097229004,14.162458419799805,34830022
2007-02-23,12.776328086853027,14.305556297302246,14.335017204284668,14.099327087402344,14.141413688659668,32388682
2007-02-26,12.562074661254883,14.065656661987305,14.457071304321289,13.918350219726562,14.42760944366455,27678499
2007-02-27,12.028318405151367,13.468012809753418,13.989898681640625,13.468012809753418,13.863636016845703,53287502
2007-02-28,12.050870895385742,13.493266105651855,13.838383674621582,12.99663257598877,13.497474670410156,56757175
2007-03-01,12.002006530761719,13.438551902770996,13.6574068069458,12.941919326782227,13.211278915405273,52677583
2007-03-02,11.588533401489258,12.97558879852295,13.497474670410156,12.967171669006348,13.236532211303711,42530875
2007-03-05,11.411867141723633,12.777777671813965,13.055556297302246,12.748315811157227,12.811448097229004,35496014
2007-03-06,11.780231475830078,13.19023609161377,13.232322692871094,12.899831771850586,12.933502197265625,36186718
2007-03-07,11.663708686828613,13.05976390838623,13.257575988769531,13.005050659179688,13.17340087890625,29513959
2007-03-08,11.659952163696289,13.055556297302246,13.320707321166992,13.000842094421387,13.228114128112793,31842439
2007-03-09,11.584773063659668,12.971380233764648,13.198653221130371,12.92087459564209,13.143939018249512,28316930
2007-03-12,11.652430534362793,13.047138214111328,13.127103805541992,12.95875358581543,12.971380233764648,21786257
2007-03-13,11.430663108825684,12.798822402954102,13.085017204284668,12.781987190246582,12.99663257598877,34636140
2007-03-14,11.705059051513672,13.106060981750488,13.106060981750488,12.731480598449707,12.781987190246582,39843619
2007-03-15,11.930587768554688,13.358586311340332,13.505891799926758,13.282828330993652,13.333333015441895,50289941
2007-03-16,11.930587768554688,13.358586311340332,13.480640411376953,13.244949340820312,13.333333015441895,36576619
2007-03-19,11.919313430786133,13.345959663391113,13.670034408569336,13.257575988769531,13.489056587219238,27124654
2007-03-20,11.840375900268555,13.257575988769531,13.400672912597656,13.110268592834473,13.383837699890137,31953636
2007-03-21,12.088460922241211,13.535353660583496,13.535353660583496,13.110268592834473,13.299662590026855,45520121
2007-03-22,12.163636207580566,13.619528770446777,13.741581916809082,13.446969985961914,13.505891799926758,26137188
2007-03-23,11.96441650390625,13.396465301513672,13.703703880310059,13.333333015441895,13.682660102844238,26144554
2007-03-26,12.486899375915527,13.981480598449707,14.015151977539062,13.404882431030273,13.476430892944336,51664457
2007-03-27,12.528244972229004,14.027777671813965,14.103534698486328,13.867844581604004,13.952019691467285,33344309
2007-03-28,12.445552825927734,13.935185432434082,14.17087459564209,13.905723571777344,13.909933090209961,34754465
2007-03-29,12.419236183166504,13.905723571777344,14.078283309936523,13.720539093017578,14.048822402954102,27040068
2007-03-30,12.460585594177246,13.952019691467285,14.082491874694824,13.8425931930542,13.918350219726562,25592609
2007-04-02,12.404203414916992,13.88888931274414,14.086700439453125,13.79208755493164,13.956229209899902,21960655
2007-04-03,12.704909324645996,14.22558879852295,14.42340087890625,13.994108200073242,14.036194801330566,38016238
2007-04-04,12.674840927124023,14.191919326782227,14.34764289855957,14.154040336608887,14.292928695678711,27284083
2007-04-05,12.6710786819458,14.18770980834961,14.410774230957031,14.124579429626465,14.393939018249512,28696140
2007-04-09,12.68235969543457,14.200337409973145,14.271885871887207,14.141413688659668,14.204545021057129,37123812
2007-04-10,12.776328086853027,14.305556297302246,14.34343433380127,14.162458419799805,14.175084114074707,20444054
2007-04-11,12.63349437713623,14.145623207092285,14.335017204284668,14.078283309936523,14.301346778869629,25562671
2007-04-12,12.798885345458984,14.33080768585205,14.339225769042969,14.128787994384766,14.179292678833008,27878558
2007-04-13,13.073281288146973,14.638047218322754,14.675926208496094,14.372896194458008,14.38131332397461,42291612
2007-04-16,13.193562507629395,14.772727012634277,14.903199195861816,14.587541580200195,14.730640411376953,37353809
2007-04-17,13.231151580810547,14.814814567565918,14.877945899963379,14.680134773254395,14.835859298706055,25848742
2007-04-18,12.949237823486328,14.499157905578613,14.730640411376953,14.40656566619873,14.726430892944336,84319963
2007-04-19,12.475621223449707,13.968854904174805,14.734848022460938,13.867844581604004,14.667508125305176,124999934
2007-04-20,12.599665641784668,14.107744216918945,14.204545021057129,13.989898681640625,14.204545021057129,57981053
2007-04-23,12.599665641784668,14.107744216918945,14.280303001403809,14.019359588623047,14.048822402954102,34936942
2007-04-24,12.689875602722168,14.20875358581543,14.24663257598877,13.939393997192383,14.031987190246582,32010185
2007-04-25,12.693632125854492,14.212963104248047,14.372896194458008,14.158248901367188,14.318181991577148,37671718
2007-04-26,12.86278247833252,14.40235710144043,14.490740776062012,14.204545021057129,14.24663257598877,27817970
2007-04-27,12.843989372253418,14.38131332397461,14.553872108459473,14.242424011230469,14.263467788696289,31399078
2007-04-30,12.75753402709961,14.28451156616211,14.511784553527832,14.255050659179688,14.494949340820312,32223550
2007-05-01,12.577109336853027,14.082491874694824,14.34343433380127,13.880471229553223,14.34343433380127,35246534
2007-05-02,12.674840927124023,14.191919326782227,14.263467788696289,14.086700439453125,14.17087459564209,19900426
2007-05-03,13.013136863708496,14.570707321166992,14.625420570373535,14.158248901367188,14.234006881713867,42346973
2007-05-04,12.83647346496582,14.372896194458008,14.894781112670898,14.32659912109375,14.739056587219238,42394255
2007-05-07,12.772570610046387,14.301346778869629,14.574915885925293,14.271885871887207,14.377103805541992,23948654
2007-05-08,12.907891273498535,14.452861785888672,14.515993118286133,14.238215446472168,14.238215446472168,27254383
2007-05-09,13.152215957641602,14.726430892944336,14.760101318359375,14.40235710144043,14.448653221130371,28827533
2007-05-10,12.72746467590332,14.250842094421387,14.680134773254395,14.221380233764648,14.621212005615234,27383162
2007-05-11,12.855266571044922,14.393939018249512,14.46548843383789,14.229798316955566,14.32239055633545,20612988
2007-05-14,12.750019073486328,14.276094436645508,14.621212005615234,14.103534698486328,14.56229019165039,31182624
2007-05-15,12.592146873474121,14.099327087402344,14.46548843383789,14.074073791503906,14.339225769042969,27926078
2007-05-16,12.498174667358398,13.994108200073242,14.212963104248047,13.720539093017578,14.141413688659668,43500046
2007-05-17,12.396685600280762,13.880471229553223,14.095117568969727,13.8425931930542,14.010943412780762,23458248
2007-05-18,12.291435241699219,13.762625694274902,14.027777671813965,13.716329574584961,13.930975914001465,41476406
2007-05-21,12.27640438079834,13.7457914352417,13.947811126708984,13.699495315551758,13.762625694274902,27816307
2007-05-22,12.426755905151367,13.914140701293945,13.947811126708984,13.69528579711914,13.758418083190918,25198193
2007-05-23,12.359099388122559,13.838383674621582,14.141413688659668,13.813131332397461,13.943602561950684,30715265
2007-05-24,12.295199394226074,13.76683521270752,14.128787994384766,13.69528579711914,13.863636016845703,39142462
2007-05-25,12.272643089294434,13.741581916809082,13.884679794311523,13.720539093017578,13.817339897155762,18252432
2007-05-29,12.1824312210083,13.640571594238281,13.779460906982422,13.510101318359375,13.531145095825195,26890618
2007-05-30,12.486899375915527,13.981480598449707,13.985690116882324,13.497474670410156,13.552188873291016,39917513
2007-05-31,12.238815307617188,13.703703880310059,14.069865226745605,13.644781112670898,14.048822402954102,35894707
2007-06-01,12.129806518554688,13.581649780273438,13.77104377746582,13.57323169708252,13.7542085647583,24012094
2007-06-04,12.231297492980957,13.69528579711914,13.724746704101562,13.501684188842773,13.518519401550293,26502854
2007-06-05,11.911795616149902,13.337541580200195,13.69528579711914,13.303872108459473,13.644781112670898,45259474
2007-06-06,11.71633243560791,13.11868667602539,13.333333015441895,13.055556297302246,13.299662590026855,39990218
2007-06-07,11.505837440490723,12.882996559143066,13.25336742401123,12.870369911193848,13.047138214111328,39715553
2007-06-08,11.810303688049316,13.223905563354492,13.282828330993652,12.798822402954102,12.803030014038086,36759334
2007-06-11,11.836620330810547,13.25336742401123,13.324915885925293,13.13552188873291,13.236532211303711,22504522
2007-06-12,11.637398719787598,13.030303001403809,13.270201683044434,13.005050659179688,13.143939018249512,36540742
2007-06-13,11.832858085632324,13.249157905578613,13.287036895751953,12.97558879852295,13.047138214111328,43690601
2007-06-14,11.881725311279297,13.303872108459473,13.459595680236816,13.25336742401123,13.308080673217773,31202820
2007-06-15,12.043352127075195,13.484848022460938,13.547980308532715,13.388047218322754,13.459595680236816,38456273
2007-06-18,11.892999649047852,13.316497802734375,13.569024085998535,13.211278915405273,13.522727012634277,27867391
2007-06-19,11.791511535644531,13.202861785888672,13.362794876098633,13.11868667602539,13.299662590026855,31400503
2007-06-20,11.69753646850586,13.09764289855957,13.320707321166992,13.089225769042969,13.257575988769531,27676598
2007-06-21,11.701299667358398,13.101852416992188,13.211278915405273,13.009259223937988,13.063973426818848,39348461
2007-06-22,11.93810749053955,13.367003440856934,13.6489896774292,13.32912540435791,13.341751098632812,68456124
2007-06-25,12.009526252746582,13.446969985961914,13.57323169708252,13.337541580200195,13.400672912597656,31470833
2007-06-26,11.892999649047852,13.316497802734375,13.526935577392578,13.207071304321289,13.468012809753418,28386310
2007-06-27,12.058389663696289,13.501684188842773,13.531145095825195,13.211278915405273,13.223905563354492,24248030
2007-06-28,12.013282775878906,13.451177597045898,13.61111068725586,13.438551902770996,13.531145095825195,28998367
2007-06-29,12.095975875854492,13.543770790100098,13.615320205688477,13.392255783081055,13.472222328186035,24625814
2007-07-02,12.152359962463379,13.606902122497559,13.7542085647583,13.552188873291016,13.581649780273438,21424392
2007-07-03,12.084701538085938,13.531145095825195,13.699495315551758,13.489056587219238,13.653199195861816,12588998
2007-07-05,12.129806518554688,13.581649780273438,13.594276428222656,13.413299560546875,13.594276428222656,16181986
2007-07-06,12.550799369812012,14.053030014038086,14.280303001403809,13.543770790100098,13.594276428222656,39727195
2007-07-09,12.63349437713623,14.145623207092285,14.196127891540527,13.973064422607422,14.069865226745605,33957554
2007-07-10,12.370373725891113,13.8510103225708,14.120369911193848,13.838383674621582,14.061448097229004,23362258
2007-07-11,12.625975608825684,14.137205123901367,14.145623207092285,13.737374305725098,13.800504684448242,35484610
2007-07-12,12.866540908813477,14.40656566619873,14.41919231414795,14.036194801330566,14.179292678833008,44701826
2007-07-13,12.761293411254883,14.288721084594727,14.414982795715332,14.099327087402344,14.414982795715332,34219627
2007-07-16,12.926684379577637,14.473905563354492,14.56229019165039,14.149831771850586,14.238215446472168,36494647
2007-07-17,12.874056816101074,14.414982795715332,14.511784553527832,14.398147583007812,14.499157905578613,24115687
2007-07-18,12.798885345458984,14.33080768585205,14.507575988769531,14.24663257598877,14.414982795715332,69603494
2007-07-19,12.592146873474121,14.099327087402344,14.183502197265625,13.783670425415039,14.162458419799805,89015890
2007-07-20,12.603421211242676,14.111952781677246,14.179292678833008,13.989898681640625,14.065656661987305,61522481
2007-07-23,12.43803596496582,13.92676830291748,14.162458419799805,13.863636016845703,14.065656661987305,41384218
2007-07-24,12.426755905151367,13.914140701293945,14.17087459564209,13.783670425415039,13.783670425415039,59751410
2007-07-25,12.614697456359863,14.124579429626465,14.263467788696289,13.981480598449707,13.994108200073242,43293096
2007-07-26,12.41547966003418,13.901515007019043,14.048822402954102,13.6574068069458,13.88888931274414,76324248
2007-07-27,12.242573738098145,13.70791244506836,14.082491874694824,13.699495315551758,13.909933090209961,38153333
2007-07-30,12.257607460021973,13.724746704101562,13.813131332397461,13.480640411376953,13.678450584411621,29107901
2007-07-31,12.178672790527344,13.636363983154297,13.998315811157227,13.636363983154297,13.80892276763916,40073854
2007-08-01,12.32150936126709,13.796296119689941,13.829965591430664,13.489056587219238,13.556397438049316,39104921
2007-08-02,12.419236183166504,13.905723571777344,13.981480598449707,13.682660102844238,13.7457914352417,27011318
2007-08-03,12.52448844909668,14.023569107055664,14.259259223937988,13.909933090209961,14.044612884521484,43464881
2007-08-06,13.013136863708496,14.570707321166992,14.625420570373535,14.149831771850586,14.158248901367188,54372146
2007-08-07,13.490510940551758,15.105218887329102,15.273569107055664,14.436026573181152,14.469696998596191,76809902
2007-08-08,13.798735618591309,15.450337409973145,15.542928695678711,14.9957914352417,15.088383674621582,54386878
2007-08-09,13.753632545471191,15.399831771850586,15.757575988769531,14.82323169708252,14.840066909790039,52195255
2007-08-10,13.531859397888184,15.151515007019043,15.361952781677246,14.646465301513672,15.130471229553223,50531580
2007-08-13,13.35519027709961,14.953703880310059,15.235690116882324,14.789562225341797,15.235690116882324,32487048
2007-08-14,13.107108116149902,14.675926208496094,15.235690116882324,14.545454978942871,14.751684188842773,42733548
2007-08-15,12.979307174682617,14.532828330993652,14.848484992980957,14.520201683044434,14.583333015441895,33923578
2007-08-16,12.644768714904785,14.158248901367188,14.50336742401123,14.074073791503906,14.154040336608887,47530930
2007-08-17,12.832712173461914,14.36868667602539,14.457071304321289,14.141413688659668,14.267677307128906,44350654
2007-08-20,12.697394371032715,14.217171669006348,14.490740776062012,14.128787994384766,14.393939018249512,33180840
2007-08-21,12.930442810058594,14.478114128112793,14.587541580200195,14.292928695678711,14.335017204284668,30514018
2007-08-22,12.949237823486328,14.499157905578613,14.621212005615234,14.339225769042969,14.612794876098633,29998901
2007-08-23,12.855266571044922,14.393939018249512,14.57912540435791,14.267677307128906,14.499157905578613,26511408
2007-08-24,12.810160636901855,14.34343433380127,14.436026573181152,14.288721084594727,14.414982795715332,19397189
2007-08-27,12.60718059539795,14.116162300109863,14.356060981750488,14.095117568969727,14.158248901367188,23646190
2007-08-28,12.370373725891113,13.8510103225708,14.183502197265625,13.8510103225708,14.048822402954102,32947279
2007-08-29,12.573351860046387,14.078283309936523,14.090909004211426,13.79208755493164,13.947811126708984,32622718
2007-08-30,12.629735946655273,14.141413688659668,14.318181991577148,13.968854904174805,14.031987190246582,21391841
2007-08-31,12.817679405212402,14.351852416992188,14.40235710144043,14.175084114074707,14.30976390838623,22929826
2007-09-04,13.001859664916992,14.558080673217773,14.730640411376953,14.30976390838623,14.33080768585205,25563622
2007-09-05,13.242425918579102,14.827441215515137,14.911616325378418,14.42340087890625,14.42340087890625,33315559
2007-09-06,13.434126853942871,15.04208755493164,15.109428405761719,14.617003440856934,14.869528770446777,37469282
2007-09-07,13.249946594238281,14.835859298706055,14.936868667602539,14.688551902770996,14.869528770446777,33604006
2007-09-10,13.152215957641602,14.726430892944336,14.86111068725586,14.46548843383789,14.819024085998535,30187555
2007-09-11,13.648384094238281,15.281987190246582,15.328283309936523,14.764309883117676,14.781145095825195,37265422
2007-09-12,13.821292877197266,15.47558879852295,15.58080768585205,15.193602561950684,15.307238578796387,29724948
2007-09-13,14.152068138122559,15.845959663391113,15.934343338012695,15.366162300109863,15.61868667602539,42478366
2007-09-14,14.212212562561035,15.913299560546875,16.115320205688477,15.627103805541992,15.67760944366455,36709438
2007-09-17,14.024267196655273,15.702861785888672,15.837541580200195,15.509259223937988,15.782828330993652,21570516
2007-09-18,14.309938430786133,16.02272605895996,16.031145095825195,15.59764289855957,15.782828330993652,30060202
2007-09-19,14.512917518615723,16.25,16.32575798034668,16.018518447875977,16.035354614257812,32064358
2007-09-20,14.336251258850098,16.052188873291016,16.40993309020996,16.0479793548584,16.22895622253418,26514972
2007-09-21,14.659512519836426,16.414140701293945,16.58249282836914,16.052188873291016,16.33417510986328,47899210
2007-09-24,14.501641273498535,16.23737335205078,16.414140701293945,16.13215446472168,16.25,25988688
2007-09-25,14.685824394226074,16.443603515625,16.489898681640625,16.182659149169922,16.203704833984375,26152632
2007-09-26,14.727171897888184,16.489898681640625,16.523569107055664,16.31313133239746,16.468854904174805,25988688
2007-09-27,14.761004447937012,16.52777862548828,16.641414642333984,16.443603515625,16.641414642333984,22064486
2007-09-28,14.667034149169922,16.42255973815918,16.611953735351562,16.380470275878906,16.498315811157227,21551033
2007-10-01,14.907597541809082,16.691919326782227,16.797138214111328,16.329965591430664,16.418350219726562,28779538
2007-10-02,14.783553123474121,16.553030014038086,16.746633529663086,16.443603515625,16.679292678833008,19091873
2007-10-03,14.783553123474121,16.553030014038086,16.662458419799805,16.220539093017578,16.498315811157227,18246967
2007-10-04,14.71965503692627,16.481481552124023,16.574073791503906,16.254209518432617,16.481481552124023,18404971
2007-10-05,14.565543174743652,16.308923721313477,16.56986427307129,16.13215446472168,16.523569107055664,29593318
2007-10-08,14.343768119812012,16.060606002807617,16.308923721313477,15.883837699890137,16.296295166015625,28162490
2007-10-09,14.697103500366211,16.456228256225586,16.498315811157227,16.073232650756836,16.123737335205078,27872381
2007-10-10,14.802349090576172,16.574073791503906,16.611953735351562,16.42255973815918,16.481481552124023,14048575
2007-10-11,14.68958568572998,16.447811126708984,17.142255783081055,16.296295166015625,16.649831771850586,40830372
2007-10-12,14.997807502746582,16.79292869567871,16.84764289855957,16.489898681640625,16.56986427307129,22251953
2007-10-15,14.659512519836426,16.414140701293945,16.776094436645508,16.19528579711914,16.75084114074707,29628007
2007-10-16,14.509159088134766,16.245790481567383,16.489898681640625,16.102693557739258,16.473064422607422,27278618
2007-10-17,15.2609281539917,17.087541580200195,17.121212005615234,16.363636016845703,16.73821449279785,101650507
2007-10-18,14.321216583251953,16.035354614257812,16.329965591430664,15.837541580200195,16.094276428222656,120313274
2007-10-19,13.802494049072266,15.454545021057129,16.031145095825195,15.303030014038086,16.010101318359375,62638488
2007-10-22,13.648384094238281,15.281987190246582,15.370369911193848,15.029460906982422,15.252525329589844,42963782
2007-10-23,13.509307861328125,15.126262664794922,15.471380233764648,15.067339897155762,15.42087459564209,45508241
2007-10-24,13.456680297851562,15.067339897155762,15.202019691467285,14.730640411376953,15.159933090209961,40193129
2007-10-25,13.249946594238281,14.835859298706055,15.214646339416504,14.772727012634277,15.033670425415039,31197118
2007-10-26,13.77242374420166,15.42087459564209,15.509259223937988,15.01683521270752,15.07575798034668,43811777
2007-10-29,13.776185035705566,15.425084114074707,15.55976390838623,15.273569107055664,15.517677307128906,36547394
2007-10-30,13.73107624053955,15.374579429626465,15.471380233764648,15.248315811157227,15.361952781677246,21869417
2007-10-31,13.56944465637207,15.193602561950684,15.471380233764648,14.873737335205078,15.366162300109863,53305085
2007-11-01,13.155975341796875,14.730640411376953,15.143097877502441,14.688551902770996,15.1010103225708,40005425
2007-11-02,13.163491249084473,14.739056587219238,14.764309883117676,14.107744216918945,14.414982795715332,61920936
2007-11-05,12.817679405212402,14.351852416992188,14.604376792907715,14.086700439453125,14.511784553527832,50618542
2007-11-06,12.813920021057129,14.34764289855957,14.431818008422852,14.069865226745605,14.30976390838623,34413746
2007-11-07,12.66356372833252,14.179292678833008,14.545454978942871,14.107744216918945,14.149831771850586,39666845
2007-11-08,12.178672790527344,13.636363983154297,14.175084114074707,13.409090995788574,14.107744216918945,56419783
2007-11-09,12.577109336853027,14.082491874694824,14.452861785888672,13.636363983154297,13.71212100982666,85664066
2007-11-12,12.362858772277832,13.8425931930542,14.335017204284668,13.76683521270752,14.154040336608887,41493751
2007-11-13,12.490654945373535,13.985690116882324,14.20875358581543,13.543770790100098,13.994108200073242,42375485
2007-11-14,12.268888473510742,13.737374305725098,14.099327087402344,13.615320205688477,13.88888931274414,34846178
2007-11-15,12.077184677124023,13.522727012634277,13.8425931930542,13.388047218322754,13.779460906982422,40102128
2007-11-16,12.306472778320312,13.779460906982422,13.82575798034668,13.455387115478516,13.6489896774292,37012378
2007-11-19,12.107254981994629,13.556397438049316,13.943602561950684,13.468012809753418,13.779460906982422,39110148
2007-11-20,12.129806518554688,13.581649780273438,13.821549415588379,13.244949340820312,13.480640411376953,47230366
2007-11-21,11.87420654296875,13.295454978942871,13.636363983154297,13.09343433380127,13.404882431030273,25834010
2007-11-23,12.005765914916992,13.442761421203613,13.446969985961914,13.17340087890625,13.425926208496094,10202069
2007-11-26,11.652430534362793,13.047138214111328,13.67424201965332,13.021885871887207,13.577441215515137,39306643
2007-11-27,12.223777770996094,13.686868667602539,13.838383674621582,13.148147583007812,13.148147583007812,44506994
2007-11-28,12.686118125915527,14.204545021057129,14.583333015441895,13.947811126708984,13.994108200073242,48181003
2007-11-29,12.610936164855957,14.120369911193848,14.377103805541992,13.968854904174805,14.20875358581543,28313366
2007-11-30,12.603421211242676,14.111952781677246,14.335017204284668,13.977272987365723,14.297138214111328,32810422
2007-12-03,12.385408401489258,13.867844581604004,14.212963104248047,13.821549415588379,13.981480598449707,27772351
2007-12-04,12.377893447875977,13.859428405761719,14.061448097229004,13.762625694274902,13.78787899017334,28514614
2007-12-05,12.535761833190918,14.036194801330566,14.116162300109863,13.884679794311523,14.057238578796387,24531012
2007-12-06,12.693632125854492,14.212963104248047,14.34343433380127,14.057238578796387,14.234006881713867,27626465
2007-12-07,12.678598403930664,14.196127891540527,14.33080768585205,14.090909004211426,14.22558879852295,23172890
2007-12-10,12.723705291748047,14.24663257598877,14.297138214111328,13.977272987365723,14.078283309936523,24767424
2007-12-11,12.6710786819458,14.18770980834961,14.781145095825195,14.183502197265625,14.54124641418457,38407327
2007-12-12,12.934199333190918,14.482322692871094,14.617003440856934,14.20875358581543,14.444443702697754,38601684
2007-12-13,12.813920021057129,14.34764289855957,14.638047218322754,14.288721084594727,14.431818008422852,25683847
2007-12-14,12.291435241699219,13.762625694274902,14.250842094421387,13.71212100982666,14.238215446472168,33965633
2007-12-17,11.986969947814941,13.421716690063477,13.92676830291748,13.367003440856934,13.686868667602539,28597774
2007-12-18,12.020797729492188,13.459595680236816,13.653199195861816,13.320707321166992,13.514309883117676,26130060
2007-12-19,11.904279708862305,13.32912540435791,13.73316478729248,13.261784553527832,13.484848022460938,33563851
2007-12-20,12.543282508850098,14.044612884521484,14.154040336608887,13.535353660583496,13.653199195861816,32868158
2007-12-21,12.892855644226074,14.436026573181152,14.617003440856934,14.22558879852295,14.33080768585205,40948459
2007-12-24,12.843989372253418,14.38131332397461,14.558080673217773,14.267677307128906,14.431818008422852,9218167
2007-12-26,12.964266777038574,14.515993118286133,14.549662590026855,14.30976390838623,14.30976390838623,12288197
2007-12-27,12.648528099060059,14.162458419799805,14.591751098632812,14.145623207092285,14.520201683044434,19384834
2007-12-28,12.697394371032715,14.217171669006348,14.444443702697754,14.082491874694824,14.372896194458008,11281010
2007-12-31,12.475621223449707,13.968854904174805,14.141413688659668,13.905723571777344,14.099327087402344,14930309
2008-01-02,12.212503433227539,13.67424201965332,14.103534698486328,13.535353660583496,14.078283309936523,27943661
2008-01-03,12.344061851501465,13.821549415588379,14.019359588623047,13.678450584411621,13.73316478729248,20519136
2008-01-04,11.765198707580566,13.17340087890625,14.111952781677246,13.106060981750488,13.73316478729248,29543897
2008-01-07,11.441937446594238,12.811448097229004,13.265993118286133,12.693602561950684,13.223905563354492,44513172
2008-01-08,11.280306816101074,12.630471229553223,13.09343433380127,12.626262664794922,12.840909004211426,33702134
2008-01-09,11.22768497467041,12.571549415588379,12.744108200073242,12.209595680236816,12.672558784484863,42864228
2008-01-10,11.411867141723633,12.777777671813965,12.967171669006348,12.314814567565918,12.428450584411621,45606845
2008-01-11,11.156266212463379,12.491581916809082,12.794612884521484,12.32323169708252,12.630471229553223,29344075
2008-01-14,10.987116813659668,12.302188873291016,12.702019691467285,12.205387115478516,12.63888931274414,41139727
2008-01-15,10.505985260009766,11.763467788696289,12.201177597045898,11.721380233764648,12.201177597045898,52006838
2008-01-16,10.558608055114746,11.82239055633545,12.163299560546875,11.645623207092285,11.658248901367188,52113283
2008-01-17,10.56988525390625,11.835017204284668,12.188551902770996,11.792928695678711,12.108586311340332,51693682
2008-01-18,10.648818969726562,11.92340087890625,12.058080673217773,11.548822402954102,11.835017204284668,59257202
2008-01-22,10.235349655151367,11.460437774658203,11.82239055633545,10.951177597045898,10.980640411376953,50254776
2008-01-23,10.87811279296875,12.180134773254395,12.579965591430664,10.993266105651855,11.031145095825195,84443278
2008-01-24,10.216552734375,11.439393997192383,11.553030014038086,10.837541580200195,11.182660102844238,126752710
2008-01-25,10.084991455078125,11.29208755493164,11.616162300109863,11.064814567565918,11.515151977539062,66868481
2008-01-28,10.100027084350586,11.30892276763916,11.456229209899902,11.022727012634277,11.119528770446777,39749530
2008-01-29,9.818115234375,10.993266105651855,11.29208755493164,10.917508125305176,11.237374305725098,57136860
2008-01-30,9.885775566101074,11.069024085998535,11.359428405761719,10.79124641418457,10.803872108459473,57206239
2008-01-31,10.107544898986816,11.317339897155762,11.473064422607422,10.900672912597656,10.942761421203613,53046101
2008-02-01,10.829242706298828,12.125420570373535,12.205387115478516,11.380471229553223,11.637205123901367,61392751
2008-02-04,10.829242706298828,12.125420570373535,12.281145095825195,12.032828330993652,12.066497802734375,45935683
2008-02-05,10.442084312438965,11.691919326782227,11.986532211303711,11.654040336608887,11.914982795715332,42487870
2008-02-06,10.445844650268555,11.696127891540527,12.015993118286133,11.645623207092285,11.801346778869629,39923215
2008-02-07,10.464637756347656,11.717171669006348,11.986532211303711,11.523569107055664,11.523569107055664,40339490
2008-02-08,10.551091194152832,11.813973426818848,11.84764289855957,11.582491874694824,11.632996559143066,31515264
2008-02-11,10.5886812210083,11.856060981750488,11.961278915405273,11.616162300109863,11.742424011230469,27498161
2008-02-12,10.415773391723633,11.662458419799805,11.948653221130371,11.569865226745605,11.948653221130371,35751910
2008-02-13,10.468395233154297,11.721380233764648,11.78451156616211,11.447811126708984,11.780303001403809,35614102
2008-02-14,10.490949630737305,11.74663257598877,11.96548843383789,11.675084114074707,11.780303001403809,27647849
2008-02-15,10.445844650268555,11.696127891540527,11.851852416992188,11.574073791503906,11.641413688659668,28659550
2008-02-19,10.39697551727295,11.641413688659668,11.84764289855957,11.574073791503906,11.84343433380127,24804014
2008-02-20,10.239105224609375,11.464646339416504,11.553030014038086,11.20791244506836,11.531987190246582,39850985
2008-02-21,10.15640926361084,11.372054100036621,11.565656661987305,11.321549415588379,11.515151977539062,28936829
2008-02-22,10.415773391723633,11.662458419799805,11.679292678833008,11.355218887329102,11.401515007019043,34040002
2008-02-25,10.528539657592773,11.788721084594727,11.839225769042969,11.586700439453125,11.658248901367188,35086154
2008-02-26,10.340595245361328,11.578283309936523,11.82659912109375,11.384679794311523,11.68770980834961,40247302
2008-02-27,10.37442398071289,11.616162300109863,11.679292678833008,11.38888931274414,11.519359588623047,23689433
2008-02-28,10.250383377075195,11.477272987365723,11.628787994384766,11.393097877502441,11.502525329589844,22812214
2008-02-29,9.908327102661133,11.094276428222656,11.397306442260742,11.014309883117676,11.367844581604004,41515848
2008-03-03,9.716628074645996,10.879630088806152,11.069024085998535,10.820707321166992,11.039562225341797,32858417
2008-03-04,9.86698055267334,11.047980308532715,11.115320205688477,10.660774230957031,10.75336742401123,42871118
2008-03-05,10.051162719726562,11.2542085647583,11.418350219726562,10.968012809753418,11.014309883117676,29894832
2008-03-06,9.82187557220459,10.997474670410156,11.317339897155762,10.989056587219238,11.144781112670898,29162786
2008-03-07,9.690314292907715,10.850168228149414,11.140571594238281,10.740740776062012,10.904882431030273,34254792
2008-03-10,9.667757987976074,10.824915885925293,11.014309883117676,10.761784553527832,10.867003440856934,32671188
2008-03-11,9.927123069763184,11.115320205688477,11.1489896774292,10.837541580200195,11.047980308532715,33297264
2008-03-12,9.994779586791992,11.19107723236084,11.447811126708984,11.102693557739258,11.115320205688477,27307606
2008-03-13,10.036127090454102,11.237374305725098,11.376262664794922,10.951177597045898,11.136363983154297,29316276
2008-03-14,9.86698055267334,11.047980308532715,11.359428405761719,10.867003440856934,11.27104377746582,38601209
2008-03-17,9.686553955078125,10.845959663391113,10.993266105651855,10.563973426818848,10.778619766235352,39986417
2008-03-18,10.355630874633789,11.595117568969727,11.611952781677246,10.900672912597656,11.064814567565918,55134842
2008-03-19,10.3255615234375,11.561448097229004,12.159090995788574,11.553030014038086,11.557238578796387,48391279
2008-03-20,10.7503080368042,12.037036895751953,12.083333015441895,11.3510103225708,11.595117568969727,48809455
2008-03-24,11.205130577087402,12.546296119689941,12.760943412780762,11.910774230957031,11.948653221130371,37294409
2008-03-25,11.051018714904785,12.373737335205078,12.613636016845703,12.209595680236816,12.529460906982422,27993319
2008-03-26,11.0773286819458,12.403199195861816,12.436868667602539,12.201177597045898,12.3989896774292,27468223
2008-03-27,11.554703712463379,12.93770980834961,13.202861785888672,12.44107723236084,12.51683521270752,48963895
2008-03-28,11.35924243927002,12.718854904174805,13.15656566619873,12.647306442260742,13.026094436645508,33789334
2008-03-31,11.21640682220459,12.55892276763916,12.672558784484863,12.394781112670898,12.571549415588379,32526965
2008-04-01,11.806548118591309,13.219696998596191,13.236532211303711,12.815656661987305,12.828283309936523,37168006
2008-04-02,11.93810749053955,13.367003440856934,13.552188873291016,13.13131332397461,13.308080673217773,36186955
2008-04-03,11.92306900024414,13.350168228149414,13.602693557739258,13.278619766235352,13.585859298706055,41920006
2008-04-04,12.381650924682617,13.863636016845703,14.086700439453125,13.371212005615234,13.446969985961914,49773398
2008-04-07,12.189950942993164,13.6489896774292,14.057238578796387,13.619528770446777,13.92676830291748,25637278
2008-04-08,11.97569465637207,13.409090995788574,13.594276428222656,13.194443702697754,13.57323169708252,31280990
2008-04-09,11.870444297790527,13.29124641418457,13.468012809753418,13.16919231414795,13.455387115478516,21846607
2008-04-10,12.013282775878906,13.451177597045898,13.522727012634277,13.244949340820312,13.244949340820312,22810075
2008-04-11,11.603568077087402,12.992424011230469,13.31229019165039,12.916666984558105,13.249157905578613,24632942
2008-04-14,11.791511535644531,13.202861785888672,13.362794876098633,13.000842094421387,13.068181991577148,23748358
2008-04-15,11.870444297790527,13.29124641418457,13.451177597045898,13.164982795715332,13.383837699890137,26190886
2008-04-16,12.073426246643066,13.518519401550293,13.75,13.29124641418457,13.505891799926758,58167094
2008-04-17,11.656190872192383,13.051346778869629,13.21548843383789,12.731480598449707,13.15235710144043,60907810
2008-04-18,11.919313430786133,13.345959663391113,13.505891799926758,13.244949340820312,13.451177597045898,43665178
2008-04-21,11.513355255126953,12.891413688659668,13.25336742401123,12.777777671813965,13.106060981750488,36711576
2008-04-22,11.611085891723633,13.000842094421387,13.085017204284668,12.773569107055664,12.798822402954102,29381378
2008-04-23,11.528392791748047,12.908248901367188,13.005050659179688,12.718854904174805,13.000842094421387,27238464
2008-04-24,11.731368064880371,13.13552188873291,13.350168228149414,12.811448097229004,12.929292678833008,34108193
2008-04-25,11.765198707580566,13.17340087890625,13.240740776062012,12.878787994384766,13.13131332397461,26953344
2008-04-28,11.76144027709961,13.16919231414795,13.383837699890137,13.03451156616211,13.160774230957031,21355250
2008-04-29,11.682504653930664,13.08080768585205,13.186026573181152,13.047138214111328,13.11868667602539,16414121
2008-04-30,11.76144027709961,13.16919231414795,13.468012809753418,13.08080768585205,13.16919231414795,48996446
2008-05-01,11.945626258850098,13.375420570373535,13.392255783081055,12.971380233764648,12.97558879852295,27219218
2008-05-02,11.693779945373535,13.09343433380127,13.409090995788574,12.899831771850586,13.404882431030273,38726424
2008-05-05,11.599810600280762,12.988215446472168,13.194443702697754,12.950337409973145,13.009259223937988,22048092
2008-05-06,11.573494911193848,12.95875358581543,13.030303001403809,12.781987190246582,12.904040336608887,25078680
2008-05-07,11.201372146606445,12.54208755493164,12.99663257598877,12.487374305725098,12.832491874694824,29338373
2008-05-08,11.351727485656738,12.710437774658203,12.836700439453125,12.4957914352417,12.6010103225708,23678978
2008-05-09,11.276552200317383,12.626262664794922,12.706229209899902,12.327441215515137,12.617844581604004,19240848
2008-05-12,11.69753646850586,13.09764289855957,13.13131332397461,12.706229209899902,12.731480598449707,32499403
2008-05-13,11.806548118591309,13.219696998596191,13.265993118286133,12.925084114074707,13.042928695678711,31457290
2008-05-14,11.735128402709961,13.139731407165527,13.430134773254395,13.085017204284668,13.17340087890625,27652601
2008-05-15,12.002006530761719,13.438551902770996,13.442761421203613,12.988215446472168,13.110268592834473,27082361
2008-05-16,11.71633243560791,13.11868667602539,13.510101318359375,12.912458419799805,13.505891799926758,45081749
2008-05-19,11.607328414916992,12.99663257598877,13.202861785888672,12.899831771850586,13.13131332397461,21351211
2008-05-20,11.505837440490723,12.882996559143066,13.042928695678711,12.748315811157227,12.941919326782227,23808233
2008-05-21,11.302857398986816,12.655723571777344,13.021885871887207,12.533670425415039,12.967171669006348,36768125
2008-05-22,11.483283996582031,12.857744216918945,12.933502197265625,12.6010103225708,12.630471229553223,26068284
2008-05-23,11.344206809997559,12.702019691467285,12.807238578796387,12.6010103225708,12.702019691467285,23932498
2008-05-27,11.411867141723633,12.777777671813965,13.03451156616211,12.655723571777344,12.714646339416504,35916566
2008-05-28,11.144989013671875,12.47895622253418,12.857744216918945,12.247474670410156,12.786194801330566,36520308
2008-05-29,11.205130577087402,12.546296119689941,12.67676830291748,12.466329574584961,12.466329574584961,26621179
2008-05-30,11.280306816101074,12.630471229553223,12.643097877502441,12.436868667602539,12.546296119689941,24108322
2008-06-02,11.01718807220459,12.335859298706055,12.622054100036621,12.218012809753418,12.622054100036621,28965103
2008-06-03,11.005910873413086,12.32323169708252,12.727272987365723,12.154882431030273,12.411616325378418,40070290
2008-06-04,11.235200881958008,12.579965591430664,12.752525329589844,12.222222328186035,12.260101318359375,32440716
2008-06-05,11.299099922180176,12.651515007019043,12.756733894348145,12.512625694274902,12.664140701293945,22854744
2008-06-06,10.998392105102539,12.314814567565918,12.588383674621582,12.243266105651855,12.54208755493164,30475051
2008-06-09,10.92697525024414,12.234848022460938,12.45791244506836,12.007575988769531,12.293770790100098,29062282
2008-06-10,10.893148422241211,12.196969985961914,12.272727012634277,11.978114128112793,11.982322692871094,25985124
2008-06-11,10.419530868530273,11.666666984558105,12.167508125305176,11.632996559143066,12.104376792907715,48398170
2008-06-12,10.554850578308105,11.818181991577148,12.04124641418457,11.729798316955566,11.763467788696289,39682289
2008-06-13,10.667614936828613,11.944443702697754,12.074915885925293,11.78451156616211,11.96548843383789,40990752
2008-06-16,10.769102096557617,12.058080673217773,12.138047218322754,11.88131332397461,12.015993118286133,41291078
2008-06-17,10.829242706298828,12.125420570373535,12.209595680236816,11.990740776062012,12.074915885925293,34360049
2008-06-18,10.874351501464844,12.175926208496094,12.344276428222656,11.961278915405273,12.091751098632812,32103562
2008-06-19,10.96456527709961,12.276935577392578,12.335859298706055,11.92340087890625,12.196969985961914,26902260
2008-06-20,10.5886812210083,11.856060981750488,12.142255783081055,11.813973426818848,12.142255783081055,42555586
2008-06-23,10.423290252685547,11.67087459564209,11.961278915405273,11.569865226745605,11.957071304321289,35872373
2008-06-24,10.524778366088867,11.78451156616211,11.96548843383789,11.531987190246582,11.590909004211426,31050043
2008-06-25,10.584920883178711,11.851852416992188,12.037036895751953,11.78451156616211,11.82659912109375,30137422
2008-06-26,10.370668411254883,11.611952781677246,11.763467788696289,11.578283309936523,11.755050659179688,36927792
2008-06-27,10.378182411193848,11.620369911193848,11.780303001403809,11.42676830291748,11.561448097229004,33691918
2008-06-30,10.272936820983887,11.502525329589844,11.632996559143066,11.317339897155762,11.544612884521484,31461329
2008-07-01,10.427047729492188,11.675084114074707,11.759259223937988,11.3510103225708,11.372054100036621,38132899
2008-07-02,10.190239906311035,11.409933090209961,11.780303001403809,11.376262664794922,11.780303001403809,28753164
2008-07-03,10.073716163635254,11.279460906982422,11.548822402954102,11.258418083190918,11.409933090209961,15611270
2008-07-07,10.118819236755371,11.329965591430664,11.468854904174805,11.039562225341797,11.317339897155762,33406798
2008-07-08,10.769102096557617,12.058080673217773,12.070707321166992,11.241581916809082,11.363636016845703,44823240
2008-07-09,10.505985260009766,11.763467788696289,12.260101318359375,11.763467788696289,12.108586311340332,40913057
2008-07-10,10.592436790466309,11.860268592834473,11.994949340820312,11.565656661987305,11.80976390838623,29244996
2008-07-11,10.528539657592773,11.788721084594727,11.96548843383789,11.456229209899902,11.704545021057129,32295542
2008-07-14,10.333077430725098,11.569865226745605,11.952861785888672,11.42676830291748,11.910774230957031,29564330
2008-07-15,10.107544898986816,11.317339897155762,11.624579429626465,10.921716690063477,11.401515007019043,43966217
2008-07-16,10.562366485595703,11.82659912109375,11.92340087890625,11.2542085647583,11.515151977539062,50827154
2008-07-17,9.096416473388672,10.185185432434082,10.467171669006348,9.8989896774292,10.260943412780762,189775159
2008-07-18,9.013718605041504,10.0925931930542,10.214646339416504,9.987374305725098,10.130471229553223,54655128
2008-07-21,9.043791770935059,10.126262664794922,10.189393997192383,10.05892276763916,10.109428405761719,39347035
2008-07-22,9.412160873413086,10.538721084594727,10.568181991577148,10.0042085647583,10.0042085647583,44804945
2008-07-23,9.539959907531738,10.681818008422852,10.997474670410156,10.57659912109375,10.723905563354492,31142470
2008-07-24,9.167832374572754,10.265151977539062,10.694443702697754,10.17676830291748,10.610268592834473,40402692
2008-07-25,9.547479629516602,10.69023609161377,10.702861785888672,10.269359588623047,10.269359588623047,45524635
2008-07-28,9.31442928314209,10.429292678833008,10.723905563354492,10.328283309936523,10.681818008422852,26519724
2008-07-29,9.592583656311035,10.740740776062012,10.976430892944336,10.488215446472168,10.492424011230469,37233346
2008-07-30,9.581308364868164,10.728114128112793,10.959595680236816,10.555556297302246,10.740740776062012,27794686
2008-07-31,9.461023330688477,10.59343433380127,10.858586311340332,10.530303001403809,10.563973426818848,28564272
2008-08-01,9.239251136779785,10.345117568969727,10.643939018249512,10.04208755493164,10.639731407165527,58029998
2008-08-04,9.41591739654541,10.542928695678711,10.639731407165527,10.227272987365723,10.307238578796387,24542179
2008-08-05,9.626413345336914,10.778619766235352,10.81229019165039,10.530303001403809,10.702861785888672,33697858
2008-08-06,9.562512397766113,10.707071304321289,10.77441120147705,10.530303001403809,10.698653221130371,38987309
2008-08-07,9.570032119750977,10.71548843383789,10.909090995788574,10.538721084594727,10.719696998596191,33491383
2008-08-08,9.908327102661133,11.094276428222656,11.161616325378418,10.610268592834473,10.723905563354492,28380845
2008-08-11,10.054924011230469,11.258418083190918,11.367844581604004,10.799662590026855,10.976430892944336,27599854
2008-08-12,9.791803359985352,10.963805198669434,11.27104377746582,10.934343338012695,11.182660102844238,30153578
2008-08-13,9.697832107543945,10.858586311340332,11.106902122497559,10.761784553527832,10.896465301513672,31384109
2008-08-14,9.791803359985352,10.963805198669434,11.060606002807617,10.740740776062012,10.850168228149414,31788979
2008-08-15,9.765490531921387,10.934343338012695,11.140571594238281,10.909090995788574,10.942761421203613,26143366
2008-08-18,9.588824272155762,10.736532211303711,10.980640411376953,10.65235710144043,10.845959663391113,30272141
2008-08-19,9.543720245361328,10.686026573181152,10.850168228149414,10.648147583007812,10.648147583007812,23598194
2008-08-20,9.382087707519531,10.505050659179688,10.686026573181152,10.42087459564209,10.63552188873291,30506652
2008-08-21,9.216697692871094,10.319865226745605,10.429292678833008,10.189393997192383,10.429292678833008,30185179
2008-08-22,9.408402442932129,10.53451156616211,10.622896194458008,10.269359588623047,10.399831771850586,19982160
2008-08-25,9.31067180633545,10.425084114074707,10.47558879852295,10.357744216918945,10.467171669006348,19017742
2008-08-26,9.26932144165039,10.378787994384766,10.530303001403809,10.277777671813965,10.521885871887207,16967491
2008-08-27,9.352017402648926,10.471380233764648,10.563973426818848,10.298822402954102,10.382996559143066,15946286
2008-08-28,9.547479629516602,10.69023609161377,10.728114128112793,10.412458419799805,10.433502197265625,14979254
2008-08-29,9.370810508728027,10.492424011230469,10.610268592834473,10.395623207092285,10.542928695678711,24746990
2008-09-02,9.047551155090332,10.130471229553223,10.65656566619873,10.063131332397461,10.606060981750488,37736582
2008-09-03,9.111449241638184,10.202019691467285,10.298822402954102,10.126262664794922,10.168350219726562,28150848
2008-09-04,8.949819564819336,10.02104377746582,10.391413688659668,10.01683521270752,10.315656661987305,43129152
2008-09-05,8.934785842895508,10.0042085647583,10.290404319763184,9.781145095825195,9.840066909790039,54108648
2008-09-08,8.825779914855957,9.882155418395996,10.235690116882324,9.751684188842773,10.197811126708984,35996875
2008-09-09,8.532588005065918,9.553872108459473,10.012625694274902,9.549662590026855,9.886363983154297,34209648
2008-09-10,8.784433364868164,9.835859298706055,9.953703880310059,9.507575988769531,9.532828330993652,44264405
2008-09-11,8.656631469726562,9.692761421203613,9.865320205688477,9.604376792907715,9.663299560546875,42032390
2008-09-12,8.476204872131348,9.490740776062012,9.646465301513672,9.32659912109375,9.633837699890137,41257814
2008-09-15,8.2694673538208,9.259259223937988,9.553872108459473,9.132996559143066,9.191919326782227,36402221
2008-09-16,8.57393741607666,9.600168228149414,9.713805198669434,9.221380233764648,9.255050659179688,51850260
2008-09-17,8.239398002624512,9.22558879852295,9.621212005615234,9.158248901367188,9.431818008422852,48324989
2008-09-18,8.645352363586426,9.680134773254395,9.840066909790039,9.132996559143066,9.574915885925293,56129436
2008-09-19,8.709253311157227,9.751684188842773,10.01683521270752,9.297138214111328,9.974746704101562,55266473
2008-09-22,8.130392074584961,9.103534698486328,9.751684188842773,9.099327087402344,9.747474670410156,34278790
2008-09-23,8.074009895324707,9.040404319763184,9.318181991577148,9.036194801330566,9.191919326782227,41534143
2008-09-24,8.130392074584961,9.103534698486328,9.18770980834961,8.897306442260742,9.095117568969727,30962844
2008-09-25,8.404786109924316,9.410774230957031,9.52441120147705,8.943602561950684,9.18770980834961,35850514
2008-09-26,8.483723640441895,9.499157905578613,9.537036895751953,9.154040336608887,9.158248901367188,28451650
2008-09-29,7.498904705047607,8.396465301513672,9.537036895751953,8.396465301513672,9.377103805541992,53559079
2008-09-30,8.41230297088623,9.41919231414795,9.42760944366455,8.543770790100098,8.619528770446777,48481805
2008-10-01,7.837201118469238,8.775253295898438,9.356060981750488,8.73316478729248,9.267677307128906,41177981
2008-10-02,7.1981964111328125,8.05976390838623,8.417508125305176,7.967172145843506,8.341751098632812,60477278
2008-10-03,7.119260787963867,7.971380233764648,8.468012809753418,7.967172145843506,8.15235710144043,46623773
2008-10-06,6.724581718444824,7.529460906982422,7.786194801330566,7.028619766235352,7.786194801330566,88688002
2008-10-07,6.202101230621338,6.944444179534912,7.773569107055664,6.9402360916137695,7.622054100036621,53122133
2008-10-08,6.393802642822266,7.159090995788574,7.613636016845703,6.742424011230469,6.788721084594727,76022734
2008-10-09,5.999124050140381,6.717172145843506,7.2474751472473145,6.544612884521484,7.222221851348877,59635699
2008-10-10,6.288554668426514,7.041245937347412,7.2390570640563965,6.313130855560303,6.372054100036621,91729994
2008-10-13,6.8035173416137695,7.617845058441162,7.62626314163208,7.041245937347412,7.432660102844238,56432376
2008-10-14,6.6682000160217285,7.466330051422119,7.891414165496826,7.398990154266357,7.840909004211426,59708880
2008-10-15,5.762317180633545,6.452020168304443,7.159090995788574,6.317339897155762,7.150672912597656,98327671
2008-10-16,5.626998424530029,6.3005051612854,6.3005051612854,5.76178503036499,6.157406806945801,116042890
2008-10-17,5.769833087921143,6.460437774658203,7.592593193054199,6.001684188842773,6.127945899963379,58500446
2008-10-20,5.814939498901367,6.5109429359436035,6.628787994384766,6.245790958404541,6.464645862579346,35638812
2008-10-21,5.589408874511719,6.258418083190918,6.5109429359436035,6.245790958404541,6.397305965423584,30737837
2008-10-22,5.649550437927246,6.32575798034668,6.380471229553223,6.165824890136719,6.2373738288879395,47804645
2008-10-23,5.7585577964782715,6.447811126708984,6.481481075286865,6.069024085998535,6.2626261711120605,62860406
2008-10-24,5.596927165985107,6.2668352127075195,6.485690116882324,5.963805198669434,5.9932661056518555,61141133
2008-10-27,5.461609363555908,6.115320205688477,6.468854904174805,6.106902122497559,6.182660102844238,40262983
2008-10-28,5.965293884277344,6.679293155670166,6.704545021057129,6.060606002807617,6.351009845733643,49028998
2008-10-29,5.698416709899902,6.380471229553223,6.771885871887207,6.33838415145874,6.679293155670166,38026930
2008-10-30,5.78486967086792,6.477272987365723,6.700336933135986,6.32575798034668,6.620369911193848,38165926
2008-10-31,5.739762783050537,6.426767826080322,6.607744216918945,6.342593193054199,6.409933090209961,31496018
2008-11-03,5.642033576965332,6.317339897155762,6.447811126708984,6.241581916809082,6.283669948577881,33929280
2008-11-04,5.920187950134277,6.628787994384766,6.641414165496826,6.33838415145874,6.430975914001465,27435672
2008-11-05,5.533025741577148,6.195285797119141,6.603535175323486,6.186869144439697,6.548821926116943,30379774
2008-11-06,5.247354507446289,5.875421047210693,6.313130855560303,5.8459601402282715,6.153199195861816,42951902
2008-11-07,5.333807468414307,5.972221851348877,6.106902122497559,5.858585834503174,5.963805198669434,26579362
2008-11-10,5.153383255004883,5.770202159881592,6.157406806945801,5.631312847137451,6.148990154266357,33378761
2008-11-11,4.905298709869385,5.492424011230469,5.736532211303711,5.4040398597717285,5.698653221130371,48921127
2008-11-12,4.623384952545166,5.176767826080322,5.492424011230469,5.172558784484863,5.429293155670166,34527557
2008-11-13,5.175937652587891,5.795454978942871,5.803872108459473,4.793770790100098,5.172558784484863,69752707
2008-11-14,4.645938396453857,5.202020168304443,5.719696998596191,5.202020168304443,5.572391033172607,59095634
2008-11-17,4.589555263519287,5.138888835906982,5.340909004211426,5.0,5.185184955596924,50874912
2008-11-18,4.623384952545166,5.176767826080322,5.315657138824463,4.936869144439697,5.294612884521484,48724632
2008-11-19,4.394094944000244,4.920033931732178,5.307239055633545,4.920033931732178,5.155724048614502,56015150
2008-11-20,4.198634624481201,4.701178073883057,5.189393997192383,4.688551902770996,4.915824890136719,64500559
2008-11-21,4.514378070831299,5.054714202880859,5.05892276763916,4.5917510986328125,4.8316497802734375,69022087
2008-11-24,4.8113274574279785,5.387205123901367,5.450336933135986,5.033669948577881,5.134679794311523,64112558
2008-11-25,4.841398239135742,5.420875072479248,5.568181991577148,5.294612884521484,5.484006881713867,52697066
2008-11-26,5.066930294036865,5.67340087890625,5.694444179534912,5.303030014038086,5.366161823272705,33211728
2008-11-28,4.935369968414307,5.52609395980835,5.618687152862549,5.450336933135986,5.601851940155029,17172302
2008-12-01,4.597071647644043,5.147305965423584,5.484006881713867,5.138888835906982,5.458754062652588,35860968
2008-12-02,4.9842352867126465,5.580808162689209,5.601851940155029,5.269360065460205,5.269360065460205,56279599
2008-12-03,5.123312473297119,5.736532211303711,5.854376792907715,5.4082489013671875,5.450336933135986,51607433
2008-12-04,5.036858558654785,5.639730930328369,5.824915885925293,5.479797840118408,5.639730930328369,48176251
2008-12-05,5.247354507446289,5.875421047210693,5.883838176727295,5.378787994384766,5.534512042999268,48859826
2008-12-08,5.3601202964782715,6.001684188842773,6.111111164093018,5.858585834503174,5.913300037384033,40893336
2008-12-09,5.330047130584717,5.968012809753418,6.16161584854126,5.850168228149414,5.968012809753418,40623660
2008-12-10,5.18345308303833,5.803872108459473,5.9890570640563965,5.568181991577148,5.917508125305176,43337290
2008-12-11,5.18345308303833,5.803872108459473,5.972221851348877,5.669191837310791,5.774411201477051,36340445
2008-12-12,5.36387825012207,6.005891799926758,6.064815044403076,5.63552188873291,5.72390604019165,39860014
2008-12-15,5.228560924530029,5.854376792907715,6.043770790100098,5.791245937347412,5.980639934539795,33452892
2008-12-16,5.702174663543701,6.384679794311523,6.435184955596924,5.909090995788574,5.909090995788574,58156639
2008-12-17,5.6457929611206055,6.321548938751221,6.5151519775390625,6.2626261711120605,6.317339897155762,37392062
2008-12-18,5.491680145263672,6.148990154266357,6.405724048614502,6.010100841522217,6.384679794311523,34072315
2008-12-19,5.431536674499512,6.0816497802734375,6.195285797119141,6.005891799926758,6.064815044403076,42496898
2008-12-22,5.2999773025512695,5.934342861175537,6.132154941558838,5.787036895751953,6.094275951385498,26177105
2008-12-23,5.1195526123046875,5.732323169708252,6.031145095825195,5.610269069671631,6.031145095825195,37592359
2008-12-24,5.130829334259033,5.744948863983154,5.791245937347412,5.702861785888672,5.736532211303711,6294262
2008-12-26,5.112036228179932,5.72390604019165,5.879630088806152,5.694444179534912,5.765993118286133,8176766
2008-12-29,5.036858558654785,5.639730930328369,5.791245937347412,5.517676830291748,5.749157905578613,17495914
2008-12-30,5.247354507446289,5.875421047210693,5.875421047210693,5.627103805541992,5.67340087890625,22559170
2008-12-31,5.247354507446289,5.875421047210693,5.9932661056518555,5.707070827484131,5.782827854156494,24617261
2009-01-02,5.510473251342773,6.170033931732178,6.195285797119141,5.812290191650391,5.904881954193115,21384950
2009-01-05,5.551819801330566,6.216330051422119,6.258418083190918,5.9974751472473145,6.157406806945801,24705886
2009-01-06,5.705933570861816,6.388888835906982,6.5151519775390625,6.203703880310059,6.220539093017578,30629016
2009-01-07,5.484162330627441,6.1405720710754395,6.21212100982666,6.047979831695557,6.119528770446777,23087354
2009-01-08,5.5142316818237305,6.17424201965332,6.22895622253418,6.010100841522217,6.0858588218688965,24447852
2009-01-09,5.333807468414307,5.972221851348877,6.203703880310059,5.921717166900635,6.153199195861816,22111294
2009-01-12,5.266149044036865,5.896464824676514,6.060606002807617,5.862794876098633,6.035354137420654,24921626
2009-01-13,5.311254024505615,5.946969985961914,6.005891799926758,5.829124927520752,5.934342861175537,40279378
2009-01-14,4.856432914733887,5.437709808349609,5.778619766235352,5.378787994384766,5.76178503036499,48435710
2009-01-15,5.051893711090088,5.656566143035889,5.72390604019165,5.399831771850586,5.505051136016846,43979522
2009-01-16,4.9842352867126465,5.580808162689209,5.770202159881592,5.429293155670166,5.76178503036499,45996746
2009-01-20,4.717358112335205,5.281987190246582,5.606060981750488,5.269360065460205,5.5597639083862305,34458653
2009-01-21,4.991752624511719,5.589225769042969,5.61447811126709,5.353535175323486,5.420875072479248,43087810
2009-01-22,4.38657808303833,4.91161584854126,5.03787899017334,4.814815044403076,5.03787899017334,103109609
2009-01-23,4.510618686676025,5.0505051612854,5.113636016845703,4.768518924713135,4.810606002807617,47376014
2009-01-26,4.46175479888916,4.995790958404541,5.12626314163208,4.886363983154297,5.0505051612854,27836978
2009-01-27,4.5444488525390625,5.08838415145874,5.12626314163208,4.966330051422119,5.0168352127075195,27215892
2009-01-28,4.781255722045898,5.353535175323486,5.450336933135986,5.172558784484863,5.218854904174805,32562367
2009-01-29,4.604590892791748,5.155724048614502,5.374578952789307,5.138888835906982,5.281987190246582,30596465
2009-01-30,4.518136024475098,5.05892276763916,5.223063945770264,5.03787899017334,5.223063945770264,29105287
2009-02-02,4.597071647644043,5.147305965423584,5.214645862579346,5.02104377746582,5.03787899017334,25870601
2009-02-03,4.826362609863281,5.4040398597717285,5.437709808349609,5.1094279289245605,5.155724048614502,39930818
2009-02-04,4.736149311065674,5.303030014038086,5.500842094421387,5.244108200073242,5.425084114074707,28186013
2009-02-05,4.9654388427734375,5.5597639083862305,5.585017204284668,5.193603038787842,5.2525248527526855,35869997
2009-02-06,5.123312473297119,5.736532211303711,5.76178503036499,5.471380233764648,5.475588798522949,29358806
2009-02-09,5.20600700378418,5.829124927520752,5.883838176727295,5.639730930328369,5.698653221130371,22490978
2009-02-10,5.018063545227051,5.618687152862549,5.8417510986328125,5.585017204284668,5.76178503036499,51824362
2009-02-11,5.018063545227051,5.618687152862549,5.736532211303711,5.568181991577148,5.656566143035889,35012023
2009-02-12,5.029339790344238,5.631312847137451,5.631312847137451,5.429293155670166,5.568181991577148,41892682
2009-02-13,4.957922458648682,5.551346778869629,5.6902360916137695,5.496633052825928,5.63552188873291,20521274
2009-02-17,4.6309027671813965,5.185184955596924,5.353535175323486,5.1683502197265625,5.353535175323486,27282182
2009-02-18,4.694802761077881,5.2567338943481445,5.345118045806885,5.092593193054199,5.189393997192383,24277255
2009-02-19,4.5707621574401855,5.117845058441162,5.370369911193848,5.084175109863281,5.3198652267456055,25549603
2009-02-20,4.578278541564941,5.12626314163208,5.197811126708984,5.029460906982422,5.071548938751221,33453130
2009-02-23,4.333953857421875,4.852694034576416,5.180975914001465,4.823232173919678,5.155724048614502,33712351
2009-02-24,4.439202308654785,4.970539093017578,5.0,4.772727012634277,4.8905720710754395,40542163
2009-02-25,4.409130573272705,4.936869144439697,5.113636016845703,4.877945899963379,4.903199195861816,46282579
2009-02-26,4.303883075714111,4.819024085998535,5.079966068267822,4.797979831695557,5.004209041595459,27520258
2009-02-27,4.085870265960693,4.574915885925293,4.7474751472473145,4.419191837310791,4.7348480224609375,71131262
2009-03-02,3.946790933609009,4.419191837310791,4.617002964019775,4.32659912109375,4.47390604019165,59614078
2009-03-03,3.9167211055755615,4.38552188873291,4.515993118286133,4.36447811126709,4.368687152862549,49389199
2009-03-04,4.0633158683776855,4.549663066864014,4.625421047210693,4.38552188873291,4.482323169708252,52590622
2009-03-05,3.9317569732666016,4.40235710144043,4.541245937347412,4.38552188873291,4.465487957000732,54401371
2009-03-06,3.9204800128936768,4.389730930328369,4.461278915405273,4.170875072479248,4.4360270500183105,54302530
2009-03-09,3.8603389263153076,4.322391033172607,4.562290191650391,4.301346778869629,4.322391033172607,35024854
2009-03-10,4.172324180603027,4.671717166900635,4.692760944366455,4.40235710144043,4.461278915405273,43926300
2009-03-11,4.371541500091553,4.894781112670898,4.945285797119141,4.629630088806152,4.7390570640563965,42883949
2009-03-12,4.563243389129639,5.1094279289245605,5.138888835906982,4.865320205688477,5.008418083190918,46448424
2009-03-13,4.48430871963501,5.02104377746582,5.155724048614502,4.898990154266357,5.143097877502441,38451758
2009-03-16,4.345230579376221,4.865320205688477,5.079966068267822,4.856902122497559,5.0505051612854,30720730
2009-03-17,4.563243389129639,5.1094279289245605,5.122054100036621,4.869528770446777,4.869528770446777,28158689
2009-03-18,4.5933146476745605,5.143097877502441,5.2609429359436035,4.9873738288879395,5.0505051612854,29840659
2009-03-19,4.600831508636475,5.151515007019043,5.210437774658203,5.067339897155762,5.206229209899902,29445293
2009-03-20,4.5444488525390625,5.08838415145874,5.239899158477783,5.042088031768799,5.202020168304443,36283896
2009-03-23,4.9090576171875,5.496633052825928,5.496633052825928,5.155724048614502,5.244108200073242,32703502
2009-03-24,4.743668556213379,5.311448097229004,5.467172145843506,5.277778148651123,5.429293155670166,27257947
2009-03-25,4.773739814758301,5.345118045806885,5.479797840118408,5.193603038787842,5.370369911193848,27889963
2009-03-26,4.924091815948486,5.513467788696289,5.551346778869629,5.378787994384766,5.429293155670166,31563972
2009-03-27,4.8301215171813965,5.4082489013671875,5.48821496963501,5.340909004211426,5.399831771850586,26540395
2009-03-30,4.691043376922607,5.2525248527526855,5.374578952789307,5.143097877502441,5.303030014038086,31095900
2009-03-31,4.721114635467529,5.286194801330566,5.345118045806885,5.235690116882324,5.286194801330566,32820876
2009-04-01,4.935369968414307,5.52609395980835,5.702861785888672,5.1683502197265625,5.197811126708984,58662965
2009-04-02,5.112036228179932,5.72390604019165,5.883838176727295,5.538721084594727,5.6860270500183105,63360317
2009-04-03,5.378914833068848,6.022727012634277,6.157406806945801,5.736532211303711,5.808081150054932,44078364
2009-04-06,5.269906520843506,5.900672912597656,6.018518924713135,5.787036895751953,5.913300037384033,30029076
2009-04-07,5.1082763671875,5.719696998596191,5.862794876098633,5.702861785888672,5.854376792907715,28040839
2009-04-08,5.243595600128174,5.871212005615234,5.879630088806152,5.656566143035889,5.757575988769531,26412091
2009-04-09,5.6457929611206055,6.321548938751221,6.329966068267822,5.9974751472473145,6.090066909790039,41263279
2009-04-13,5.499195575714111,6.157406806945801,6.195285797119141,6.052188873291016,6.157406806945801,25849692
2009-04-14,5.405226230621338,6.052188873291016,6.170033931732178,5.9848480224609375,6.111111164093018,30270002
2009-04-15,5.382673740386963,6.026936054229736,6.195285797119141,5.9932661056518555,6.0816497802734375,57637483
2009-04-16,5.416502475738525,6.064815044403076,6.195285797119141,5.913300037384033,6.182660102844238,44320003
2009-04-17,5.408984184265137,6.056396961212158,6.098484992980957,5.808081150054932,6.026936054229736,41464051
2009-04-20,5.284942150115967,5.917508125305176,6.010100841522217,5.803872108459473,6.010100841522217,32248260
2009-04-21,5.371397495269775,6.014309883117676,6.026936054229736,5.753366947174072,5.829124927520752,45853711
2009-04-22,5.5555806159973145,6.220539093017578,6.355218887329102,5.917508125305176,5.9848480224609375,73124964
2009-04-23,6.247207164764404,6.994948863983154,7.0917510986328125,6.670875072479248,6.746633052825928,143259970
2009-04-24,6.30734920501709,7.062290191650391,7.129630088806152,6.767676830291748,6.986532211303711,76075006
2009-04-27,6.190825462341309,6.931818008422852,7.01178503036499,6.77609395980835,6.822391033172607,45981302
2009-04-28,6.089336395263672,6.818181991577148,6.97390604019165,6.780303001403809,6.801346778869629,50344826
2009-04-29,6.190825462341309,6.931818008422852,7.070706844329834,6.797138214111328,6.843433856964111,47148156
2009-04-30,6.190825462341309,6.931818008422852,7.1801347732543945,6.919191837310791,7.028619766235352,44241358
2009-05-01,6.205859184265137,6.948653221130371,7.015993118286133,6.763467788696289,6.788721084594727,33736111
2009-05-04,6.2923150062561035,7.045454978942871,7.0917510986328125,6.90235710144043,6.957070827484131,29930234
2009-05-05,6.461462020874023,7.2348480224609375,7.268518924713135,6.969696998596191,6.990740776062012,47346077
2009-05-06,6.446427345275879,7.218012809753418,7.415824890136719,7.074915885925293,7.289562225341797,49392763
2009-05-07,6.2923150062561035,7.045454978942871,7.398990154266357,6.919191837310791,7.344275951385498,47031494
2009-05-08,6.5328803062438965,7.314815044403076,7.398990154266357,7.070706844329834,7.100168228149414,41299870
2009-05-11,6.476497650146484,7.251684188842773,7.361111164093018,7.100168228149414,7.175926208496094,26638286
2009-05-12,6.416355609893799,7.184342861175537,7.344275951385498,7.104376792907715,7.2474751472473145,22504284
2009-05-13,6.078059196472168,6.805555820465088,7.117002964019775,6.780303001403809,7.079124927520752,40163429
2009-05-14,6.329902172088623,7.0875420570373535,7.188551902770996,6.851851940155029,6.898148059844971,42499037
2009-05-15,6.356215476989746,7.117002964019775,7.184342861175537,6.999157905578613,7.112794876098633,31801097
2009-05-18,6.653163433074951,7.4494948387146,7.4494948387146,7.117002964019775,7.159090995788574,37316268
2009-05-19,6.7170634269714355,7.52104377746582,7.601009845733643,7.306396961212158,7.470539093017578,34461029
2009-05-20,6.656921863555908,7.453703880310059,7.723063945770264,7.3905720710754395,7.5,28102615
2009-05-21,6.446427345275879,7.218012809753418,7.407406806945801,7.112794876098633,7.369528770446777,33387552
2009-05-22,6.525362491607666,7.306396961212158,7.407406806945801,7.0959601402282715,7.205387115478516,30115800
2009-05-26,6.593022346496582,7.382154941558838,7.46212100982666,7.133838176727295,7.213805198669434,35314963
2009-05-27,6.359974384307861,7.121212005615234,7.403199195861816,7.0875420570373535,7.361111164093018,44821814
2009-05-28,6.51784610748291,7.297979831695557,7.344275951385498,6.948653221130371,7.142255783081055,40890010
2009-05-29,6.6230926513671875,7.415824890136719,7.415824890136719,7.2432661056518555,7.293770790100098,31692514
2009-06-01,6.856142997741699,7.676767826080322,7.739899158477783,7.44107723236084,7.52104377746582,36216893
2009-06-02,6.750893592834473,7.55892276763916,7.702020168304443,7.508418083190918,7.685184955596924,39391229
2009-06-03,6.754653453826904,7.563130855560303,7.680975914001465,7.42424201965332,7.634679794311523,79740936
2009-06-04,6.765929698944092,7.57575798034668,7.622054100036621,7.5,7.5126261711120605,44922557
2009-06-05,6.705787658691406,7.508418083190918,7.634679794311523,7.3905720710754395,7.584175109863281,44495114
2009-06-08,6.630611896514893,7.42424201965332,7.554714202880859,7.314815044403076,7.5126261711120605,29259252
2009-06-09,6.656921863555908,7.453703880310059,7.542088031768799,7.415824890136719,7.508418083190918,29728512
2009-06-10,6.626852512359619,7.420033931732178,7.57575798034668,7.293770790100098,7.567339897155762,40766220
2009-06-11,6.720823287963867,7.525252819061279,7.638888835906982,7.415824890136719,7.470539093017578,78608059
2009-06-12,6.690752029418945,7.491581916809082,7.554714202880859,7.344275951385498,7.5505051612854,25859909
2009-06-15,6.540398597717285,7.323232173919678,7.466330051422119,7.188551902770996,7.42424201965332,36715378
2009-06-16,6.476497650146484,7.251684188842773,7.432660102844238,7.163300037384033,7.344275951385498,33736586
2009-06-17,6.423874378204346,7.192760944366455,7.314815044403076,7.154881954193115,7.2348480224609375,37855382
2009-06-18,6.435149669647217,7.205387115478516,7.255891799926758,7.104376792907715,7.1801347732543945,35918942
2009-06-19,6.4952921867370605,7.272727012634277,7.356902122497559,7.226430892944336,7.306396961212158,33094116
2009-06-22,6.183307647705078,6.92340087890625,7.264309883117676,6.893939018249512,7.192760944366455,38915791
2009-06-23,6.172030448913574,6.910774230957031,6.978114128112793,6.767676830291748,6.868687152862549,39878546
2009-06-24,6.299832820892334,7.053872108459473,7.205387115478516,6.919191837310791,6.952861785888672,32389632
2009-06-25,6.442668914794922,7.213805198669434,7.222221851348877,6.982323169708252,7.028619766235352,26127684
2009-06-26,6.521603107452393,7.302188873291016,7.365320205688477,7.171717166900635,7.184342861175537,67207061
2009-06-29,6.525362491607666,7.306396961212158,7.445285797119141,7.255891799926758,7.3358588218688965,124068067
2009-06-30,6.438910007476807,7.209596157073975,7.352694034576416,7.0833330154418945,7.2474751472473145,61807838
2009-07-01,6.30734920501709,7.062290191650391,7.264309883117676,7.041245937347412,7.2390570640563965,38312525
2009-07-02,6.1419596672058105,6.877103805541992,6.999157905578613,6.82659912109375,6.999157905578613,33622301
2009-07-06,6.183307647705078,6.92340087890625,6.944444179534912,6.784512042999268,6.872896194458008,42490958
2009-07-07,5.980327606201172,6.696127891540527,6.982323169708252,6.670875072479248,6.944444179534912,43955762
2009-07-08,6.021676063537598,6.742424011230469,6.90235710144043,6.679293155670166,6.750842094421387,42324401
2009-07-09,6.047988414764404,6.771885871887207,6.839225769042969,6.637205123901367,6.767676830291748,42248131
2009-07-10,6.12692403793335,6.860269069671631,6.914982795715332,6.73821496963501,6.73821496963501,38868984
2009-07-13,6.299832820892334,7.053872108459473,7.070706844329834,6.77609395980835,6.860269069671631,42295889
2009-07-14,6.423874378204346,7.192760944366455,7.209596157073975,7.01178503036499,7.070706844329834,53740606
2009-07-15,6.702028751373291,7.504209041595459,7.554714202880859,7.205387115478516,7.2474751472473145,60581110
2009-07-16,6.983942031860352,7.8198652267456055,7.933502197265625,7.41161584854126,7.420033931732178,79991842
2009-07-17,6.9726643562316895,7.807239055633545,7.878787994384766,7.706229209899902,7.874578952789307,29496852
2009-07-20,7.077914714813232,7.925084114074707,7.946127891540527,7.735690116882324,7.828282833099365,29328869
2009-07-21,7.115503311157227,7.967172145843506,7.992424011230469,7.803030014038086,7.954545021057129,46220090
2009-07-22,7.3109612464904785,8.186026573181152,8.207071304321289,7.870369911193848,7.891414165496826,82395878
2009-07-23,8.089041709899902,9.057238578796387,9.078283309936523,8.720539093017578,8.8510103225708,138009722
2009-07-24,7.983798503875732,8.939393997192383,9.019359588623047,8.867844581604004,8.943602561950684,45697846
2009-07-27,8.183016777038574,9.162458419799805,9.242424011230469,8.939393997192383,8.989898681640625,44204292
2009-07-28,8.20932674407959,9.191919326782227,9.255050659179688,8.985690116882324,9.006733894348145,45784807
2009-07-29,8.043939590454102,9.006733894348145,9.28451156616211,8.973064422607422,9.086700439453125,34267147
2009-07-30,8.141671180725098,9.116162300109863,9.28451156616211,9.053030014038086,9.124579429626465,39052649
2009-07-31,7.987553119659424,8.943602561950684,9.120369911193848,8.939393997192383,9.120369911193848,42835716
2009-08-03,8.284503936767578,9.276094436645508,9.351852416992188,9.141413688659668,9.34343433380127,60635282
2009-08-04,8.20932674407959,9.191919326782227,9.28451156616211,9.078283309936523,9.196127891540527,37388974
2009-08-05,8.122872352600098,9.095117568969727,9.22558879852295,8.914140701293945,9.141413688659668,49181774
2009-08-06,8.446136474609375,9.457071304321289,9.515993118286133,9.002525329589844,9.031987190246582,62619955
2009-08-07,8.476204872131348,9.490740776062012,9.739056587219238,9.478114128112793,9.570707321166992,55578917
2009-08-10,8.453654289245605,9.46548843383789,9.537036895751953,9.32239055633545,9.537036895751953,31006325
2009-08-11,8.314576148986816,9.30976390838623,9.46548843383789,9.259259223937988,9.410774230957031,37859422
2009-08-12,8.397270202636719,9.40235710144043,9.511784553527832,9.28451156616211,9.32239055633545,35102786
2009-08-13,8.329611778259277,9.32659912109375,9.499157905578613,9.263467788696289,9.494949340820312,35779471
2009-08-14,8.134149551391602,9.107744216918945,9.33080768585205,9.048822402954102,9.30976390838623,36561175
2009-08-17,7.833442211151123,8.77104377746582,9.027777671813965,8.653199195861816,8.884679794311523,47988547
2009-08-18,7.878549575805664,8.821549415588379,8.876262664794922,8.73316478729248,8.800504684448242,28196230
2009-08-19,7.94244909286499,8.893097877502441,8.92676830291748,8.6489896774292,8.71212100982666,34806499
2009-08-20,8.043939590454102,9.006733894348145,9.044612884521484,8.8510103225708,8.8510103225708,21965882
2009-08-21,8.299538612365723,9.292928695678711,9.301346778869629,8.964646339416504,9.082491874694824,38016000
2009-08-24,8.35592269897461,9.356060981750488,9.431818008422852,9.288721084594727,9.288721084594727,25257830
2009-08-25,8.385994911193848,9.389731407165527,9.478114128112793,9.297138214111328,9.36447811126709,25630387
2009-08-26,8.37095832824707,9.372896194458008,9.393939018249512,9.162458419799805,9.33080768585205,38556540
2009-08-27,8.423583030700684,9.431818008422852,9.494949340820312,9.263467788696289,9.34343433380127,29877250
2009-08-28,8.442375183105469,9.452861785888672,9.654882431030273,9.410774230957031,9.478114128112793,32219273
2009-08-31,8.32209300994873,9.318181991577148,9.38552188873291,9.238215446472168,9.34764289855957,23652130
2009-09-01,8.149186134338379,9.124579429626465,9.755891799926758,9.053030014038086,9.318181991577148,90781495
2009-09-02,8.025142669677734,8.985690116882324,9.179292678833008,8.952019691467285,9.158248901367188,45127606
2009-09-03,8.055213928222656,9.019359588623047,9.048822402954102,8.905723571777344,8.952019691467285,32409353
2009-09-04,8.235637664794922,9.221380233764648,9.242424011230469,8.939393997192383,9.006733894348145,31235371
2009-09-08,8.20556640625,9.18770980834961,9.301346778869629,9.099327087402344,9.263467788696289,29727562
2009-09-09,8.52507209777832,9.545454978942871,9.633837699890137,9.32239055633545,9.372896194458008,53210995
2009-09-10,8.837055206298828,9.894781112670898,9.94107723236084,9.659090995788574,9.671716690063477,50505682
2009-09-11,8.855849266052246,9.915824890136719,10.03787899017334,9.814814567565918,9.920034408569336,42083474
2009-09-14,8.953579902648926,10.025253295898438,10.03787899017334,9.831649780273438,9.844276428222656,32535281
2009-09-15,9.073863983154297,10.159933090209961,10.315656661987305,10.084175109863281,10.303030014038086,52838438
2009-09-16,9.141524314880371,10.235690116882324,10.324073791503906,10.096800804138184,10.290404319763184,62515886
2009-09-17,9.182868957519531,10.281987190246582,10.361952781677246,10.105218887329102,10.122054100036621,40844628
2009-09-18,9.149040222167969,10.244108200073242,10.412458419799805,10.227272987365723,10.319865226745605,50158073
2009-09-21,9.077617645263672,10.164140701293945,10.244108200073242,10.046296119689941,10.244108200073242,30784882
2009-09-22,9.190385818481445,10.290404319763184,10.307238578796387,10.126262664794922,10.281987190246582,33179414
2009-09-23,8.949819564819336,10.02104377746582,10.340909004211426,9.9957914352417,10.256733894348145,30710513
2009-09-24,8.848331451416016,9.9074068069458,10.164140701293945,9.768519401550293,10.13888931274414,38162837
2009-09-25,8.81450366973877,9.869528770446777,9.94528579711914,9.776935577392578,9.911616325378418,30476714
2009-09-28,8.991168975830078,10.067339897155762,10.105218887329102,9.882155418395996,9.915824890136719,25741346
2009-09-29,8.972373962402344,10.046296119689941,10.084175109863281,9.920034408569336,10.02104377746582,26172590
2009-09-30,8.87088680267334,9.932660102844238,10.079965591430664,9.726430892944336,10.071549415588379,55481026
2009-10-01,8.735567092895508,9.781145095825195,9.911616325378418,9.629630088806152,9.9074068069458,39411662
2009-10-02,8.532588005065918,9.553872108459473,9.709595680236816,9.486532211303711,9.625420570373535,34842139
2009-10-05,8.611526489257812,9.642255783081055,9.709595680236816,9.507575988769531,9.587541580200195,30867329
2009-10-06,9.002445220947266,10.079965591430664,10.084175109863281,9.781145095825195,9.789562225341797,68249174
2009-10-07,9.152796745300293,10.248315811157227,10.256733894348145,9.974746704101562,10.05892276763916,39071419
2009-10-08,9.325706481933594,10.441919326782227,10.58080768585205,10.332491874694824,10.340909004211426,60218532
2009-10-09,9.179110527038574,10.277777671813965,10.462963104248047,10.218854904174805,10.42087459564209,28327860
2009-10-12,9.31442928314209,10.429292678833008,10.492424011230469,10.332491874694824,10.378787994384766,27511704
2009-10-13,9.464783668518066,10.59764289855957,10.67760944366455,10.492424011230469,10.521885871887207,48664282
2009-10-14,9.562512397766113,10.707071304321289,10.723905563354492,10.530303001403809,10.71548843383789,37067263
2009-10-15,9.363292694091797,10.484006881713867,10.681818008422852,10.462963104248047,10.627103805541992,32784761
2009-10-16,9.20542049407959,10.307238578796387,10.55976390838623,10.239898681640625,10.547138214111328,44433576
2009-10-19,9.453507423400879,10.585017204284668,10.627103805541992,10.269359588623047,10.408248901367188,41054666
2009-10-20,9.419676780700684,10.547138214111328,10.643939018249512,10.404040336608887,10.61447811126709,34886808
2009-10-21,9.408402442932129,10.53451156616211,10.858586311340332,10.488215446472168,10.711278915405273,97286508
2009-10-22,9.009961128234863,10.088383674621582,10.277777671813965,9.793770790100098,10.117844581604004,125782351
2009-10-23,8.855849266052246,9.915824890136719,10.269359588623047,9.848484992980957,10.185185432434082,59494327
2009-10-26,8.769394874572754,9.819024085998535,10.02104377746582,9.688551902770996,9.869528770446777,43307827
2009-10-27,8.701736450195312,9.743266105651855,9.96212100982666,9.608586311340332,9.743266105651855,38042374
2009-10-28,8.551383018493652,9.574915885925293,9.928450584411621,9.545454978942871,9.638047218322754,46551067
2009-10-29,8.649112701416016,9.684343338012695,9.802188873291016,9.638047218322754,9.684343338012695,29163499
2009-10-30,8.37095832824707,9.372896194458008,9.722222328186035,9.313973426818848,9.696969985961914,44952494
2009-11-02,8.434858322143555,9.444443702697754,9.57912540435791,9.053030014038086,9.28451156616211,51095880
2009-11-03,8.461169242858887,9.473905563354492,9.507575988769531,9.30976390838623,9.36868667602539,33878196
2009-11-04,8.476204872131348,9.490740776062012,9.633837699890137,9.431818008422852,9.473905563354492,28856995
2009-11-05,8.735567092895508,9.781145095825195,9.848484992980957,9.621212005615234,9.667508125305176,29453134
2009-11-06,8.77315616607666,9.82323169708252,9.890571594238281,9.659090995788574,9.743266105651855,21375446
2009-11-09,8.746844291687012,9.793770790100098,9.890571594238281,9.739056587219238,9.840066909790039,34384522
2009-11-10,8.80698299407959,9.86111068725586,9.94107723236084,9.776935577392578,9.852693557739258,29915028
2009-11-11,8.931025505065918,10.0,10.04208755493164,9.886363983154297,9.932660102844238,31227055
2009-11-12,8.987407684326172,10.063131332397461,10.134679794311523,9.9957914352417,10.02104377746582,35329219
2009-11-13,8.92350959777832,9.991581916809082,10.122054100036621,9.936868667602539,10.046296119689941,27425930
2009-11-16,8.938544273376465,10.008418083190918,10.151515007019043,9.970539093017578,10.025253295898438,26092757
2009-11-17,8.889680862426758,9.953703880310059,10.0042085647583,9.806397438049316,9.98316478729248,27533088
2009-11-18,8.716771125793457,9.760101318359375,9.920034408569336,9.722222328186035,9.8989896774292,25413696
2009-11-19,8.716771125793457,9.760101318359375,9.882155418395996,9.680134773254395,9.705387115478516,36043682
2009-11-20,8.56641674041748,9.591751098632812,9.743266105651855,9.574915885925293,9.713805198669434,39797525
2009-11-23,8.81450366973877,9.869528770446777,9.8989896774292,9.646465301513672,9.671716690063477,27796349
2009-11-24,8.86712646484375,9.928450584411621,9.987374305725098,9.760101318359375,9.894781112670898,26147405
2009-11-25,8.874645233154297,9.936868667602539,9.9957914352417,9.890571594238281,9.987374305725098,16041326
2009-11-27,8.728046417236328,9.772727012634277,9.86111068725586,9.595959663391113,9.654882431030273,16151098
2009-11-30,9.197905540466309,10.298822402954102,10.328283309936523,9.764309883117676,9.768519401550293,55859760
2009-12-01,9.02123737335205,10.1010103225708,10.416666984558105,10.050504684448242,10.353534698486328,74554603
2009-12-02,8.931025505065918,10.0,10.189393997192383,9.974746704101562,10.159933090209961,44252287
2009-12-03,8.87088680267334,9.932660102844238,10.0925931930542,9.92424201965332,10.067339897155762,26559403
2009-12-04,8.897197723388672,9.96212100982666,10.1010103225708,9.82323169708252,10.071549415588379,30569616
2009-12-07,8.690461158752441,9.730640411376953,10.088383674621582,9.722222328186035,9.9074068069458,34104391
2009-12-08,8.487482070922852,9.50336742401123,9.667508125305176,9.452861785888672,9.663299560546875,44040348
2009-12-09,8.540106773376465,9.56229019165039,9.566497802734375,9.28451156616211,9.448653221130371,42033816
2009-12-10,8.4686861038208,9.482322692871094,9.680134773254395,9.44023609161377,9.617003440856934,36978401
2009-12-11,8.532588005065918,9.553872108459473,9.625420570373535,9.469696998596191,9.511784553527832,25015241
2009-12-14,8.517553329467773,9.537036895751953,9.612794876098633,9.478114128112793,9.56229019165039,20663834
2009-12-15,8.434858322143555,9.444443702697754,9.545454978942871,9.36868667602539,9.42760944366455,19194278
2009-12-16,8.604008674621582,9.633837699890137,9.680134773254395,9.511784553527832,9.515993118286133,32123520
2009-12-17,8.56641674041748,9.591751098632812,9.663299560546875,9.490740776062012,9.553872108459473,30392366
2009-12-18,8.52131462097168,9.54124641418457,9.675926208496094,9.36868667602539,9.663299560546875,57079123
2009-12-21,8.596487998962402,9.625420570373535,9.659090995788574,9.545454978942871,9.595959663391113,24162970
2009-12-22,8.615285873413086,9.646465301513672,9.709595680236816,9.587541580200195,9.612794876098633,21908146
2009-12-23,9.009961128234863,10.088383674621582,10.202019691467285,9.692761421203613,9.696969985961914,54500213
2009-12-24,8.979891777038574,10.05471420288086,10.147306442260742,10.025253295898438,10.147306442260742,8414604
2009-12-28,8.972373962402344,10.046296119689941,10.1010103225708,9.991581916809082,10.046296119689941,14350090
2009-12-29,8.900956153869629,9.966329574584961,10.046296119689941,9.94528579711914,10.0042085647583,14148367
2009-12-30,8.946062088012695,10.01683521270752,10.05892276763916,9.932660102844238,9.94528579711914,14747832
2009-12-31,8.844573974609375,9.903199195861816,10.1010103225708,9.894781112670898,10.096800804138184,14233666
2010-01-04,8.983652114868164,10.05892276763916,10.0925931930542,9.94107723236084,9.98316478729248,22511650
2010-01-05,8.889680862426758,9.953703880310059,10.05892276763916,9.890571594238281,10.012625694274902,26683193
2010-01-06,8.833294868469238,9.890571594238281,10.01683521270752,9.865320205688477,9.94528579711914,26368610
2010-01-07,8.731805801391602,9.776935577392578,9.886363983154297,9.751684188842773,9.886363983154297,25220052
2010-01-08,8.837055206298828,9.894781112670898,9.949495315551758,9.722222328186035,9.760101318359375,30484080
2010-01-11,8.81450366973877,9.869528770446777,9.9957914352417,9.785353660583496,9.903199195861816,18331078
2010-01-12,8.716771125793457,9.760101318359375,9.865320205688477,9.663299560546875,9.844276428222656,25572175
2010-01-13,8.87088680267334,9.932660102844238,9.94528579711914,9.726430892944336,9.819024085998535,24620587
2010-01-14,8.600247383117676,9.629630088806152,9.890571594238281,9.617003440856934,9.890571594238281,42094166
2010-01-15,8.446136474609375,9.457071304321289,9.705387115478516,9.30976390838623,9.675926208496094,64256306
2010-01-19,8.743083000183105,9.789562225341797,9.844276428222656,9.377103805541992,9.377103805541992,49852994
2010-01-20,8.35592269897461,9.356060981750488,9.760101318359375,9.335017204284668,9.760101318359375,92230618
2010-01-21,9.070104598999023,10.155723571777344,10.336700439453125,9.953703880310059,10.063131332397461,155599726
2010-01-22,8.863367080688477,9.92424201965332,10.17676830291748,9.772727012634277,10.1010103225708,57422930
2010-01-25,8.904715538024902,9.970539093017578,10.05471420288086,9.831649780273438,9.97895622253418,43646170
2010-01-26,9.047551155090332,10.130471229553223,10.252525329589844,9.877945899963379,9.903199195861816,54598342
2010-01-27,9.009961128234863,10.088383674621582,10.206229209899902,9.94528579711914,10.02104377746582,49443134
2010-01-28,8.769394874572754,9.819024085998535,10.134679794311523,9.713805198669434,10.1010103225708,48289349
2010-01-29,8.652871131896973,9.688551902770996,10.1010103225708,9.625420570373535,9.869528770446777,53646991
2010-02-01,8.709253311157227,9.751684188842773,9.840066909790039,9.638047218322754,9.642255783081055,26327506
2010-02-02,8.675422668457031,9.713805198669434,9.819024085998535,9.646465301513672,9.701177597045898,28234958
2010-02-03,8.731805801391602,9.776935577392578,9.810606002807617,9.629630088806152,9.667508125305176,34180661
2010-02-04,8.438615798950195,9.448653221130371,9.802188873291016,9.42760944366455,9.659090995788574,46628050
2010-02-05,8.536347389221191,9.558080673217773,9.591751098632812,9.360268592834473,9.436026573181152,37072728
2010-02-08,8.453654289245605,9.46548843383789,9.659090995788574,9.448653221130371,9.566497802734375,20112602
2010-02-09,8.40854549407959,9.414982795715332,9.638047218322754,9.360268592834473,9.583333015441895,28657411
2010-02-10,8.254434585571289,9.242424011230469,9.42340087890625,9.154040336608887,9.389731407165527,37093162
2010-02-11,8.318334579467773,9.313973426818848,9.339225769042969,9.065656661987305,9.179292678833008,30785594
2010-02-12,8.183016777038574,9.162458419799805,9.280303001403809,9.053030014038086,9.154040336608887,42511630
2010-02-16,8.46492862701416,9.478114128112793,9.482322692871094,9.255050659179688,9.255050659179688,34442021
2010-02-17,8.52507209777832,9.545454978942871,9.574915885925293,9.414982795715332,9.473905563354492,28001635
2010-02-18,8.58521556854248,9.612794876098633,9.633837699890137,9.478114128112793,9.617003440856934,21359052
2010-02-19,8.80322551727295,9.856902122497559,9.886363983154297,9.452861785888672,9.642255783081055,46963541
2010-02-22,8.750602722167969,9.797980308532715,9.890571594238281,9.709595680236816,9.856902122497559,34242437
2010-02-23,8.604008674621582,9.633837699890137,9.764309883117676,9.549662590026855,9.743266105651855,24659791
2010-02-24,8.743083000183105,9.789562225341797,9.844276428222656,9.638047218322754,9.718012809753418,24076958
2010-02-25,8.645352363586426,9.680134773254395,9.692761421203613,9.499157905578613,9.680134773254395,38203942
2010-02-26,8.652871131896973,9.688551902770996,9.701177597045898,9.520201683044434,9.667508125305176,37546978
2010-03-01,8.976134300231934,10.050504684448242,10.071549415588379,9.663299560546875,9.730640411376953,44650505
2010-03-02,9.01747989654541,10.096800804138184,10.151515007019043,10.01683521270752,10.02104377746582,36125179
2010-03-03,8.837055206298828,9.894781112670898,10.07575798034668,9.827441215515137,9.92424201965332,35194262
2010-03-04,8.938544273376465,10.008418083190918,10.01683521270752,9.663299560546875,9.684343338012695,28079568
2010-03-05,9.258047103881836,10.366162300109863,10.500842094421387,10.01683521270752,10.01683521270752,55289758
2010-03-08,9.336980819702148,10.454545021057129,10.49663257598877,10.269359588623047,10.281987190246582,26778233
2010-03-09,9.588824272155762,10.736532211303711,10.82912540435791,10.374579429626465,10.378787994384766,51349874
2010-03-10,9.607619285583496,10.757575988769531,10.862794876098633,10.65656566619873,10.71548843383789,32503918
2010-03-11,9.562512397766113,10.707071304321289,10.930134773254395,10.589225769042969,10.702861785888672,53725162
2010-03-12,9.761734008789062,10.930134773254395,10.942761421203613,10.732322692871094,10.770201683044434,36094054
2010-03-15,9.878256797790527,11.060606002807617,11.21212100982666,10.854376792907715,10.930134773254395,45463810
2010-03-16,10.069958686828613,11.275253295898438,11.30471420288086,11.043770790100098,11.165824890136719,43619558
2010-03-17,10.141374588012695,11.355218887329102,11.510943412780762,11.26683521270752,11.283670425415039,36523159
2010-03-18,10.32180118560791,11.557238578796387,11.574073791503906,11.329965591430664,11.430975914001465,28619158
2010-03-19,10.220311164855957,11.443602561950684,11.691919326782227,11.380471229553223,11.637205123901367,51354626
2010-03-22,10.175207138061523,11.393097877502441,11.447811126708984,11.203703880310059,11.2542085647583,32926133
2010-03-23,10.16768741607666,11.384679794311523,11.456229209899902,11.2457914352417,11.372054100036621,25999142
2010-03-24,10.126341819763184,11.338383674621582,11.443602561950684,11.30471420288086,11.355218887329102,26729287
2010-03-25,10.359392166137695,11.599327087402344,11.94023609161377,11.590909004211426,11.658248901367188,76668530
2010-03-26,10.31804084777832,11.553030014038086,11.679292678833008,11.481480598449707,11.628787994384766,27346810
2010-03-29,10.254140853881836,11.481480598449707,11.582491874694824,11.435185432434082,11.574073791503906,26923406
2010-03-30,10.201518058776855,11.422558784484863,11.574073791503906,11.338383674621582,11.565656661987305,26093232
2010-03-31,10.137619018554688,11.3510103225708,11.443602561950684,11.300504684448242,11.363636016845703,19122286
2010-04-01,9.987264633178711,11.182660102844238,11.485690116882324,11.17424201965332,11.414140701293945,34278552
2010-04-05,10.287969589233398,11.519359588623047,11.645623207092285,11.153199195861816,11.153199195861816,30390228
2010-04-06,10.250383377075195,11.477272987365723,11.557238578796387,11.317339897155762,11.452019691467285,36571630
2010-04-07,10.092508316040039,11.300504684448242,11.435185432434082,11.220539093017578,11.397306442260742,42066367
2010-04-08,9.945915222167969,11.136363983154297,11.2542085647583,11.010101318359375,11.098484992980957,47572272
2010-04-09,9.97974681854248,11.17424201965332,11.199495315551758,11.060606002807617,11.132155418395996,22662050
2010-04-12,10.00981616973877,11.20791244506836,11.275253295898438,11.1574068069458,11.21212100982666,19034374
2010-04-13,10.01357364654541,11.21212100982666,11.21212100982666,11.047980308532715,11.165824890136719,27536177
2010-04-14,10.163930892944336,11.380471229553223,11.405723571777344,11.237374305725098,11.296296119689941,35021290
2010-04-15,10.141374588012695,11.355218887329102,11.452019691467285,11.329965591430664,11.435185432434082,33489720
2010-04-16,9.897051811218262,11.081649780273438,11.376262664794922,11.035353660583496,11.3510103225708,48457570
2010-04-19,9.893292427062988,11.077441215515137,11.102693557739258,10.837541580200195,11.026935577392578,27368431
2010-04-20,9.923361778259277,11.11111068725586,11.186868667602539,11.035353660583496,11.144781112670898,30383338
2010-04-21,9.882015228271484,11.064814567565918,11.186868667602539,10.900672912597656,11.085859298706055,63975701
2010-04-22,9.31442928314209,10.429292678833008,10.441919326782227,10.05892276763916,10.286194801330566,134770284
2010-04-23,9.227977752685547,10.332491874694824,10.446127891540527,10.273569107055664,10.416666984558105,61910957
2010-04-26,9.23173713684082,10.336700439453125,10.433502197265625,10.180975914001465,10.281987190246582,52156051
2010-04-27,8.934785842895508,10.0042085647583,10.311448097229004,9.95791244506836,10.269359588623047,62393998
2010-04-28,9.01747989654541,10.096800804138184,10.117844581604004,9.970539093017578,10.05892276763916,39431858
2010-04-29,9.111449241638184,10.202019691467285,10.231480598449707,10.0042085647583,10.1010103225708,39855974
2010-04-30,8.938544273376465,10.008418083190918,10.248315811157227,10.0042085647583,10.164140701293945,36319774
2010-05-03,8.987407684326172,10.063131332397461,10.143097877502441,9.94107723236084,9.953703880310059,25973957
2010-05-04,8.675422668457031,9.713805198669434,9.793770790100098,9.452861785888672,9.772727012634277,88734096
2010-05-05,8.517553329467773,9.537036895751953,9.785353660583496,9.499157905578613,9.713805198669434,61155151
2010-05-06,8.37095832824707,9.372896194458008,9.743266105651855,8.653199195861816,9.511784553527832,71709343
2010-05-07,8.074009895324707,9.040404319763184,9.553872108459473,8.943602561950684,9.32239055633545,71566783
2010-05-10,8.393511772155762,9.398147583007812,9.608586311340332,9.30976390838623,9.52441120147705,47490062
2010-05-11,8.41230297088623,9.41919231414795,9.595959663391113,9.24663257598877,9.32659912109375,30914849
2010-05-12,8.461169242858887,9.473905563354492,9.511784553527832,9.356060981750488,9.482322692871094,26510933
2010-05-13,8.52507209777832,9.545454978942871,9.810606002807617,9.537036895751953,9.747474670410156,47767579
2010-05-14,8.363441467285156,9.36447811126709,9.532828330993652,9.292928695678711,9.515993118286133,41775545
2010-05-17,8.461169242858887,9.473905563354492,9.486532211303711,9.255050659179688,9.32659912109375,34881581
2010-05-18,8.333367347717285,9.33080768585205,9.583333015441895,9.313973426818848,9.52441120147705,40377506
2010-05-19,8.134149551391602,9.107744216918945,9.30976390838623,9.040404319763184,9.259259223937988,74340050
2010-05-20,7.822166442871094,8.758418083190918,9.031987190246582,8.585859298706055,8.897306442260742,81660269
2010-05-21,8.0514554977417,9.015151977539062,9.040404319763184,8.547980308532715,8.547980308532715,68853866
2010-05-24,8.028902053833008,8.989898681640625,9.183502197265625,8.88888931274414,8.977272987365723,48636720
2010-05-25,8.115354537963867,9.086700439453125,9.095117568969727,8.653199195861816,8.73316478729248,59012474
2010-05-26,8.036420822143555,8.998315811157227,9.276094436645508,8.964646339416504,9.145623207092285,42581484
2010-05-27,8.235637664794922,9.221380233764648,9.22558879852295,9.086700439453125,9.162458419799805,33229786
2010-05-28,8.047698020935059,9.010943412780762,9.238215446472168,8.897306442260742,9.234006881713867,35250574
2010-06-01,7.878549575805664,8.821549415588379,9.069865226745605,8.80471420288086,8.846800804138184,28138493
2010-06-02,7.987553119659424,8.943602561950684,8.947811126708984,8.71212100982666,8.8510103225708,29447431
2010-06-03,8.337127685546875,9.335017204284668,9.335017204284668,8.92676830291748,9.057238578796387,56722486
2010-06-04,8.265711784362793,9.255050659179688,9.612794876098633,9.217171669006348,9.238215446472168,133898767
2010-06-07,8.100319862365723,9.069865226745605,9.38131332397461,9.010943412780762,9.259259223937988,63761861
2010-06-08,8.152944564819336,9.128787994384766,9.141413688659668,8.80892276763916,9.057238578796387,68568509
2010-06-09,8.186773300170898,9.166666984558105,9.414982795715332,9.141413688659668,9.204545021057129,52923262
2010-06-10,8.374714851379395,9.377103805541992,9.41919231414795,9.238215446472168,9.238215446472168,40531471
2010-06-11,8.51379680633545,9.532828330993652,9.549662590026855,9.255050659179688,9.259259223937988,42902957
2010-06-14,8.348403930664062,9.34764289855957,9.646465301513672,9.32659912109375,9.595959663391113,31794682
2010-06-15,8.416064262390137,9.42340087890625,9.436026573181152,9.259259223937988,9.38552188873291,46399954
2010-06-16,8.318334579467773,9.313973426818848,9.436026573181152,9.263467788696289,9.38131332397461,40373705
2010-06-17,8.307058334350586,9.301346778869629,9.40656566619873,9.221380233764648,9.40656566619873,23284800
2010-06-18,8.329611778259277,9.32659912109375,9.42340087890625,9.271885871887207,9.32659912109375,32992186
2010-06-21,8.220603942871094,9.204545021057129,9.52441120147705,9.132996559143066,9.444443702697754,32942052
2010-06-22,8.104079246520996,9.074073791503906,9.301346778869629,9.061448097229004,9.267677307128906,24247555
2010-06-23,8.021382331848145,8.981480598449707,9.154040336608887,8.914140701293945,9.065656661987305,27539978
2010-06-24,7.8409600257873535,8.779460906982422,8.994108200073242,8.67424201965332,8.92676830291748,38072074
2010-06-25,7.874791622161865,8.817339897155762,8.884679794311523,8.644781112670898,8.800504684448242,39524522
2010-06-28,7.784576892852783,8.716329574584961,8.82575798034668,8.598484992980957,8.783670425415039,42527786
2010-06-29,7.401174545288086,8.287036895751953,8.569024085998535,8.223905563354492,8.543770790100098,74630873
2010-06-30,7.371103763580322,8.25336742401123,8.480640411376953,8.232322692871094,8.270201683044434,49089110
2010-07-01,7.382379531860352,8.265993118286133,8.320707321166992,8.021885871887207,8.249157905578613,61793582
2010-07-02,7.23954439163208,8.106060981750488,8.316497802734375,8.101852416992188,8.316497802734375,38155946
2010-07-06,7.273374080657959,8.143939018249512,8.333333015441895,8.068181991577148,8.265993118286133,36013745
2010-07-07,7.446281909942627,8.337541580200195,8.350168228149414,8.063973426818848,8.110268592834473,39326126
2010-07-08,7.476353168487549,8.371212005615234,8.501684188842773,8.265993118286133,8.362794876098633,39107534
2010-07-09,7.626706600189209,8.539562225341797,8.547980308532715,8.303872108459473,8.392255783081055,37884845
2010-07-12,7.6003947257995605,8.510101318359375,8.602693557739258,8.442761421203613,8.493266105651855,26193024
2010-07-13,7.897344589233398,8.8425931930542,8.893097877502441,8.606902122497559,8.606902122497559,38047363
2010-07-14,7.934931755065918,8.884679794311523,9.031987190246582,8.70791244506836,8.846800804138184,37201982
2010-07-15,7.904860019683838,8.8510103225708,8.943602561950684,8.703703880310059,8.939393997192383,36449266
2010-07-16,7.551528453826904,8.455387115478516,8.872054100036621,8.442761421203613,8.855218887329102,44357306
2010-07-19,7.66805362701416,8.585859298706055,8.644781112670898,8.468012809753418,8.489056587219238,22989701
2010-07-20,7.814647197723389,8.75,8.775253295898438,8.383837699890137,8.434343338012695,36816595
2010-07-21,7.58159875869751,8.489056587219238,8.817339897155762,8.430134773254395,8.716329574584961,56822278
2010-07-22,7.871031284332275,8.813131332397461,9.065656661987305,8.7457914352417,8.880471229553223,59539946
2010-07-23,7.927413463592529,8.876262664794922,8.884679794311523,8.619528770446777,8.76683521270752,30549658
2010-07-26,7.946208477020264,8.897306442260742,8.897306442260742,8.779460906982422,8.834175109863281,18448452
2010-07-27,7.9086198806762695,8.855218887329102,8.968854904174805,8.79208755493164,8.960437774658203,21468586
2010-07-28,7.9086198806762695,8.855218887329102,8.876262664794922,8.762625694274902,8.813131332397461,21418690
2010-07-29,7.807130336761475,8.741581916809082,8.922558784484863,8.6489896774292,8.846800804138184,28231632
2010-07-30,7.859753131866455,8.800504684448242,8.897306442260742,8.640571594238281,8.686868667602539,24362554
2010-08-02,8.066490173339844,9.031987190246582,9.082491874694824,8.914140701293945,8.956229209899902,24652663
2010-08-03,7.8823065757751465,8.82575798034668,9.053030014038086,8.80471420288086,8.998315811157227,29407277
2010-08-04,7.9311723709106445,8.880471229553223,8.930975914001465,8.800504684448242,8.8510103225708,29401812
2010-08-05,7.919894218444824,8.867844581604004,8.884679794311523,8.71212100982666,8.838383674621582,18679637
2010-08-06,8.062732696533203,9.027777671813965,9.036194801330566,8.716329574584961,8.73316478729248,28143720
2010-08-09,8.261951446533203,9.250842094421387,9.52441120147705,9.141413688659668,9.200337409973145,52958426
2010-08-10,8.235637664794922,9.221380233764648,9.301346778869629,9.103534698486328,9.242424011230469,29825215
2010-08-11,7.987553119659424,8.943602561950684,9.065656661987305,8.92676830291748,9.044612884521484,25042327
2010-08-12,8.115354537963867,9.086700439453125,9.200337409973145,8.977272987365723,9.006733894348145,38485735
2010-08-13,8.081526756286621,9.048822402954102,9.141413688659668,8.973064422607422,9.006733894348145,29855866
2010-08-16,8.288265228271484,9.280303001403809,9.469696998596191,9.006733894348145,9.031987190246582,62520401
2010-08-17,8.401026725769043,9.40656566619873,9.457071304321289,9.292928695678711,9.292928695678711,45830902
2010-08-18,8.547625541687012,9.570707321166992,9.621212005615234,9.318181991577148,9.41919231414795,40434530
2010-08-19,8.694219589233398,9.734848022460938,9.785353660583496,9.473905563354492,9.490740776062012,59910840
2010-08-20,8.784433364868164,9.835859298706055,9.869528770446777,9.650672912597656,9.659090995788574,48882636
2010-08-23,8.746844291687012,9.793770790100098,9.936868667602539,9.772727012634277,9.86111068725586,33699996
2010-08-24,8.596487998962402,9.625420570373535,9.802188873291016,9.587541580200195,9.688551902770996,37266847
2010-08-25,8.705493927001953,9.747474670410156,9.802188873291016,9.532828330993652,9.56229019165039,37959214
2010-08-26,8.543866157531738,9.566497802734375,9.873737335205078,9.56229019165039,9.785353660583496,53683582
2010-08-27,8.71301555633545,9.755891799926758,9.764309883117676,9.414982795715332,9.612794876098633,42847358
2010-08-30,8.694219589233398,9.734848022460938,9.894781112670898,9.726430892944336,9.764309883117676,33592363
2010-08-31,8.731805801391602,9.776935577392578,9.789562225341797,9.570707321166992,9.680134773254395,39890664
2010-09-01,9.032514572143555,10.113636016845703,10.117844581604004,9.772727012634277,9.772727012634277,51055250
2010-09-02,9.043791770935059,10.126262664794922,10.130471229553223,10.0,10.067339897155762,33678612
2010-09-03,9.070104598999023,10.155723571777344,10.303030014038086,10.079965591430664,10.206229209899902,40381070
2010-09-07,8.844573974609375,9.903199195861816,10.109428405761719,9.869528770446777,10.096800804138184,33294650
2010-09-08,9.235493659973145,10.340909004211426,10.345117568969727,10.063131332397461,10.105218887329102,55364364
2010-09-09,9.134005546569824,10.227272987365723,10.366162300109863,10.07575798034668,10.361952781677246,34534210
2010-09-10,9.058829307556152,10.143097877502441,10.332491874694824,10.084175109863281,10.239898681640625,25518953
2010-09-13,9.134005546569824,10.227272987365723,10.298822402954102,10.096800804138184,10.1010103225708,26283787
2010-09-14,9.115208625793457,10.206229209899902,10.265151977539062,10.117844581604004,10.168350219726562,35492213
2010-09-15,9.09265422821045,10.180975914001465,10.218854904174805,10.067339897155762,10.117844581604004,24061752
2010-09-16,8.983652114868164,10.05892276763916,10.227272987365723,9.953703880310059,10.193602561950684,28605852
2010-09-17,9.103935241699219,10.193602561950684,10.256733894348145,10.096800804138184,10.13888931274414,41243558
2010-09-20,9.265565872192383,10.374579429626465,10.404040336608887,10.193602561950684,10.214646339416504,23744318
2010-09-21,9.299393653869629,10.412458419799805,10.47558879852295,10.332491874694824,10.387205123901367,26198964
2010-09-22,9.149040222167969,10.244108200073242,10.294612884521484,9.840066909790039,10.05892276763916,62791978
2010-09-23,9.115208625793457,10.206229209899902,10.311448097229004,10.113636016845703,10.172558784484863,30051173
2010-09-24,9.299393653869629,10.412458419799805,10.446127891540527,10.193602561950684,10.311448097229004,29089368
2010-09-27,9.31067180633545,10.425084114074707,10.479798316955566,10.324073791503906,10.399831771850586,20401286
2010-09-28,9.348257064819336,10.467171669006348,10.517677307128906,10.227272987365723,10.446127891540527,25225279
2010-09-29,9.393363952636719,10.517677307128906,10.58080768585205,10.340909004211426,10.42087459564209,26303746
2010-09-30,9.171592712402344,10.269359588623047,10.589225769042969,10.206229209899902,10.55976390838623,36916625
2010-10-01,9.194144248962402,10.294612884521484,10.395623207092285,10.180975914001465,10.353534698486328,24751030
2010-10-04,9.051310539245605,10.134679794311523,10.303030014038086,10.071549415588379,10.290404319763184,20926620
2010-10-05,9.243011474609375,10.349327087402344,10.374579429626465,10.202019691467285,10.281987190246582,28749838
2010-10-06,9.190385818481445,10.290404319763184,10.429292678833008,10.206229209899902,10.378787994384766,28247789
2010-10-07,9.303152084350586,10.416666984558105,10.467171669006348,10.290404319763184,10.340909004211426,23731963
2010-10-08,9.250527381896973,10.357744216918945,10.43770980834961,10.231480598449707,10.43770980834961,16913081
2010-10-11,9.130245208740234,10.223064422607422,10.412458419799805,10.193602561950684,10.328283309936523,20996712
2010-10-12,9.190385818481445,10.290404319763184,10.349327087402344,10.134679794311523,10.214646339416504,28933027
2010-10-13,9.348257064819336,10.467171669006348,10.551346778869629,10.290404319763184,10.328283309936523,24066979
2010-10-14,9.502374649047852,10.639731407165527,10.803872108459473,10.521885871887207,10.530303001403809,31913957
2010-10-15,9.652726173400879,10.808080673217773,10.900672912597656,10.732322692871094,10.81229019165039,32847725
2010-10-18,9.667757987976074,10.824915885925293,10.942761421203613,10.707071304321289,10.879630088806152,19326622
2010-10-19,9.596342086791992,10.744949340820312,10.816497802734375,10.57659912109375,10.778619766235352,34246001
2010-10-20,9.645207405090332,10.799662590026855,10.900672912597656,10.728114128112793,10.749157905578613,40215463
2010-10-21,10.224071502685547,11.447811126708984,11.969696998596191,11.435185432434082,11.561448097229004,126645314
2010-10-22,10.551091194152832,11.813973426818848,11.82239055633545,11.447811126708984,11.473064422607422,45063454
2010-10-25,10.498468399047852,11.755050659179688,11.818181991577148,11.641413688659668,11.649831771850586,43493630
2010-10-26,10.806692123413086,12.100168228149414,12.302188873291016,11.599327087402344,11.611952781677246,63878047
2010-10-27,11.005910873413086,12.32323169708252,12.348484992980957,11.969696998596191,12.015993118286133,57782419
2010-10-28,11.17129898071289,12.508418083190918,12.53787899017334,12.218012809753418,12.365320205688477,45138060
2010-10-29,11.223923683166504,12.567339897155762,12.584175109863281,12.4074068069458,12.436868667602539,32614164
2010-11-01,11.035980224609375,12.356902122497559,12.596800804138184,12.297980308532715,12.3989896774292,33710450
2010-11-02,11.302857398986816,12.655723571777344,12.752525329589844,12.44107723236084,12.44107723236084,42129569
2010-11-03,11.31789493560791,12.672558784484863,12.693602561950684,12.491581916809082,12.609428405761719,37482113
2010-11-04,11.332934379577637,12.689393997192383,12.819865226745605,12.626262664794922,12.773569107055664,36147276
2010-11-05,11.603568077087402,12.992424011230469,13.017677307128906,12.685185432434082,12.702019691467285,39762360
2010-11-08,11.592294692993164,12.979798316955566,13.15235710144043,12.899831771850586,12.95875358581543,34295659
2010-11-09,11.4757661819458,12.849327087402344,12.979798316955566,12.731480598449707,12.95875358581543,32803294
2010-11-10,11.62612247467041,13.017677307128906,13.017677307128906,12.710437774658203,12.954545021057129,33810480
2010-11-11,11.573494911193848,12.95875358581543,13.013467788696289,12.714646339416504,12.811448097229004,25023794
2010-11-12,11.329172134399414,12.685185432434082,12.962963104248047,12.659933090209961,12.878787994384766,38395922
2010-11-15,11.299099922180176,12.651515007019043,12.811448097229004,12.563131332397461,12.697811126708984,33433884
2010-11-16,11.190093994140625,12.529460906982422,12.710437774658203,12.436868667602539,12.474746704101562,36288648
2010-11-17,11.329172134399414,12.685185432434082,12.697811126708984,12.382155418395996,12.487374305725098,35286689
2010-11-18,11.490800857543945,12.866162300109863,12.984006881713867,12.723064422607422,12.765151977539062,24936120
2010-11-19,11.389315605163574,12.752525329589844,12.861952781677246,12.655723571777344,12.857744216918945,28234958
2010-11-22,11.51711654663086,12.895623207092285,12.904040336608887,12.579965591430664,12.655723571777344,27745265
2010-11-23,11.344206809997559,12.702019691467285,12.777777671813965,12.47895622253418,12.727272987365723,28633414
2010-11-24,11.731368064880371,13.13552188873291,13.148147583007812,12.790404319763184,12.790404319763184,35960998
2010-11-26,11.708815574645996,13.110268592834473,13.249157905578613,13.017677307128906,13.047138214111328,13273286
2010-11-29,11.36300277709961,12.723064422607422,13.316497802734375,12.693602561950684,12.971380233764648,61131629
2010-11-30,10.953287124633789,12.264309883117676,12.48316478729248,12.117003440856934,12.44528579711914,50258578
2010-12-01,10.998392105102539,12.314814567565918,12.672558784484863,12.272727012634277,12.466329574584961,43632626
2010-12-02,11.242721557617188,12.588383674621582,12.655723571777344,12.314814567565918,12.369528770446777,26893231
2010-12-03,11.129952430725098,12.46212100982666,12.5,12.314814567565918,12.390571594238281,21190118
2010-12-06,11.084846496582031,12.411616325378418,12.550504684448242,12.377945899963379,12.4074068069458,20394871
2010-12-07,11.276552200317383,12.626262664794922,12.803030014038086,12.55471420288086,12.563131332397461,35430437
2010-12-08,11.332934379577637,12.689393997192383,12.723064422607422,12.470539093017578,12.672558784484863,25010251
2010-12-09,11.40810775756836,12.773569107055664,12.819865226745605,12.702019691467285,12.727272987365723,20779308
2010-12-10,11.535908699035645,12.916666984558105,12.967171669006348,12.765151977539062,12.836700439453125,23931785
2010-12-13,11.381795883178711,12.744108200073242,12.971380233764648,12.744108200073242,12.933502197265625,25545564
2010-12-14,11.558463096618652,12.941919326782227,12.967171669006348,12.735690116882324,12.786194801330566,23582275
2010-12-15,11.347965240478516,12.706229209899902,12.971380233764648,12.67676830291748,12.933502197265625,32932310
2010-12-16,11.4757661819458,12.849327087402344,12.849327087402344,12.605218887329102,12.756733894348145,23576335
2010-12-17,11.208889961242676,12.550504684448242,12.891413688659668,12.533670425415039,12.874579429626465,42961406
2010-12-20,11.11867904663086,12.449495315551758,12.579965591430664,12.411616325378418,12.563131332397461,25192015
2010-12-21,10.769102096557617,12.058080673217773,12.4957914352417,12.04124641418457,12.453703880310059,40707533
2010-12-22,10.739030838012695,12.02441120147705,12.201177597045898,12.015993118286133,12.112794876098633,25094124
2010-12-23,10.645062446594238,11.91919231414795,12.020201683044434,11.86447811126709,12.007575988769531,17316288
2010-12-27,10.641302108764648,11.914982795715332,11.978114128112793,11.78451156616211,11.860268592834473,12420302
2010-12-28,10.656339645385742,11.931818008422852,11.931818008422852,11.818181991577148,11.914982795715332,18811505
2010-12-29,10.66009521484375,11.936026573181152,11.994949340820312,11.839225769042969,11.94023609161377,10724551
2010-12-30,10.573643684387207,11.839225769042969,11.92340087890625,11.78451156616211,11.90235710144043,10352232
2010-12-31,10.4608793258667,11.712963104248047,11.83080768585205,11.654040336608887,11.80976390838623,16823743
2011-01-03,10.780378341674805,12.070707321166992,12.142255783081055,11.839225769042969,11.872896194458008,31258894
2011-01-04,10.701445579528809,11.982322692871094,12.344276428222656,11.973905563354492,12.154882431030273,28034662
2011-01-05,10.799174308776855,12.091751098632812,12.138047218322754,11.91919231414795,11.948653221130371,15881184
2011-01-06,10.682648658752441,11.961278915405273,12.159090995788574,11.910774230957031,12.125420570373535,17462174
2011-01-07,10.412013053894043,11.658248901367188,12.028619766235352,11.456229209899902,12.011784553527832,43036013
2011-01-10,10.622507095336914,11.893939018249512,11.914982795715332,11.565656661987305,11.632996559143066,27017258
2011-01-11,10.66009521484375,11.936026573181152,11.999157905578613,11.82239055633545,11.936026573181152,23371286
2011-01-12,10.836762428283691,12.133837699890137,12.133837699890137,11.910774230957031,11.986532211303711,24041318
2011-01-13,10.791656494140625,12.083333015441895,12.167508125305176,11.990740776062012,12.163299560546875,20709216
2011-01-14,10.968324661254883,12.281145095825195,12.289562225341797,11.957071304321289,12.070707321166992,19872864
2011-01-18,11.069812774658203,12.394781112670898,12.44107723236084,12.230640411376953,12.302188873291016,28438106
2011-01-19,10.938254356384277,12.247474670410156,12.533670425415039,12.150672912597656,12.403199195861816,55426140
2011-01-20,11.56973934173584,12.954545021057129,13.038721084594727,12.563131332397461,12.664140701293945,66196786
2011-01-21,11.284067153930664,12.634679794311523,13.005050659179688,12.596800804138184,12.941919326782227,35683481
2011-01-24,11.468247413635254,12.840909004211426,12.866162300109863,12.605218887329102,12.622054100036621,30378110
2011-01-25,11.618606567382812,13.009259223937988,13.017677307128906,12.651515007019043,12.731480598449707,35390045
2011-01-26,11.674985885620117,13.07239055633545,13.106060981750488,12.744108200073242,12.941919326782227,31096375
2011-01-27,11.637398719787598,13.030303001403809,13.127103805541992,12.857744216918945,13.047138214111328,19948421
2011-01-28,11.393072128295898,12.756733894348145,13.13131332397461,12.664140701293945,12.97558879852295,30318948
2011-01-31,11.411867141723633,12.777777671813965,12.836700439453125,12.4957914352417,12.739898681640625,24993857
2011-02-01,11.892999649047852,13.316497802734375,13.383837699890137,12.845117568969727,12.878787994384766,34407806
2011-02-02,11.983209609985352,13.417508125305176,13.518519401550293,13.202861785888672,13.257575988769531,30349836
2011-02-03,12.047111511230469,13.489056587219238,13.644781112670898,13.371212005615234,13.375420570373535,29030681
2011-02-04,12.107254981994629,13.556397438049316,13.581649780273438,13.244949340820312,13.417508125305176,24932794
2011-02-07,12.11853313446045,13.569024085998535,13.720539093017578,13.505891799926758,13.526935577392578,28025870
2011-02-08,12.268888473510742,13.737374305725098,13.783670425415039,13.564814567565918,13.590066909790039,17393508
2011-02-09,12.009526252746582,13.446969985961914,13.686868667602539,13.392255783081055,13.632155418395996,29462875
2011-02-10,12.964266777038574,14.515993118286133,14.638047218322754,13.358586311340332,13.367003440856934,68854342
2011-02-11,12.971792221069336,14.52441120147705,14.617003440856934,14.288721084594727,14.38552188873291,34772760
2011-02-14,12.72746467590332,14.250842094421387,14.528619766235352,14.162458419799805,14.515993118286133,24969384
2011-02-15,12.952994346618652,14.50336742401123,14.532828330993652,14.179292678833008,14.179292678833008,24043694
2011-02-16,12.952994346618652,14.50336742401123,14.617003440856934,14.398147583007812,14.520201683044434,18053561
2011-02-17,13.039449691772461,14.600168228149414,14.877945899963379,14.478114128112793,14.486532211303711,25402291
2011-02-18,12.979307174682617,14.532828330993652,14.633837699890137,14.478114128112793,14.57912540435791,21685752
2011-02-22,12.648528099060059,14.162458419799805,14.528619766235352,14.107744216918945,14.36447811126709,20408414
2011-02-23,12.347822189331055,13.82575798034668,14.297138214111328,13.813131332397461,14.212963104248047,29108376
2011-02-24,12.43803596496582,13.92676830291748,13.973064422607422,13.678450584411621,13.80471420288086,22514738
2011-02-25,12.641011238098145,14.154040336608887,14.212963104248047,13.947811126708984,13.968854904174805,24698282
2011-02-28,12.595903396606445,14.103534698486328,14.305556297302246,14.040404319763184,14.183502197265625,19145808
2011-03-01,12.13732624053955,13.590066909790039,14.196127891540527,13.531145095825195,14.196127891540527,30541342
2011-03-02,12.283920288085938,13.7542085647583,13.8425931930542,13.425926208496094,13.547980308532715,20941114
2011-03-03,12.377893447875977,13.859428405761719,14.132996559143066,13.636363983154297,13.640571594238281,19902089
2011-03-04,12.03207778930664,13.472222328186035,13.80471420288086,13.383837699890137,13.7457914352417,26730475
2011-03-07,11.840375900268555,13.257575988769531,13.665824890136719,13.11868667602539,13.522727012634277,27216605
2011-03-08,11.904279708862305,13.32912540435791,13.442761421203613,13.211278915405273,13.257575988769531,26293291
2011-03-09,11.776473999023438,13.186026573181152,13.270201683044434,12.895623207092285,13.257575988769531,27083549
2011-03-10,11.682504653930664,13.08080768585205,13.375420570373535,12.916666984558105,13.068181991577148,28089547
2011-03-11,11.622363090515137,13.013467788696289,13.17340087890625,12.899831771850586,13.005050659179688,19630037
2011-03-14,11.565980911254883,12.950337409973145,12.962963104248047,12.67676830291748,12.93770980834961,22379782
2011-03-15,11.441937446594238,12.811448097229004,13.009259223937988,12.512625694274902,12.588383674621582,27780192
2011-03-16,11.175060272216797,12.512625694274902,12.979798316955566,12.46212100982666,12.777777671813965,34602876
2011-03-17,11.257755279541016,12.605218887329102,12.99663257598877,12.53787899017334,12.710437774658203,21786732
2011-03-18,11.453214645385742,12.824073791503906,13.07239055633545,12.727272987365723,12.760943412780762,29519424
2011-03-21,11.494563102722168,12.870369911193848,13.16919231414795,12.811448097229004,13.030303001403809,15339694
2011-03-22,11.35924243927002,12.718854904174805,12.849327087402344,12.617844581604004,12.840909004211426,24534814
2011-03-23,11.528392791748047,12.908248901367188,12.95875358581543,12.613636016845703,12.718854904174805,14780621
2011-03-24,11.93810749053955,13.367003440856934,13.367003440856934,12.92087459564209,13.026094436645508,21461695
2011-03-25,11.91555404663086,13.341751098632812,13.627945899963379,13.337541580200195,13.425926208496094,18922702
2011-03-28,11.404349327087402,12.769359588623047,13.392255783081055,12.748315811157227,13.392255783081055,56859581
2011-03-29,11.682504653930664,13.08080768585205,13.110268592834473,12.748315811157227,12.748315811157227,24536477
2011-03-30,11.889241218566895,13.31229019165039,13.413299560546875,13.089225769042969,13.17340087890625,23129410
2011-03-31,11.66746711730957,13.063973426818848,13.341751098632812,13.051346778869629,13.303872108459473,25469294
2011-04-01,11.787751197814941,13.198653221130371,13.350168228149414,12.92087459564209,13.232322692871094,21220056
2011-04-04,11.799030303955078,13.211278915405273,13.316497802734375,12.992424011230469,13.198653221130371,16849166
2011-04-05,11.968177795410156,13.400672912597656,13.82575798034668,13.17340087890625,13.207071304321289,30537065
2011-04-06,11.971936225891113,13.404882431030273,13.724746704101562,13.31229019165039,13.522727012634277,16991489
2011-04-07,11.851652145385742,13.270201683044434,13.438551902770996,13.110268592834473,13.354376792907715,23063832
2011-04-08,11.705059051513672,13.106060981750488,13.417508125305176,13.005050659179688,13.299662590026855,13410619
2011-04-11,11.723851203918457,13.127103805541992,13.32912540435791,13.013467788696289,13.148147583007812,13919558
2011-04-12,11.539665222167969,12.92087459564209,13.198653221130371,12.882996559143066,12.979798316955566,17424396
2011-04-13,11.528392791748047,12.908248901367188,13.055556297302246,12.798822402954102,13.005050659179688,17935474
2011-04-14,11.596052169799805,12.984006881713867,13.021885871887207,12.706229209899902,12.882996559143066,18985666
2011-04-15,11.881725311279297,13.303872108459473,13.354376792907715,12.925084114074707,12.984006881713867,28271786
2011-04-18,11.708815574645996,13.110268592834473,13.160774230957031,12.811448097229004,13.13131332397461,20319314
2011-04-19,11.708815574645996,13.110268592834473,13.13552188873291,12.946127891540527,13.09764289855957,14595530
2011-04-20,11.93810749053955,13.367003440856934,13.564814567565918,13.211278915405273,13.299662590026855,16564997
2011-04-21,12.009526252746582,13.446969985961914,13.468012809753418,13.31229019165039,13.388047218322754,19924186
2011-04-25,12.389166831970215,13.872054100036621,13.872054100036621,13.57323169708252,13.653199195861816,22101077
2011-04-26,12.434272766113281,13.922558784484863,14.061448097229004,13.80892276763916,14.002525329589844,24235200
2011-04-27,12.791366577148438,14.32239055633545,14.410774230957031,13.922558784484863,13.989898681640625,40305989
2011-04-28,12.780089378356934,14.30976390838623,14.583333015441895,13.973064422607422,14.532828330993652,44906400
2011-04-29,12.926684379577637,14.473905563354492,14.515993118286133,14.305556297302246,14.360268592834473,29273746
2011-05-02,12.644768714904785,14.158248901367188,14.469696998596191,14.137205123901367,14.18770980834961,22699829
2011-05-03,12.60718059539795,14.116162300109863,14.297138214111328,14.002525329589844,14.120369911193848,13769395
2011-05-04,12.407960891723633,13.893097877502441,14.082491874694824,13.7457914352417,14.036194801330566,21584059
2011-05-05,12.283920288085938,13.7542085647583,14.027777671813965,13.661616325378418,13.762625694274902,18519257
2011-05-06,12.298956871032715,13.77104377746582,14.057238578796387,13.543770790100098,13.88888931274414,26114141
2011-05-09,12.449309349060059,13.939393997192383,14.023569107055664,13.623737335205078,13.71212100982666,18237226
2011-05-10,12.753777503967285,14.280303001403809,14.469696998596191,14.149831771850586,14.30976390838623,34595986
2011-05-11,12.520727157592773,14.019359588623047,14.30976390838623,13.947811126708984,14.145623207092285,24948000
2011-05-12,12.62221908569336,14.132996559143066,14.204545021057129,13.872054100036621,13.998315811157227,19720800
2011-05-13,12.618459701538086,14.128787994384766,14.280303001403809,14.002525329589844,14.099327087402344,15441624
2011-05-16,12.167397499084473,13.623737335205078,14.057238578796387,13.594276428222656,14.027777671813965,17406576
2011-05-17,12.272643089294434,13.741581916809082,13.75,13.493266105651855,13.606902122497559,15842455
2011-05-18,12.359099388122559,13.838383674621582,13.859428405761719,13.547980308532715,13.70791244506836,13767970
2011-05-19,12.36661434173584,13.846800804138184,13.973064422607422,13.78787899017334,13.939393997192383,11340173
2011-05-20,12.20874309539795,13.670034408569336,13.838383674621582,13.661616325378418,13.800504684448242,16473046
2011-05-23,11.889241218566895,13.31229019165039,13.468012809753418,13.257575988769531,13.468012809753418,21384000
2011-05-24,11.584773063659668,12.971380233764648,13.451177597045898,12.967171669006348,13.358586311340332,32037746
2011-05-25,11.539665222167969,12.92087459564209,13.005050659179688,12.765151977539062,12.992424011230469,39816295
2011-05-26,11.52463436126709,12.904040336608887,12.992424011230469,12.781987190246582,12.870369911193848,28145146
2011-05-27,11.532150268554688,12.912458419799805,12.950337409973145,12.836700439453125,12.908248901367188,16574501
2011-05-31,11.71633243560791,13.11868667602539,13.219696998596191,13.026094436645508,13.11447811126709,22324421
2011-06-01,11.51711654663086,12.895623207092285,13.13552188873291,12.882996559143066,13.09764289855957,24648862
2011-06-02,11.757681846618652,13.164982795715332,13.194443702697754,12.840909004211426,12.840909004211426,37590934
2011-06-03,11.389315605163574,12.752525329589844,13.07659912109375,12.744108200073242,12.95875358581543,29185596
2011-06-06,11.111161231994629,12.44107723236084,12.828283309936523,12.411616325378418,12.718854904174805,29411316
2011-06-07,11.246479034423828,12.5925931930542,12.769359588623047,12.4074068069458,12.53787899017334,27101606
2011-06-08,11.490800857543945,12.866162300109863,13.000842094421387,12.773569107055664,12.857744216918945,53898372
2011-06-09,11.52463436126709,12.904040336608887,13.026094436645508,12.815656661987305,12.878787994384766,30451766
2011-06-10,11.261513710021973,12.609428405761719,12.962963104248047,12.596800804138184,12.832491874694824,31879742
2011-06-13,11.223923683166504,12.567339897155762,12.710437774658203,12.3989896774292,12.647306442260742,26931960
2011-06-14,11.1863374710083,12.525253295898438,12.739898681640625,12.487374305725098,12.668350219726562,26525426
2011-06-15,10.772860527038574,12.06229019165039,12.487374305725098,12.015993118286133,12.4074068069458,42323688
2011-06-16,10.701445579528809,11.982322692871094,12.251684188842773,11.893939018249512,12.049662590026855,31653785
2011-06-17,10.836762428283691,12.133837699890137,12.167508125305176,11.969696998596191,12.129630088806152,38420158
2011-06-20,10.83300495147705,12.129630088806152,12.192761421203613,12.020201683044434,12.066497802734375,28768608
2011-06-21,11.193854331970215,12.533670425415039,12.57575798034668,12.108586311340332,12.159090995788574,29395872
2011-06-22,11.032221794128418,12.352693557739258,12.487374305725098,12.331649780273438,12.466329574584961,24642209
2011-06-23,10.994633674621582,12.310606002807617,12.352693557739258,12.108586311340332,12.218012809753418,40162241
2011-06-24,10.656339645385742,11.931818008422852,12.44107723236084,11.851852416992188,12.331649780273438,54355039
2011-06-27,10.791656494140625,12.083333015441895,12.243266105651855,11.88552188873291,11.889731407165527,33331241
2011-06-28,10.885628700256348,12.188551902770996,12.377945899963379,12.06229019165039,12.117003440856934,38628295
2011-06-29,11.599810600280762,12.988215446472168,13.09343433380127,12.011784553527832,12.272727012634277,81007819
2011-06-30,12.129806518554688,13.581649780273438,13.813131332397461,13.337541580200195,13.606902122497559,75874709
2011-07-01,12.306472778320312,13.779460906982422,13.80471420288086,13.463805198669434,13.577441215515137,30799138
2011-07-05,12.268888473510742,13.737374305725098,13.838383674621582,13.623737335205078,13.783670425415039,21920501
2011-07-06,12.37413215637207,13.855218887329102,13.930975914001465,13.615320205688477,13.737374305725098,23466564
2011-07-07,12.528244972229004,14.027777671813965,14.141413688659668,13.905723571777344,13.930975914001465,26466739
2011-07-08,12.562074661254883,14.065656661987305,14.069865226745605,13.821549415588379,13.872054100036621,19914206
2011-07-11,12.370373725891113,13.8510103225708,14.339225769042969,13.77104377746582,13.930975914001465,37079381
2011-07-12,12.126049041748047,13.577441215515137,14.095117568969727,13.522727012634277,13.994108200073242,33327677
2011-07-13,12.171154022216797,13.627945899963379,13.80471420288086,13.489056587219238,13.640571594238281,27751918
2011-07-14,12.099737167358398,13.547980308532715,13.80471420288086,13.434343338012695,13.602693557739258,25996054
2011-07-15,12.332784652709961,13.80892276763916,13.901515007019043,13.606902122497559,13.686868667602539,37987963
2011-07-18,12.291435241699219,13.762625694274902,13.989898681640625,13.615320205688477,13.80892276763916,24605856
2011-07-19,12.689875602722168,14.20875358581543,14.335017204284668,13.78787899017334,13.922558784484863,43038864
2011-07-20,12.468104362487793,13.960437774658203,14.38552188873291,13.876262664794922,14.30976390838623,54494035
2011-07-21,12.56959056854248,14.074073791503906,14.726430892944336,14.031987190246582,14.20875358581543,63119628
2011-07-22,12.592146873474121,14.099327087402344,14.162458419799805,13.939393997192383,14.095117568969727,23491750
2011-07-25,12.704909324645996,14.22558879852295,14.305556297302246,13.82575798034668,13.867844581604004,24703747
2011-07-26,12.937958717346191,14.486532211303711,14.515993118286133,14.238215446472168,14.28451156616211,29158272
2011-07-27,12.53952407836914,14.040404319763184,14.389731407165527,14.019359588623047,14.38131332397461,28122336
2011-07-28,12.535761833190918,14.036194801330566,14.217171669006348,13.914140701293945,13.985690116882324,17935474
2011-07-29,12.310233116149902,13.783670425415039,14.090909004211426,13.76683521270752,13.939393997192383,25270423
2011-08-01,12.411718368530273,13.897306442260742,14.040404319763184,13.598484992980957,13.939393997192383,28607278
2011-08-02,11.934347152709961,13.362794876098633,13.8510103225708,13.354376792907715,13.783670425415039,35511221
2011-08-03,12.122288703918457,13.57323169708252,13.703703880310059,12.988215446472168,13.371212005615234,41387782
2011-08-04,11.291585922241211,12.643097877502441,13.383837699890137,12.63888931274414,13.324915885925293,57978914
2011-08-05,11.013429641723633,12.331649780273438,12.807238578796387,12.00336742401123,12.781987190246582,60790910
2011-08-08,10.130101203918457,11.3425931930542,12.100168228149414,11.338383674621582,11.92760944366455,53084592
2011-08-09,11.336689949035645,12.693602561950684,12.697811126708984,11.477272987365723,11.502525329589844,75020299
2011-08-10,10.957046508789062,12.268519401550293,12.781987190246582,12.117003440856934,12.36111068725586,53580463
2011-08-11,11.351727485656738,12.710437774658203,12.870369911193848,12.213805198669434,12.306397438049316,36111398
2011-08-12,11.4757661819458,12.849327087402344,12.912458419799805,12.571549415588379,12.773569107055664,29048738
2011-08-15,11.611085891723633,13.000842094421387,13.026094436645508,12.731480598449707,12.895623207092285,18171886
2011-08-16,11.411867141723633,12.777777671813965,12.971380233764648,12.571549415588379,12.861952781677246,20895257
2011-08-17,11.37051773071289,12.731480598449707,13.042928695678711,12.53787899017334,12.819865226745605,20909513
2011-08-18,10.502227783203125,11.759259223937988,12.512625694274902,11.611952781677246,12.352693557739258,39545194
2011-08-19,10.209033966064453,11.430975914001465,12.011784553527832,11.30471420288086,11.561448097229004,39867617
2011-08-22,10.284213066101074,11.515151977539062,11.780303001403809,11.414140701293945,11.691919326782227,24042269
2011-08-23,10.870593070983887,12.171716690063477,12.184343338012695,11.435185432434082,11.586700439453125,26661096
2011-08-24,10.919459342956543,12.226430892944336,12.487374305725098,12.02441120147705,12.171716690063477,24116400
2011-08-25,10.648818969726562,11.92340087890625,12.4074068069458,11.88552188873291,12.255891799926758,26084441
2011-08-26,11.073569297790527,12.3989896774292,12.403199195861816,11.641413688659668,11.889731407165527,29777458
2011-08-29,11.460734367370605,12.832491874694824,12.92087459564209,12.512625694274902,12.512625694274902,27525485
2011-08-30,11.633638381958008,13.026094436645508,13.127103805541992,12.647306442260742,12.748315811157227,28867212
2011-08-31,11.603568077087402,12.992424011230469,13.295454978942871,12.803030014038086,13.047138214111328,30801989
2011-09-01,11.423145294189453,12.790404319763184,13.11447811126709,12.731480598449707,12.950337409973145,23232528
2011-09-02,11.054777145385742,12.377945899963379,12.63888931274414,12.272727012634277,12.567339897155762,18950738
2011-09-06,11.002151489257812,12.319024085998535,12.36111068725586,11.957071304321289,11.999157905578613,23335409
2011-09-07,11.182574272155762,12.52104377746582,12.563131332397461,12.335859298706055,12.5,32637924
2011-09-08,11.468247413635254,12.840909004211426,12.899831771850586,12.432660102844238,12.47895622253418,32993374
2011-09-09,10.697687149047852,11.978114128112793,12.67676830291748,11.90235710144043,12.672558784484863,47190924
2011-09-12,11.0585355758667,12.382155418395996,12.428450584411621,11.952861785888672,11.969696998596191,39424968
2011-09-13,11.051018714904785,12.373737335205078,12.487374305725098,12.251684188842773,12.382155418395996,22210135
2011-09-14,11.329172134399414,12.685185432434082,12.92087459564209,12.230640411376953,12.436868667602539,33182266
2011-09-15,12.043352127075195,13.484848022460938,13.569024085998535,12.99663257598877,13.042928695678711,40206434
2011-09-16,12.66356372833252,14.179292678833008,14.267677307128906,13.619528770446777,13.76683521270752,65145406
2011-09-19,12.441793441772461,13.930975914001465,14.078283309936523,13.69528579711914,13.973064422607422,44173642
2011-09-20,12.302713394165039,13.775253295898438,14.082491874694824,13.619528770446777,13.968854904174805,32569733
2011-09-21,12.11853313446045,13.569024085998535,14.212963104248047,13.531145095825195,13.79208755493164,43054546
2011-09-22,11.904279708862305,13.32912540435791,13.425926208496094,12.954545021057129,13.07239055633545,46431792
2011-09-23,12.058389663696289,13.501684188842773,13.615320205688477,13.148147583007812,13.228114128112793,37274926
2011-09-26,12.23505687713623,13.699495315551758,13.724746704101562,13.15235710144043,13.602693557739258,34643268
2011-09-27,12.223777770996094,13.686868667602539,14.010943412780762,13.501684188842773,13.914140701293945,33944962
2011-09-28,11.892999649047852,13.316497802734375,13.947811126708984,13.265993118286133,13.779460906982422,29962073
2011-09-29,11.528392791748047,12.908248901367188,13.632155418395996,12.588383674621582,13.585859298706055,40097614
2011-09-30,11.084846496582031,12.411616325378418,12.861952781677246,12.264309883117676,12.710437774658203,41470229
2011-10-03,10.566126823425293,11.83080768585205,12.394781112670898,11.813973426818848,12.281145095825195,40270586
2011-10-04,11.032221794128418,12.352693557739258,12.356902122497559,11.536194801330566,11.679292678833008,41097910
2011-10-05,11.4757661819458,12.849327087402344,12.946127891540527,12.150672912597656,12.4074068069458,36855324
2011-10-06,11.817822456359863,13.232322692871094,13.240740776062012,12.655723571777344,12.870369911193848,34597411
2011-10-07,11.678746223449707,13.07659912109375,13.265993118286133,12.941919326782227,13.16919231414795,31854557
2011-10-10,12.141084671020508,13.594276428222656,13.6489896774292,13.219696998596191,13.337541580200195,17035445
2011-10-11,12.340301513671875,13.817339897155762,13.914140701293945,13.459595680236816,13.468012809753418,24420053
2011-10-12,12.310233116149902,13.783670425415039,14.166666984558105,13.76683521270752,13.994108200073242,33205788
2011-10-13,12.306472778320312,13.779460906982422,13.834175109863281,13.455387115478516,13.70791244506836,28616544
2011-10-14,12.66356372833252,14.179292678833008,14.259259223937988,13.981480598449707,13.998315811157227,30803177
2011-10-17,12.486899375915527,13.981480598449707,14.137205123901367,13.905723571777344,14.132996559143066,26487886
2011-10-18,12.731224060058594,14.255050659179688,14.372896194458008,13.670034408569336,14.044612884521484,29880814
2011-10-19,12.471861839294434,13.964646339416504,14.490740776062012,13.8425931930542,14.24663257598877,45151603
2011-10-20,12.084701538085938,13.531145095825195,13.653199195861816,12.899831771850586,13.396465301513672,61238549
2011-10-21,12.073426246643066,13.518519401550293,13.70791244506836,13.413299560546875,13.686868667602539,30860201
2011-10-24,12.167397499084473,13.623737335205078,13.724746704101562,13.316497802734375,13.459595680236816,25372829
2011-10-25,11.904279708862305,13.32912540435791,13.77104377746582,13.303872108459473,13.606902122497559,24712538
2011-10-26,11.682504653930664,13.08080768585205,13.577441215515137,12.904040336608887,13.442761421203613,30035016
2011-10-27,12.13732624053955,13.590066909790039,13.703703880310059,13.379630088806152,13.472222328186035,30768962
2011-10-28,12.498174667358398,13.994108200073242,14.015151977539062,13.468012809753418,13.484848022460938,28338077
2011-10-31,11.96441650390625,13.396465301513672,13.79208755493164,13.375420570373535,13.78787899017334,30198960
2011-11-01,11.611085891723633,13.000842094421387,13.295454978942871,12.92087459564209,12.954545021057129,37817604
2011-11-02,11.945626258850098,13.375420570373535,13.442761421203613,13.15656566619873,13.164982795715332,28238285
2011-11-03,12.422998428344727,13.909933090209961,13.930975914001465,13.442761421203613,13.480640411376953,28224029
2011-11-04,12.295199394226074,13.76683521270752,13.829965591430664,13.543770790100098,13.75,22653259
2011-11-07,12.204987525939941,13.665824890136719,13.720539093017578,13.400672912597656,13.716329574584961,16550741
2011-11-08,12.37413215637207,13.855218887329102,13.884679794311523,13.526935577392578,13.75,15510290
2011-11-09,11.7200927734375,13.122896194458008,13.543770790100098,13.09764289855957,13.543770790100098,22491216
2011-11-10,11.558463096618652,12.941919326782227,13.278619766235352,12.828283309936523,13.25336742401123,44684006
2011-11-11,11.93810749053955,13.367003440856934,13.451177597045898,13.05976390838623,13.089225769042969,17874648
2011-11-14,11.806548118591309,13.219696998596191,13.375420570373535,13.15235710144043,13.32912540435791,13317005
2011-11-15,11.82158374786377,13.236532211303711,13.333333015441895,12.97558879852295,13.127103805541992,19938679
2011-11-16,11.479525566101074,12.853534698486328,13.13552188873291,12.807238578796387,13.101852416992188,18453204
2011-11-17,11.144989013671875,12.47895622253418,12.845117568969727,12.243266105651855,12.803030014038086,29821651
2011-11-18,11.205130577087402,12.546296119689941,12.773569107055664,12.491581916809082,12.57575798034668,29241194
2011-11-21,10.806692123413086,12.100168228149414,12.365320205688477,11.96548843383789,12.344276428222656,31871664
2011-11-22,10.91569995880127,12.222222328186035,12.302188873291016,11.994949340820312,12.070707321166992,21106721
2011-11-23,10.731514930725098,12.015993118286133,12.403199195861816,11.994949340820312,12.129630088806152,25604964
2011-11-25,10.611234664916992,11.88131332397461,12.154882431030273,11.84764289855957,12.011784553527832,8259214
2011-11-28,11.148748397827148,12.48316478729248,12.55892276763916,12.251684188842773,12.331649780273438,22601938
2011-11-29,10.806692123413086,12.100168228149414,12.508418083190918,11.994949340820312,12.508418083190918,31937004
2011-11-30,11.12243366241455,12.453703880310059,12.571549415588379,12.335859298706055,12.487374305725098,28644106
2011-12-01,11.156266212463379,12.491581916809082,12.643097877502441,12.377945899963379,12.428450584411621,19756915
2011-12-02,11.12619400024414,12.45791244506836,12.748315811157227,12.449495315551758,12.617844581604004,22117709
2011-12-05,11.539665222167969,12.92087459564209,13.021885871887207,12.836700439453125,12.93770980834961,23860030
2011-12-06,11.61484432220459,13.005050659179688,13.127103805541992,12.92087459564209,12.95875358581543,21542004
2011-12-07,11.629878997802734,13.021885871887207,13.110268592834473,12.794612884521484,12.933502197265625,20853677
2011-12-08,11.663708686828613,13.05976390838623,13.236532211303711,12.874579429626465,12.887205123901367,40049381
2011-12-09,11.892999649047852,13.316497802734375,13.371212005615234,13.08080768585205,13.08080768585205,29707841
2011-12-12,11.701299667358398,13.101852416992188,13.21548843383789,12.99663257598877,13.15656566619873,24804490
2011-12-13,11.592294692993164,12.979798316955566,13.345959663391113,12.882996559143066,13.164982795715332,23789225
2011-12-14,11.37803840637207,12.739898681640625,13.122896194458008,12.605218887329102,13.101852416992188,24553346
2011-12-15,11.12619400024414,12.45791244506836,12.874579429626465,12.239056587219238,12.840909004211426,28422662
2011-12-16,11.426902770996094,12.794612884521484,12.988215446472168,12.512625694274902,12.54208755493164,39352262
2011-12-19,11.190093994140625,12.529460906982422,12.967171669006348,12.474746704101562,12.878787994384766,27107071
2011-12-20,11.513355255126953,12.891413688659668,12.904040336608887,12.651515007019043,12.773569107055664,21269002
2011-12-21,11.404349327087402,12.769359588623047,13.005050659179688,12.5042085647583,12.840909004211426,19208297
2011-12-22,11.505837440490723,12.882996559143066,12.946127891540527,12.697811126708984,12.752525329589844,15128230
2011-12-23,11.592294692993164,12.979798316955566,13.000842094421387,12.815656661987305,12.962963104248047,8047512
2011-12-27,11.622363090515137,13.013467788696289,13.063973426818848,12.853534698486328,12.967171669006348,8119030
2011-12-28,11.430663108825684,12.798822402954102,13.038721084594727,12.756733894348145,12.962963104248047,9680537
2011-12-29,11.411867141723633,12.777777671813965,12.815656661987305,12.588383674621582,12.781987190246582,13083682
2011-12-30,11.400590896606445,12.765151977539062,12.845117568969727,12.689393997192383,12.739898681640625,8769103
2012-01-03,11.780231475830078,13.19023609161377,13.257575988769531,12.946127891540527,12.97558879852295,25156850
2012-01-04,11.336689949035645,12.693602561950684,12.878787994384766,12.436868667602539,12.874579429626465,78181092
2012-01-05,11.543427467346191,12.925084114074707,12.941919326782227,12.617844581604004,12.710437774658203,31470358
2012-01-06,11.513355255126953,12.891413688659668,13.017677307128906,12.866162300109863,12.912458419799805,17417506
2012-01-09,11.468247413635254,12.840909004211426,13.08080768585205,12.702019691467285,13.051346778869629,18989230
2012-01-10,11.727611541748047,13.13131332397461,13.194443702697754,12.95875358581543,13.030303001403809,22115808
2012-01-11,11.847896575927734,13.265993118286133,13.425926208496094,13.186026573181152,13.194443702697754,22324421
2012-01-12,11.870444297790527,13.29124641418457,13.468012809753418,13.19023609161377,13.362794876098633,20653855
2012-01-13,11.509596824645996,12.887205123901367,13.282828330993652,12.861952781677246,13.236532211303711,29121444
2012-01-17,11.4757661819458,12.849327087402344,13.15235710144043,12.748315811157227,13.110268592834473,34327973
2012-01-18,11.404349327087402,12.769359588623047,12.803030014038086,12.579965591430664,12.672558784484863,74910528
2012-01-19,11.844134330749512,13.261784553527832,13.442761421203613,13.051346778869629,13.16919231414795,58984438
2012-01-20,12.002006530761719,13.438551902770996,13.446969985961914,13.194443702697754,13.257575988769531,31011790
2012-01-23,12.02455997467041,13.463805198669434,13.6574068069458,13.354376792907715,13.358586311340332,28466143
2012-01-24,12.009526252746582,13.446969985961914,13.569024085998535,13.354376792907715,13.354376792907715,17023090
2012-01-25,12.005765914916992,13.442761421203613,13.497474670410156,13.270201683044434,13.367003440856934,18704822
2012-01-26,11.919313430786133,13.345959663391113,13.590066909790039,13.236532211303711,13.497474670410156,15765473
2012-01-27,11.971936225891113,13.404882431030273,13.484848022460938,13.236532211303711,13.320707321166992,17279460
2012-01-30,11.870444297790527,13.29124641418457,13.379630088806152,13.236532211303711,13.278619766235352,19482250
2012-01-31,11.877964973449707,13.299662590026855,13.434343338012695,13.186026573181152,13.362794876098633,17936662
2012-02-01,12.103495597839355,13.552188873291016,13.678450584411621,13.362794876098633,13.425926208496094,27540691
2012-02-02,12.291435241699219,13.762625694274902,13.800504684448242,13.493266105651855,13.552188873291016,26349127
2012-02-03,12.385408401489258,13.867844581604004,14.002525329589844,13.821549415588379,13.88888931274414,21515630
2012-02-06,12.268888473510742,13.737374305725098,13.783670425415039,13.632155418395996,13.762625694274902,20895019
2012-02-07,12.355340003967285,13.834175109863281,13.880471229553223,13.644781112670898,13.7542085647583,16424100
2012-02-08,12.422998428344727,13.909933090209961,14.048822402954102,13.775253295898438,13.846800804138184,23426885
2012-02-09,12.501930236816406,13.998315811157227,14.010943412780762,13.724746704101562,13.935185432434082,18888725
2012-02-10,12.41547966003418,13.901515007019043,14.010943412780762,13.73316478729248,13.8425931930542,17369273
2012-02-13,12.464345932006836,13.956229209899902,14.095117568969727,13.88888931274414,14.010943412780762,12747002
2012-02-14,12.389166831970215,13.872054100036621,13.985690116882324,13.77104377746582,13.88888931274414,15516230
2012-02-15,12.520727157592773,14.019359588623047,14.24663257598877,13.838383674621582,13.956229209899902,32283187
2012-02-16,12.971792221069336,14.52441120147705,14.558080673217773,14.027777671813965,14.031987190246582,33739438
2012-02-17,13.1785249710083,14.755891799926758,14.819024085998535,14.410774230957031,14.511784553527832,38596219
2012-02-21,13.208599090576172,14.789562225341797,14.869528770446777,14.696969985961914,14.755891799926758,22501195
2012-02-22,13.031930923461914,14.591751098632812,14.747474670410156,14.478114128112793,14.730640411376953,18213941
2012-02-23,13.539375305175781,15.159933090209961,15.214646339416504,14.604376792907715,14.625420570373535,44479670
2012-02-24,13.667177200317383,15.303030014038086,15.370369911193848,15.07575798034668,15.147306442260742,22231519
2012-02-27,13.742352485656738,15.387205123901367,15.488215446472168,15.164140701293945,15.218854904174805,23131548
2012-02-28,13.76490592956543,15.412458419799805,15.462963104248047,15.298822402954102,15.416666984558105,21855161
2012-02-29,13.434126853942871,15.04208755493164,15.433502197265625,15.0,15.408248901367188,32674039
2012-03-01,13.670936584472656,15.307238578796387,15.361952781677246,15.07575798034668,15.096800804138184,20357093
2012-03-02,13.625828742980957,15.256733894348145,15.303030014038086,15.07575798034668,15.290404319763184,28456402
2012-03-05,13.426610946655273,15.033670425415039,15.130471229553223,14.915824890136719,14.974746704101562,28267985
2012-03-06,13.197322845458984,14.776935577392578,14.97895622253418,14.659090995788574,14.869528770446777,24333804
2012-03-07,13.377745628356934,14.97895622253418,15.151515007019043,14.827441215515137,14.827441215515137,23319727
2012-03-08,13.449164390563965,15.05892276763916,15.151515007019043,14.95791244506836,15.088383674621582,16544326
2012-03-09,13.625828742980957,15.256733894348145,15.328283309936523,15.05892276763916,15.079965591430664,19610554
2012-03-12,13.599516868591309,15.227272987365723,15.324073791503906,15.04208755493164,15.303030014038086,11539757
2012-03-13,14.031784057617188,15.711278915405273,15.71548843383789,15.079965591430664,15.273569107055664,34765632
2012-03-14,14.140790939331055,15.833333015441895,15.875420570373535,15.59764289855957,15.698653221130371,29677428
2012-03-15,13.843843460083008,15.500842094421387,15.749157905578613,15.45875358581543,15.639731407165527,30249331
2012-03-16,14.167108535766602,15.862794876098633,15.951177597045898,15.505050659179688,15.505050659179688,43707233
2012-03-19,14.204693794250488,15.904882431030273,15.989056587219238,15.606060981750488,15.681818008422852,26380015
2012-03-20,14.054339408874512,15.736532211303711,15.799662590026855,15.622896194458008,15.782828330993652,14569632
2012-03-21,14.065614700317383,15.749157905578613,15.862794876098633,15.627103805541992,15.749157905578613,21458131
2012-03-22,14.140790939331055,15.833333015441895,15.892255783081055,15.57239055633545,15.63552188873291,16986737
2012-03-23,13.941572189331055,15.610268592834473,15.896465301513672,15.542928695678711,15.892255783081055,21618511
2012-03-26,14.313694953918457,16.026935577392578,16.031145095825195,15.719696998596191,15.782828330993652,17715218
2012-03-27,14.234763145446777,15.938551902770996,16.06902313232422,15.888047218322754,16.035354614257812,20874110
2012-03-28,13.997957229614258,15.67340087890625,15.942761421203613,15.551346778869629,15.900672912597656,22252190
2012-03-29,13.903985977172852,15.568181991577148,15.627103805541992,15.450337409973145,15.610268592834473,29975616
2012-03-30,13.870157241821289,15.530303001403809,15.740740776062012,15.433502197265625,15.702861785888672,22865674
2012-04-02,13.753632545471191,15.399831771850586,15.47558879852295,15.260943412780762,15.43770980834961,27793973
2012-04-03,13.76866626739502,15.416666984558105,15.513467788696289,15.277777671813965,15.328283309936523,27946750
2012-04-04,13.430373191833496,15.03787899017334,15.277777671813965,14.94107723236084,15.273569107055664,28790705
2012-04-05,13.389020919799805,14.991581916809082,15.1010103225708,14.877945899963379,14.95791244506836,19584418
2012-04-09,13.644625663757324,15.277777671813965,15.353534698486328,14.915824890136719,14.953703880310059,25470958
2012-04-10,13.332637786865234,14.928450584411621,15.429292678833008,14.86111068725586,15.210437774658203,27880459
2012-04-11,13.441645622253418,15.050504684448242,15.227272987365723,15.0042085647583,15.084175109863281,18425405
2012-04-12,13.704764366149902,15.345117568969727,15.454545021057129,15.096800804138184,15.109428405761719,16483025
2012-04-13,13.576963424682617,15.202019691467285,15.361952781677246,15.151515007019043,15.286194801330566,17171352
2012-04-16,13.343915939331055,14.94107723236084,15.303030014038086,14.911616325378418,15.260943412780762,21971585
2012-04-17,13.56192684173584,15.185185432434082,15.286194801330566,15.03787899017334,15.04208755493164,20311236
2012-04-18,13.482990264892578,15.096800804138184,15.269359588623047,14.94107723236084,15.210437774658203,28578766
2012-04-19,15.268445014953613,17.09596061706543,17.60942840576172,16.426767349243164,16.468854904174805,144036209
2012-04-20,15.144403457641602,16.95707130432129,17.209596633911133,16.94444465637207,17.087541580200195,38995625
2012-04-23,14.903837203979492,16.68770980834961,16.79292869567871,16.536195755004883,16.578283309936523,37873678
2012-04-24,14.772278785705566,16.540403366088867,16.830808639526367,16.447811126708984,16.637205123901367,27413100
2012-04-25,14.982775688171387,16.776094436645508,17.02020263671875,16.498315811157227,16.670875549316406,25086283
2012-04-26,15.430078506469727,17.276935577392578,17.36111068725586,16.83922576904297,16.919191360473633,44480858
2012-04-27,15.497736930847168,17.352693557739258,17.5,17.121212005615234,17.483165740966797,25437931
2012-04-30,15.418804168701172,17.264310836791992,17.65993309020996,17.2011775970459,17.407407760620117,43385522
2012-05-01,15.317312240600586,17.150672912597656,17.428451538085938,17.12542152404785,17.12542152404785,28853431
2012-05-02,15.471426963806152,17.323232650756836,17.36111068725586,16.982322692871094,17.066497802734375,20670250
2012-05-03,15.178236961364746,16.994949340820312,17.310606002807617,16.83501625061035,17.268518447875977,23912302
2012-05-04,14.82490348815918,16.599327087402344,16.830808639526367,16.553030014038086,16.81397247314453,24895728
2012-05-07,15.0617094039917,16.864477157592773,16.990741729736328,16.414140701293945,16.502525329589844,27766649
2012-05-08,15.106817245483398,16.91498374938965,16.95707130432129,16.52777862548828,16.788721084594727,26298043
2012-05-09,15.245893478393555,17.070707321166992,17.188552856445312,16.691919326782227,16.755050659179688,38912227
2012-05-10,15.490214347839355,17.344276428222656,17.42424201965332,17.15909194946289,17.213804244995117,42113650
2012-05-11,15.313555717468262,17.146465301513672,17.38215446472168,17.12542152404785,17.260101318359375,28870301
2012-05-14,15.129373550415039,16.940235137939453,17.112794876098633,16.79292869567871,17.015993118286133,26782985
2012-05-15,15.054193496704102,16.856061935424805,17.07491683959961,16.767677307128906,16.948652267456055,23007521
2012-05-16,14.982775688171387,16.776094436645508,17.129629135131836,16.72138023376465,16.948652267456055,27227297
2012-05-17,14.67078971862793,16.426767349243164,16.92340087890625,16.426767349243164,16.734006881713867,25193441
2012-05-18,14.4189453125,16.1447811126709,16.59090805053711,16.085859298706055,16.456228256225586,38377627
2012-05-21,14.851216316223145,16.628787994384766,16.767677307128906,16.157407760620117,16.20791244506836,24781918
2012-05-22,14.742207527160645,16.50673484802246,16.83501625061035,16.40993309020996,16.641414642333984,21580970
2012-05-23,14.91511344909668,16.700336456298828,16.717172622680664,16.31313133239746,16.443603515625,23734814
2012-05-24,14.907597541809082,16.691919326782227,17.112794876098633,16.515151977539062,17.02020263671875,40633639
2012-05-25,15.166956901550293,16.982322692871094,17.066497802734375,16.683502197265625,16.746633529663086,29953757
2012-05-29,15.595465660095215,17.462120056152344,17.53367042541504,16.961278915405273,17.07491683959961,39204950
2012-05-30,14.881285667419434,16.662458419799805,17.323232650756836,16.329965591430664,17.314815521240234,55982837
2012-05-31,14.730931282043457,16.494108200073242,16.704544067382812,16.33417510986328,16.64562225341797,44232091
2012-06-01,14.591856002807617,16.3383846282959,16.426767349243164,15.993266105651855,16.136363983154297,44995500
2012-06-04,14.71965503692627,16.481481552124023,16.620370864868164,16.32575798034668,16.397306442260742,46886321
2012-06-05,14.94518756866455,16.734006881713867,16.771886825561523,16.380470275878906,16.439393997192383,23370098
2012-06-06,15.388729095458984,17.230640411376953,17.24326515197754,16.81818199157715,16.83501625061035,24105946
2012-06-07,15.37369441986084,17.213804244995117,17.558923721313477,17.171716690063477,17.43686866760254,22633301
2012-06-08,15.430078506469727,17.276935577392578,17.46632957458496,16.973905563354492,17.16750717163086,20662646
2012-06-11,15.384974479675293,17.226430892944336,17.5084171295166,17.150672912597656,17.36111068725586,25235734
2012-06-12,15.377453804016113,17.218013763427734,17.373737335205078,17.066497802734375,17.264310836791992,33872731
2012-06-13,15.0993013381958,16.906566619873047,17.213804244995117,16.780302047729492,17.196969985961914,32646002
2012-06-14,15.08426284790039,16.88973045349121,16.99915885925293,16.666667938232422,16.961278915405273,23960059
2012-06-15,15.28724193572998,17.117002487182617,17.163299560546875,16.88973045349121,16.927608489990234,34706232
2012-06-18,15.971348762512207,17.882997512817383,17.967172622680664,17.083332061767578,17.12542152404785,63425419
2012-06-19,16.350994110107422,18.308080673217773,18.49326515197754,17.739898681640625,17.946128845214844,44589917
2012-06-20,16.144256591796875,18.07659912109375,18.316497802734375,17.967172622680664,18.282827377319336,27600566
2012-06-21,15.7232666015625,17.6052188873291,18.177608489990234,17.53367042541504,18.11026954650879,31180010
2012-06-22,16.087879180908203,18.01346778869629,18.038721084594727,17.61784553527832,17.676767349243164,50453885
2012-06-25,15.715751647949219,17.5968017578125,17.882997512817383,17.462120056152344,17.77777862548828,21328402
2012-06-26,15.975106239318848,17.887205123901367,18.05555534362793,17.676767349243164,17.731481552124023,29106238
2012-06-27,15.896170616149902,17.7988224029541,18.05555534362793,17.693603515625,17.93770980834961,21661279
2012-06-28,15.328584671020508,17.163299560546875,17.356901168823242,16.91077423095703,17.2979793548584,35225626
2012-06-29,15.790925979614258,17.68097686767578,17.75673484802246,17.260101318359375,17.504209518432617,28923286
2012-07-02,15.493975639343262,17.348485946655273,17.7988224029541,17.213804244995117,17.765151977539062,25874878
2012-07-03,15.486458778381348,17.34006690979004,17.495790481567383,17.260101318359375,17.377946853637695,11715818
2012-07-05,15.384974479675293,17.226430892944336,17.428451538085938,17.133838653564453,17.377946853637695,18255758
2012-07-06,15.189512252807617,17.00757598876953,17.209596633911133,16.81397247314453,17.163299560546875,20564042
2012-07-09,15.290998458862305,17.121212005615234,17.16750717163086,16.948652267456055,17.045455932617188,22476485
2012-07-10,14.91511344909668,16.700336456298828,17.34006690979004,16.510942459106445,17.27272605895996,28990051
2012-07-11,14.70837688446045,16.468854904174805,16.700336456298828,16.279460906982422,16.696128845214844,22641142
2012-07-12,14.776041030883789,16.544612884521484,16.616161346435547,16.212120056152344,16.329965591430664,23411678
2012-07-13,15.016605377197266,16.81397247314453,16.86868667602539,16.489898681640625,16.574073791503906,16434079
2012-07-16,14.509159088134766,16.245790481567383,16.72138023376465,16.203704833984375,16.717172622680664,31791593
2012-07-17,14.685824394226074,16.443603515625,16.595117568969727,16.018518447875977,16.443603515625,27793498
2012-07-18,15.208305358886719,17.02861976623535,17.087541580200195,16.443603515625,16.510942459106445,44456386
2012-07-19,16.520145416259766,18.497474670410156,18.703704833984375,18.202861785888672,18.518518447875977,83817677
2012-07-20,16.858440399169922,18.876262664794922,19.141414642333984,18.392255783081055,18.425926208496094,53364010
2012-07-23,16.629152297973633,18.619529724121094,18.699495315551758,18.021886825561523,18.41750717163086,42311095
2012-07-24,16.358510971069336,18.316497802734375,18.79208755493164,18.156566619873047,18.564815521240234,25864423
2012-07-25,16.234474182128906,18.177608489990234,18.446969985961914,18.017677307128906,18.308080673217773,24536952
2012-07-26,16.46000099182129,18.43013572692871,18.636363983154297,18.219697952270508,18.476430892944336,25014766
2012-07-27,16.997514724731445,19.031986236572266,19.141414642333984,18.480640411376953,18.52272605895996,34202758
2012-07-30,17.140356063842773,19.191919326782227,19.42340087890625,18.943603515625,18.97727394104004,31003711
2012-07-31,16.651695251464844,18.6447811126709,19.128787994384766,18.627946853637695,19.116161346435547,27016546
2012-08-01,16.497591018676758,18.47222137451172,18.880470275878906,18.400672912597656,18.81313133239746,17677915
2012-08-02,16.45248031616211,18.421716690063477,18.800504684448242,18.20707130432129,18.27020263671875,20538144
2012-08-03,16.726882934570312,18.72895622253418,19.02777862548828,18.678451538085938,18.8468017578125,19973131
2012-08-06,16.828371047973633,18.842592239379883,18.939393997192383,18.585859298706055,18.766834259033203,17362382
2012-08-07,17.144113540649414,19.196128845214844,19.356061935424805,18.935184478759766,18.956228256225586,21161369
2012-08-08,16.892271041870117,18.914140701293945,19.036195755004883,18.817340850830078,19.023569107055664,20754598
2012-08-09,16.640430450439453,18.63215446472168,19.02777862548828,18.573232650756836,18.964645385742188,20503454
2012-08-10,16.535179138183594,18.514310836791992,18.76262664794922,18.404882431030273,18.59006690979004,18400932
2012-08-13,17.035106658935547,19.074073791503906,19.166667938232422,18.543771743774414,18.5479793548584,38491438
2012-08-14,17.050142288208008,19.09090805053711,19.38131332397461,19.044612884521484,19.196128845214844,26494538
2012-08-15,16.90730857849121,18.93097686767578,19.179292678833008,18.918350219726562,19.040403366088867,17249998
2012-08-16,17.211769104003906,19.271886825561523,19.343433380126953,18.947811126708984,18.964645385742188,27051473
2012-08-17,17.61772346496582,19.726430892944336,19.802188873291016,19.255050659179688,19.46548843383789,33970622
2012-08-20,17.44106101989746,19.52861976623535,19.810606002807617,19.42340087890625,19.810606002807617,17460036
2012-08-21,17.23432159423828,19.297138214111328,19.646465301513672,19.14562225341797,19.532827377319336,22093474
2012-08-22,17.66659164428711,19.781145095825195,20.235689163208008,19.726430892944336,19.793771743774414,43304738
2012-08-23,17.595176696777344,19.7011775970459,19.92424201965332,19.532827377319336,19.89057159423828,27998071
2012-08-24,17.704179763793945,19.823232650756836,19.983165740966797,19.654882431030273,19.671716690063477,22451537
2012-08-27,17.65907859802246,19.77272605895996,19.941076278686523,19.638046264648438,19.928451538085938,16398439
2012-08-28,17.6440372467041,19.755891799926758,19.869529724121094,19.671716690063477,19.718013763427734,16325971
2012-08-29,17.85077476501465,19.98737335205078,20.164140701293945,19.873737335205078,19.873737335205078,25207697
2012-08-30,17.497440338134766,19.591751098632812,19.907407760620117,19.56229019165039,19.869529724121094,16771946
2012-08-31,17.8432559967041,19.97895622253418,20.11784553527832,19.675926208496094,19.776935577392578,20122582
2012-09-04,17.801912307739258,19.932659149169922,20.101009368896484,19.68013572692871,19.97895622253418,17968025
2012-09-05,17.726736068725586,19.848485946655273,19.974746704101562,19.51178550720215,19.66750717163086,29605435
2012-09-06,18.384532928466797,20.58501625061035,20.73653221130371,20.01262664794922,20.037879943847656,35625269
2012-09-07,18.508575439453125,20.723905563354492,20.732322692871094,20.496633529663086,20.622896194458008,29448382
2012-09-10,18.2416934967041,20.42508316040039,20.677608489990234,20.40403938293457,20.622896194458008,24273929
2012-09-11,18.166526794433594,20.34090805053711,20.462963104248047,20.197811126708984,20.416667938232422,28477786
2012-09-12,18.038719177246094,20.197811126708984,20.538721084594727,20.071548461914062,20.387205123901367,19185012
2012-09-13,18.373258590698242,20.572391510009766,20.656566619873047,20.067340850830078,20.143098831176758,22278564
2012-09-14,18.782968521118164,21.031145095825195,21.317340850830078,20.669191360473633,20.71548843383789,34386185
2012-09-17,18.974672317504883,21.245790481567383,21.245790481567383,20.963804244995117,21.23737335205078,16114507
2012-09-18,18.779211044311523,21.026935577392578,21.11111068725586,20.888046264648438,20.989057540893555,19017029
2012-09-19,18.940841674804688,21.20791244506836,21.2415828704834,20.850168228149414,21.11111068725586,16867224
2012-09-20,18.82431983947754,21.07744026184082,21.18686866760254,20.91750717163086,21.16582489013672,16761254
2012-09-21,18.595022201538086,20.820707321166992,21.056396484375,20.753366470336914,21.039562225341797,43508599
2012-09-24,18.53488540649414,20.753366470336914,20.888046264648438,20.559764862060547,20.76178550720215,18727157
2012-09-25,18.053754806518555,20.214645385742188,20.833332061767578,20.13888931274414,20.75757598876953,29036858
2012-09-26,17.869571685791016,20.0084171295166,20.265151977539062,19.932659149169922,20.164140701293945,28980072
2012-09-27,18.46347427368164,20.67340087890625,20.74915885925293,20.079965591430664,20.079965591430664,23152694
2012-09-28,18.181556701660156,20.357744216918945,20.702861785888672,20.2988224029541,20.648147583007812,17556977
2012-10-01,18.128934860229492,20.2988224029541,20.643938064575195,20.231481552124023,20.441919326782227,15568265
2012-10-02,18.192832946777344,20.370370864868164,20.484006881713867,20.18097686767578,20.446128845214844,11781396
2012-10-03,18.264249801635742,20.450336456298828,20.49242401123047,20.269359588623047,20.484006881713867,21079159
2012-10-04,18.60254669189453,20.829124450683594,21.1447811126709,20.753366470336914,20.91750717163086,25680283
2012-10-05,18.316871643066406,20.509258270263672,21.060606002807617,20.433502197265625,20.980640411376953,16958225
2012-10-08,18.012407302856445,20.168350219726562,20.559764862060547,19.983165740966797,20.34090805053711,24718003
2012-10-09,17.373397827148438,19.452861785888672,20.2020206451416,19.41077423095703,20.15993309020996,34466731
2012-10-10,17.576379776000977,19.68013572692871,19.755891799926758,19.43602752685547,19.52861976623535,27346334
2012-10-11,17.85077476501465,19.98737335205078,20.05471420288086,19.739057540893555,19.89057159423828,26069947
2012-10-12,17.986095428466797,20.13888931274414,20.231481552124023,19.995790481567383,20.04208755493164,18049997
2012-10-15,17.81694793701172,19.949495315551758,20.231481552124023,19.46548843383789,20.1052188873291,36000914
2012-10-16,18.1326904296875,20.303030014038086,20.40403938293457,19.886363983154297,20.058923721313477,22164278
2012-10-17,18.117658615112305,20.286195755004883,20.49242401123047,20.11784553527832,20.39562225341797,43263634
2012-10-18,19.106231689453125,21.393098831176758,21.439393997192383,20.357744216918945,20.382997512817383,83018628
2012-10-19,18.782968521118164,21.031145095825195,21.380470275878906,20.862794876098633,21.3383846282959,47050027
2012-10-22,18.850627899169922,21.106901168823242,21.275253295898438,20.963804244995117,21.014310836791992,22625460
2012-10-23,18.5499267578125,20.77020263671875,21.2415828704834,20.70707130432129,20.91750717163086,24657890
2012-10-24,18.373258590698242,20.572391510009766,20.867002487182617,20.336700439453125,20.816497802734375,26714794
2012-10-25,18.1702823638916,20.345117568969727,20.77861976623535,20.328283309936523,20.711278915405273,17602834
2012-10-26,18.610063552856445,20.837541580200195,20.946969985961914,20.286195755004883,20.353534698486328,25827358
2012-10-31,18.140209197998047,20.311447143554688,20.841751098632812,20.248315811157227,20.82491683959961,37708070
2012-11-01,18.501054763793945,20.71548843383789,20.82491683959961,20.25673484802246,20.387205123901367,18710050
2012-11-02,18.30183982849121,20.49242401123047,20.871212005615234,20.49242401123047,20.77861976623535,19390298
2012-11-05,18.5499267578125,20.77020263671875,20.81229019165039,20.370370864868164,20.526094436645508,12751992
2012-11-06,18.60254669189453,20.829124450683594,21.035354614257812,20.698652267456055,20.77861976623535,14163098
2012-11-07,18.192832946777344,20.370370864868164,20.70707130432129,20.2020206451416,20.54292869567871,28261807
2012-11-08,17.993614196777344,20.147306442260742,20.782827377319336,20.1052188873291,20.391414642333984,24077196
2012-11-09,17.940994262695312,20.0883846282959,20.391414642333984,19.9116153717041,20.004209518432617,21580970
2012-11-12,17.8432559967041,19.97895622253418,20.214645385742188,19.77272605895996,20.0968017578125,14071622
2012-11-13,17.944747924804688,20.092592239379883,20.290403366088867,19.781145095825195,19.856901168823242,15393154
2012-11-14,17.467369079589844,19.558080673217773,20.197811126708984,19.452861785888672,20.126262664794922,22854031
2012-11-15,17.48616600036621,19.579124450683594,19.633838653564453,19.217172622680664,19.490741729736328,19029859
2012-11-16,17.764324188232422,19.89057159423828,20.004209518432617,19.45707130432129,19.608585357666016,26832406
2012-11-19,18.012407302856445,20.168350219726562,20.307239532470703,19.983165740966797,20.0883846282959,21214591
2012-11-20,18.140209197998047,20.311447143554688,20.387205123901367,20.03367042541504,20.214645385742188,15687065
2012-11-21,18.279287338256836,20.467172622680664,20.538721084594727,20.214645385742188,20.311447143554688,17218397
2012-11-23,18.422119140625,20.627103805541992,20.68602752685547,20.517677307128906,20.58922576904297,9483329
2012-11-26,19.320486068725586,21.632997512817383,21.79292869567871,20.77861976623535,20.795455932617188,42771326
2012-11-27,19.226518630981445,21.52777862548828,21.771886825561523,21.212120056152344,21.494108200073242,33557198
2012-11-28,19.346799850463867,21.662458419799805,21.68770980834961,21.25,21.481481552124023,22321094
2012-11-29,19.621196746826172,21.969697952270508,22.22222137451172,21.67508316040039,21.78451156616211,32616778
2012-11-30,19.854246139526367,22.230640411376953,22.306396484375,21.822391510009766,21.885522842407227,27742414
2012-12-03,19.561054229736328,21.90235710144043,22.369529724121094,21.86868667602539,22.335859298706055,20154658
2012-12-04,19.542259216308594,21.88131332397461,21.93602752685547,21.637205123901367,21.906566619873047,19675418
2012-12-05,19.553537368774414,21.893938064575195,22.09596061706543,21.67508316040039,21.93181800842285,18878983
2012-12-06,19.542259216308594,21.88131332397461,22.188552856445312,21.79292869567871,21.88131332397461,16827782
2012-12-07,19.448284149169922,21.776094436645508,22.02861976623535,21.662458419799805,21.93602752685547,14961672
2012-12-10,19.23402976989746,21.536195755004883,21.88131332397461,21.376262664794922,21.86026954650879,18434909
2012-12-11,19.542259216308594,21.88131332397461,21.969697952270508,21.586700439453125,21.641414642333984,24652426
2012-12-12,19.49339485168457,21.82659912109375,22.15909194946289,21.80555534362793,21.898147583007812,20411503
2012-12-13,19.177648544311523,21.473064422607422,21.872896194458008,21.35942840576172,21.801347732543945,29512296
2012-12-14,18.929567337036133,21.19528579711914,21.59090805053711,21.115320205688477,21.561447143554688,19261757
2012-12-17,19.28665542602539,21.595117568969727,21.73821449279785,21.13215446472168,21.26262664794922,22887058
2012-12-18,19.512189865112305,21.84764289855957,22.112794876098633,21.641414642333984,21.700336456298828,33563138
2012-12-19,19.297929763793945,21.607744216918945,21.927608489990234,21.5488224029541,21.885522842407227,21427718
2012-12-20,19.5986385345459,21.94444465637207,21.961278915405273,21.426767349243164,21.666667938232422,23046725
2012-12-21,19.30169105529785,21.611953735351562,21.670875549316406,21.33417510986328,21.641414642333984,32527678
2012-12-24,19.2002010345459,21.498315811157227,21.797138214111328,21.439393997192383,21.502525329589844,11667110
2012-12-26,18.884458541870117,21.1447811126709,21.50673484802246,20.980640411376953,21.473064422607422,17254037
2012-12-27,18.90325164794922,21.16582489013672,21.317340850830078,20.904882431030273,21.224746704101562,18783943
2012-12-28,18.722829818725586,20.963804244995117,21.22895622253418,20.9511775970459,21.001684188842773,12018996
2012-12-31,19.17013931274414,21.464645385742188,21.5488224029541,20.70707130432129,20.942760467529297,17851601
2013-01-02,20.143674850463867,22.55471420288086,22.601009368896484,21.90235710144043,22.053871154785156,32786186
2013-01-03,19.715167999267578,22.07491683959961,22.579965591430664,21.948652267456055,22.51262664794922,25735406
2013-01-04,19.839210510253906,22.213804244995117,22.356901168823242,21.978113174438477,22.079124450683594,15411449
2013-01-07,20.113603591918945,22.52104377746582,22.550504684448242,21.91077423095703,22.108585357666016,24200986
2013-01-08,19.801618576049805,22.171716690063477,22.811447143554688,22.100168228149414,22.45791244506836,27391003
2013-01-09,19.831689834594727,22.205387115478516,22.483165740966797,22.07491683959961,22.230640411376953,19245362
2013-01-10,19.921905517578125,22.306396484375,22.516834259033203,22.066497802734375,22.449495315551758,17419169
2013-01-11,20.185016632080078,22.601009368896484,22.655723571777344,22.331649780273438,22.365320205688477,27193795
2013-01-14,19.989559173583984,22.38215446472168,22.5883846282959,22.234848022460938,22.550504684448242,25185838
2013-01-15,19.73772430419922,22.100168228149414,22.5,22.037036895751953,22.386363983154297,22867574
2013-01-16,19.884315490722656,22.264310836791992,22.5,21.83501625061035,22.276935577392578,52873366
2013-01-17,20.36168670654297,22.7988224029541,23.09764289855957,22.622053146362305,22.781986236572266,58113634
2013-01-18,20.376726150512695,22.815656661987305,22.93770980834961,22.601009368896484,22.7988224029541,25087471
2013-01-22,20.06098175048828,22.462120056152344,22.861953735351562,22.331649780273438,22.790403366088867,25371403
2013-01-23,20.06473731994629,22.46632957458496,22.735689163208008,22.44528579711914,22.470539093017578,21471437
2013-01-24,20.745088577270508,23.228113174438477,23.29124641418457,22.546295166015625,22.550504684448242,30296851
2013-01-25,21.248777389526367,23.79208755493164,23.8468017578125,23.535354614257812,23.56902313232422,31672555
2013-01-28,21.030763626098633,23.5479793548584,23.712120056152344,23.455387115478516,23.648990631103516,18714326
2013-01-29,20.9217586517334,23.425926208496094,23.501684188842773,23.27020263671875,23.425926208496094,16720387
2013-01-30,20.966861724853516,23.476430892944336,23.779460906982422,23.367002487182617,23.560606002807617,16582817
2013-01-31,21.03827667236328,23.556396484375,23.678451538085938,23.27861976623535,23.299663543701172,18880646
2013-02-01,21.504377365112305,24.078283309936523,24.103534698486328,23.623737335205078,23.7415828704834,20128046
2013-02-04,20.93303680419922,23.438552856445312,23.876262664794922,23.413299560546875,23.842592239379883,20574259
2013-02-05,21.207427978515625,23.745790481567383,23.935184478759766,23.484848022460938,23.581649780273438,14695322
2013-02-06,21.090906143188477,23.615320205688477,23.779460906982422,23.4511775970459,23.573232650756836,16639841
2013-02-07,21.098419189453125,23.623737335205078,23.733165740966797,23.295455932617188,23.64057159423828,18168322
2013-02-08,21.282604217529297,23.829965591430664,24.023569107055664,23.733165740966797,23.76262664794922,19166954
2013-02-11,21.203670501708984,23.7415828704834,23.81313133239746,23.463804244995117,23.787879943847656,12238538
2013-02-12,21.342744827270508,23.897306442260742,24.065656661987305,23.615320205688477,23.73737335205078,23816311
2013-02-13,21.44423484802246,24.010942459106445,24.099327087402344,23.7415828704834,23.93097686767578,21612096
2013-02-14,21.36153793334961,23.918350219726562,24.040403366088867,23.83417510986328,23.901514053344727,16762205
2013-02-15,21.312679290771484,23.863636016845703,24.053030014038086,23.7415828704834,23.90993309020996,21693355
2013-02-19,21.30515480041504,23.8552188873291,23.981481552124023,23.720539093017578,23.93097686767578,13548190
2013-02-20,20.872894287109375,23.371212005615234,24.031986236572266,23.350168228149414,23.947811126708984,17572896
2013-02-21,20.530838012695312,22.98821449279785,23.392255783081055,22.685184478759766,23.29124641418457,25490678
2013-02-22,20.681190490722656,23.156566619873047,23.202861785888672,22.967172622680664,23.13131332397461,12087425
2013-02-25,20.15118980407715,22.56313133239746,23.421716690063477,22.558923721313477,23.320707321166992,17431286
2013-02-26,20.23012351989746,22.651514053344727,22.714645385742188,22.356901168823242,22.630470275878906,20108088
2013-02-27,20.35417366027832,22.790403366088867,22.962963104248047,22.5883846282959,22.735689163208008,18205625
2013-02-28,20.564666748046875,23.026094436645508,23.223905563354492,22.836700439453125,22.93770980834961,22751388
2013-03-01,20.636083602905273,23.106061935424805,23.190235137939453,22.735689163208008,22.975589752197266,15260810
2013-03-04,20.854095458984375,23.350168228149414,23.35437774658203,22.83249282836914,22.870370864868164,23168138
2013-03-05,20.771400451660156,23.25757598876953,23.56902313232422,23.047138214111328,23.379629135131836,23314738
2013-03-06,20.13615608215332,22.546295166015625,23.148147583007812,22.4915828704834,23.13973045349121,34595273
2013-03-07,19.914386749267578,22.2979793548584,22.67255973815918,22.2011775970459,22.5968017578125,22453200
2013-03-08,19.970767974853516,22.36111068725586,22.5,21.994949340820312,22.38215446472168,31070952
2013-03-11,19.831689834594727,22.205387115478516,22.449495315551758,22.16750717163086,22.348485946655273,21300840
2013-03-12,19.9068660736084,22.289562225341797,22.348485946655273,21.42255973815918,21.759258270263672,38310386
2013-03-13,19.162616729736328,21.456228256225586,22.306396484375,21.30471420288086,22.289562225341797,47057155
2013-03-14,19.470840454101562,21.801347732543945,22.264310836791992,21.717172622680664,21.797138214111328,40736045
2013-03-15,18.948362350463867,21.21632957458496,21.919191360473633,21.182659149169922,21.767677307128906,51718392
2013-03-18,18.835594177246094,21.09006690979004,21.275253295898438,20.85437774658203,20.984848022460938,34069464
2013-03-19,19.20772361755371,21.50673484802246,21.62457847595215,21.23737335205078,21.464645385742188,34745911
2013-03-20,19.70389175415039,22.06229019165039,22.142255783081055,21.485689163208008,21.746633529663086,34767295
2013-03-21,19.891828536987305,22.27272605895996,22.32744026184082,21.86026954650879,21.969697952270508,33398244
2013-03-22,20.023391723632812,22.420034408569336,22.5,22.289562225341797,22.310606002807617,20198851
2013-03-25,19.28665542602539,21.595117568969727,22.474746704101562,21.519359588623047,22.474746704101562,43189740
2013-03-26,19.579849243164062,21.92340087890625,21.94444465637207,21.50673484802246,21.746633529663086,25564097
2013-03-27,19.57233428955078,21.91498374938965,22.129629135131836,21.443603515625,21.74242401123047,29501604
2013-03-28,20.380477905273438,22.81986427307129,22.941919326782227,21.65403938293457,21.90235710144043,57564540
2013-04-01,20.9405517578125,23.446969985961914,23.884679794311523,23.333332061767578,23.41750717163086,48992882
2013-04-02,21.10970115661621,23.636363983154297,23.901514053344727,23.5479793548584,23.678451538085938,36184342
2013-04-03,20.861618041992188,23.358585357666016,23.56902313232422,23.282827377319336,23.489057540893555,27315446
2013-04-04,20.97062110900879,23.480640411376953,23.514310836791992,23.190235137939453,23.29124641418457,14034557
2013-04-05,20.86913299560547,23.367002487182617,23.396465301513672,22.93770980834961,23.03451156616211,17193449
2013-04-08,21.000694274902344,23.514310836791992,23.92255973815918,23.27020263671875,23.32491683959961,24205738
2013-04-09,21.075868606567383,23.598485946655273,23.7584171295166,23.282827377319336,23.333332061767578,14883739
2013-04-10,21.538204193115234,24.116161346435547,24.234006881713867,23.68686866760254,23.70791244506836,19011089
2013-04-11,21.718629837036133,24.31818199157715,24.427608489990234,24.078283309936523,24.166667938232422,17323891
2013-04-12,21.541967391967773,24.120370864868164,24.36868667602539,23.90993309020996,24.36868667602539,15005390
2013-04-15,20.989418029785156,23.501684188842773,24.191919326782227,23.438552856445312,23.981481552124023,21854210
2013-04-16,21.42920684814453,23.994108200073242,24.053030014038086,23.56902313232422,23.648990631103516,20503930
2013-04-17,21.087142944335938,23.61111068725586,23.918350219726562,23.421716690063477,23.775253295898438,34952386
2013-04-18,19.854246139526367,22.230640411376953,22.828283309936523,22.192760467529297,22.664140701293945,60248470
2013-04-19,19.692611694335938,22.049663543701172,22.407407760620117,21.843433380126953,22.209596633911133,37065600
2013-04-22,19.406946182250977,21.72979736328125,22.02020263671875,21.531986236572266,21.94444465637207,32696611
2013-04-23,19.730199813842773,22.091751098632812,22.209596633911133,21.822391510009766,21.86868667602539,30124354
2013-04-24,19.910629272460938,22.293771743774414,22.44528579711914,22.154882431030273,22.306396484375,24300778
2013-04-25,19.681339263916016,22.037036895751953,22.45791244506836,21.91498374938965,22.43686866760254,27269827
2013-04-26,19.748998641967773,22.112794876098633,22.247474670410156,21.83922576904297,22.053871154785156,25215062
2013-04-29,19.861757278442383,22.239057540893555,22.302188873291016,21.973905563354492,22.142255783081055,17039009
2013-04-30,19.692611694335938,22.049663543701172,22.365320205688477,21.940235137939453,22.16750717163086,21519194
2013-05-01,19.696367263793945,22.053871154785156,22.251684188842773,21.851852416992188,22.045455932617188,18811267
2013-05-02,20.128644943237305,22.537879943847656,22.601009368896484,21.898147583007812,22.06229019165039,23486998
2013-05-03,20.376726150512695,22.815656661987305,22.941919326782227,22.558923721313477,22.72727394104004,17124782
2013-05-06,20.331619262695312,22.765151977539062,23.072391510009766,22.626262664794922,22.752525329589844,15097104
2013-05-07,20.275238037109375,22.7020206451416,22.781986236572266,22.348485946655273,22.697811126708984,22999680
2013-05-08,20.658639907836914,23.13131332397461,23.13973045349121,22.630470275878906,22.731481552124023,16697340
2013-05-09,20.737571716308594,23.219697952270508,23.564815521240234,23.059764862060547,23.143938064575195,22092286
2013-05-10,20.91799545288086,23.421716690063477,23.49326515197754,23.23653221130371,23.31229019165039,16929950
2013-05-13,20.797718048095703,23.287036895751953,23.484848022460938,23.18602752685547,23.480640411376953,17156146
2013-05-14,21.151044845581055,23.682659149169922,23.7415828704834,23.20707130432129,23.211278915405273,21923590
2013-05-15,21.293880462646484,23.842592239379883,23.8552188873291,23.594276428222656,23.682659149169922,20357806
2013-05-16,20.974382400512695,23.484848022460938,23.947811126708984,23.4511775970459,23.905723571777344,20247084
2013-05-17,21.316436767578125,23.86784553527832,24.036195755004883,23.766834259033203,23.775253295898438,27463234
2013-05-20,21.030763626098633,23.5479793548584,23.8468017578125,23.468013763427734,23.80471420288086,20812810
2013-05-21,20.654878616333008,23.127103805541992,23.615320205688477,23.122896194458008,23.552188873291016,30933857
2013-05-22,20.448143005371094,22.89562225341797,23.49326515197754,22.781986236572266,23.282827377319336,27209002
2013-05-23,20.47821044921875,22.929292678833008,22.962963104248047,22.441076278686523,22.5968017578125,22498106
2013-05-24,20.538354873657227,22.996633529663086,23.00084114074707,22.546295166015625,22.643098831176758,17368560
2013-05-28,20.872894287109375,23.371212005615234,23.67424201965332,23.23653221130371,23.253366470336914,23160298
2013-05-29,20.69246482849121,23.169191360473633,23.316497802734375,22.950336456298828,23.211278915405273,20656231
2013-05-30,20.711261749267578,23.190235137939453,23.438552856445312,23.13131332397461,23.15235710144043,20792851
2013-05-31,20.33537483215332,22.769359588623047,23.11026954650879,22.723064422607422,23.021886825561523,30435847
2013-06-03,20.076013565063477,22.47895622253418,22.68097686767578,22.053871154785156,22.668350219726562,31191890
2013-06-04,19.767793655395508,22.133838653564453,22.622053146362305,21.978113174438477,22.61784553527832,25220527
2013-06-05,19.305452346801758,21.616161346435547,22.171716690063477,21.426767349243164,22.12542152404785,34363850
2013-06-06,19.3655948638916,21.683502197265625,21.74242401123047,21.393098831176758,21.52777862548828,23399798
2013-06-07,19.339277267456055,21.65403938293457,21.96548843383789,21.641414642333984,21.864477157592773,27889963
2013-06-10,20.0158748626709,22.4116153717041,22.470539093017578,21.717172622680664,21.801347732543945,27733147
2013-06-11,19.564817428588867,21.906566619873047,22.154882431030273,21.830808639526367,21.990741729736328,30397831
2013-06-12,19.07615852355957,21.35942840576172,22.04124641418457,21.351009368896484,22.02861976623535,24583759
2013-06-13,19.35055923461914,21.666667938232422,21.725589752197266,21.31313133239746,21.342592239379883,25334100
2013-06-14,19.27913475036621,21.586700439453125,21.788721084594727,21.494108200073242,21.67508316040039,15665443
2013-06-17,19.57233428955078,21.91498374938965,22.196969985961914,21.78451156616211,21.843433380126953,18590537
2013-06-18,19.756513595581055,22.121212005615234,22.247474670410156,21.927608489990234,21.973905563354492,13479523
2013-06-19,19.632471084594727,21.982322692871094,22.302188873291016,21.95707130432129,22.154882431030273,30040243
2013-06-20,19.072404861450195,21.3552188873291,21.81397247314453,21.245790481567383,21.797138214111328,24812330
2013-06-21,19.218992233276367,21.519359588623047,21.565656661987305,21.148990631103516,21.384679794311523,32499878
2013-06-24,19.102474212646484,21.38888931274414,21.603534698486328,21.081649780273438,21.393098831176758,22381207
2013-06-25,19.410703659057617,21.734006881713867,21.84764289855957,21.59090805053711,21.607744216918945,20361132
2013-06-26,19.29416847229004,21.603534698486328,21.927608489990234,21.464645385742188,21.898147583007812,26014586
2013-06-27,19.5986385345459,21.94444465637207,22.00757598876953,21.755050659179688,21.788721084594727,21476664
2013-06-28,19.440773010253906,21.767677307128906,22.070707321166992,21.557239532470703,21.712963104248047,36449028
2013-07-01,19.884315490722656,22.264310836791992,22.428451538085938,21.898147583007812,21.969697952270508,21265675
2013-07-02,20.04594612121582,22.44528579711914,22.571548461914062,22.281145095825195,22.314815521240234,19465380
2013-07-03,19.985801696777344,22.377946853637695,22.529460906982422,22.22222137451172,22.24326515197754,9958766
2013-07-05,20.241405487060547,22.664140701293945,22.68097686767578,22.310606002807617,22.630470275878906,10724314
2013-07-08,20.188783645629883,22.6052188873291,22.887205123901367,22.462120056152344,22.845117568969727,14408539
2013-07-09,20.481975555419922,22.933502197265625,22.98821449279785,22.735689163208008,22.77777862548828,16861997
2013-07-10,20.62856674194336,23.09764289855957,23.240741729736328,22.984006881713867,23.005050659179688,16521991
2013-07-11,21.00445556640625,23.518518447875977,23.63215446472168,23.29124641418457,23.299663543701172,23027717
2013-07-12,21.440479278564453,24.00673484802246,24.019359588623047,23.463804244995117,23.484848022460938,20530778
2013-07-15,21.218706130981445,23.7584171295166,24.02777862548828,23.6447811126709,23.998315811157227,16341890
2013-07-16,21.354028701782227,23.90993309020996,23.973064422607422,23.678451538085938,23.918350219726562,21428194
2013-07-17,21.568279266357422,24.149831771850586,24.200336456298828,23.8552188873291,23.926767349243164,36015646
2013-07-18,20.117361068725586,22.525253295898438,22.664140701293945,22.373737335205078,22.550504684448242,102379226
2013-07-19,19.617431640625,21.96548843383789,22.693603515625,21.93602752685547,22.622053146362305,45678125
2013-07-22,19.662540435791016,22.015993118286133,22.083332061767578,21.83922576904297,22.06229019165039,37008338
2013-07-23,19.410703659057617,21.734006881713867,22.079124450683594,21.683502197265625,22.045455932617188,26183282
2013-07-24,19.58360481262207,21.927608489990234,22.04124641418457,21.717172622680664,21.72138023376465,36824674
2013-07-25,19.358076095581055,21.67508316040039,21.982322692871094,21.603534698486328,21.885522842407227,24117588
2013-07-26,19.639986038208008,21.990741729736328,22.058080673217773,21.43097686767578,21.641414642333984,30194208
2013-07-29,19.410703659057617,21.734006881713867,22.108585357666016,21.67508316040039,21.927608489990234,17808120
2013-07-30,19.538496017456055,21.877103805541992,21.93181800842285,21.717172622680664,21.877103805541992,18566064
2013-07-31,19.429492950439453,21.755050659179688,21.961278915405273,21.632997512817383,21.961278915405273,18370994
2013-08-01,19.70012855529785,22.058080673217773,22.066497802734375,21.797138214111328,21.94444465637207,19255104
2013-08-02,19.748998641967773,22.112794876098633,22.2011775970459,21.940235137939453,22.07491683959961,20216671
2013-08-05,19.812896728515625,22.184343338012695,22.285354614257812,22.024410247802734,22.150672912597656,12784306
2013-08-06,20.185016632080078,22.601009368896484,22.63888931274414,22.070707321166992,22.184343338012695,24570216
2013-08-07,19.925668716430664,22.310606002807617,22.676767349243164,22.2979793548584,22.48737335205078,16768145
2013-08-08,20.13615608215332,22.546295166015625,22.613636016845703,22.239057540893555,22.529460906982422,13387810
2013-08-09,20.04594612121582,22.44528579711914,22.634679794311523,22.293771743774414,22.53367042541504,15162444
2013-08-12,20.02714729309082,22.42424201965332,22.5,22.10437774658203,22.2011775970459,11195712
2013-08-13,20.342893600463867,22.77777862548828,22.929292678833008,22.52104377746582,22.61784553527832,22433479
2013-08-14,20.384239196777344,22.824073791503906,22.946128845214844,22.723064422607422,22.786195755004883,16079342
2013-08-15,19.989559173583984,22.38215446472168,22.5,21.75084114074707,22.470539093017578,36268927
2013-08-16,19.891828536987305,22.27272605895996,22.571548461914062,22.175926208496094,22.344276428222656,17894369
2013-08-19,19.57233428955078,21.91498374938965,22.42424201965332,21.90235710144043,22.196969985961914,15785194
2013-08-20,19.542259216308594,21.88131332397461,22.150672912597656,21.788721084594727,22.01178550720215,22281178
2013-08-21,19.15509796142578,21.447811126708984,21.830808639526367,21.384679794311523,21.771886825561523,30527798
2013-08-22,19.2002010345459,21.498315811157227,21.725589752197266,21.468854904174805,21.5488224029541,17767728
2013-08-23,19.414453506469727,21.73821449279785,21.759258270263672,21.523569107055664,21.557239532470703,16693776
2013-08-26,19.530981063842773,21.86868667602539,21.940235137939453,21.553030014038086,21.746633529663086,19153649
2013-08-27,19.023534774780273,21.300504684448242,21.670875549316406,21.220539093017578,21.565656661987305,24572117
2013-08-28,18.955881118774414,21.224746704101562,21.468854904174805,21.220539093017578,21.35942840576172,19331136
2013-08-29,19.16637420654297,21.460437774658203,21.666667938232422,21.127946853637695,21.136363983154297,16891459
2013-08-30,18.790489196777344,21.039562225341797,21.50673484802246,20.883838653564453,21.502525329589844,26425159
2013-09-03,18.914533615112305,21.178451538085938,21.502525329589844,21.07744026184082,21.287879943847656,19335413
2013-09-04,19.339277267456055,21.65403938293457,21.73821449279785,21.21632957458496,21.35942840576172,22574376
2013-09-05,19.527219772338867,21.864477157592773,21.982322692871094,21.586700439453125,21.666667938232422,16044415
2013-09-06,19.858001708984375,22.234848022460938,22.407407760620117,22.003366470336914,22.108585357666016,28683547
2013-09-09,19.797861099243164,22.16750717163086,22.428451538085938,21.927608489990234,22.213804244995117,21359290
2013-09-10,20.1060848236084,22.51262664794922,22.53367042541504,22.289562225341797,22.32744026184082,20783110
2013-09-11,20.40303611755371,22.845117568969727,22.92508316040039,22.306396484375,22.306396484375,23764039
2013-09-12,20.309070587158203,22.739898681640625,22.984006881713867,22.516834259033203,22.920875549316406,18857599
2013-09-13,20.23012351989746,22.651514053344727,22.81986427307129,22.474746704101562,22.807239532470703,12399631
2013-09-16,20.16622543334961,22.579965591430664,23.00084114074707,22.4915828704834,22.929292678833008,16575689
2013-09-17,20.53459930419922,22.99242401123047,23.177608489990234,22.668350219726562,22.710437774658203,24579958
2013-09-18,20.553388595581055,23.01346778869629,23.04292869567871,22.626262664794922,22.857744216918945,24516518
2013-09-19,20.466934204101562,22.916667938232422,23.190235137939453,22.781986236572266,23.13973045349121,14995649
2013-09-20,20.654878616333008,23.127103805541992,23.253366470336914,22.954544067382812,22.97979736328125,27261036
2013-09-23,20.583459854125977,23.047138214111328,23.274410247802734,22.845117568969727,23.15235710144043,17202715
2013-09-24,20.737571716308594,23.219697952270508,23.34596061706543,22.996633529663086,23.148147583007812,15806815
2013-09-25,20.376726150512695,22.815656661987305,23.223905563354492,22.735689163208008,23.156566619873047,17829979
2013-09-26,21.290124893188477,23.8383846282959,23.947811126708984,22.92508316040039,22.99242401123047,33035666
2013-09-27,20.966861724853516,23.476430892944336,23.69528579711914,23.43013572692871,23.61111068725586,17177292
2013-09-30,20.974382400512695,23.484848022460938,23.598485946655273,23.148147583007812,23.26178550720215,19176934
2013-10-01,21.03827667236328,23.556396484375,23.67424201965332,23.396465301513672,23.421716690063477,13784839
2013-10-02,20.910478591918945,23.413299560546875,23.4511775970459,23.19444465637207,23.388046264648438,15023210
2013-10-03,20.639842987060547,23.11026954650879,23.47222137451172,22.933502197265625,23.358585357666016,15913973
2013-10-04,20.89168930053711,23.392255783081055,23.484848022460938,23.072391510009766,23.17340087890625,13944982
2013-10-07,20.512041091918945,22.967172622680664,23.329124450683594,22.946128845214844,23.106061935424805,12643171
2013-10-08,19.910629272460938,22.293771743774414,22.97979736328125,22.150672912597656,22.946128845214844,21949963
2013-10-09,19.67005729675293,22.024410247802734,22.4031982421875,21.927608489990234,22.36111068725586,21611858
2013-10-10,20.079774856567383,22.483165740966797,22.537879943847656,22.129629135131836,22.255891799926758,21029263
2013-10-11,20.436870574951172,22.882997512817383,23.059764862060547,22.51262664794922,22.537879943847656,20819462
2013-10-14,20.587217330932617,23.051347732543945,23.05555534362793,22.668350219726562,22.773569107055664,14330844
2013-10-15,20.286510467529297,22.714645385742188,23.06397247314453,22.651514053344727,22.975589752197266,21176338
2013-10-16,20.117361068725586,22.525253295898438,22.912458419799805,22.373737335205078,22.912458419799805,45905746
2013-10-17,19.31296730041504,21.62457847595215,21.830808639526367,21.14057159423828,21.182659149169922,81677851
2013-10-18,19.621196746826172,21.969697952270508,22.171716690063477,21.23737335205078,21.70875358581543,72750269
2013-10-21,19.523468017578125,21.86026954650879,22.133838653564453,21.717172622680664,22.066497802734375,33863702
2013-10-22,19.482112884521484,21.81397247314453,22.037036895751953,21.704544067382812,22.015993118286133,26493350
2013-10-23,19.444534301757812,21.771886825561523,22.003366470336914,21.704544067382812,21.780302047729492,19861222
2013-10-24,19.673818588256836,22.02861976623535,22.100168228149414,21.822391510009766,21.91498374938965,23040547
2013-10-25,19.410703659057617,21.734006881713867,22.27272605895996,21.485689163208008,22.133838653564453,37631326
2013-10-28,19.534740447998047,21.872896194458008,22.003366470336914,21.658248901367188,21.801347732543945,20295554
2013-10-29,20.049701690673828,22.449495315551758,22.462120056152344,21.919191360473633,22.00757598876953,29108138
2013-10-30,19.82041358947754,22.192760467529297,22.52104377746582,22.10437774658203,22.52104377746582,20671438
2013-10-31,19.812896728515625,22.184343338012695,22.276935577392578,21.990741729736328,22.192760467529297,21496860
2013-11-01,19.523468017578125,21.86026954650879,22.302188873291016,21.822391510009766,22.281145095825195,29335759
2013-11-04,19.3092098236084,21.620370864868164,22.003366470336914,21.595117568969727,21.88131332397461,20972477
2013-11-05,19.2002010345459,21.498315811157227,21.607744216918945,21.26262664794922,21.578283309936523,26945503
2013-11-06,20.02714729309082,22.42424201965332,22.651514053344727,21.515151977539062,21.704544067382812,59701277
2013-11-07,19.76027488708496,22.12542152404785,22.664140701293945,22.015993118286133,22.516834259033203,22994928
2013-11-08,19.921905517578125,22.306396484375,22.377946853637695,22.083332061767578,22.239057540893555,23288602
2013-11-11,19.854246139526367,22.230640411376953,22.34006690979004,22.09596061706543,22.150672912597656,16391786
2013-11-12,19.858001708984375,22.234848022460938,22.39057159423828,21.86868667602539,21.906566619873047,25500658
2013-11-13,19.933177947998047,22.31902313232422,22.323232650756836,22.083332061767578,22.138046264648438,18187092
2013-11-14,19.87679672241211,22.255891799926758,22.5084171295166,22.171716690063477,22.348485946655273,24993382
2013-11-15,19.771549224853516,22.138046264648438,22.356901168823242,22.02020263671875,22.314815521240234,25152574
2013-11-18,19.576086044311523,21.919191360473633,22.175926208496094,21.771886825561523,22.024410247802734,30303266
2013-11-19,19.594881057739258,21.940235137939453,22.09596061706543,21.86026954650879,22.066497802734375,24385601
2013-11-20,18.940841674804688,21.20791244506836,22.09596061706543,20.984848022460938,22.087541580200195,81408413
2013-11-21,18.873188018798828,21.13215446472168,21.380470275878906,21.014310836791992,21.36784553527832,41840410
2013-11-22,18.918283462524414,21.182659149169922,21.26262664794922,21.119529724121094,21.157407760620117,32588503
2013-11-25,18.433395385742188,20.63973045349121,21.3552188873291,20.399831771850586,21.3468017578125,82930716
2013-11-26,18.328155517578125,20.521886825561523,20.73653221130371,20.22727394104004,20.732322692871094,55663740
2013-11-27,18.531131744384766,20.74915885925293,20.984848022460938,20.68602752685547,20.744949340820312,30033115
2013-11-29,18.989709854125977,21.26262664794922,21.35942840576172,20.921716690063477,20.946969985961914,22896562
2013-12-02,19.30169105529785,21.611953735351562,22.34006690979004,21.561447143554688,21.973905563354492,58951886
2013-12-03,19.51970672607422,21.856061935424805,21.982322692871094,21.578283309936523,21.822391510009766,34375730
2013-12-04,19.203962326049805,21.502525329589844,21.691919326782227,21.2584171295166,21.586700439453125,36743652
2013-12-05,19.324241638183594,21.637205123901367,21.73821449279785,21.393098831176758,21.498315811157227,23590354
2013-12-06,19.54977798461914,21.88973045349121,22.058080673217773,21.759258270263672,21.767677307128906,22392374
2013-12-09,19.429492950439453,21.755050659179688,21.990741729736328,21.700336456298828,21.885522842407227,18799387
2013-12-10,19.515949249267578,21.851852416992188,22.01178550720215,21.725589752197266,21.72979736328125,22690087
2013-12-11,19.3092098236084,21.620370864868164,21.91498374938965,21.595117568969727,21.830808639526367,19546164
2013-12-12,19.3092098236084,21.620370864868164,21.86868667602539,21.544612884521484,21.565656661987305,19308564
2013-12-13,19.376869201660156,21.696128845214844,21.95707130432129,21.641414642333984,21.73821449279785,17398260
2013-12-16,19.9632511138916,22.352693557739258,22.432659149169922,21.88973045349121,21.98653221130371,31045529
2013-12-17,19.76403045654297,22.129629135131836,22.407407760620117,21.885522842407227,21.940235137939453,36125179
2013-12-18,19.970767974853516,22.36111068725586,22.38215446472168,21.700336456298828,22.239057540893555,31386960
2013-12-19,20.07225227355957,22.474746704101562,22.48737335205078,22.066497802734375,22.356901168823242,24282482
2013-12-20,20.51580238342285,22.97138023376465,23.06397247314453,22.462120056152344,22.483165740966797,40938005
2013-12-23,20.786441802978516,23.274410247802734,23.282827377319336,22.97979736328125,23.021886825561523,32086217
2013-12-24,20.737571716308594,23.219697952270508,23.244949340820312,23.038721084594727,23.038721084594727,13115520
2013-12-26,20.32033920288086,22.752525329589844,23.06818199157715,22.6052188873291,23.06397247314453,24449278
2013-12-27,20.36544418334961,22.803030014038086,22.929292678833008,22.61784553527832,22.731481552124023,15736486
2013-12-30,20.301546096801758,22.731481552124023,22.933502197265625,22.651514053344727,22.916667938232422,14539219
2013-12-31,20.62480926513672,23.093433380126953,23.135522842407227,22.723064422607422,22.748315811157227,15124190
2014-01-02,20.275238037109375,22.7020206451416,23.148147583007812,22.685184478759766,23.135522842407227,23698699
2014-01-03,20.01963233947754,22.41582489013672,22.807239532470703,22.386363983154297,22.765151977539062,22783939
2014-01-06,19.463315963745117,21.79292869567871,22.079124450683594,21.553030014038086,22.053871154785156,42542280
2014-01-07,19.873037338256836,22.251684188842773,22.31902313232422,21.877103805541992,22.049663543701172,33442200
2014-01-08,19.685091018676758,22.04124641418457,22.567340850830078,21.95707130432129,22.289562225341797,30967596
2014-01-09,19.57233428955078,21.91498374938965,22.226430892944336,21.81397247314453,22.2011775970459,25015003
2014-01-10,19.606159210205078,21.952861785888672,21.969697952270508,21.510942459106445,21.843433380126953,47645453
2014-01-13,19.748998641967773,22.112794876098633,22.268518447875977,21.797138214111328,21.93602752685547,45269690
2014-01-14,19.9068660736084,22.289562225341797,22.344276428222656,22.02861976623535,22.15909194946289,30514968
2014-01-15,20.218852996826172,22.63888931274414,22.794612884521484,22.352693557739258,22.398990631103516,32937775
2014-01-16,20.200054168701172,22.61784553527832,22.794612884521484,22.558923721313477,22.634679794311523,26769679
2014-01-17,19.997074127197266,22.39057159423828,22.697811126708984,22.2979793548584,22.47895622253418,53988422
2014-01-21,20.35417366027832,22.790403366088867,22.811447143554688,22.52104377746582,22.72727394104004,37900051
2014-01-22,20.451900482177734,22.899831771850586,22.941919326782227,22.634679794311523,22.65993309020996,84250346
2014-01-23,20.651123046875,23.122896194458008,23.526935577392578,22.72727394104004,23.4511775970459,147062045
2014-01-24,20.436870574951172,22.882997512817383,23.127103805541992,22.668350219726562,22.95875358581543,58213663
2014-01-27,19.87679672241211,22.255891799926758,22.857744216918945,22.209596633911133,22.643098831176758,53315302
2014-01-28,19.98204231262207,22.373737335205078,22.567340850830078,22.247474670410156,22.344276428222656,30691980
2014-01-29,19.617431640625,21.96548843383789,22.285354614257812,21.906566619873047,22.226430892944336,39362954
2014-01-30,19.989559173583984,22.38215446472168,22.453704833984375,22.070707321166992,22.142255783081055,39527611
2014-01-31,19.997074127197266,22.39057159423828,22.567340850830078,22.01178550720215,22.133838653564453,29364509
2014-02-03,19.692611694335938,22.049663543701172,22.449495315551758,21.93181800842285,22.365320205688477,40047480
2014-02-04,19.888071060180664,22.268518447875977,22.365320205688477,22.087541580200195,22.121212005615234,26067334
2014-02-05,20.117361068725586,22.525253295898438,22.744108200073242,21.90235710144043,22.00757598876953,39837917
2014-02-06,20.436870574951172,22.882997512817383,22.950336456298828,22.525253295898438,22.58417510986328,35941514
2014-02-07,20.51955795288086,22.975589752197266,23.038721084594727,22.65993309020996,22.916667938232422,23157446
2014-02-10,20.215089797973633,22.634679794311523,22.929292678833008,22.48737335205078,22.92508316040039,22988513
2014-02-11,20.4143123626709,22.857744216918945,22.908248901367188,22.495790481567383,22.748315811157227,27745502
2014-02-12,20.609771728515625,23.07659912109375,23.106061935424805,22.794612884521484,22.84090805053711,27262462
2014-02-13,20.64360237121582,23.114477157592773,23.127103805541992,22.773569107055664,22.929292678833008,27998309
2014-02-14,20.587217330932617,23.051347732543945,23.11868667602539,22.752525329589844,22.7988224029541,22983998
2014-02-18,20.73005485534668,23.211278915405273,23.371212005615234,22.941919326782227,23.08501625061035,23319965
2014-02-19,20.57594108581543,23.038721084594727,23.358585357666016,22.99242401123047,23.287036895751953,22909630
2014-02-20,20.658639907836914,23.13131332397461,23.27861976623535,23.03451156616211,23.04292869567871,18963094
2014-02-21,20.51955795288086,22.975589752197266,23.362794876098633,22.97138023376465,23.21548843383789,24664781
2014-02-24,21.16232681274414,23.69528579711914,23.876262664794922,23.09764289855957,23.190235137939453,45039456
2014-02-25,21.10593605041504,23.63215446472168,23.775253295898438,23.400672912597656,23.68686866760254,24228547
2014-02-26,21.553247451782227,24.132997512817383,24.32659912109375,23.6447811126709,23.66582489013672,43854070
2014-02-27,21.92913055419922,24.553871154785156,24.94528579711914,24.040403366088867,24.116161346435547,51805591
2014-02-28,22.090755462646484,24.734848022460938,25.126262664794922,24.558080673217773,24.60437774658203,38877062
2014-03-03,21.9178524017334,24.54124641418457,24.650672912597656,24.179292678833008,24.36026954650879,24922814
2014-03-04,22.19976043701172,24.856901168823242,24.94528579711914,24.726430892944336,24.81902313232422,23654506
2014-03-05,22.12458610534668,24.77272605895996,25.1052188873291,24.747474670410156,24.844276428222656,22712422
2014-03-06,22.28997802734375,24.95791244506836,25.1052188873291,24.77272605895996,24.82744026184082,28577815
2014-03-07,22.19976043701172,24.856901168823242,25.06313133239746,24.675926208496094,25.016834259033203,21609007
2014-03-10,21.884021759033203,24.503366470336914,24.785354614257812,24.42340087890625,24.65909194946289,23187622
2014-03-11,21.628427505493164,24.217172622680664,24.806396484375,24.191919326782227,24.600168228149414,24329052
2014-03-12,21.793806076049805,24.40235710144043,24.43602752685547,23.97727394104004,24.065656661987305,21310344
2014-03-13,21.312679290771484,23.863636016845703,24.654882431030273,23.76262664794922,24.537036895751953,29256638
2014-03-14,21.32771110534668,23.880470275878906,24.116161346435547,23.7415828704834,23.8468017578125,20240431
2014-03-17,21.583314895629883,24.166667938232422,24.36868667602539,24.015151977539062,24.36868667602539,20005920
2014-03-18,21.741186141967773,24.343433380126953,24.43602752685547,24.103534698486328,24.26346778869629,14870434
2014-03-19,21.538204193115234,24.116161346435547,24.482322692871094,23.97727394104004,24.255050659179688,16741534
2014-03-20,21.470548629760742,24.040403366088867,24.141414642333984,23.8383846282959,24.074073791503906,17830692
2014-03-21,21.4104061126709,23.973064422607422,24.30555534362793,23.897306442260742,24.107744216918945,27914436
2014-03-24,21.25253677368164,23.796295166015625,24.204544067382812,23.6447811126709,23.994108200073242,20950618
2014-03-25,21.173601150512695,23.70791244506836,24.010942459106445,23.459596633911133,23.926767349243164,19261994
2014-03-26,20.899202346801758,23.400672912597656,23.92255973815918,23.34596061706543,23.914140701293945,17995111
2014-03-27,20.741336822509766,23.223905563354492,23.468013763427734,22.824073791503906,23.341751098632812,22394513
2014-03-28,20.745088577270508,23.228113174438477,23.41750717163086,23.038721084594727,23.337541580200195,21085574
2014-03-31,20.763883590698242,23.24915885925293,23.636363983154297,23.23653221130371,23.434343338012695,16863660
2014-04-01,21.06459617614746,23.585859298706055,23.6531982421875,23.31229019165039,23.396465301513672,18877558
2014-04-02,20.842824935913086,23.337541580200195,23.67424201965332,23.27020263671875,23.63215446472168,22478861
2014-04-03,20.51580238342285,22.97138023376465,23.244949340820312,22.849327087402344,23.16077423095703,26900597
2014-04-04,20.297788619995117,22.72727394104004,23.358585357666016,22.67255973815918,23.219697952270508,37918584
2014-04-07,19.903108596801758,22.285354614257812,22.781986236572266,22.247474670410156,22.744108200073242,39933907
2014-04-08,20.598495483398438,23.06397247314453,23.15235710144043,22.470539093017578,22.634679794311523,44693273
2014-04-09,21.008211135864258,23.52272605895996,23.552188873291016,23.08922576904297,23.114477157592773,25880580
2014-04-10,20.327861785888672,22.760942459106445,23.253366470336914,22.689393997192383,23.156566619873047,69581873
2014-04-11,20.09481430053711,22.5,22.92508316040039,22.449495315551758,22.68097686767578,30253608
2014-04-14,20.29026985168457,22.718854904174805,22.75673484802246,22.432659149169922,22.622053146362305,28534572
2014-04-15,20.26020050048828,22.685184478759766,22.828283309936523,22.27272605895996,22.668350219726562,25421299
2014-04-16,20.557144165039062,23.017677307128906,23.093433380126953,22.693603515625,22.815656661987305,17212457
2014-04-17,20.66240119934082,23.135522842407227,23.219697952270508,22.92508316040039,22.929292678833008,17853502
2014-04-21,20.647361755371094,23.11868667602539,23.148147583007812,22.861953735351562,23.13131332397461,14216321
2014-04-22,20.8503360748291,23.34596061706543,23.40909194946289,22.962963104248047,23.09764289855957,17725198
2014-04-23,20.651123046875,23.122896194458008,23.388046264648438,22.996633529663086,23.37542152404785,15708924
2014-04-24,20.61353302001953,23.080808639526367,23.400672912597656,22.916667938232422,23.350168228149414,18273816
2014-04-25,20.19254493713379,22.60942840576172,23.059764862060547,22.495790481567383,22.97138023376465,22901551
2014-04-28,20.162466049194336,22.57575798034668,22.77777862548828,22.285354614257812,22.77777862548828,23105650
2014-04-29,20.500764846801758,22.954544067382812,23.005050659179688,22.470539093017578,22.689393997192383,33047309
2014-04-30,19.482112884521484,21.81397247314453,22.053871154785156,21.414140701293945,21.864477157592773,77257778
2014-05-01,19.429492950439453,21.755050659179688,22.2011775970459,21.746633529663086,21.893938064575195,30397356
2014-05-02,19.54977798461914,21.88973045349121,22.108585357666016,21.759258270263672,21.771886825561523,29012386
2014-05-05,19.5460205078125,21.885522842407227,22.032827377319336,21.704544067382812,21.801347732543945,25890322
2014-05-06,19.15134048461914,21.443603515625,21.91498374938965,21.418350219726562,21.91498374938965,34788679
2014-05-07,19.008501052856445,21.28367042541504,21.481481552124023,20.946969985961914,21.38888931274414,47140078
2014-05-08,18.891977310180664,21.1531982421875,21.553030014038086,21.052188873291016,21.308923721313477,30990643
2014-05-09,18.997224807739258,21.27104377746582,21.40993309020996,21.17424201965332,21.254209518432617,33712114
2014-05-12,19.29416847229004,21.603534698486328,21.62457847595215,21.342592239379883,21.43097686767578,30338431
2014-05-13,19.388153076171875,21.70875358581543,21.788721084594727,21.574073791503906,21.637205123901367,30034066
2014-05-14,19.414453506469727,21.73821449279785,21.919191360473633,21.712963104248047,21.797138214111328,26478619
2014-05-15,19.305452346801758,21.616161346435547,21.662458419799805,21.317340850830078,21.5488224029541,29826403
2014-05-16,19.527219772338867,21.864477157592773,22.087541580200195,21.456228256225586,21.73821449279785,43925350
2014-05-19,19.67005729675293,22.024410247802734,22.079124450683594,21.734006881713867,21.780302047729492,19408356
2014-05-20,19.530981063842773,21.86868667602539,21.978113174438477,21.734006881713867,21.96548843383789,15055524
2014-05-21,19.500913619995117,21.83501625061035,21.83501625061035,21.170034408569336,21.405723571777344,41386831
2014-05-22,19.358076095581055,21.67508316040039,21.91077423095703,21.544612884521484,21.88131332397461,30112949
2014-05-23,19.553537368774414,21.893938064575195,21.90235710144043,21.679292678833008,21.76346778869629,16926149
2014-05-27,19.45956039428711,21.788721084594727,22.02020263671875,21.759258270263672,22.015993118286133,24552634
2014-05-28,18.940841674804688,21.20791244506836,21.797138214111328,21.170034408569336,21.776094436645508,44714182
2014-05-29,18.846872329711914,21.102693557739258,21.376262664794922,21.026935577392578,21.31313133239746,39823661
2014-05-30,19.06864356994629,21.351009368896484,21.376262664794922,20.963804244995117,21.18686866760254,36648137
2014-06-02,18.97842788696289,21.25,21.439393997192383,21.182659149169922,21.329965591430664,18226058
2014-06-03,18.952119827270508,21.220539093017578,21.43097686767578,21.157407760620117,21.233165740966797,20477081
2014-06-04,18.963394165039062,21.233165740966797,21.35942840576172,21.010101318359375,21.20791244506836,15731258
2014-06-05,19.01226234436035,21.287879943847656,21.321548461914062,21.07744026184082,21.321548461914062,28573301
2014-06-06,18.68147850036621,20.91750717163086,21.414140701293945,20.833332061767578,21.414140701293945,50884891
2014-06-09,18.636371612548828,20.867002487182617,20.93013572692871,20.412458419799805,20.669191360473633,52664278
2014-06-10,18.13644790649414,20.307239532470703,20.54292869567871,20.273569107055664,20.475589752197266,85512953
2014-06-11,18.354459762573242,20.551347732543945,20.580808639526367,20.260942459106445,20.328283309936523,36385351
2014-06-12,18.252971649169922,20.43770980834961,20.67340087890625,20.412458419799805,20.56818199157715,32305284
2014-06-13,18.433395385742188,20.63973045349121,20.73653221130371,20.45875358581543,20.530302047729492,21555072
2014-06-16,18.418363571166992,20.622896194458008,20.69444465637207,20.51346778869629,20.58922576904297,18313733
2014-06-17,18.440916061401367,20.648147583007812,20.71548843383789,20.530302047729492,20.580808639526367,20513671
2014-06-18,18.666446685791016,20.900672912597656,20.934343338012695,20.56397247314453,20.702861785888672,21913135
2014-06-19,18.643896102905273,20.87542152404785,20.959596633911133,20.833332061767578,20.91750717163086,28325959
2014-06-20,18.54616355895996,20.765993118286133,20.938552856445312,20.601852416992188,20.934343338012695,44126122
2014-06-23,18.56495475769043,20.787036895751953,20.900672912597656,20.580808639526367,20.820707321166992,22389523
2014-06-24,18.361984252929688,20.559764862060547,20.829124450683594,20.521886825561523,20.787036895751953,27576806
2014-06-25,18.53864288330078,20.75757598876953,20.833332061767578,20.484006881713867,20.538721084594727,21245479
2014-06-26,18.595022201538086,20.820707321166992,20.904882431030273,20.635522842407227,20.833332061767578,19189051
2014-06-27,18.82431983947754,21.07744026184082,21.119529724121094,20.803871154785156,20.867002487182617,26240782
2014-06-30,18.816804885864258,21.06902313232422,21.123737335205078,20.959596633911133,21.123737335205078,25195342
2014-07-01,18.982192993164062,21.254209518432617,21.32575798034668,21.073232650756836,21.123737335205078,20921155
2014-07-02,19.00098991394043,21.275253295898438,21.380470275878906,21.254209518432617,21.2584171295166,22204433
2014-07-03,19.147579193115234,21.439393997192383,21.498315811157227,21.30471420288086,21.447811126708984,10958112
2014-07-07,19.072404861450195,21.3552188873291,21.456228256225586,21.300504684448242,21.435184478759766,17153057
2014-07-08,18.861907958984375,21.119529724121094,21.36784553527832,21.0479793548584,21.300504684448242,31059072
2014-07-09,19.143817901611328,21.435184478759766,21.435184478759766,21.0479793548584,21.170034408569336,20019226
2014-07-10,18.922046661376953,21.18686866760254,21.27104377746582,20.934343338012695,21.136363983154297,19784952
2014-07-11,19.358076095581055,21.67508316040039,21.81397247314453,21.464645385742188,21.464645385742188,33009530
2014-07-14,19.230281829833984,21.531986236572266,21.595117568969727,21.32575798034668,21.56986427307129,22340340
2014-07-15,19.102474212646484,21.38888931274414,21.670875549316406,21.266834259033203,21.65403938293457,22408294
2014-07-16,19.057371139526367,21.3383846282959,21.540403366088867,21.254209518432617,21.47727394104004,32719183
2014-07-17,19.18140983581543,21.47727394104004,21.81818199157715,21.393098831176758,21.50673484802246,51575119
2014-07-18,19.35055923461914,21.666667938232422,21.734006881713867,21.287879943847656,21.435184478759766,30766111
2014-07-21,19.43325424194336,21.759258270263672,21.82659912109375,21.481481552124023,21.578283309936523,23575860
2014-07-22,19.564817428588867,21.906566619873047,22.00757598876953,21.76346778869629,21.830808639526367,24766236
2014-07-23,19.794103622436523,22.163299560546875,22.188552856445312,21.830808639526367,21.885522842407227,32981256
2014-07-24,20.008358001708984,22.4031982421875,22.516834259033203,22.10437774658203,22.10437774658203,38628058
2014-07-25,19.827930450439453,22.2011775970459,22.348485946655273,22.112794876098633,22.213804244995117,26731901
2014-07-28,19.895591735839844,22.276935577392578,22.344276428222656,21.982322692871094,22.268518447875977,22340815
2014-07-29,20.00084114074707,22.3947811126709,22.46632957458496,22.2011775970459,22.348485946655273,28548353
2014-07-30,20.008358001708984,22.4031982421875,22.550504684448242,22.205387115478516,22.42424201965332,21626114
2014-07-31,19.858001708984375,22.234848022460938,22.331649780273438,22.163299560546875,22.281145095825195,27357739
2014-08-01,19.745235443115234,22.108585357666016,22.268518447875977,21.94444465637207,22.213804244995117,30517819
2014-08-04,19.9444580078125,22.331649780273438,22.36111068725586,21.98653221130371,22.058080673217773,28510337
2014-08-05,20.01963233947754,22.41582489013672,22.441076278686523,22.230640411376953,22.310606002807617,26129110
2014-08-06,20.09481430053711,22.5,22.5968017578125,22.22222137451172,22.289562225341797,24258485
2014-08-07,20.13239860534668,22.54208755493164,22.83249282836914,22.483165740966797,22.592592239379883,23877850
2014-08-08,20.331619262695312,22.765151977539062,22.7988224029541,22.369529724121094,22.550504684448242,24536477
2014-08-11,20.252683639526367,22.676767349243164,22.912458419799805,22.613636016845703,22.824073791503906,18840254
2014-08-12,20.083538055419922,22.48737335205078,22.697811126708984,22.38215446472168,22.67255973815918,18340344
2014-08-13,19.899351119995117,22.281145095825195,22.369529724121094,22.09596061706543,22.205387115478516,29403475
2014-08-14,19.895591735839844,22.276935577392578,22.373737335205078,22.226430892944336,22.255891799926758,23595818
2014-08-15,19.786584854125977,22.154882431030273,22.46632957458496,22.129629135131836,22.46632957458496,32287226
2014-08-18,19.9632511138916,22.352693557739258,22.377946853637695,22.226430892944336,22.331649780273438,21068942
2014-08-19,20.203813552856445,22.622053146362305,22.626262664794922,22.365320205688477,22.42424201965332,19277438
2014-08-20,20.07225227355957,22.474746704101562,22.5883846282959,22.42424201965332,22.52104377746582,17847562
2014-08-21,21.008211135864258,23.52272605895996,24.010942459106445,22.516834259033203,22.525253295898438,119831422
2014-08-22,20.861618041992188,23.358585357666016,23.560606002807617,23.240741729736328,23.442760467529297,27889963
2014-08-25,20.85785484313965,23.35437774658203,23.619529724121094,23.308080673217773,23.404882431030273,15999271
2014-08-26,21.143529891967773,23.67424201965332,23.779460906982422,23.320707321166992,23.358585357666016,21370932
2014-08-27,21.019487380981445,23.535354614257812,23.86784553527832,23.476430892944336,23.68686866760254,18002714
2014-08-28,20.835309982299805,23.329124450683594,23.510101318359375,23.16077423095703,23.510101318359375,22816490
2014-08-29,20.861618041992188,23.358585357666016,23.468013763427734,23.122896194458008,23.468013763427734,20572596
2014-09-02,20.62856674194336,23.09764289855957,23.396465301513672,23.017677307128906,23.350168228149414,26560116
2014-09-03,20.504526138305664,22.95875358581543,23.27861976623535,22.87457847595215,23.20707130432129,19286705
2014-09-04,20.463178634643555,22.912458419799805,23.337541580200195,22.723064422607422,23.059764862060547,31086396
2014-09-05,20.26020050048828,22.685184478759766,22.899831771850586,22.432659149169922,22.853534698486328,38499991
2014-09-08,20.384239196777344,22.824073791503906,22.845117568969727,22.504209518432617,22.634679794311523,21543667
2014-09-09,19.82041358947754,22.192760467529297,23.148147583007812,22.066497802734375,22.878787994384766,48061015
2014-09-10,19.20772361755371,21.50673484802246,21.696128845214844,21.27104377746582,21.666667938232422,73656950
2014-09-11,19.04985237121582,21.329965591430664,21.58249282836914,21.2584171295166,21.372053146362305,40316443
2014-09-12,19.617431640625,21.96548843383789,22.335859298706055,21.060606002807617,21.296295166015625,100640232
2014-09-15,19.15509796142578,21.447811126708984,22.00757598876953,21.363636016845703,21.978113174438477,30329165
2014-09-16,19.399423599243164,21.72138023376465,21.83501625061035,21.279460906982422,21.4520206451416,32418382
2014-09-17,19.527219772338867,21.864477157592773,21.94444465637207,21.632997512817383,21.767677307128906,27247968
2014-09-18,19.80913734436035,22.18013572692871,22.192760467529297,21.788721084594727,21.885522842407227,29439115
2014-09-19,19.696367263793945,22.053871154785156,22.331649780273438,22.024410247802734,22.251684188842773,48506990
2014-09-22,19.722686767578125,22.083332061767578,22.09596061706543,21.81397247314453,21.99915885925293,22575326
2014-09-23,19.82417106628418,22.196969985961914,22.323232650756836,21.95707130432129,22.01178550720215,26688420
2014-09-24,19.895591735839844,22.276935577392578,22.386363983154297,22.150672912597656,22.22222137451172,20828254
2014-09-25,19.602401733398438,21.948652267456055,22.276935577392578,21.893938064575195,22.196969985961914,17862530
2014-09-26,19.895591735839844,22.276935577392578,22.365320205688477,21.864477157592773,21.885522842407227,17984419
2014-09-29,19.794103622436523,22.163299560546875,22.310606002807617,22.01178550720215,22.100168228149414,16623209
2014-09-30,21.28636360168457,23.83417510986328,24.116161346435547,23.5479793548584,23.829965591430664,183556692
2014-10-01,20.846582412719727,23.341751098632812,23.602693557739258,23.13973045349121,23.211278915405273,57718505
2014-10-02,20.621049880981445,23.08922576904297,23.40909194946289,22.882997512817383,23.244949340820312,29751322
2014-10-03,20.463178634643555,22.912458419799805,23.228113174438477,22.794612884521484,23.17340087890625,22737132
2014-10-06,20.128644943237305,22.537879943847656,22.95875358581543,22.5084171295166,22.929292678833008,22155962
2014-10-07,19.910629272460938,22.293771743774414,22.592592239379883,22.281145095825195,22.398990631103516,22865674
2014-10-08,20.489490509033203,22.941919326782227,23.009258270263672,22.398990631103516,22.42424201965332,36490846
2014-10-09,19.869281768798828,22.247474670410156,22.81986427307129,22.22222137451172,22.7988224029541,21267576
2014-10-10,19.49339485168457,21.82659912109375,22.239057540893555,21.81397247314453,22.22222137451172,21689791
2014-10-13,18.967153549194336,21.23737335205078,21.856061935424805,21.19528579711914,21.700336456298828,22937666
2014-10-14,19.016019821166992,21.29208755493164,21.67508316040039,21.19528579711914,21.439393997192383,29493763
2014-10-15,18.884458541870117,21.1447811126709,21.178451538085938,20.58922576904297,21.06902313232422,39921314
2014-10-16,17.997371673583984,20.151514053344727,20.49242401123047,19.503366470336914,20.408248901367188,90622541
2014-10-17,18.023681640625,20.18097686767578,20.446128845214844,20.168350219726562,20.303030014038086,33126905
2014-10-20,18.493539810180664,20.70707130432129,20.774410247802734,20.164140701293945,20.218854904174805,29693822
2014-10-21,19.117507934570312,21.405723571777344,21.4520206451416,20.841751098632812,20.896465301513672,33168247
2014-10-22,18.843111038208008,21.098485946655273,21.72138023376465,21.031145095825195,21.5488224029541,32218560
2014-10-23,19.091197967529297,21.376262664794922,21.494108200073242,21.19528579711914,21.300504684448242,25652959
2014-10-24,19.215238571166992,21.515151977539062,21.58249282836914,21.28367042541504,21.376262664794922,15176225
2014-10-27,19.24155044555664,21.544612884521484,21.670875549316406,21.4520206451416,21.50673484802246,16534584
2014-10-28,19.245311737060547,21.5488224029541,21.611953735351562,21.464645385742188,21.611953735351562,19258668
2014-10-29,19.29416847229004,21.603534698486328,21.637205123901367,21.3552188873291,21.376262664794922,17399210
2014-10-30,19.376869201660156,21.696128845214844,21.885522842407227,21.43097686767578,21.485689163208008,16449523
2014-10-31,19.73396110534668,22.09596061706543,22.192760467529297,21.877103805541992,22.171716690063477,19716761
2014-11-03,19.80913734436035,22.18013572692871,22.285354614257812,22.00757598876953,22.02020263671875,16598498
2014-11-04,20.023391723632812,22.420034408569336,22.44528579711914,22.037036895751953,22.121212005615234,18361490
2014-11-05,20.143674850463867,22.55471420288086,22.622053146362305,22.441076278686523,22.504209518432617,25570037
2014-11-06,20.01963233947754,22.41582489013672,22.579965591430664,22.302188873291016,22.567340850830078,14002718
2014-11-07,20.117361068725586,22.525253295898438,22.613636016845703,22.352693557739258,22.453704833984375,12866278
2014-11-10,20.256439208984375,22.68097686767578,22.7020206451416,22.41582489013672,22.504209518432617,12553358
2014-11-11,20.36920928955078,22.807239532470703,22.878787994384766,22.5084171295166,22.7988224029541,16906666
2014-11-12,20.32033920288086,22.752525329589844,22.87457847595215,22.432659149169922,22.647306442260742,14395946
2014-11-13,20.436870574951172,22.882997512817383,22.98821449279785,22.697811126708984,22.752525329589844,18563450
2014-11-14,20.43310546875,22.878787994384766,22.984006881713867,22.752525329589844,22.84090805053711,11814898
2014-11-17,20.609771728515625,23.07659912109375,23.190235137939453,22.882997512817383,22.882997512817383,18473400
2014-11-18,20.816511154174805,23.308080673217773,23.425926208496094,23.021886825561523,23.06818199157715,16551691
2014-11-19,20.651123046875,23.122896194458008,23.287036895751953,22.836700439453125,23.287036895751953,15970284
2014-11-20,20.500764846801758,22.954544067382812,23.030302047729492,22.861953735351562,22.941919326782227,13196779
2014-11-21,20.45566177368164,22.90403938293457,23.08501625061035,22.824073791503906,23.04292869567871,20053678
2014-11-24,20.444379806518555,22.891414642333984,23.021886825561523,22.824073791503906,23.01346778869629,14415430
2014-11-25,20.448143005371094,22.89562225341797,23.017677307128906,22.824073791503906,22.824073791503906,15779966
2014-11-26,20.512041091918945,22.967172622680664,23.01346778869629,22.853534698486328,22.962963104248047,9479052
2014-11-28,20.62856674194336,23.09764289855957,23.232322692871094,22.97138023376465,23.106061935424805,7055770
2014-12-01,20.62480926513672,23.093433380126953,23.198652267456055,22.90403938293457,23.047138214111328,16256592
2014-12-02,20.681190490722656,23.156566619873047,23.316497802734375,22.95875358581543,23.08922576904297,14228201
2014-12-03,20.602252960205078,23.06818199157715,23.16077423095703,22.93770980834961,23.16077423095703,12798324
2014-12-04,20.54963493347168,23.009258270263672,23.04292869567871,22.916667938232422,22.99242401123047,13416322
2014-12-05,20.602252960205078,23.06818199157715,23.101852416992188,22.941919326782227,23.101852416992188,13280890
2014-12-08,20.73005485534668,23.211278915405273,23.41750717163086,23.047138214111328,23.295455932617188,31430916
2014-12-09,20.824026107788086,23.316497802734375,23.362794876098633,22.962963104248047,22.975589752197266,26249810
2014-12-10,20.775161743164062,23.26178550720215,23.396465301513672,23.106061935424805,23.156566619873047,39024850
2014-12-11,21.346506118774414,23.901514053344727,24.255050659179688,23.27861976623535,23.320707321166992,56376302
2014-12-12,20.963102340698242,23.47222137451172,23.897306442260742,23.468013763427734,23.64057159423828,22610016
2014-12-15,20.839059829711914,23.333332061767578,23.863636016845703,23.253366470336914,23.510101318359375,17738028
2014-12-16,21.027006149291992,23.543771743774414,23.893098831176758,23.211278915405273,23.308080673217773,36090727
2014-12-17,21.203670501708984,23.7415828704834,23.766834259033203,23.43013572692871,23.552188873291016,25013815
2014-12-18,21.62466049194336,24.212963104248047,24.212963104248047,23.939393997192383,23.994108200073242,21470962
2014-12-19,21.47806167602539,24.0488224029541,24.280302047729492,23.973064422607422,24.200336456298828,37502784
2014-12-22,21.54948616027832,24.128787994384766,24.385522842407227,24.015151977539062,24.18770980834961,31965041
2014-12-23,21.51189422607422,24.086700439453125,24.301347732543945,24.078283309936523,24.297138214111328,13514926
2014-12-24,21.463029861450195,24.031986236572266,24.183502197265625,24.02777862548828,24.170875549316406,4185086
2014-12-26,21.440479278564453,24.00673484802246,24.132997512817383,23.964645385742188,24.132997512817383,6807002
2014-12-29,21.436717987060547,24.002525329589844,24.17508316040039,23.914140701293945,24.0488224029541,8495150
2014-12-30,21.50813865661621,24.08249282836914,24.196128845214844,23.92255973815918,23.93097686767578,10450836
2014-12-31,21.094663619995117,23.619529724121094,24.095117568969727,23.602693557739258,24.015151977539062,14060455
2015-01-02,21.12849235534668,23.657407760620117,23.92255973815918,23.455387115478516,23.72895622253418,14021251
2015-01-05,20.951828002929688,23.459596633911133,23.670034408569336,23.274410247802734,23.505891799926758,17694072
2015-01-06,20.681190490722656,23.156566619873047,23.484848022460938,23.017677307128906,23.484848022460938,22926737
2015-01-07,20.647361755371094,23.11868667602539,23.350168228149414,22.912458419799805,23.223905563354492,21981564
2015-01-08,21.203670501708984,23.7415828704834,23.745790481567383,23.274410247802734,23.27861976623535,24326438
2015-01-09,20.910478591918945,23.413299560546875,23.75,23.358585357666016,23.703704833984375,16652909
2015-01-12,20.74884605407715,23.232322692871094,23.505891799926758,23.135522842407227,23.425926208496094,10791792
2015-01-13,20.7225341796875,23.202861785888672,23.73737335205078,23.114477157592773,23.49326515197754,15368918
2015-01-14,20.309070587158203,22.739898681640625,23.03451156616211,22.525253295898438,22.882997512817383,23952218
2015-01-15,19.929420471191406,22.314815521240234,22.857744216918945,22.285354614257812,22.7988224029541,27809654
2015-01-16,20.16998291015625,22.58417510986328,22.706228256225586,22.205387115478516,22.276935577392578,23340874
2015-01-20,20.177501678466797,22.592592239379883,22.75673484802246,22.27272605895996,22.685184478759766,19813226
2015-01-21,20.06473731994629,22.46632957458496,22.718854904174805,22.369529724121094,22.47895622253418,37994141
2015-01-22,21.48182487487793,24.053030014038086,24.086700439453125,23.143938064575195,23.223905563354492,71026481
2015-01-23,21.33523178100586,23.88888931274414,24.107744216918945,23.703704833984375,23.985689163208008,31813927
2015-01-26,21.072113037109375,23.594276428222656,23.960437774658203,23.497474670410156,23.724746704101562,24451416
2015-01-27,20.557144165039062,23.017677307128906,23.468013763427734,23.009258270263672,23.367002487182617,22637102
2015-01-28,20.237640380859375,22.65993309020996,23.265993118286133,22.63888931274414,23.169191360473633,20416730
2015-01-29,20.28274917602539,22.710437774658203,22.752525329589844,22.449495315551758,22.622053146362305,15084749
2015-01-30,19.921905517578125,22.306396484375,22.752525329589844,22.289562225341797,22.664140701293945,24970097
2015-02-02,20.188783645629883,22.6052188873291,22.689393997192383,22.112794876098633,22.352693557739258,18524959
2015-02-03,20.391761779785156,22.83249282836914,22.93770980834961,22.68097686767578,22.689393997192383,17583826
2015-02-04,20.188783645629883,22.6052188873291,22.887205123901367,22.52104377746582,22.765151977539062,16251602
2015-02-05,20.406787872314453,22.849327087402344,22.941919326782227,22.6052188873291,22.664140701293945,14671800
2015-02-06,20.48573112487793,22.93770980834961,23.106061935424805,22.752525329589844,22.811447143554688,19006574
2015-02-09,20.421829223632812,22.866161346435547,23.07659912109375,22.731481552124023,22.731481552124023,10209910
2015-02-10,20.775161743164062,23.26178550720215,23.388046264648438,22.676767349243164,22.912458419799805,25966116
2015-02-11,20.726295471191406,23.20707130432129,23.337541580200195,23.00084114074707,23.32491683959961,14791550
2015-02-12,20.57594108581543,23.038721084594727,23.421716690063477,23.017677307128906,23.41750717163086,21275892
2015-02-13,21.226221084594727,23.766834259033203,23.82575798034668,23.148147583007812,23.156566619873047,24438110
2015-02-17,21.207427978515625,23.745790481567383,23.76262664794922,23.489057540893555,23.64057159423828,17697398
2015-02-18,21.38785171508789,23.947811126708984,23.985689163208008,23.699495315551758,23.733165740966797,14064732
2015-02-19,21.669767379760742,24.26346778869629,24.28451156616211,23.75,23.97727394104004,18514267
2015-02-20,21.808847427368164,24.419191360473633,24.43181800842285,24.099327087402344,24.271886825561523,16655047
2015-02-23,21.82763671875,24.440235137939453,24.663299560546875,24.301347732543945,24.343433380126953,19293833
2015-02-24,21.95168113708496,24.579124450683594,24.638046264648438,24.356061935424805,24.440235137939453,11979317
2015-02-25,21.932884216308594,24.558080673217773,24.663299560546875,24.398147583007812,24.638046264648438,18242215
2015-02-26,22.004301071166992,24.638046264648438,24.77272605895996,24.49915885925293,24.50757598876953,13568861
2015-02-27,21.767501831054688,24.372896194458008,24.705387115478516,24.301347732543945,24.696969985961914,14896332
2015-03-02,21.944164276123047,24.570707321166992,24.688552856445312,24.22138023376465,24.22138023376465,15422141
2015-03-03,21.89905548095703,24.52020263671875,24.675926208496094,24.41498374938965,24.56229019165039,11651666
2015-03-04,21.9178524017334,24.54124641418457,24.747474670410156,24.246633529663086,24.351852416992188,13759416
2015-03-05,22.207279205322266,24.865320205688477,24.953704833984375,24.52861976623535,24.52861976623535,16353770
2015-03-06,22.50423240661621,25.197811126708984,25.450336456298828,24.84006690979004,24.873737335205078,32800205
2015-03-09,22.85756492614746,25.593433380126953,25.643938064575195,25.13888931274414,25.197811126708984,32726549
2015-03-10,22.25615119934082,24.920034408569336,25.462963104248047,24.86111068725586,25.273569107055664,37409170
2015-03-11,22.43281364440918,25.11784553527832,25.336700439453125,24.96632957458496,24.970539093017578,25660562
2015-03-12,22.331321716308594,25.004209518432617,25.315656661987305,24.869529724121094,25.27777862548828,17642038
2015-03-13,22.20352554321289,24.86111068725586,25.269359588623047,24.671716690063477,25.269359588623047,18691992
2015-03-16,22.391464233398438,25.071548461914062,25.244108200073242,24.88215446472168,25.050504684448242,15026299
2015-03-17,22.36139488220215,25.037879943847656,25.206228256225586,24.768518447875977,25.06313133239746,16373016
2015-03-18,21.96295928955078,24.591751098632812,24.983165740966797,24.276094436645508,24.983165740966797,37188914
2015-03-19,21.7562255859375,24.36026954650879,24.553871154785156,23.85942840576172,23.90993309020996,32250161
2015-03-20,21.775012969970703,24.38131332397461,24.654882431030273,24.38131332397461,24.49915885925293,51283346
2015-03-23,22.034374237060547,24.671716690063477,24.92424201965332,24.377103805541992,24.377103805541992,17623980
2015-03-24,22.368913650512695,25.046295166015625,25.265151977539062,24.54124641418457,24.549663543701172,29755361
2015-03-25,21.823881149291992,24.43602752685547,25.092592239379883,24.419191360473633,25.092592239379883,25144020
2015-03-26,21.62090301513672,24.20875358581543,24.482322692871094,24.099327087402344,24.225589752197266,15558761
2015-03-27,21.662248611450195,24.255050659179688,24.393938064575195,24.116161346435547,24.137205123901367,14415905
2015-03-30,21.775012969970703,24.38131332397461,24.579124450683594,24.301347732543945,24.30555534362793,11317126
2015-03-31,21.681045532226562,24.276094436645508,24.57491683959961,24.271886825561523,24.28451156616211,11542370
2015-04-01,21.47430992126465,24.044612884521484,24.297138214111328,23.90993309020996,24.128787994384766,11735539
2015-04-02,21.39161491394043,23.9520206451416,24.095117568969727,23.88888931274414,24.010942459106445,8419594
2015-04-06,21.357786178588867,23.914140701293945,24.057239532470703,23.337541580200195,23.358585357666016,14706252
2015-04-07,21.455514907836914,24.023569107055664,24.372896194458008,23.92255973815918,24.031986236572266,16251840
2015-04-08,21.466785430908203,24.036195755004883,24.246633529663086,23.83417510986328,24.06986427307129,16336901
2015-04-09,21.42920684814453,23.994108200073242,24.179292678833008,23.779460906982422,24.036195755004883,11570882
2015-04-10,21.553247451782227,24.132997512817383,24.280302047729492,24.015151977539062,24.166667938232422,12104294
2015-04-13,21.402891159057617,23.964645385742188,24.50757598876953,23.901514053344727,24.057239532470703,16681421
2015-04-14,21.406654357910156,23.968854904174805,24.036195755004883,23.724746704101562,23.901514053344727,12054398
2015-04-15,21.43295669555664,23.998315811157227,24.116161346435547,23.851009368896484,23.981481552124023,12303878
2015-04-16,21.440479278564453,24.00673484802246,24.15403938293457,23.8468017578125,23.985689163208008,10490278
2015-04-17,20.97062110900879,23.480640411376953,23.775253295898438,23.316497802734375,23.70791244506836,21192732
2015-04-20,21.075868606567383,23.598485946655273,23.7584171295166,23.320707321166992,23.564815521240234,20649103
2015-04-21,21.207427978515625,23.745790481567383,23.8468017578125,23.581649780273438,23.775253295898438,17674114
2015-04-22,21.331472396850586,23.884679794311523,23.968854904174805,23.6616153717041,23.72895622253418,26262878
2015-04-23,22.13587188720703,24.785354614257812,25.189393997192383,24.621212005615234,25.004209518432617,37307952
2015-04-24,22.25238800048828,24.91582489013672,25.244108200073242,24.785354614257812,24.873737335205078,20651479
2015-04-27,22.211048126220703,24.869529724121094,24.949495315551758,24.713804244995117,24.852693557739258,16405805
2015-04-28,22.357633590698242,25.03367042541504,25.311447143554688,24.730640411376953,24.814815521240234,22437756
2015-04-29,22.132104873657227,24.781145095825195,25.101009368896484,24.654882431030273,24.877946853637695,17278034
2015-04-30,21.89905548095703,24.52020263671875,24.831649780273438,24.38131332397461,24.650672912597656,14935298
2015-05-01,22.28997802734375,24.95791244506836,24.970539093017578,24.419191360473633,24.52020263671875,16283203
2015-05-04,22.21856117248535,24.877946853637695,25.03367042541504,24.781145095825195,24.89057159423828,9812880
2015-05-05,21.778778076171875,24.385522842407227,24.84006690979004,24.36026954650879,24.734848022460938,18719316
2015-05-06,21.609630584716797,24.196128845214844,24.461278915405273,23.960437774658203,24.330808639526367,16666452
2015-05-07,21.78629493713379,24.393938064575195,24.503366470336914,24.116161346435547,24.196128845214844,15743138
2015-05-08,22.109554290771484,24.755891799926758,24.81902313232422,24.608585357666016,24.675926208496094,11453033
2015-05-11,21.92913055419922,24.553871154785156,24.907407760620117,24.490741729736328,24.768518447875977,10834085
2015-05-12,21.914093017578125,24.537036895751953,24.65909194946289,24.22979736328125,24.343433380126953,10837886
2015-05-13,22.105796813964844,24.751684188842773,24.995790481567383,24.43181800842285,24.638046264648438,15145574
2015-05-14,22.590688705444336,25.294612884521484,25.303030014038086,24.810606002807617,24.928451538085938,14514509
2015-05-15,22.331321716308594,25.004209518432617,25.601852416992188,24.98737335205078,25.315656661987305,14688194
2015-05-18,22.350120544433594,25.025253295898438,25.113636016845703,24.898990631103516,24.92424201965332,9354074
2015-05-19,22.27118492126465,24.93686866760254,25.13888931274414,24.920034408569336,25.1052188873291,6990667
2015-05-20,22.23359489440918,24.8947811126709,25.08417510986328,24.671716690063477,25.029460906982422,11650478
2015-05-21,22.45536994934082,25.143098831176758,25.22727394104004,24.831649780273438,24.831649780273438,12222382
2015-05-22,22.447847366333008,25.134679794311523,25.324073791503906,25.029460906982422,25.13888931274414,10792980
2015-05-26,22.075721740722656,24.718013763427734,25.273569107055664,24.638046264648438,25.265151977539062,14991847
2015-05-27,22.32004737854004,24.9915828704834,25.101009368896484,24.66750717163086,24.77272605895996,10165478
2015-05-28,22.76358985900879,25.48821449279785,25.643938064575195,24.810606002807617,24.928451538085938,21358814
2015-05-29,23.064300537109375,25.82491683959961,25.942760467529297,25.399831771850586,25.526094436645508,34881581
2015-06-01,23.515363693237305,26.329965591430664,26.52777862548828,25.904882431030273,25.904882431030273,33498749
2015-06-02,23.304861068725586,26.094276428222656,26.52777862548828,26.056396484375,26.136363983154297,16855106
2015-06-03,23.308624267578125,26.098485946655273,26.30471420288086,25.888046264648438,26.25,18803902
2015-06-04,23.489055633544922,26.300504684448242,26.32575798034668,25.980640411376953,25.997474670410156,18350561
2015-06-05,23.7672061920166,26.611953735351562,26.641414642333984,26.1616153717041,26.300504684448242,23993798
2015-06-08,22.87259864807129,25.61026954650879,26.31313133239746,25.441919326782227,26.31313133239746,29311999
2015-06-09,22.70720863342285,25.42508316040039,25.606061935424805,25.143098831176758,25.559764862060547,22695077
2015-06-10,22.729764938354492,25.450336456298828,25.648147583007812,25.34090805053711,25.48821449279785,21102206
2015-06-11,22.722248077392578,25.441919326782227,25.669191360473633,25.315656661987305,25.547138214111328,16867462
2015-06-12,22.56061363220215,25.260942459106445,25.538721084594727,25.239898681640625,25.387205123901367,16434317
2015-06-15,22.553104400634766,25.252525329589844,25.33249282836914,24.93686866760254,25.0968017578125,19259143
2015-06-16,22.74856185913086,25.47138023376465,26.043771743774414,25.15993309020996,25.206228256225586,22362199
2015-06-17,22.75983428955078,25.484006881713867,25.711278915405273,25.353534698486328,25.462963104248047,10832659
2015-06-18,22.812458038330078,25.54292869567871,25.723905563354492,25.517677307128906,25.526094436645508,16602775
2015-06-19,22.99287986755371,25.744949340820312,25.867002487182617,25.530302047729492,25.58501625061035,25043278
2015-06-22,23.210891723632812,25.989057540893555,26.052188873291016,25.79124641418457,25.921716690063477,12277505
2015-06-23,23.278554916381836,26.064815521240234,26.094276428222656,25.858585357666016,25.99326515197754,13147121
2015-06-24,23.158275604248047,25.93013572692871,26.2584171295166,25.888046264648438,26.14057159423828,20029680
2015-06-25,23.154512405395508,25.925926208496094,26.094276428222656,25.87542152404785,25.959596633911133,14268830
2015-06-26,22.944015502929688,25.690235137939453,25.97222137451172,25.547138214111328,25.925926208496094,15897103
2015-06-29,22.316295623779297,24.98737335205078,25.601852416992188,24.877946853637695,25.530302047729492,18184954
2015-06-30,22.643310546875,25.353534698486328,25.505050659179688,25.0,25.273569107055664,20587565
2015-07-01,22.7147274017334,25.433502197265625,25.669191360473633,25.176767349243164,25.669191360473633,19601762
2015-07-02,23.24848175048828,26.031145095825195,26.191076278686523,25.433502197265625,25.69444465637207,39197110
2015-07-06,23.214656829833984,25.99326515197754,26.25,25.753366470336914,25.867002487182617,38425622
2015-07-07,23.297351837158203,26.085859298706055,26.384679794311523,25.71548843383789,26.376262664794922,50104375
2015-07-08,22.92522430419922,25.669191360473633,25.980640411376953,25.61868667602539,25.892255783081055,33981552
2015-07-09,23.218414306640625,25.997474670410156,26.22895622253418,25.90909194946289,26.056396484375,21711888
2015-07-10,23.44394874572754,26.25,26.300504684448242,25.867002487182617,26.2415828704834,20200990
2015-07-13,23.857419967651367,26.712963104248047,26.830808639526367,26.254209518432617,26.27104377746582,35042436
2015-07-14,23.90252113342285,26.76346778869629,27.058080673217773,26.670875549316406,26.67508316040039,26100122
2015-07-15,23.84613800048828,26.700336456298828,27.024410247802734,26.611953735351562,26.822391510009766,30818383
2015-07-16,24.6542911529541,27.6052188873291,28.07659912109375,27.356901168823242,27.483165740966797,73716113
2015-07-17,24.917417526245117,27.899831771850586,28.08501625061035,27.293771743774414,27.794612884521484,62178494
2015-07-20,25.51594352722168,28.56999969482422,29.350000381469727,26.59000015258789,26.889999389648438,37485700
2015-07-21,25.5427303314209,28.600000381469727,28.989999771118164,27.979999542236328,28.149999618530273,44336300
2015-07-22,25.40877342224121,28.450000762939453,28.809999465942383,28.200000762939453,28.229999542236328,33661000
2015-07-23,25.390911102294922,28.43000030517578,28.600000381469727,28.1200008392334,28.25,40433500
2015-07-24,25.21228790283203,28.229999542236328,28.850000381469727,28.18000030517578,28.829999923706055,16134400
2015-07-27,25.006874084472656,28.0,28.200000762939453,27.81999969482422,28.020000457763672,15915400
2015-07-28,25.301599502563477,28.329999923706055,28.3700008392334,27.8799991607666,28.06999969482422,33250000
2015-07-29,25.676700592041016,28.75,28.8700008392334,28.25,28.389999389648438,13841300
2015-07-30,25.337322235107422,28.3700008392334,28.700000762939453,28.09000015258789,28.6299991607666,11812900
2015-07-31,25.11404800415039,28.1200008392334,28.540000915527344,28.059999465942383,28.469999313354492,11863700
2015-08-03,25.301599502563477,28.329999923706055,28.350000381469727,27.84000015258789,28.09000015258789,16138700
2015-08-04,25.373048782348633,28.40999984741211,28.43000030517578,28.030000686645508,28.15999984741211,9727300
2015-08-05,25.50701332092285,28.559999465942383,28.719999313354492,28.43000030517578,28.43000030517578,10476400
2015-08-06,25.149770736694336,28.15999984741211,28.6299991607666,28.100000381469727,28.579999923706055,9167600
2015-08-07,25.498077392578125,28.549999237060547,28.56999969482422,28.09000015258789,28.190000534057617,12679500
2015-08-10,25.59632110595703,28.65999984741211,28.940000534057617,28.600000381469727,28.610000610351562,7176800
2015-08-11,25.13191032409668,28.139999389648438,28.6200008392334,28.06999969482422,28.299999237060547,9935700
2015-08-12,25.015806198120117,28.010000228881836,28.040000915527344,27.309999465942383,27.520000457763672,11164100
2015-08-13,24.99794578552246,27.989999771118164,28.149999618530273,27.729999542236328,27.979999542236328,7421900
2015-08-14,25.23908042907715,28.260000228881836,28.290000915527344,27.799999237060547,27.940000534057617,7262800
2015-08-17,25.265872955322266,28.290000915527344,28.31999969482422,27.780000686645508,28.1200008392334,9457900
2015-08-18,24.801462173461914,27.770000457763672,28.459999084472656,27.65999984741211,28.43000030517578,10865000
2015-08-19,24.49781036376953,27.43000030517578,27.729999542236328,27.299999237060547,27.459999084472656,11332900
2015-08-20,23.685081481933594,26.520000457763672,27.299999237060547,26.489999771118164,27.209999084472656,15819500
2015-08-21,23.015254974365234,25.770000457763672,26.639999389648438,25.719999313354492,26.329999923706055,19527700
2015-08-24,22.265045166015625,24.93000030517578,25.110000610351562,23.229999542236328,23.8700008392334,23085800
2015-08-25,22.532981872558594,25.229999542236328,25.850000381469727,25.229999542236328,25.3700008392334,22650400
2015-08-26,23.372499465942383,26.170000076293945,26.190000534057617,25.190000534057617,25.90999984741211,16809000
2015-08-27,24.203081130981445,27.100000381469727,27.190000534057617,26.440000534057617,26.510000228881836,18148500
2015-08-28,24.337047576904297,27.25,27.270000457763672,26.809999465942383,26.979999542236328,11313400
2015-08-31,24.212018966674805,27.110000610351562,27.260000228881836,27.0,27.079999923706055,11635800
2015-09-01,23.649362564086914,26.479999542236328,27.09000015258789,26.299999237060547,26.540000915527344,15491900
2015-09-02,23.997671127319336,26.8700008392334,26.920000076293945,26.40999984741211,26.860000610351562,10907600
2015-09-03,24.149497985839844,27.040000915527344,27.600000381469727,26.93000030517578,27.360000610351562,12281600
2015-09-04,23.649362564086914,26.479999542236328,26.75,26.290000915527344,26.56999969482422,9066900
2015-09-08,23.54218101501465,26.360000610351562,26.75,26.209999084472656,26.690000534057617,14685900
2015-09-09,23.3992919921875,26.200000762939453,26.90999984741211,26.149999618530273,26.90999984741211,10328400
2015-09-10,23.35463523864746,26.149999618530273,26.239999771118164,25.770000457763672,25.770000457763672,12912100
2015-09-11,23.50646209716797,26.31999969482422,26.329999923706055,25.90999984741211,26.1200008392334,6241200
2015-09-14,22.99739646911621,25.75,26.219999313354492,25.65999984741211,26.219999313354492,9207100
2015-09-15,23.20280647277832,25.979999542236328,26.06999969482422,25.40999984741211,25.799999237060547,12316300
2015-09-16,23.881561279296875,26.739999771118164,26.75,25.90999984741211,26.0,13030700
2015-09-17,23.46180534362793,26.270000457763672,26.770000457763672,26.200000762939453,26.700000762939453,14936500
2015-09-18,23.238527297973633,26.020000457763672,26.200000762939453,25.329999923706055,25.969999313354492,23469900
2015-09-21,23.149219512939453,25.920000076293945,26.5,25.690000534057617,26.260000228881836,9343600
2015-09-22,22.872358322143555,25.610000610351562,25.799999237060547,25.399999618530273,25.700000762939453,10875300
2015-09-23,22.854494094848633,25.59000015258789,25.760000228881836,25.459999084472656,25.6200008392334,6766300
2015-09-24,22.872358322143555,25.610000610351562,25.68000030517578,25.09000015258789,25.280000686645508,9734000
2015-09-25,22.622291564941406,25.329999923706055,25.809999465942383,25.18000030517578,25.760000228881836,8717900
2015-09-28,21.559497833251953,24.139999389648438,25.219999313354492,24.100000381469727,25.149999618530273,15787800
2015-09-29,21.505910873413086,24.079999923706055,24.3799991607666,23.760000228881836,24.200000762939453,19652200
2015-09-30,21.82743263244629,24.440000534057617,24.5,24.030000686645508,24.31999969482422,12862200
2015-10-01,22.24717903137207,24.90999984741211,25.010000228881836,24.440000534057617,24.5,16269100
2015-10-02,22.800912857055664,25.530000686645508,25.549999237060547,24.309999465942383,24.510000228881836,13228000
2015-10-05,22.988462448120117,25.739999771118164,25.8799991607666,25.510000228881836,25.59000015258789,11762100
2015-10-06,22.93487548828125,25.68000030517578,25.84000015258789,25.579999923706055,25.68000030517578,8955800
2015-10-07,22.93487548828125,25.68000030517578,25.93000030517578,25.489999771118164,25.90999984741211,11440500
2015-10-08,21.56842613220215,24.149999618530273,25.079999923706055,23.6200008392334,24.940000534057617,48539500
2015-10-09,21.702394485473633,24.299999237060547,24.420000076293945,24.049999237060547,24.209999084472656,17628900
2015-10-12,21.934602737426758,24.559999465942383,24.6200008392334,23.979999542236328,24.040000915527344,9882300
2015-10-13,21.988191604614258,24.6200008392334,24.899999618530273,24.40999984741211,24.530000686645508,11539400
2015-10-14,21.434467315673828,24.0,24.799999237060547,23.93000030517578,24.790000915527344,14584400
2015-10-15,21.88994598388672,24.510000228881836,24.540000915527344,23.959999084472656,24.149999618530273,16102100
2015-10-16,21.925670623779297,24.549999237060547,24.719999313354492,24.399999618530273,24.459999084472656,9143200
2015-10-19,21.934602737426758,24.559999465942383,24.56999969482422,24.260000228881836,24.540000915527344,11451900
2015-10-20,21.809568405151367,24.420000076293945,24.68000030517578,24.25,24.559999465942383,12340100
2015-10-21,21.622018814086914,24.209999084472656,24.700000762939453,24.18000030517578,24.559999465942383,16881400
2015-10-22,24.631776809692383,27.579999923706055,27.65999984741211,26.260000228881836,26.5,44605900
2015-10-23,25.149770736694336,28.15999984741211,28.56999969482422,27.31999969482422,27.729999542236328,21803600
2015-10-26,25.158702850341797,28.170000076293945,28.229999542236328,27.690000534057617,27.739999771118164,13164800
2015-10-27,25.337322235107422,28.3700008392334,28.440000534057617,28.059999465942383,28.209999084472656,10970500
2015-10-28,25.230152130126953,28.25,28.469999313354492,27.969999313354492,28.469999313354492,11374100
2015-10-29,25.167634963989258,28.18000030517578,28.31999969482422,28.020000457763672,28.209999084472656,9022500
2015-10-30,24.917560577392578,27.899999618530273,28.299999237060547,27.809999465942383,28.239999771118164,9792600
2015-11-02,25.453426361083984,28.5,28.520000457763672,27.719999313354492,27.729999542236328,11305900
2015-11-03,25.81066131591797,28.899999618530273,29.290000915527344,28.3700008392334,28.40999984741211,16644100
2015-11-04,26.167905807495117,29.299999237060547,29.3799991607666,28.8799991607666,28.899999618530273,13532800
2015-11-05,26.167905807495117,29.299999237060547,29.579999923706055,28.920000076293945,28.920000076293945,12500400
2015-11-06,26.257219314575195,29.399999618530273,29.690000534057617,28.969999313354492,29.030000686645508,12308400
2015-11-09,26.060733795166016,29.18000030517578,29.3799991607666,28.81999969482422,29.3799991607666,11252000
2015-11-10,26.025012969970703,29.139999389648438,29.299999237060547,28.850000381469727,29.18000030517578,13603100
2015-11-11,25.855321884155273,28.950000762939453,29.329999923706055,28.8799991607666,29.100000381469727,22126500
2015-11-12,25.50701332092285,28.559999465942383,28.920000076293945,28.530000686645508,28.670000076293945,11702700
2015-11-13,25.176563262939453,28.190000534057617,29.040000915527344,28.139999389648438,28.549999237060547,14700800
2015-11-16,25.435562133789062,28.479999542236328,28.5,27.959999084472656,28.290000915527344,11121400
2015-11-17,25.40877342224121,28.450000762939453,28.719999313354492,28.329999923706055,28.5,9095800
2015-11-18,25.676700592041016,28.75,28.780000686645508,28.190000534057617,28.6200008392334,10796500
2015-11-19,25.694562911987305,28.770000457763672,28.899999618530273,28.559999465942383,28.559999465942383,6751300
2015-11-20,25.953563690185547,29.059999465942383,29.15999984741211,28.65999984741211,28.989999771118164,7997200
2015-11-23,25.757076263427734,28.84000015258789,29.1299991607666,28.639999389648438,28.920000076293945,7365400
2015-11-24,25.899980545043945,29.0,29.18000030517578,28.420000076293945,28.420000076293945,7769400
2015-11-25,25.899980545043945,29.0,29.040000915527344,28.709999084472656,28.780000686645508,6657900
2015-11-27,25.989286422729492,29.100000381469727,29.219999313354492,28.790000915527344,29.09000015258789,5317700
2015-11-30,26.426908493041992,29.59000015258789,29.6299991607666,29.040000915527344,29.09000015258789,16687400
2015-12-01,25.944631576538086,29.049999237060547,29.829999923706055,29.020000457763672,29.75,12950700
2015-12-02,25.873184204101562,28.969999313354492,29.40999984741211,28.790000915527344,29.15999984741211,10628400
2015-12-03,25.533809661865234,28.59000015258789,29.0,28.1200008392334,29.0,13641400
2015-12-04,26.212560653686523,29.350000381469727,29.59000015258789,28.59000015258789,28.719999313354492,10055900
2015-12-07,25.944631576538086,29.049999237060547,29.3700008392334,28.81999969482422,29.290000915527344,7037100
2015-12-08,25.71242332458496,28.790000915527344,29.100000381469727,28.5,28.93000030517578,8936400
2015-12-09,25.310527801513672,28.34000015258789,28.850000381469727,28.139999389648438,28.420000076293945,7131700
2015-12-10,25.51594352722168,28.56999969482422,28.899999618530273,28.229999542236328,28.280000686645508,8830800
2015-12-11,24.980079650878906,27.969999313354492,28.43000030517578,27.8700008392334,28.190000534057617,9105200
2015-12-14,25.042598724365234,28.040000915527344,28.420000076293945,27.850000381469727,28.100000381469727,11452800
2015-12-15,25.283737182617188,28.309999465942383,28.600000381469727,28.219999313354492,28.229999542236328,10287100
2015-12-16,25.51594352722168,28.56999969482422,28.65999984741211,28.260000228881836,28.520000457763672,12510200
2015-12-17,25.051530838012695,28.049999237060547,28.75,28.030000686645508,28.649999618530273,7321700
2015-12-18,24.524599075317383,27.459999084472656,28.06999969482422,27.450000762939453,27.84000015258789,20493800
2015-12-21,24.64069938659668,27.59000015258789,27.709999084472656,27.260000228881836,27.6200008392334,10801500
2015-12-22,24.908634185791016,27.889999389648438,28.06999969482422,27.420000076293945,27.6200008392334,12376200
2015-12-23,24.81039047241211,27.780000686645508,28.040000915527344,27.649999618530273,28.0,5315300
2015-12-24,24.703214645385742,27.65999984741211,27.940000534057617,27.600000381469727,27.90999984741211,2517300
2015-12-28,24.68535804748535,27.639999389648438,27.690000534057617,27.31999969482422,27.520000457763672,3722400
2015-12-29,24.926494598388672,27.90999984741211,28.0,27.700000762939453,27.729999542236328,4332400
2015-12-30,24.783592224121094,27.75,27.989999771118164,27.709999084472656,27.729999542236328,4036200
2015-12-31,24.54245948791504,27.479999542236328,27.690000534057617,27.450000762939453,27.6299991607666,4923800
2016-01-04,23.604705810546875,26.43000030517578,27.25,26.079999923706055,27.110000610351562,19107600
2016-01-05,23.327838897705078,26.1200008392334,26.860000610351562,25.940000534057617,26.610000610351562,16691400
2016-01-06,23.586841583251953,26.40999984741211,26.65999984741211,25.770000457763672,25.829999923706055,12139900
2016-01-07,22.94380760192871,25.690000534057617,26.469999313354492,25.600000381469727,25.799999237060547,13350000
2016-01-08,22.99739646911621,25.75,26.15999984741211,25.670000076293945,25.969999313354492,11233800
2016-01-11,23.309980392456055,26.100000381469727,26.25,25.799999237060547,25.950000762939453,11939900
2016-01-12,23.408222198486328,26.209999084472656,26.399999618530273,25.920000076293945,26.110000610351562,9444200
2016-01-13,22.693735122680664,25.40999984741211,26.459999084472656,25.260000228881836,26.40999984741211,11659900
2016-01-14,23.09563446044922,25.860000610351562,26.149999618530273,24.950000762939453,25.420000076293945,16551100
2016-01-15,22.55978012084961,25.260000228881836,25.479999542236328,24.799999237060547,25.049999237060547,14332700
2016-01-19,23.015254974365234,25.770000457763672,25.90999984741211,25.360000610351562,25.610000610351562,13824600
2016-01-20,23.05990982055664,25.81999969482422,26.139999389648438,24.760000228881836,24.84000015258789,17507900
2016-01-21,23.301044464111328,26.09000015258789,26.25,25.31999969482422,25.8700008392334,15403100
2016-01-22,23.604705810546875,26.43000030517578,26.739999771118164,26.110000610351562,26.459999084472656,10447000
2016-01-25,23.345701217651367,26.139999389648438,26.549999237060547,26.100000381469727,26.399999618530273,9867100
2016-01-26,23.80118179321289,26.649999618530273,26.670000076293945,26.200000762939453,26.200000762939453,7625500
2016-01-27,23.595773696899414,26.420000076293945,27.06999969482422,26.100000381469727,26.709999084472656,18597800
2016-01-28,20.657461166381836,23.1299991607666,24.1299991607666,22.399999618530273,23.229999542236328,55880800
2016-01-29,20.952184677124023,23.459999084472656,23.479999542236328,22.950000762939453,23.190000534057617,30604900
2016-02-01,21.380874633789062,23.940000534057617,24.229999542236328,23.260000228881836,23.34000015258789,19884900
2016-02-02,20.80036163330078,23.290000915527344,23.760000228881836,23.209999084472656,23.719999313354492,16073900
2016-02-03,20.987916946411133,23.5,23.729999542236328,22.90999984741211,23.450000762939453,19749200
2016-02-04,20.978981018066406,23.489999771118164,23.610000610351562,23.09000015258789,23.489999771118164,15936800
2016-02-05,20.719980239868164,23.200000762939453,23.510000228881836,23.059999465942383,23.450000762939453,18872300
2016-02-08,20.076948165893555,22.479999542236328,22.8799991607666,21.520000457763672,22.860000610351562,20601200
2016-02-09,19.657188415527344,22.010000228881836,23.0,21.90999984741211,22.190000534057617,16786400
2016-02-10,19.934051513671875,22.31999969482422,22.719999313354492,22.079999923706055,22.270000457763672,12220500
2016-02-11,19.71970558166504,22.079999923706055,22.450000762939453,21.639999389648438,21.93000030517578,17634500
2016-02-12,20.08588409423828,22.489999771118164,22.6200008392334,22.229999542236328,22.3799991607666,11866100
2016-02-16,20.4967041015625,22.950000762939453,23.0,22.229999542236328,22.299999237060547,10380600
2016-02-17,20.737844467163086,23.219999313354492,23.280000686645508,22.899999618530273,23.079999923706055,10904000
2016-02-18,21.01470947265625,23.530000686645508,23.670000076293945,23.079999923706055,23.1200008392334,11111100
2016-02-19,21.264772415161133,23.809999465942383,23.860000610351562,23.350000381469727,23.43000030517578,9784600
2016-02-22,21.6488094329834,24.239999771118164,24.290000915527344,23.920000076293945,23.950000762939453,9724900
2016-02-23,21.09508514404297,23.6200008392334,24.200000762939453,23.610000610351562,24.040000915527344,10125500
2016-02-24,21.398738861083984,23.959999084472656,24.020000457763672,23.280000686645508,23.43000030517578,9471700
2016-02-25,21.595224380493164,24.18000030517578,24.200000762939453,23.889999389648438,24.030000686645508,7554600
2016-02-26,21.595224380493164,24.18000030517578,24.540000915527344,24.1299991607666,24.389999389648438,7415000
2016-02-29,21.255847930908203,23.799999237060547,24.350000381469727,23.770000457763672,24.1200008392334,7062200
2016-03-01,21.65774154663086,24.25,24.25,23.6200008392334,23.989999771118164,8742000
2016-03-02,21.18439483642578,23.719999313354492,24.190000534057617,23.65999984741211,24.1299991607666,9875800
2016-03-03,21.380874633789062,23.940000534057617,23.989999771118164,23.579999923706055,23.690000534057617,7778100
2016-03-04,21.80063247680664,24.40999984741211,24.6200008392334,23.93000030517578,24.059999465942383,8254200
2016-03-07,21.66666603088379,24.260000228881836,24.399999618530273,24.059999465942383,24.360000610351562,4889000
2016-03-08,21.496976852416992,24.06999969482422,24.389999389648438,23.690000534057617,24.020000457763672,11574000
2016-03-09,21.389806747436523,23.950000762939453,24.489999771118164,23.700000762939453,24.34000015258789,12347700
2016-03-10,21.157602310180664,23.690000534057617,24.100000381469727,22.979999542236328,24.040000915527344,19207600
2016-03-11,21.452322006225586,24.020000457763672,24.079999923706055,23.899999618530273,23.969999313354492,13854000
2016-03-14,21.684528350830078,24.280000686645508,24.350000381469727,23.899999618530273,24.020000457763672,16007600
2016-03-15,21.059362411499023,23.579999923706055,24.149999618530273,23.540000915527344,24.100000381469727,8854200
2016-03-16,21.14866828918457,23.68000030517578,23.790000915527344,22.8799991607666,23.450000762939453,22223000
2016-03-17,21.220117568969727,23.760000228881836,23.93000030517578,23.34000015258789,23.780000686645508,11338200
2016-03-18,21.229049682617188,23.770000457763672,23.969999313354492,23.190000534057617,23.760000228881836,19940400
2016-03-21,21.738121032714844,24.34000015258789,24.489999771118164,23.75,23.809999465942383,14712700
2016-03-22,21.550567626953125,24.1299991607666,24.329999923706055,24.100000381469727,24.15999984741211,8961000
2016-03-23,21.586292266845703,24.170000076293945,24.280000686645508,23.959999084472656,24.09000015258789,7740900
2016-03-24,21.729188919067383,24.329999923706055,24.3700008392334,24.0,24.1299991607666,13475100
2016-03-28,21.54163932800293,24.1200008392334,24.34000015258789,24.079999923706055,24.290000915527344,5699700
2016-03-29,21.52377700805664,24.100000381469727,24.110000610351562,23.360000610351562,23.700000762939453,13859700
2016-03-30,21.470191955566406,24.040000915527344,24.56999969482422,24.010000228881836,24.059999465942383,11125700
2016-03-31,21.309431076049805,23.860000610351562,24.149999618530273,23.799999237060547,24.1299991607666,14866600
2016-04-01,21.327285766601562,23.8799991607666,24.3799991607666,23.670000076293945,24.3700008392334,11167900
2016-04-04,21.46125602722168,24.030000686645508,24.18000030517578,23.399999618530273,23.399999618530273,12415900
2016-04-05,21.78277587890625,24.389999389648438,24.670000076293945,23.649999618530273,23.690000534057617,16589800
2016-04-06,22.711599349975586,25.43000030517578,25.520000457763672,24.360000610351562,24.450000762939453,21660500
2016-04-07,21.52377700805664,24.100000381469727,25.280000686645508,23.959999084472656,25.280000686645508,20124400
2016-04-08,21.496976852416992,24.06999969482422,24.3799991607666,23.8799991607666,24.209999084472656,8497400
2016-04-11,21.48805809020996,24.059999465942383,24.440000534057617,24.040000915527344,24.170000076293945,7405100
2016-04-12,21.809568405151367,24.420000076293945,24.549999237060547,24.030000686645508,24.190000534057617,8928000
2016-04-13,22.39900779724121,25.079999923706055,25.600000381469727,24.549999237060547,24.579999923706055,17002200
2016-04-14,22.515117645263672,25.209999084472656,25.31999969482422,24.959999084472656,25.290000915527344,7870500
2016-04-15,22.524051666259766,25.219999313354492,25.329999923706055,25.0,25.309999465942383,6344600
2016-04-18,22.60442543029785,25.309999465942383,25.469999313354492,24.799999237060547,24.799999237060547,5954700
2016-04-19,21.702394485473633,24.299999237060547,24.8799991607666,24.079999923706055,24.649999618530273,20833700
2016-04-20,22.023908615112305,24.65999984741211,24.860000610351562,24.260000228881836,24.299999237060547,8495100
2016-04-21,22.050703048706055,24.690000534057617,24.8700008392334,24.600000381469727,24.6299991607666,8403900
2016-04-22,21.79170799255371,24.399999618530273,24.969999313354492,24.3700008392334,24.610000610351562,10639600
2016-04-25,21.630945205688477,24.219999313354492,24.540000915527344,24.149999618530273,24.399999618530273,16246800
2016-04-26,21.87208366394043,24.489999771118164,24.719999313354492,24.170000076293945,24.170000076293945,18002700
2016-04-27,22.568706512451172,25.270000457763672,26.209999084472656,25.190000534057617,25.329999923706055,29282900
2016-04-28,21.988191604614258,24.6200008392334,25.34000015258789,24.549999237060547,25.09000015258789,13422100
2016-04-29,21.818498611450195,24.43000030517578,24.579999923706055,24.059999465942383,24.3700008392334,20154900
2016-05-02,21.66666603088379,24.260000228881836,24.389999389648438,24.059999465942383,24.18000030517578,10646100
2016-05-03,21.416603088378906,23.979999542236328,24.25,23.8799991607666,24.06999969482422,9531500
2016-05-04,21.255847930908203,23.799999237060547,24.040000915527344,23.729999542236328,23.81999969482422,8123200
2016-05-05,21.264772415161133,23.809999465942383,24.049999237060547,23.760000228881836,24.020000457763672,7915400
2016-05-06,21.273704528808594,23.81999969482422,23.84000015258789,23.540000915527344,23.670000076293945,7928400
2016-05-09,21.452322006225586,24.020000457763672,24.139999389648438,23.729999542236328,23.790000915527344,7844700
2016-05-10,21.577362060546875,24.15999984741211,24.219999313354492,23.950000762939453,24.040000915527344,8497400
2016-05-11,21.202255249023438,23.739999771118164,24.18000030517578,23.739999771118164,24.1200008392334,7543900
2016-05-12,21.059362411499023,23.579999923706055,23.920000076293945,23.5,23.90999984741211,10867900
2016-05-13,21.237979888916016,23.780000686645508,23.93000030517578,23.600000381469727,23.649999618530273,8556700
2016-05-16,21.255847930908203,23.799999237060547,23.8799991607666,23.610000610351562,23.68000030517578,5589400
2016-05-17,20.78249740600586,23.270000457763672,23.799999237060547,23.18000030517578,23.639999389648438,9957800
2016-05-18,21.157602310180664,23.690000534057617,23.850000381469727,23.219999313354492,23.309999465942383,8891000
2016-05-19,20.916465759277344,23.420000076293945,23.670000076293945,23.25,23.59000015258789,5194100
2016-05-20,21.121875762939453,23.649999618530273,23.760000228881836,23.309999465942383,23.440000534057617,6825000
2016-05-23,20.952184677124023,23.459999084472656,23.81999969482422,23.34000015258789,23.3799991607666,5367000
2016-05-24,21.47911834716797,24.049999237060547,24.18000030517578,23.639999389648438,23.639999389648438,8014000
2016-05-25,21.470191955566406,24.040000915527344,24.200000762939453,23.889999389648438,23.90999984741211,7342900
2016-05-26,21.54163932800293,24.1200008392334,24.1299991607666,23.860000610351562,23.979999542236328,5548900
2016-05-27,21.7559757232666,24.360000610351562,24.399999618530273,24.149999618530273,24.170000076293945,8050500
2016-05-31,21.845287322998047,24.459999084472656,24.6200008392334,24.239999771118164,24.290000915527344,11426400
2016-06-01,21.496976852416992,24.06999969482422,24.440000534057617,24.040000915527344,24.43000030517578,7718000
2016-06-02,21.65774154663086,24.25,24.270000457763672,23.8799991607666,24.149999618530273,10350100
2016-06-03,21.416603088378906,23.979999542236328,24.25,23.75,24.209999084472656,6413600
2016-06-06,21.425537109375,23.989999771118164,24.100000381469727,23.8700008392334,23.979999542236328,7058900
2016-06-07,21.684528350830078,24.280000686645508,24.360000610351562,24.110000610351562,24.1299991607666,9760100
2016-06-08,21.63987922668457,24.229999542236328,24.34000015258789,24.110000610351562,24.25,7722400
2016-06-09,21.729188919067383,24.329999923706055,24.3799991607666,24.06999969482422,24.190000534057617,7914800
2016-06-10,21.496976852416992,24.06999969482422,24.270000457763672,23.90999984741211,24.15999984741211,7782000
2016-06-13,21.336217880249023,23.889999389648438,24.1299991607666,23.84000015258789,24.020000457763672,8627500
2016-06-14,21.327285766601562,23.8799991607666,24.010000228881836,23.6299991607666,23.790000915527344,9928000
2016-06-15,21.398738861083984,23.959999084472656,24.079999923706055,23.790000915527344,23.989999771118164,9326800
2016-06-16,21.300495147705078,23.850000381469727,23.959999084472656,23.469999313354492,23.940000534057617,9399200
2016-06-17,21.24691390991211,23.790000915527344,23.889999389648438,23.59000015258789,23.739999771118164,13176600
2016-06-20,21.94353485107422,24.56999969482422,24.8700008392334,24.260000228881836,24.34000015258789,14220700
2016-06-21,22.059633255004883,24.700000762939453,24.770000457763672,24.450000762939453,24.540000915527344,7862300
2016-06-22,21.738121032714844,24.34000015258789,24.75,24.31999969482422,24.6200008392334,6673700
2016-06-23,22.193599700927734,24.850000381469727,24.950000762939453,24.600000381469727,24.690000534057617,9485400
2016-06-24,20.657461166381836,23.1299991607666,23.889999389648438,22.809999465942383,23.770000457763672,24566100
2016-06-27,20.291290283203125,22.719999313354492,23.1200008392334,22.299999237060547,22.950000762939453,12862200
2016-06-28,20.53243064880371,22.989999771118164,23.110000610351562,22.770000457763672,22.889999389648438,11995600
2016-06-29,20.818218231201172,23.309999465942383,23.3799991607666,23.06999969482422,23.18000030517578,9143400
2016-06-30,20.907533645629883,23.40999984741211,23.469999313354492,23.25,23.360000610351562,9464700
2016-07-01,21.237979888916016,23.780000686645508,23.950000762939453,23.40999984741211,23.43000030517578,9683400
2016-07-05,21.220117568969727,23.760000228881836,23.81999969482422,23.43000030517578,23.709999084472656,8677200
2016-07-06,21.28263282775879,23.829999923706055,23.850000381469727,23.299999237060547,23.709999084472656,9509900
2016-07-07,21.371946334838867,23.93000030517578,24.0,23.75,23.920000076293945,10007200
2016-07-08,21.97925567626953,24.610000610351562,24.65999984741211,23.950000762939453,24.020000457763672,7480200
2016-07-11,22.202531814575195,24.860000610351562,25.020000457763672,24.639999389648438,24.739999771118164,8652400
2016-07-12,22.443674087524414,25.1299991607666,25.34000015258789,24.969999313354492,24.969999313354492,9625300
2016-07-13,22.43474578857422,25.1200008392334,25.270000457763672,24.979999542236328,25.1200008392334,5817800
2016-07-14,23.292116165161133,26.079999923706055,26.260000228881836,25.399999618530273,25.450000762939453,23705900
2016-07-15,23.524328231811523,26.34000015258789,26.34000015258789,25.950000762939453,26.200000762939453,17603900
2016-07-18,23.658292770385742,26.489999771118164,26.559999465942383,26.170000076293945,26.229999542236328,12382100
2016-07-19,23.667221069335938,26.5,26.719999313354492,26.389999389648438,26.59000015258789,17414500
2016-07-20,24.104839324951172,26.989999771118164,27.139999389648438,26.40999984741211,26.610000610351562,27170100
2016-07-21,26.730562210083008,29.93000030517578,30.309999465942383,28.790000915527344,28.8700008392334,44959100
2016-07-22,27.23070526123047,30.489999771118164,30.559999465942383,29.75,29.809999465942383,20272000
2016-07-25,27.400388717651367,30.68000030517578,30.860000610351562,30.270000457763672,30.309999465942383,17892900
2016-07-26,28.043424606323242,31.399999618530273,31.40999984741211,30.559999465942383,30.559999465942383,13911700
2016-07-27,27.963045120239258,31.309999465942383,31.790000915527344,31.100000381469727,31.440000534057617,11859600
2016-07-28,27.838008880615234,31.170000076293945,31.489999771118164,31.06999969482422,31.280000686645508,8835500
2016-07-29,27.829078674316406,31.15999984741211,31.239999771118164,30.899999618530273,31.1200008392334,8433200
2016-08-01,27.909460067749023,31.25,31.389999389648438,31.1299991607666,31.299999237060547,13129900
2016-08-02,27.49863052368164,30.790000915527344,31.209999084472656,30.690000534057617,31.06999969482422,11913500
2016-08-03,27.641530990600586,30.950000762939453,31.040000915527344,30.739999771118164,30.799999237060547,7371100
2016-08-04,27.739765167236328,31.059999465942383,31.309999465942383,30.850000381469727,30.940000534057617,7592700
2016-08-05,28.034494400024414,31.389999389648438,31.450000762939453,31.1299991607666,31.149999618530273,7795600
2016-08-08,27.820148468017578,31.149999618530273,31.3799991607666,30.940000534057617,31.3799991607666,9527600
2016-08-09,27.784423828125,31.110000610351562,31.239999771118164,30.940000534057617,31.219999313354492,7592100
2016-08-10,27.793354034423828,31.1200008392334,31.25,30.940000534057617,31.110000610351562,6077700
2016-08-11,27.864805221557617,31.200000762939453,31.5,31.020000457763672,31.190000534057617,5910400
2016-08-12,27.58793830871582,30.889999389648438,31.270000457763672,30.889999389648438,31.219999313354492,11809000
2016-08-15,27.730836868286133,31.049999237060547,31.309999465942383,30.639999389648438,31.0,7038800
2016-08-16,27.53435707092285,30.829999923706055,30.979999542236328,30.579999923706055,30.899999618530273,6539700
2016-08-17,27.337875366210938,30.610000610351562,30.899999618530273,30.489999771118164,30.8799991607666,6961500
2016-08-18,27.25749397277832,30.520000457763672,30.670000076293945,30.420000076293945,30.510000228881836,6023500
2016-08-19,27.355737686157227,30.6299991607666,30.649999618530273,30.360000610351562,30.459999084472656,7840700
2016-08-22,27.346803665161133,30.6200008392334,30.639999389648438,30.3700008392334,30.459999084472656,6240700
2016-08-23,27.39145278930664,30.670000076293945,30.969999313354492,30.649999618530273,30.68000030517578,5594500
2016-08-24,27.909460067749023,31.25,31.329999923706055,30.729999542236328,30.739999771118164,14752000
2016-08-25,27.989843368530273,31.34000015258789,31.450000762939453,31.059999465942383,31.079999923706055,7459800
2016-08-26,27.963045120239258,31.309999465942383,31.6299991607666,31.09000015258789,31.34000015258789,7750400
2016-08-29,28.043424606323242,31.399999618530273,31.5,31.139999389648438,31.25,5108800
2016-08-30,28.37386703491211,31.770000457763672,32.029998779296875,31.360000610351562,31.459999084472656,9800100
2016-08-31,28.722183227539062,32.15999984741211,32.22999954223633,31.59000015258789,31.65999984741211,12641800
2016-09-01,28.695388793945312,32.130001068115234,32.2400016784668,31.8799991607666,32.150001525878906,6808400
2016-09-02,28.829355239868164,32.279998779296875,32.5,32.11000061035156,32.29999923706055,6760600
2016-09-06,28.94546127319336,32.40999984741211,32.65999984741211,32.150001525878906,32.20000076293945,8436800
2016-09-07,29.034765243530273,32.5099983215332,32.72999954223633,32.290000915527344,32.45000076293945,9422600
2016-09-08,29.20446014404297,32.70000076293945,32.810001373291016,32.380001068115234,32.5,7148500
2016-09-09,28.48103904724121,31.889999389648438,32.59000015258789,31.860000610351562,32.41999816894531,13068800
2016-09-12,29.01690673828125,32.4900016784668,32.56999969482422,31.549999237060547,31.670000076293945,8538900
2016-09-13,28.498905181884766,31.90999984741211,32.290000915527344,31.709999084472656,32.15999984741211,9453200
2016-09-14,28.400659561157227,31.799999237060547,32.130001068115234,31.700000762939453,32.06999969482422,7552100
2016-09-15,28.561420440673828,31.979999542236328,31.979999542236328,31.329999923706055,31.739999771118164,7486700
2016-09-16,28.37386703491211,31.770000457763672,31.8799991607666,31.6299991607666,31.709999084472656,10979900
2016-09-19,28.19525146484375,31.56999969482422,31.959999084472656,31.43000030517578,31.809999465942383,5870500
2016-09-20,28.00769805908203,31.360000610351562,31.799999237060547,31.229999542236328,31.75,6440200
2016-09-21,28.552494049072266,31.969999313354492,32.02000045776367,31.5,31.559999465942383,10875800
2016-09-22,28.829355239868164,32.279998779296875,32.34000015258789,32.02000045776367,32.02000045776367,5313600
2016-09-23,28.641801834106445,32.06999969482422,32.380001068115234,32.06999969482422,32.279998779296875,5515400
2016-09-26,28.28455924987793,31.670000076293945,32.0099983215332,31.59000015258789,31.8799991607666,6223700
2016-09-27,28.52569580078125,31.940000534057617,32.099998474121094,31.68000030517578,31.799999237060547,5914100
2016-09-28,28.445322036743164,31.850000381469727,31.979999542236328,31.670000076293945,31.950000762939453,6116100
2016-09-29,28.847209930419922,32.29999923706055,33.189998626708984,32.189998626708984,33.040000915527344,16921000
2016-09-30,29.383079528808594,32.900001525878906,33.02000045776367,32.459999084472656,32.4900016784668,11959900
2016-10-03,29.07048988342285,32.54999923706055,32.650001525878906,31.299999237060547,31.299999237060547,12565800
2016-10-04,29.07942771911621,32.560001373291016,33.029998779296875,32.41999816894531,32.709999084472656,6656500
2016-10-05,28.7132568359375,32.150001525878906,32.470001220703125,32.08000183105469,32.400001525878906,8807300
2016-10-06,28.695388793945312,32.130001068115234,32.209999084472656,31.860000610351562,32.119998931884766,5676700
2016-10-07,28.239904403686523,31.6200008392334,32.25,31.040000915527344,32.25,10113900
2016-10-10,28.534631729125977,31.950000762939453,32.25,31.889999389648438,32.0099983215332,9297200
2016-10-11,28.097007751464844,31.459999084472656,31.979999542236328,31.139999389648438,31.959999084472656,9241200
2016-10-12,28.132736206054688,31.5,31.610000610351562,31.280000686645508,31.280000686645508,6354200
2016-10-13,28.141666412353516,31.510000228881836,31.829999923706055,31.079999923706055,31.790000915527344,10798700
2016-10-14,28.48103904724121,31.889999389648438,32.2400016784668,31.600000381469727,31.81999969482422,14391900
2016-10-17,28.409595489501953,31.809999465942383,32.38999938964844,31.3799991607666,32.38999938964844,11429800
2016-10-18,28.257768630981445,31.639999389648438,32.369998931884766,31.56999969482422,32.04999923706055,12512200
2016-10-19,29.043701171875,32.52000045776367,32.63999938964844,31.719999313354492,31.90999984741211,23765800
2016-10-20,25.917837142944336,29.020000457763672,29.84000015258789,28.75,29.5,52625200
2016-10-21,25.953563690185547,29.059999465942383,29.190000534057617,28.600000381469727,29.059999465942383,24223500
2016-10-24,26.09645652770996,29.219999313354492,29.709999084472656,29.149999618530273,29.260000228881836,16402300
2016-10-25,25.944631576538086,29.049999237060547,29.389999389648438,28.940000534057617,29.200000762939453,10293300
2016-10-26,25.73921775817871,28.81999969482422,29.049999237060547,28.770000457763672,29.0,8944500
2016-10-27,25.730281829833984,28.809999465942383,29.06999969482422,28.6299991607666,28.969999313354492,11797800
2016-10-28,25.5427303314209,28.600000381469727,29.100000381469727,28.469999313354492,28.860000610351562,10716800
2016-10-31,25.462358474731445,28.510000228881836,28.770000457763672,28.440000534057617,28.770000457763672,8703400
2016-11-01,25.346256256103516,28.3799991607666,28.700000762939453,28.09000015258789,28.510000228881836,8536900
2016-11-02,25.23908042907715,28.260000228881836,28.510000228881836,28.110000610351562,28.239999771118164,8841100
2016-11-03,25.06046485900879,28.059999465942383,28.450000762939453,28.020000457763672,28.170000076293945,6215700
2016-11-04,24.962221145629883,27.950000762939453,28.290000915527344,27.940000534057617,28.100000381469727,7293700
2016-11-07,25.221221923828125,28.239999771118164,28.3700008392334,28.079999923706055,28.34000015258789,9122700
2016-11-08,25.03366470336914,28.030000686645508,28.25,27.6299991607666,28.09000015258789,14234400
2016-11-09,25.265872955322266,28.290000915527344,28.469999313354492,27.329999923706055,27.34000015258789,11695600
2016-11-10,25.149770736694336,28.15999984741211,28.75,27.81999969482422,28.389999389648438,12155300
2016-11-11,25.57845687866211,28.639999389648438,28.770000457763672,27.950000762939453,27.969999313354492,9603100
2016-11-14,24.908634185791016,27.889999389648438,28.739999771118164,27.860000610351562,28.6299991607666,12413800
2016-11-15,25.444490432739258,28.489999771118164,28.770000457763672,28.030000686645508,28.030000686645508,9482800
2016-11-16,25.301599502563477,28.329999923706055,28.889999389648438,28.309999465942383,28.389999389648438,10594100
2016-11-17,25.783876419067383,28.8700008392334,28.920000076293945,28.350000381469727,28.3700008392334,8908400
2016-11-18,25.623117446899414,28.690000534057617,28.950000762939453,28.56999969482422,28.84000015258789,11668700
2016-11-21,25.899980545043945,29.0,29.139999389648438,28.670000076293945,28.729999542236328,7376100
2016-11-22,25.953563690185547,29.059999465942383,29.440000534057617,28.93000030517578,29.440000534057617,7369200
2016-11-23,25.81066131591797,28.899999618530273,29.06999969482422,28.649999618530273,28.989999771118164,6033400
2016-11-25,25.855321884155273,28.950000762939453,28.989999771118164,28.75,28.940000534057617,3076000
2016-11-28,25.51594352722168,28.56999969482422,28.889999389648438,28.530000686645508,28.84000015258789,7245300
2016-11-29,25.462358474731445,28.510000228881836,28.809999465942383,28.5,28.559999465942383,7281600
2016-11-30,24.837182998657227,27.809999465942383,28.59000015258789,27.799999237060547,28.510000228881836,13777100
2016-12-01,24.46208381652832,27.389999389648438,28.010000228881836,27.280000686645508,27.920000076293945,9774900
2016-12-02,25.381977081298828,28.420000076293945,28.829999923706055,27.690000534057617,27.729999542236328,14437500
2016-12-05,25.3194580078125,28.350000381469727,28.899999618530273,28.31999969482422,28.549999237060547,10802900
2016-12-06,25.194427490234375,28.209999084472656,28.389999389648438,28.030000686645508,28.299999237060547,10387500
2016-12-07,25.819595336914062,28.90999984741211,28.989999771118164,28.139999389648438,28.139999389648438,10286900
2016-12-08,26.275081634521484,29.420000076293945,29.8700008392334,28.90999984741211,28.959999084472656,12263200
2016-12-09,26.766284942626953,29.969999313354492,30.110000610351562,29.420000076293945,29.610000610351562,13549000
2016-12-12,26.980636596679688,30.209999084472656,30.459999084472656,29.84000015258789,30.020000457763672,14940100
2016-12-13,26.632314682006836,29.81999969482422,30.520000457763672,29.809999465942383,30.360000610351562,11664300
2016-12-14,26.632314682006836,29.81999969482422,30.15999984741211,29.639999389648438,29.850000381469727,9624800
2016-12-15,26.551939010620117,29.729999542236328,29.969999313354492,29.649999618530273,29.8700008392334,10140600
2016-12-16,26.44476890563965,29.610000610351562,29.920000076293945,29.559999465942383,29.729999542236328,14682000
2016-12-19,26.23935317993164,29.3799991607666,29.799999237060547,29.31999969482422,29.700000762939453,7814500
2016-12-20,26.132186889648438,29.260000228881836,29.600000381469727,29.010000228881836,29.530000686645508,11236900
2016-12-21,26.221494674682617,29.360000610351562,29.389999389648438,29.09000015258789,29.139999389648438,8634800
2016-12-22,26.382253646850586,29.540000915527344,29.700000762939453,29.209999084472656,29.280000686645508,8865100
2016-12-23,26.60552978515625,29.790000915527344,29.81999969482422,29.420000076293945,29.81999969482422,8132700
2016-12-27,27.007423400878906,30.239999771118164,30.3700008392334,29.809999465942383,29.829999923706055,7513400
2016-12-28,26.80201530456543,30.010000228881836,30.25,29.93000030517578,30.239999771118164,8118900
2016-12-29,26.775217056274414,29.979999542236328,30.209999084472656,29.829999923706055,30.020000457763672,7119600
2016-12-30,26.516218185424805,29.690000534057617,30.3799991607666,29.56999969482422,30.3799991607666,8189700
2017-01-03,26.650178909301758,29.84000015258789,30.190000534057617,29.639999389648438,29.829999923706055,7664800
2017-01-04,26.5787353515625,29.760000228881836,30.010000228881836,29.510000228881836,29.90999984741211,9538800
2017-01-05,26.80201530456543,30.010000228881836,30.079999923706055,29.610000610351562,29.729999542236328,9062200
2017-01-06,27.730836868286133,31.049999237060547,31.15999984741211,29.780000686645508,29.969999313354492,13351400
2017-01-09,27.462907791137695,30.75,31.030000686645508,30.600000381469727,31.0,10532200
2017-01-10,27.016353607177734,30.25,30.719999313354492,29.84000015258789,30.670000076293945,13833100
2017-01-11,27.15925407409668,30.40999984741211,30.420000076293945,30.010000228881836,30.299999237060547,8169000
2017-01-12,27.105667114257812,30.350000381469727,30.799999237060547,30.110000610351562,30.799999237060547,7890400
2017-01-13,27.052078247070312,30.290000915527344,30.350000381469727,29.84000015258789,30.209999084472656,7822800
2017-01-17,27.052078247070312,30.290000915527344,30.690000534057617,30.110000610351562,30.329999923706055,7447100
2017-01-18,27.14139175415039,30.389999389648438,30.479999542236328,30.139999389648438,30.290000915527344,9523600
2017-01-19,27.436107635498047,30.719999313354492,30.84000015258789,30.190000534057617,30.260000228881836,14112400
2017-01-20,27.36466407775879,30.639999389648438,30.959999084472656,30.520000457763672,30.84000015258789,8496300
2017-01-23,27.03421974182129,30.270000457763672,30.649999618530273,30.059999465942383,30.639999389648438,9341100
2017-01-24,26.78414535522461,29.989999771118164,30.329999923706055,29.700000762939453,30.299999237060547,16925400
2017-01-25,26.998489379882812,30.229999542236328,30.5,30.110000610351562,30.25,20148200
2017-01-26,28.347076416015625,31.739999771118164,32.849998474121094,31.549999237060547,32.369998931884766,32044400
2017-01-27,29.034765243530273,32.5099983215332,32.61000061035156,31.360000610351562,31.950000762939453,17406700
2017-01-30,28.731109619140625,32.16999816894531,32.279998779296875,31.799999237060547,32.22999954223633,11247700
2017-01-31,28.427457809448242,31.829999923706055,32.0,31.530000686645508,31.889999389648438,9469100
2017-02-01,28.740041732788086,32.18000030517578,32.2400016784668,31.829999923706055,31.899999618530273,9700200
2017-02-02,28.552494049072266,31.969999313354492,32.209999084472656,31.8700008392334,32.060001373291016,6028600
2017-02-03,28.641801834106445,32.06999969482422,32.20000076293945,31.90999984741211,32.11000061035156,5423500
2017-02-06,28.606077194213867,32.029998779296875,32.2400016784668,31.8700008392334,32.0099983215332,5339800
2017-02-07,28.963319778442383,32.43000030517578,32.470001220703125,31.799999237060547,31.950000762939453,8136000
2017-02-08,29.695661544799805,33.25,33.40999984741211,32.279998779296875,32.45000076293945,17081200
2017-02-09,29.579557418823242,33.119998931884766,33.349998474121094,32.97999954223633,33.290000915527344,10465600
2017-02-10,30.035043716430664,33.630001068115234,33.84000015258789,33.060001373291016,33.11000061035156,13492300
2017-02-13,30.17794418334961,33.790000915527344,34.09000015258789,33.560001373291016,33.619998931884766,10744500
2017-02-14,30.035043716430664,33.630001068115234,33.959999084472656,33.56999969482422,33.61000061035156,7615600
2017-02-15,30.374420166015625,34.0099983215332,34.150001525878906,33.5,33.619998931884766,7994500
2017-02-16,29.954666137695312,33.540000915527344,34.150001525878906,33.459999084472656,33.84000015258789,8891800
2017-02-17,30.15113639831543,33.7599983215332,33.900001525878906,33.470001220703125,33.5099983215332,7797300
2017-02-21,30.29404640197754,33.91999816894531,34.22999954223633,33.7599983215332,33.7599983215332,7237500
2017-02-22,30.20473289489746,33.81999969482422,34.13999938964844,33.630001068115234,33.91999816894531,7068200
2017-02-23,30.008241653442383,33.599998474121094,33.93000030517578,33.540000915527344,33.779998779296875,6528400
2017-02-24,30.419078826904297,34.060001373291016,34.06999969482422,33.380001068115234,33.54999923706055,8098700
2017-02-27,30.615562438964844,34.279998779296875,34.310001373291016,33.81999969482422,34.04999923706055,7372800
2017-02-28,30.276174545288086,33.900001525878906,34.279998779296875,33.88999938964844,34.15999984741211,8105300
2017-03-01,30.60662078857422,34.27000045776367,34.43000030517578,34.099998474121094,34.11000061035156,5736100
2017-03-02,30.285110473632812,33.90999984741211,34.33000183105469,33.7400016784668,34.189998626708984,4697900
2017-03-03,30.133285522460938,33.7400016784668,33.869998931884766,33.38999938964844,33.86000061035156,6555700
2017-03-06,30.043968200683594,33.63999938964844,33.7599983215332,33.279998779296875,33.66999816894531,7728500
2017-03-07,29.89215087890625,33.470001220703125,33.83000183105469,33.400001525878906,33.709999084472656,6945500
2017-03-08,29.758176803588867,33.31999969482422,33.54999923706055,33.16999816894531,33.54999923706055,7871900
2017-03-09,29.63314437866211,33.18000030517578,33.349998474121094,33.02000045776367,33.27000045776367,5545400
2017-03-10,29.588491439819336,33.130001068115234,33.459999084472656,33.06999969482422,33.439998626708984,4977300
2017-03-13,29.302696228027344,32.810001373291016,33.220001220703125,32.7400016784668,33.130001068115234,10865400
2017-03-14,29.34735870361328,32.86000061035156,32.95000076293945,32.58000183105469,32.849998474121094,6829700
2017-03-15,29.3741455078125,32.88999938964844,33.16999816894531,32.560001373291016,33.02000045776367,9777800
2017-03-16,29.561697006225586,33.099998474121094,33.20000076293945,32.77000045776367,32.779998779296875,6925800
2017-03-17,30.097564697265625,33.70000076293945,33.84000015258789,33.15999984741211,33.29999923706055,15941300
2017-03-20,30.19580841064453,33.810001373291016,34.029998779296875,33.45000076293945,33.68000030517578,7319600
2017-03-21,29.64207649230957,33.189998626708984,33.9900016784668,33.04999923706055,33.91999816894531,8918500
2017-03-22,29.94572639465332,33.529998779296875,33.66999816894531,33.16999816894531,33.2599983215332,5486100
2017-03-23,29.93680191040039,33.52000045776367,33.779998779296875,33.33000183105469,33.45000076293945,4833900
2017-03-24,29.829627990722656,33.400001525878906,33.66999816894531,33.220001220703125,33.65999984741211,4317800
2017-03-27,29.856420516967773,33.43000030517578,33.4900016784668,32.84000015258789,33.15999984741211,4994400
2017-03-28,29.94572639465332,33.529998779296875,33.65999984741211,33.29999923706055,33.400001525878906,4609700
2017-03-29,30.052907943725586,33.650001525878906,33.779998779296875,33.43000030517578,33.619998931884766,7242700
2017-03-30,30.097564697265625,33.70000076293945,33.79999923706055,33.540000915527344,33.650001525878906,4993400
2017-03-31,29.98145866394043,33.56999969482422,33.95000076293945,33.45000076293945,33.5,10223000
2017-04-03,30.15113639831543,33.7599983215332,33.90999984741211,33.31999969482422,33.369998931884766,9828700
2017-04-04,30.490528106689453,34.13999938964844,34.2599983215332,33.66999816894531,33.7599983215332,8679900
2017-04-05,30.19580841064453,33.810001373291016,34.7400016784668,33.779998779296875,34.220001220703125,11241900
2017-04-06,30.50838279724121,34.15999984741211,34.31999969482422,33.84000015258789,34.0099983215332,8854900
2017-04-07,30.285110473632812,33.90999984741211,34.220001220703125,33.79999923706055,34.11000061035156,6644500
2017-04-10,30.419078826904297,34.060001373291016,34.36000061035156,33.93000030517578,34.0,6268100
2017-04-11,30.356563568115234,33.9900016784668,34.13999938964844,33.720001220703125,34.09000015258789,5165100
2017-04-12,30.60662078857422,34.27000045776367,34.630001068115234,33.880001068115234,33.880001068115234,10457200
2017-04-13,30.660213470458984,34.33000183105469,34.70000076293945,34.099998474121094,34.20000076293945,7783100
2017-04-17,30.758451461791992,34.439998626708984,34.439998626708984,34.09000015258789,34.349998474121094,6952000
2017-04-18,30.383359909057617,34.02000045776367,34.369998931884766,33.810001373291016,34.11000061035156,7487000
2017-04-19,30.231529235839844,33.849998474121094,34.34000015258789,33.779998779296875,34.20000076293945,15164000
2017-04-20,29.052629470825195,32.529998779296875,33.040000915527344,32.31999969482422,32.86000061035156,28093800
2017-04-21,28.740041732788086,32.18000030517578,32.689998626708984,31.940000534057617,32.689998626708984,14339200
2017-04-24,28.62394142150879,32.04999923706055,32.560001373291016,31.889999389648438,32.22999954223633,16587800
2017-04-25,29.302696228027344,32.810001373291016,32.83000183105469,31.979999542236328,32.11000061035156,14449300
2017-04-26,29.481319427490234,33.0099983215332,33.130001068115234,32.619998931884766,32.790000915527344,11191500
2017-04-27,29.525981903076172,33.060001373291016,33.119998931884766,32.79999923706055,33.02000045776367,8396400
2017-04-28,29.838563919067383,33.40999984741211,33.45000076293945,32.88999938964844,33.0099983215332,10127600
2017-05-01,29.749256134033203,33.310001373291016,33.58000183105469,33.189998626708984,33.459999084472656,6931700
2017-05-02,29.927873611450195,33.5099983215332,33.54999923706055,33.33000183105469,33.38999938964844,6573300
2017-05-03,29.704593658447266,33.2599983215332,33.599998474121094,33.13999938964844,33.599998474121094,5661500
2017-05-04,29.927873611450195,33.5099983215332,33.66999816894531,33.2599983215332,33.400001525878906,6990300
2017-05-05,29.918930053710938,33.5,33.709999084472656,33.439998626708984,33.56999969482422,8548200
2017-05-08,29.686731338500977,33.2400016784668,33.720001220703125,33.20000076293945,33.52000045776367,9140300
2017-05-09,30.115421295166016,33.720001220703125,33.869998931884766,33.09000015258789,33.2400016784668,9298100
2017-05-10,30.25832176208496,33.880001068115234,34.15999984741211,33.66999816894531,33.66999816894531,8130800
2017-05-11,30.472658157348633,34.119998931884766,34.16999816894531,33.65999984741211,33.70000076293945,5595900
2017-05-12,30.428014755249023,34.06999969482422,34.279998779296875,34.0,34.189998626708984,5118200
2017-05-15,30.526243209838867,34.18000030517578,34.369998931884766,33.91999816894531,34.18000030517578,4753800
2017-05-16,31.088905334472656,34.810001373291016,34.869998931884766,34.150001525878906,34.15999984741211,6408900
2017-05-17,29.99039077758789,33.58000183105469,34.599998474121094,33.560001373291016,34.560001373291016,10453200
2017-05-18,30.12434959411621,33.72999954223633,33.90999984741211,32.9900016784668,33.63999938964844,11999800
2017-05-19,30.213659286499023,33.83000183105469,34.209999084472656,33.599998474121094,33.900001525878906,8489200
2017-05-22,30.24045753479004,33.86000061035156,34.029998779296875,33.650001525878906,33.86000061035156,6508200
2017-05-23,30.9102783203125,34.61000061035156,34.86000061035156,34.25,34.25,11322200
2017-05-24,31.097835540771484,34.81999969482422,34.9900016784668,34.439998626708984,34.619998931884766,9393300
2017-05-25,31.455080032348633,35.220001220703125,35.29999923706055,34.86000061035156,34.880001068115234,8498700
2017-05-26,31.16928482055664,34.900001525878906,35.2599983215332,34.65999984741211,35.2599983215332,6622500
2017-05-30,30.919212341308594,34.619998931884766,34.83000183105469,34.369998931884766,34.779998779296875,7254300
2017-05-31,30.633424758911133,34.29999923706055,34.91999816894531,34.099998474121094,34.91999816894531,9762200
2017-06-01,31.071041107177734,34.790000915527344,34.88999938964844,34.20000076293945,34.439998626708984,6665300
2017-06-02,31.544382095336914,35.31999969482422,35.439998626708984,34.61000061035156,34.91999816894531,6860300
2017-06-05,31.74980354309082,35.54999923706055,36.02000045776367,35.38999938964844,36.02000045776367,6050100
2017-06-06,31.67835235595703,35.470001220703125,35.810001373291016,35.349998474121094,35.40999984741211,5527300
2017-06-07,31.946287155151367,35.77000045776367,35.869998931884766,35.560001373291016,35.650001525878906,5328300
2017-06-08,32.276729583740234,36.13999938964844,36.31999969482422,35.869998931884766,36.06999969482422,8946500
2017-06-09,31.205005645751953,34.939998626708984,36.5,34.689998626708984,36.25,11051900
2017-06-12,30.499452590942383,34.150001525878906,34.77000045776367,33.97999954223633,34.70000076293945,12833200
2017-06-13,30.776308059692383,34.459999084472656,34.54999923706055,34.08000183105469,34.209999084472656,7569100
2017-06-14,30.812036514282227,34.5,34.72999954223633,34.11000061035156,34.630001068115234,6534100
2017-06-15,30.44586944580078,34.09000015258789,34.290000915527344,33.88999938964844,34.2599983215332,6296600
2017-06-16,30.329761505126953,33.959999084472656,34.31999969482422,33.90999984741211,33.91999816894531,9987700
2017-06-19,31.16928482055664,34.900001525878906,34.9900016784668,34.0,34.119998931884766,5840700
2017-06-20,31.19607925415039,34.93000030517578,35.34000015258789,34.7400016784668,34.7400016784668,10636800
2017-06-21,31.222867965698242,34.959999084472656,35.119998931884766,34.75,35.0,5418900
2017-06-22,31.365760803222656,35.119998931884766,35.279998779296875,34.84000015258789,34.9900016784668,5633900
2017-06-23,31.76766014099121,35.56999969482422,35.7400016784668,34.959999084472656,35.119998931884766,24063300
2017-06-26,31.33896827697754,35.09000015258789,35.970001220703125,35.0,35.88999938964844,6844400
2017-06-27,31.178213119506836,34.90999984741211,35.31999969482422,34.849998474121094,35.0,8623300
2017-06-28,31.535459518432617,35.310001373291016,35.33000183105469,34.619998931884766,35.0,4806500
2017-06-29,30.820966720581055,34.5099983215332,35.29999923706055,34.09000015258789,35.29999923706055,8277000
2017-06-30,31.18714141845703,34.91999816894531,35.06999969482422,34.52000045776367,34.779998779296875,10845500
2017-07-03,30.901350021362305,34.599998474121094,35.310001373291016,34.54999923706055,35.150001525878906,4517400
2017-07-05,31.008522033691406,34.720001220703125,34.86000061035156,34.5099983215332,34.72999954223633,7540700
2017-07-06,30.39228630065918,34.029998779296875,34.5,33.95000076293945,34.38999938964844,8600400
2017-07-07,30.57089614868164,34.22999954223633,34.54999923706055,34.0099983215332,34.02000045776367,6896600
2017-07-10,31.294321060180664,35.040000915527344,35.13999938964844,34.279998779296875,34.310001373291016,8736400
2017-07-11,31.42828941345215,35.189998626708984,35.45000076293945,34.88999938964844,34.970001220703125,8455900
2017-07-12,32.17848205566406,36.029998779296875,36.20000076293945,35.529998779296875,35.529998779296875,13437500
2017-07-13,32.598243713378906,36.5,37.130001068115234,36.2599983215332,36.61000061035156,12906200
2017-07-14,33.11624526977539,37.08000183105469,37.20000076293945,36.83000183105469,36.90999984741211,9710400
2017-07-17,33.089454650878906,37.04999923706055,37.16999816894531,36.56999969482422,37.029998779296875,8186400
2017-07-18,32.86617660522461,36.79999923706055,36.939998626708984,36.56999969482422,36.939998626708984,12773500
2017-07-19,33.11624526977539,37.08000183105469,37.2599983215332,36.650001525878906,36.95000076293945,8817600
2017-07-20,33.2055549621582,37.18000030517578,37.47999954223633,37.0,37.16999816894531,17538300
2017-07-21,32.69649124145508,36.61000061035156,36.900001525878906,36.04999923706055,36.20000076293945,22222100
2017-07-24,32.4910774230957,36.380001068115234,36.72999954223633,36.220001220703125,36.45000076293945,13039800
2017-07-25,32.4374885559082,36.31999969482422,36.4900016784668,36.060001373291016,36.33000183105469,6499000
2017-07-26,33.08052062988281,37.040000915527344,37.06999969482422,36.36000061035156,36.36000061035156,11305100
2017-07-27,32.303524017333984,36.16999816894531,37.27000045776367,35.540000915527344,37.09000015258789,15288200
2017-07-28,32.09810256958008,35.939998626708984,36.209999084472656,35.72999954223633,36.08000183105469,7654600
2017-07-31,31.91055679321289,35.72999954223633,36.130001068115234,35.650001525878906,36.09000015258789,6228000
2017-08-01,32.07131576538086,35.90999984741211,36.02000045776367,35.75,35.81999969482422,4685400
2017-08-02,32.062381744384766,35.900001525878906,35.95000076293945,35.41999816894531,35.689998626708984,6484200
2017-08-03,31.892702102661133,35.709999084472656,35.97999954223633,35.56999969482422,35.970001220703125,5726300
2017-08-04,31.81230926513672,35.619998931884766,35.86000061035156,35.54999923706055,35.86000061035156,5182500
2017-08-07,32.249935150146484,36.11000061035156,36.150001525878906,35.380001068115234,35.61000061035156,5380200
2017-08-08,32.47321701049805,36.36000061035156,36.63999938964844,35.88999938964844,35.959999084472656,9655700
2017-08-09,32.223148345947266,36.08000183105469,36.22999954223633,35.720001220703125,36.130001068115234,7888100
2017-08-10,31.24966812133789,34.9900016784668,35.97999954223633,34.880001068115234,35.95000076293945,12533800
2017-08-11,31.303260803222656,35.04999923706055,35.31999969482422,34.7599983215332,35.15999984741211,7746800
2017-08-14,31.43721580505371,35.20000076293945,35.45000076293945,34.880001068115234,35.439998626708984,7192500
2017-08-15,31.481868743896484,35.25,35.41999816894531,35.119998931884766,35.2400016784668,4588500
2017-08-16,31.580101013183594,35.36000061035156,35.47999954223633,35.06999969482422,35.22999954223633,3976900
2017-08-17,31.12462615966797,34.849998474121094,35.5,34.79999923706055,35.5,6698900
2017-08-18,31.062108993530273,34.779998779296875,35.13999938964844,34.75,34.83000183105469,8746600
2017-08-21,30.579835891723633,34.2400016784668,35.130001068115234,34.09000015258789,35.130001068115234,8190500
2017-08-22,31.088905334472656,34.810001373291016,34.810001373291016,34.310001373291016,34.369998931884766,6177700
2017-08-23,31.160356521606445,34.88999938964844,34.97999954223633,34.5099983215332,34.619998931884766,6326600
2017-08-24,31.15142059326172,34.880001068115234,35.040000915527344,34.5099983215332,34.86000061035156,5778100
2017-08-25,30.97280502319336,34.68000030517578,35.06999969482422,34.560001373291016,34.97999954223633,6885100
2017-08-28,31.088905334472656,34.810001373291016,34.900001525878906,34.65999984741211,34.75,5075300
2017-08-29,31.43721580505371,35.20000076293945,35.31999969482422,34.41999816894531,34.47999954223633,7118300
2017-08-30,31.874832153320312,35.689998626708984,35.959999084472656,35.099998474121094,35.13999938964844,8288900
2017-08-31,32.26779556274414,36.130001068115234,36.31999969482422,35.81999969482422,35.849998474121094,8591100
2017-09-01,32.46427536010742,36.349998474121094,36.58000183105469,36.13999938964844,36.20000076293945,5122900
2017-09-05,32.232086181640625,36.09000015258789,36.47999954223633,35.77000045776367,36.189998626708984,6315000
2017-09-06,32.8304557800293,36.7599983215332,36.97999954223633,36.08000183105469,36.08000183105469,12965900
2017-09-07,33.946834564208984,38.0099983215332,38.189998626708984,36.84000015258789,36.95000076293945,14055300
2017-09-08,33.75034713745117,37.790000915527344,38.29999923706055,37.72999954223633,38.040000915527344,9075900
2017-09-11,34.018287658691406,38.09000015258789,38.2599983215332,38.0,38.040000915527344,6122000
2017-09-12,34.098670959472656,38.18000030517578,38.29999923706055,37.97999954223633,38.06999969482422,4259700
2017-09-13,34.17904281616211,38.27000045776367,38.5,38.0,38.0,5622300
2017-09-14,34.21476745605469,38.310001373291016,38.59000015258789,38.130001068115234,38.2400016784668,6603800
2017-09-15,34.295135498046875,38.400001525878906,38.869998931884766,38.06999969482422,38.27000045776367,11121900
2017-09-18,34.286216735839844,38.38999938964844,38.66999816894531,38.18000030517578,38.29999923706055,5636200
2017-09-19,34.4648323059082,38.59000015258789,38.75,38.31999969482422,38.5,5215300
2017-09-20,34.420169830322266,38.540000915527344,38.869998931884766,38.209999084472656,38.66999816894531,6424600
2017-09-21,34.16117477416992,38.25,38.66999816894531,38.189998626708984,38.54999923706055,5715800
2017-09-22,34.196895599365234,38.290000915527344,38.310001373291016,38.04999923706055,38.130001068115234,4866100
2017-09-25,33.741416931152344,37.779998779296875,38.310001373291016,37.540000915527344,38.220001220703125,7420300
2017-09-26,33.803951263427734,37.849998474121094,38.189998626708984,37.75,37.849998474121094,6132900
2017-09-27,33.9825439453125,38.04999923706055,38.290000915527344,37.7599983215332,38.029998779296875,9377700
2017-09-28,33.6967658996582,37.72999954223633,37.959999084472656,37.439998626708984,37.439998626708984,7734200
2017-09-29,34.34872817993164,38.459999084472656,38.599998474121094,37.709999084472656,37.72999954223633,9965000
2017-10-02,34.58986282348633,38.72999954223633,38.779998779296875,38.369998931884766,38.5099983215332,7243800
2017-10-03,34.57200241088867,38.709999084472656,39.04999923706055,38.4900016784668,38.779998779296875,5107000
2017-10-04,34.52735137939453,38.65999984741211,38.83000183105469,38.5,38.79999923706055,5630400
2017-10-05,34.82206726074219,38.9900016784668,39.029998779296875,38.66999816894531,38.7599983215332,5452500
2017-10-06,34.661312103271484,38.810001373291016,39.08000183105469,38.66999816894531,39.04999923706055,7466700
2017-10-09,34.82206726074219,38.9900016784668,39.27000045776367,38.79999923706055,38.79999923706055,4983700
2017-10-10,34.6881103515625,38.84000015258789,39.279998779296875,38.77000045776367,39.02000045776367,6012700
2017-10-11,34.21476745605469,38.310001373291016,38.97999954223633,38.16999816894531,38.849998474121094,11038600
2017-10-12,34.018287658691406,38.09000015258789,38.5,38.060001373291016,38.310001373291016,10045700
2017-10-13,34.250484466552734,38.349998474121094,38.529998779296875,38.15999984741211,38.349998474121094,9421300
2017-10-16,33.732479095458984,37.77000045776367,38.5,37.72999954223633,38.290000915527344,8646700
2017-10-17,33.482421875,37.4900016784668,37.84000015258789,37.41999816894531,37.7599983215332,12012700
2017-10-18,33.91111755371094,37.970001220703125,38.220001220703125,37.540000915527344,37.68000030517578,16937800
2017-10-19,33.303802490234375,37.290000915527344,37.4900016784668,36.189998626708984,36.47999954223633,29099300
2017-10-20,33.58958435058594,37.61000061035156,37.86000061035156,37.29999923706055,37.34000015258789,15105900
2017-10-23,32.892974853515625,36.83000183105469,37.849998474121094,36.7400016784668,37.65999984741211,10374300
2017-10-24,32.81259536743164,36.7400016784668,37.029998779296875,36.5099983215332,36.5099983215332,8533000
2017-10-25,32.75901412963867,36.68000030517578,36.91999816894531,36.45000076293945,36.65999984741211,8030700
2017-10-26,32.95549011230469,36.900001525878906,37.2400016784668,36.720001220703125,36.7400016784668,7635200
2017-10-27,32.86617660522461,36.79999923706055,37.36000061035156,36.63999938964844,37.06999969482422,10880100
2017-10-30,33.0447998046875,37.0,37.130001068115234,36.7400016784668,36.86000061035156,8118100
2017-10-31,33.61637496948242,37.63999938964844,37.68000030517578,37.02000045776367,37.11000061035156,6722800
2017-11-01,33.52707290649414,37.540000915527344,38.09000015258789,37.439998626708984,37.849998474121094,7092900
2017-11-02,33.40203094482422,37.400001525878906,37.5,36.9900016784668,37.4900016784668,5350300
2017-11-03,33.49134826660156,37.5,37.54999923706055,37.11000061035156,37.439998626708984,5716900
2017-11-06,33.375247955322266,37.369998931884766,37.61000061035156,37.29999923706055,37.380001068115234,4361000
2017-11-07,33.41097640991211,37.40999984741211,37.599998474121094,37.099998474121094,37.599998474121094,5646000
2017-11-08,33.053733825683594,37.0099983215332,37.369998931884766,36.939998626708984,37.29999923706055,7095200
2017-11-09,31.874832153320312,35.689998626708984,36.36000061035156,35.209999084472656,36.2599983215332,17006900
2017-11-10,32.12490463256836,35.970001220703125,36.04999923706055,35.34000015258789,35.5099983215332,8329700
2017-11-13,32.017730712890625,35.849998474121094,36.099998474121094,35.31999969482422,35.70000076293945,7269000
2017-11-14,31.455080032348633,35.220001220703125,35.790000915527344,35.18000030517578,35.709999084472656,11468000
2017-11-15,31.52652359008789,35.29999923706055,35.470001220703125,34.790000915527344,35.029998779296875,8120700
2017-11-16,31.81230926513672,35.619998931884766,35.81999969482422,35.31999969482422,35.369998931884766,8140200
2017-11-17,31.776592254638672,35.58000183105469,35.709999084472656,35.310001373291016,35.63999938964844,7542600
2017-11-20,31.73194122314453,35.529998779296875,35.970001220703125,35.41999816894531,35.619998931884766,5981700
2017-11-21,32.11597442626953,35.959999084472656,36.11000061035156,35.560001373291016,35.720001220703125,5888600
2017-11-22,32.09810256958008,35.939998626708984,36.20000076293945,35.84000015258789,36.04999923706055,4576200
2017-11-24,32.0088005065918,35.84000015258789,36.11000061035156,35.70000076293945,36.06999969482422,3122800
2017-11-27,32.14277267456055,35.9900016784668,36.20000076293945,35.790000915527344,35.880001068115234,7221700
2017-11-28,31.70514678955078,35.5,36.20000076293945,35.41999816894531,35.9900016784668,11335100
2017-11-29,30.70486831665039,34.380001068115234,35.45000076293945,33.95000076293945,35.41999816894531,22063000
2017-11-30,30.9638671875,34.66999816894531,35.189998626708984,34.459999084472656,34.47999954223633,16415200
2017-12-01,31.43721580505371,35.20000076293945,35.25,34.310001373291016,34.380001068115234,11535200
2017-12-04,31.883766174316406,35.70000076293945,36.08000183105469,35.380001068115234,35.58000183105469,11130700
2017-12-05,32.87510681152344,36.810001373291016,37.189998626708984,35.75,35.939998626708984,19264500
2017-12-06,32.892974853515625,36.83000183105469,36.90999984741211,36.36000061035156,36.63999938964844,9009600
2017-12-07,32.91082763671875,36.849998474121094,37.150001525878906,36.5,36.720001220703125,7625100
2017-12-08,33.62532043457031,37.650001525878906,37.9900016784668,37.15999984741211,37.25,12423600
2017-12-11,33.50921630859375,37.52000045776367,37.689998626708984,37.31999969482422,37.5099983215332,7072200
2017-12-12,33.43776321411133,37.439998626708984,37.4900016784668,37.099998474121094,37.439998626708984,6313900
2017-12-13,33.40203094482422,37.400001525878906,37.63999938964844,37.33000183105469,37.459999084472656,5901800
2017-12-14,33.58066177368164,37.599998474121094,37.77000045776367,37.40999984741211,37.40999984741211,5456800
2017-12-15,34.268348693847656,38.369998931884766,38.41999816894531,37.38999938964844,37.720001220703125,16277200
2017-12-18,34.098670959472656,38.18000030517578,38.65999984741211,38.119998931884766,38.5,8092100
2017-12-19,33.759281158447266,37.79999923706055,38.22999954223633,37.720001220703125,38.150001525878906,7871000
2017-12-20,33.87538146972656,37.93000030517578,38.099998474121094,37.7400016784668,37.869998931884766,6551500
2017-12-21,33.76820755004883,37.810001373291016,38.2400016784668,37.77000045776367,38.11000061035156,9619400
2017-12-22,33.72354507446289,37.7599983215332,37.90999984741211,37.529998779296875,37.689998626708984,7603300
2017-12-26,33.884307861328125,37.939998626708984,38.0099983215332,37.599998474121094,37.790000915527344,4537000
2017-12-27,33.58958435058594,37.61000061035156,38.08000183105469,37.560001373291016,38.06999969482422,4244100
2017-12-28,33.866455078125,37.91999816894531,37.93000030517578,37.45000076293945,37.459999084472656,3398600
2017-12-29,33.70569610595703,37.7400016784668,38.029998779296875,37.650001525878906,37.81999969482422,4652500
2018-01-02,33.99149703979492,38.060001373291016,38.36000061035156,37.91999816894531,38.16999816894531,6997300
2018-01-03,35.02748489379883,39.220001220703125,39.279998779296875,37.900001525878906,37.9900016784668,9134400
2018-01-04,34.44697189331055,38.56999969482422,39.77000045776367,38.470001220703125,39.41999816894531,8958600
2018-01-05,35.447242736816406,39.689998626708984,39.84000015258789,38.810001373291016,38.849998474121094,7290400
2018-01-08,35.545494079589844,39.79999923706055,40.08000183105469,39.439998626708984,39.54999923706055,9714200
2018-01-09,35.304351806640625,39.529998779296875,40.130001068115234,39.47999954223633,40.099998474121094,6215900
2018-01-10,33.66997146606445,37.70000076293945,39.02000045776367,37.54999923706055,38.869998931884766,17416500
2018-01-11,33.76820755004883,37.810001373291016,37.939998626708984,37.459999084472656,37.84000015258789,11090500
2018-01-12,33.95575714111328,38.02000045776367,38.27000045776367,37.900001525878906,38.0,11992900
2018-01-16,33.652103424072266,37.68000030517578,38.25,37.380001068115234,38.06999969482422,10718800
2018-01-17,33.92897415161133,37.9900016784668,38.310001373291016,37.75,38.0,12245700
2018-01-18,34.59879684448242,38.7400016784668,38.939998626708984,38.130001068115234,38.209999084472656,11113500
2018-01-19,34.321929931640625,38.43000030517578,39.02000045776367,38.20000076293945,38.75,12724000
2018-01-22,35.34900665283203,39.58000183105469,39.72999954223633,38.33000183105469,38.36000061035156,10715000
2018-01-23,35.5186882019043,39.77000045776367,39.88999938964844,39.130001068115234,39.59000015258789,6944800
2018-01-24,35.56334686279297,39.81999969482422,40.709999084472656,39.689998626708984,39.970001220703125,10736000
2018-01-25,35.741966247558594,40.02000045776367,40.40999984741211,39.86000061035156,39.93000030517578,9070900
2018-01-26,36.51895523071289,40.88999938964844,40.90999984741211,39.91999816894531,40.310001373291016,8522600
2018-01-29,36.4385871887207,40.79999923706055,41.06999969482422,40.56999969482422,40.59000015258789,6372800
2018-01-30,36.08134841918945,40.400001525878906,41.34000015258789,40.189998626708984,40.720001220703125,9022900
2018-01-31,36.24210739135742,40.58000183105469,41.099998474121094,40.36000061035156,40.47999954223633,14509700
2018-02-01,41.25241470336914,46.189998626708984,46.9900016784668,45.209999084472656,45.5,33290600
2018-02-02,39.564453125,44.29999923706055,46.2400016784668,44.22999954223633,45.15999984741211,19255600
2018-02-05,37.84075927734375,42.369998931884766,44.45000076293945,42.2400016784668,44.02000045776367,19100200
2018-02-06,38.21586227416992,42.790000915527344,43.099998474121094,41.720001220703125,41.720001220703125,18686100
2018-02-07,37.80503463745117,42.33000183105469,43.119998931884766,42.22999954223633,42.66999816894531,11379200
2018-02-08,36.635074615478516,41.02000045776367,42.95000076293945,41.0099983215332,42.5,14996800
2018-02-09,37.20664596557617,41.65999984741211,41.97999954223633,40.43000030517578,41.5,15976200
2018-02-12,37.79610824584961,42.31999969482422,42.63999938964844,41.63999938964844,41.95000076293945,11821400
2018-02-13,37.64426803588867,42.150001525878906,42.779998779296875,41.900001525878906,41.9900016784668,10415600
2018-02-14,37.90327453613281,42.439998626708984,42.66999816894531,41.75,41.83000183105469,9930100
2018-02-15,38.41233825683594,43.0099983215332,43.2599983215332,42.22999954223633,42.68000030517578,10402800
2018-02-16,38.70706558227539,43.34000015258789,43.63999938964844,42.90999984741211,43.15999984741211,9396200
2018-02-20,38.7517204284668,43.38999938964844,43.790000915527344,43.0099983215332,43.11000061035156,10947000
2018-02-21,38.510581970214844,43.119998931884766,43.70000076293945,43.060001373291016,43.52000045776367,10393300
2018-02-22,38.2515869140625,42.83000183105469,43.5099983215332,42.619998931884766,43.15999984741211,10575200
2018-02-23,39.010719299316406,43.68000030517578,43.790000915527344,42.81999969482422,43.27000045776367,11158700
2018-02-26,39.14469909667969,43.83000183105469,44.36000061035156,43.650001525878906,43.79999923706055,6402500
2018-02-27,38.537384033203125,43.150001525878906,43.95000076293945,43.130001068115234,43.81999969482422,9243800
2018-02-28,38.27838134765625,42.86000061035156,43.41999816894531,42.849998474121094,43.220001220703125,8825200
2018-03-01,37.7514533996582,42.27000045776367,43.11000061035156,42.04999923706055,43.0099983215332,8040500
2018-03-02,38.358760833740234,42.95000076293945,43.060001373291016,42.220001220703125,42.599998474121094,8070200
2018-03-05,38.573097229003906,43.189998626708984,43.54999923706055,42.619998931884766,42.790000915527344,5506100
2018-03-06,38.5284423828125,43.13999938964844,43.540000915527344,42.959999084472656,43.540000915527344,5324800
2018-03-07,39.2339973449707,43.93000030517578,44.02000045776367,42.79999923706055,42.970001220703125,8126500
2018-03-08,39.010719299316406,43.68000030517578,44.29999923706055,43.40999984741211,44.15999984741211,9297800
2018-03-09,39.12683868408203,43.810001373291016,43.849998474121094,43.34000015258789,43.7599983215332,7800600
2018-03-12,39.20720291137695,43.900001525878906,44.040000915527344,43.43000030517578,44.029998779296875,9189400
2018-03-13,38.242652893066406,42.81999969482422,44.220001220703125,42.689998626708984,44.13999938964844,9934900
2018-03-14,38.2515869140625,42.83000183105469,43.13999938964844,42.650001525878906,42.970001220703125,11663300
2018-03-15,38.0372428894043,42.59000015258789,42.83000183105469,42.15999984741211,42.81999969482422,7598600
2018-03-16,37.9211311340332,42.459999084472656,42.7400016784668,42.380001068115234,42.619998931884766,14194900
2018-03-19,37.5906982421875,42.09000015258789,42.7599983215332,41.720001220703125,42.22999954223633,9410000
2018-03-20,37.474586486816406,41.959999084472656,42.189998626708984,41.709999084472656,42.08000183105469,8000800
2018-03-21,37.2155876159668,41.66999816894531,42.130001068115234,41.470001220703125,41.869998931884766,7658100
2018-03-22,36.24210739135742,40.58000183105469,41.54999923706055,40.560001373291016,41.2400016784668,10974100
2018-03-23,35.465110778808594,39.709999084472656,40.939998626708984,39.70000076293945,40.56999969482422,9244800
2018-03-26,36.626136779785156,41.0099983215332,41.060001373291016,39.59000015258789,40.29999923706055,9796900
2018-03-27,35.92060470581055,40.220001220703125,41.16999816894531,39.97999954223633,41.150001525878906,11795600
2018-03-28,35.82234191894531,40.11000061035156,40.81999969482422,39.63999938964844,40.130001068115234,14336500
2018-03-29,35.938453674316406,40.2400016784668,40.83000183105469,39.9900016784668,40.439998626708984,13438300
2018-04-02,35.15251541137695,39.36000061035156,40.34000015258789,38.900001525878906,40.040000915527344,7721400
2018-04-03,35.375797271728516,39.61000061035156,39.900001525878906,39.220001220703125,39.470001220703125,9671700
2018-04-04,35.53654861450195,39.790000915527344,39.90999984741211,39.0,39.099998474121094,10205800
2018-04-05,35.750892639160156,40.029998779296875,40.310001373291016,39.61000061035156,40.11000061035156,6190800
2018-04-06,34.9113883972168,39.09000015258789,39.939998626708984,39.0,39.65999984741211,6019700
2018-04-09,34.72383117675781,38.880001068115234,39.54999923706055,38.81999969482422,39.209999084472656,7607500
2018-04-10,35.357933044433594,39.59000015258789,39.81999969482422,39.13999938964844,39.29999923706055,7480300
2018-04-11,35.57228469848633,39.83000183105469,41.09000015258789,39.5099983215332,40.40999984741211,17644400
2018-04-12,36.197452545166016,40.529998779296875,40.88999938964844,39.95000076293945,40.27000045776367,14002500
2018-04-13,35.634796142578125,39.900001525878906,41.09000015258789,39.79999923706055,41.060001373291016,7340900
2018-04-16,35.89379119873047,40.189998626708984,40.65999984741211,39.810001373291016,40.220001220703125,6629200
2018-04-17,36.268898010253906,40.61000061035156,40.79999923706055,40.130001068115234,40.38999938964844,9474500
2018-04-18,37.28702926635742,41.75,42.900001525878906,41.150001525878906,42.849998474121094,19386300
2018-04-19,37.608551025390625,42.11000061035156,42.25,41.5099983215332,41.529998779296875,9700700
2018-04-20,37.688934326171875,42.20000076293945,43.0,42.060001373291016,42.279998779296875,13731600
2018-04-23,37.153079986572266,41.599998474121094,42.5,41.4900016784668,42.349998474121094,8673100
2018-04-24,36.77796936035156,41.18000030517578,42.18000030517578,40.810001373291016,41.849998474121094,7316900
2018-04-25,36.590423583984375,40.970001220703125,41.279998779296875,40.2400016784668,41.11000061035156,11161200
2018-04-26,34.54521942138672,38.68000030517578,39.06999969482422,38.09000015258789,38.84000015258789,21446700
2018-04-27,34.143306732177734,38.22999954223633,38.88999938964844,37.9900016784668,38.68000030517578,15960100
2018-04-30,33.83071517944336,37.880001068115234,38.619998931884766,37.650001525878906,38.290000915527344,10620400
2018-05-01,33.78607940673828,37.83000183105469,37.91999816894531,37.41999816894531,37.75,7301900
2018-05-02,33.2055549621582,37.18000030517578,37.9900016784668,37.08000183105469,37.83000183105469,11027800
2018-05-03,33.61637496948242,37.63999938964844,37.7599983215332,36.810001373291016,37.0,8942700
2018-05-04,33.93789291381836,38.0,38.189998626708984,37.209999084472656,37.33000183105469,6359300
2018-05-07,33.759281158447266,37.79999923706055,38.25,37.61000061035156,38.08000183105469,6773700
2018-05-08,34.02721405029297,38.099998474121094,38.13999938964844,37.47999954223633,37.72999954223633,8953000
2018-05-09,34.143306732177734,38.22999954223633,38.84000015258789,38.18000030517578,38.29999923706055,9597500
2018-05-10,34.384456634521484,38.5,38.560001373291016,38.09000015258789,38.38999938964844,7215500
2018-05-11,34.170101165771484,38.2599983215332,38.7599983215332,38.11000061035156,38.380001068115234,7455900
2018-05-14,34.286216735839844,38.38999938964844,38.66999816894531,38.150001525878906,38.150001525878906,7462800
2018-05-15,34.00935745239258,38.08000183105469,38.209999084472656,37.689998626708984,38.119998931884766,6747200
2018-05-16,34.250484466552734,38.349998474121094,38.56999969482422,37.95000076293945,38.0,11002600
2018-05-17,34.295135498046875,38.400001525878906,38.84000015258789,38.22999954223633,38.22999954223633,6370400
2018-05-18,34.22368621826172,38.31999969482422,38.58000183105469,38.15999984741211,38.29999923706055,6736600
2018-05-21,34.196895599365234,38.290000915527344,38.81999969482422,38.189998626708984,38.4900016784668,6599200
2018-05-22,33.732479095458984,37.77000045776367,38.4900016784668,37.689998626708984,38.400001525878906,9142200
2018-05-23,33.9736213684082,38.040000915527344,38.060001373291016,37.470001220703125,37.61000061035156,7347000
2018-05-24,33.75034713745117,37.790000915527344,38.2400016784668,37.630001068115234,38.029998779296875,6256200
2018-05-25,33.884307861328125,37.939998626708984,38.290000915527344,37.79999923706055,37.84000015258789,8736600
2018-05-29,33.51815414428711,37.529998779296875,37.880001068115234,37.36000061035156,37.72999954223633,8306000
2018-05-30,33.803951263427734,37.849998474121094,38.119998931884766,37.529998779296875,37.779998779296875,7908700
2018-05-31,33.68783187866211,37.720001220703125,37.810001373291016,37.18000030517578,37.779998779296875,10710700
2018-06-01,34.241554260253906,38.34000015258789,38.849998474121094,37.90999984741211,38.060001373291016,7831200
2018-06-04,34.893516540527344,39.06999969482422,39.130001068115234,38.38999938964844,38.470001220703125,8115300
2018-06-05,35.75982666015625,40.040000915527344,40.470001220703125,39.220001220703125,39.22999954223633,11216100
2018-06-06,35.67945098876953,39.95000076293945,40.11000061035156,39.29999923706055,40.06999969482422,6986700
2018-06-07,36.12600326538086,40.45000076293945,40.86000061035156,39.84000015258789,40.060001373291016,11570700
2018-06-08,35.98310852050781,40.290000915527344,40.40999984741211,39.90999984741211,40.2599983215332,6067000
2018-06-11,36.16172790527344,40.4900016784668,40.7599983215332,40.08000183105469,40.27000045776367,5208900
2018-06-12,36.12600326538086,40.45000076293945,40.75,40.29999923706055,40.630001068115234,8575100
2018-06-13,35.125732421875,39.33000183105469,40.27000045776367,38.869998931884766,40.25,14044000
2018-06-14,34.83100128173828,39.0,39.66999816894531,38.95000076293945,39.52000045776367,9353400
2018-06-15,34.732757568359375,38.88999938964844,39.0099983215332,38.43000030517578,38.91999816894531,12891600
2018-06-18,34.70597839355469,38.86000061035156,39.029998779296875,38.34000015258789,38.5,10077500
2018-06-19,34.991764068603516,39.18000030517578,39.29999923706055,38.279998779296875,38.31999969482422,7190200
2018-06-20,35.06321334838867,39.2599983215332,39.540000915527344,38.959999084472656,39.47999954223633,5750500
2018-06-21,33.946834564208984,38.0099983215332,39.59000015258789,37.86000061035156,39.220001220703125,11587300
2018-06-22,34.018287658691406,38.09000015258789,38.27000045776367,37.650001525878906,38.06999969482422,11808400
2018-06-25,33.143035888671875,37.11000061035156,37.75,36.779998779296875,37.720001220703125,13382600
2018-06-26,33.10731506347656,37.06999969482422,37.369998931884766,36.779998779296875,37.130001068115234,12451300
2018-06-27,32.41962814331055,36.29999923706055,37.29999923706055,36.290000915527344,37.02000045776367,9898300
2018-06-28,32.276729583740234,36.13999938964844,36.369998931884766,35.560001373291016,36.18000030517578,11381100
2018-06-29,32.3838996887207,36.2599983215332,36.540000915527344,36.130001068115234,36.279998779296875,6335800
2018-07-02,32.75006103515625,36.66999816894531,36.68000030517578,35.66999816894531,35.90999984741211,6144200
2018-07-03,32.72328186035156,36.63999938964844,37.209999084472656,36.61000061035156,36.88999938964844,3704000
2018-07-05,33.071598052978516,37.029998779296875,37.099998474121094,36.5,36.79999923706055,4653800
2018-07-06,33.393104553222656,37.38999938964844,37.540000915527344,36.75,37.20000076293945,4188500
2018-07-09,33.857521057128906,37.90999984741211,37.93000030517578,37.45000076293945,37.540000915527344,4660700
2018-07-10,33.08052062988281,37.040000915527344,37.5,36.9900016784668,37.08000183105469,11250700
2018-07-11,33.02692794799805,36.97999954223633,37.43000030517578,36.779998779296875,36.93000030517578,8442000
2018-07-12,33.5359992980957,37.54999923706055,37.779998779296875,37.20000076293945,37.459999084472656,9711500
2018-07-13,33.58958435058594,37.61000061035156,37.66999816894531,37.130001068115234,37.54999923706055,7785700
2018-07-16,33.6967658996582,37.72999954223633,38.060001373291016,37.4900016784668,37.65999984741211,11576800
2018-07-17,33.76820755004883,37.810001373291016,38.150001525878906,37.31999969482422,37.43000030517578,9931200
2018-07-18,33.893245697021484,37.95000076293945,38.34000015258789,37.619998931884766,37.779998779296875,15840300
2018-07-19,30.463733673095703,34.11000061035156,35.650001525878906,33.93000030517578,35.16999816894531,50978000
2018-07-20,30.544109344482422,34.20000076293945,34.90999984741211,34.119998931884766,34.41999816894531,20035000
2018-07-23,30.17794418334961,33.790000915527344,34.150001525878906,33.4900016784668,34.060001373291016,15380500
2018-07-24,29.93680191040039,33.52000045776367,34.060001373291016,33.439998626708984,34.02000045776367,10916700
2018-07-25,30.267253875732422,33.88999938964844,34.040000915527344,33.38999938964844,33.41999816894531,12141500
2018-07-26,30.749526977539062,34.43000030517578,34.63999938964844,33.7599983215332,33.810001373291016,9728300
2018-07-27,30.19580841064453,33.810001373291016,34.84000015258789,33.7599983215332,34.630001068115234,10161300
2018-07-30,30.07076072692871,33.66999816894531,33.959999084472656,33.40999984741211,33.720001220703125,10093700
2018-07-31,29.87428855895996,33.45000076293945,33.959999084472656,33.33000183105469,33.77000045776367,9976100
2018-08-01,29.55276870727539,33.09000015258789,33.45000076293945,32.849998474121094,33.349998474121094,8981800
2018-08-02,29.668865203857422,33.220001220703125,33.400001525878906,32.86000061035156,33.0,7235700
2018-08-03,30.061838150024414,33.65999984741211,33.720001220703125,33.16999816894531,33.369998931884766,7154100
2018-08-06,30.356563568115234,33.9900016784668,34.189998626708984,33.56999969482422,33.65999984741211,8119000
2018-08-07,30.16900062561035,33.779998779296875,34.209999084472656,33.720001220703125,34.11000061035156,5722300
2018-08-08,30.22258949279785,33.84000015258789,33.95000076293945,33.630001068115234,33.779998779296875,5504300
2018-08-09,30.499452590942383,34.150001525878906,34.209999084472656,33.7599983215332,33.86000061035156,8115900
2018-08-10,30.44586944580078,34.09000015258789,34.459999084472656,33.43000030517578,33.54999923706055,13198500
2018-08-13,30.25832176208496,33.880001068115234,34.45000076293945,33.869998931884766,34.11000061035156,7984400
2018-08-14,30.722736358642578,34.400001525878906,34.72999954223633,33.849998474121094,33.90999984741211,9201000
2018-08-15,30.24045753479004,33.86000061035156,34.099998474121094,33.599998474121094,34.04999923706055,12381500
2018-08-16,30.160083770751953,33.77000045776367,34.16999816894531,33.63999938964844,34.060001373291016,8534500
2018-08-17,30.374420166015625,34.0099983215332,34.2599983215332,33.68000030517578,33.81999969482422,6982400
2018-08-20,30.383359909057617,34.02000045776367,34.34000015258789,33.93000030517578,34.20000076293945,7843900
2018-08-21,30.83883285522461,34.529998779296875,34.869998931884766,34.029998779296875,34.060001373291016,9788800
2018-08-22,30.990673065185547,34.70000076293945,34.790000915527344,34.150001525878906,34.40999984741211,7463100
2018-08-23,30.722736358642578,34.400001525878906,34.88999938964844,34.2400016784668,34.779998779296875,7989400
2018-08-24,30.83883285522461,34.529998779296875,34.880001068115234,34.459999084472656,34.560001373291016,5412500
2018-08-27,30.88349151611328,34.58000183105469,34.790000915527344,34.52000045776367,34.619998931884766,7464800
2018-08-28,31.02638816833496,34.7400016784668,34.790000915527344,34.459999084472656,34.7400016784668,5877600
2018-08-29,31.19607925415039,34.93000030517578,35.290000915527344,34.75,34.779998779296875,5934400
2018-08-30,31.079957962036133,34.79999923706055,34.9900016784668,34.619998931884766,34.84000015258789,4985500
2018-08-31,30.9102783203125,34.61000061035156,35.060001373291016,34.560001373291016,34.720001220703125,7944100
2018-09-04,31.079957962036133,34.79999923706055,34.90999984741211,34.36000061035156,34.400001525878906,6743300
2018-09-05,30.48159408569336,34.130001068115234,34.689998626708984,34.0,34.63999938964844,8820700
2018-09-06,30.061838150024414,33.65999984741211,34.31999969482422,33.279998779296875,34.08000183105469,9240100
2018-09-07,30.356563568115234,33.9900016784668,34.02000045776367,33.13999938964844,33.400001525878906,6445200
2018-09-10,30.106483459472656,33.709999084472656,34.20000076293945,33.59000015258789,34.13999938964844,7787600
2018-09-11,30.463733673095703,34.11000061035156,34.209999084472656,33.58000183105469,33.810001373291016,4970600
2018-09-12,30.597700119018555,34.2599983215332,34.41999816894531,33.75,33.97999954223633,6035900
2018-09-13,30.758451461791992,34.439998626708984,34.849998474121094,34.29999923706055,34.43000030517578,6716800
2018-09-14,30.454795837402344,34.099998474121094,34.54999923706055,33.959999084472656,34.5,5376400
2018-09-17,30.544109344482422,34.20000076293945,34.38999938964844,34.02000045776367,34.029998779296875,6722700
2018-09-18,30.472658157348633,34.119998931884766,34.540000915527344,34.09000015258789,34.209999084472656,8724500
2018-09-19,30.561979293823242,34.220001220703125,34.369998931884766,34.0099983215332,34.0099983215332,13455600
2018-09-20,30.579835891723633,34.2400016784668,34.310001373291016,33.83000183105469,34.279998779296875,15877000
2018-09-21,30.40121078491211,34.040000915527344,34.459999084472656,33.95000076293945,34.31999969482422,24875000
2018-09-24,30.115421295166016,33.720001220703125,33.95000076293945,33.630001068115234,33.83000183105469,8746500
2018-09-25,29.25803565979004,32.7599983215332,33.720001220703125,32.599998474121094,33.56999969482422,20479000
2018-09-26,29.99039077758789,33.58000183105469,34.099998474121094,32.709999084472656,32.709999084472656,14007000
2018-09-27,29.776037216186523,33.34000015258789,33.7400016784668,33.150001525878906,33.56999969482422,7374800
2018-09-28,29.490251541137695,33.02000045776367,33.34000015258789,32.72999954223633,33.209999084472656,8467200
2018-10-01,29.034765243530273,32.5099983215332,33.150001525878906,32.459999084472656,33.099998474121094,11990700
2018-10-02,29.07942771911621,32.560001373291016,32.779998779296875,32.34000015258789,32.5,10174300
2018-10-03,29.249113082885742,32.75,33.130001068115234,32.709999084472656,32.77000045776367,11075500
2018-10-04,29.141939163208008,32.630001068115234,32.93000030517578,32.380001068115234,32.65999984741211,12293000
2018-10-05,28.793630599975586,32.2400016784668,32.72999954223633,32.099998474121094,32.650001525878906,9361100
2018-10-08,29.0972957611084,32.58000183105469,33.04999923706055,32.099998474121094,32.16999816894531,8036100
2018-10-09,29.722457885742188,33.279998779296875,34.599998474121094,32.290000915527344,32.560001373291016,27415000
2018-10-10,28.28455924987793,31.670000076293945,33.18000030517578,31.65999984741211,33.09000015258789,14292200
2018-10-11,28.043424606323242,31.399999618530273,31.799999237060547,30.760000228881836,31.780000686645508,14477800
2018-10-12,28.329212188720703,31.719999313354492,31.920000076293945,31.149999618530273,31.920000076293945,7910500
2018-10-15,28.454248428344727,31.860000610351562,32.150001525878906,31.40999984741211,31.540000915527344,5036400
2018-10-16,28.802560806274414,32.25,32.34000015258789,31.709999084472656,31.719999313354492,7111500
2018-10-17,28.597148895263672,32.02000045776367,32.38999938964844,31.5,32.22999954223633,10845300
2018-10-18,28.177385330200195,31.549999237060547,31.989999771118164,31.299999237060547,31.889999389648438,8705300
2018-10-19,25.676700592041016,28.75,29.579999923706055,28.3700008392334,29.469999313354492,39779400
2018-10-22,25.444490432739258,28.489999771118164,28.90999984741211,28.09000015258789,28.469999313354492,17677200
2018-10-23,25.176563262939453,28.190000534057617,28.360000610351562,27.610000610351562,27.75,12577500
2018-10-24,24.372770309448242,27.290000915527344,28.3799991607666,27.239999771118164,28.110000610351562,16309300
2018-10-25,25.06046485900879,28.059999465942383,28.299999237060547,27.549999237060547,27.65999984741211,12239600
2018-10-26,24.417428970336914,27.34000015258789,27.920000076293945,26.959999084472656,27.239999771118164,16691700
2018-10-29,23.95301628112793,26.81999969482422,27.799999237060547,26.360000610351562,27.719999313354492,18291800
2018-10-30,24.48887062072754,27.420000076293945,27.670000076293945,26.780000686645508,26.899999618530273,19994400
2018-10-31,25.926769256591797,29.030000686645508,29.489999771118164,27.770000457763672,29.299999237060547,28518100
2018-11-01,26.36438751220703,29.520000457763672,30.0,29.0,29.079999923706055,18717300
2018-11-02,26.67698097229004,29.8700008392334,30.079999923706055,29.309999465942383,29.520000457763672,16427500
2018-11-05,26.4715633392334,29.639999389648438,30.059999465942383,29.329999923706055,29.90999984741211,10724200
2018-11-06,26.748424530029297,29.950000762939453,30.260000228881836,29.459999084472656,29.59000015258789,12821600
2018-11-07,26.668045043945312,29.860000610351562,30.18000030517578,29.59000015258789,30.09000015258789,18347500
2018-11-08,26.650178909301758,29.84000015258789,29.969999313354492,29.520000457763672,29.739999771118164,10837900
2018-11-09,26.46263313293457,29.6299991607666,29.950000762939453,29.579999923706055,29.6200008392334,8713100
2018-11-12,25.86425018310547,28.959999084472656,29.700000762939453,28.90999984741211,29.579999923706055,10966400
2018-11-13,25.09618377685547,28.100000381469727,28.799999237060547,27.790000915527344,28.799999237060547,17743900
2018-11-14,24.908634185791016,27.889999389648438,28.34000015258789,27.8700008392334,28.200000762939453,12131000
2018-11-15,25.158702850341797,28.170000076293945,28.469999313354492,27.549999237060547,27.799999237060547,12345600
2018-11-16,25.11404800415039,28.1200008392334,28.350000381469727,27.8799991607666,28.0,12513700
2018-11-19,24.97114372253418,27.959999084472656,28.329999923706055,27.799999237060547,28.020000457763672,11562100
2018-11-20,25.149770736694336,28.15999984741211,28.6299991607666,27.600000381469727,27.700000762939453,15882600
2018-11-21,25.310527801513672,28.34000015258789,28.760000228881836,28.25,28.540000915527344,12092800
2018-11-23,25.399837493896484,28.440000534057617,29.049999237060547,28.18000030517578,28.18000030517578,7229000
2018-11-26,25.72135353088379,28.799999237060547,29.020000457763672,28.530000686645508,28.799999237060547,11018000
2018-11-27,25.667770385742188,28.739999771118164,28.8799991607666,28.40999984741211,28.579999923706055,9823500
2018-11-28,26.5787353515625,29.760000228881836,29.84000015258789,28.709999084472656,28.799999237060547,22025700
2018-11-29,26.36438751220703,29.520000457763672,29.8799991607666,29.31999969482422,29.56999969482422,8839400
2018-11-30,26.65911102294922,29.850000381469727,29.8799991607666,29.260000228881836,29.469999313354492,19709500
2018-12-03,26.971702575683594,30.200000762939453,30.360000610351562,29.81999969482422,30.170000076293945,18952800
2018-12-04,26.132186889648438,29.260000228881836,30.329999923706055,29.139999389648438,30.059999465942383,17330100
2018-12-06,26.31973648071289,29.469999313354492,29.540000915527344,28.770000457763672,28.8799991607666,15521800
2018-12-07,25.953563690185547,29.059999465942383,29.90999984741211,28.90999984741211,29.43000030517578,11785300
2018-12-10,25.882112503051758,28.979999542236328,29.290000915527344,28.719999313354492,29.15999984741211,10646400
2018-12-11,25.944631576538086,29.049999237060547,29.549999237060547,28.940000534057617,29.399999618530273,12570800
2018-12-12,25.93569564819336,29.040000915527344,29.489999771118164,28.25,28.5,12840500
2018-12-13,25.917837142944336,29.020000457763672,29.309999465942383,28.770000457763672,29.200000762939453,12261800
2018-12-14,25.819595336914062,28.90999984741211,29.139999389648438,28.75,28.790000915527344,11101100
2018-12-17,25.435562133789062,28.479999542236328,29.0,28.360000610351562,28.780000686645508,16640200
2018-12-18,25.453426361083984,28.5,28.780000686645508,28.420000076293945,28.559999465942383,13869600
2018-12-19,25.27480125427246,28.299999237060547,29.229999542236328,28.079999923706055,28.489999771118164,18442300
2018-12-20,24.99794578552246,27.989999771118164,28.520000457763672,27.579999923706055,28.200000762939453,21710600
2018-12-21,23.738666534423828,26.579999923706055,28.34000015258789,26.299999237060547,28.020000457763672,32178400
2018-12-24,23.345701217651367,26.139999389648438,26.920000076293945,26.139999389648438,26.549999237060547,6216100
2018-12-26,24.872909545898438,27.850000381469727,27.8799991607666,26.010000228881836,26.350000381469727,11503400
2018-12-27,25.03366470336914,28.030000686645508,28.040000915527344,27.020000457763672,27.479999542236328,9769900
2018-12-28,25.221221923828125,28.239999771118164,28.639999389648438,28.020000457763672,28.110000610351562,8781000
2018-12-31,25.06939125061035,28.06999969482422,28.5,27.889999389648438,28.3799991607666,7629300
2019-01-02,25.766010284423828,28.850000381469727,28.959999084472656,27.559999465942383,27.649999618530273,11190300
2019-01-03,25.292667388916016,28.31999969482422,28.81999969482422,28.280000686645508,28.6299991607666,10803900
2019-01-04,25.873184204101562,28.969999313354492,29.079999923706055,28.329999923706055,28.600000381469727,14593700
2019-01-07,26.31973648071289,29.469999313354492,29.649999618530273,28.93000030517578,28.959999084472656,13419400
2019-01-08,26.79307746887207,30.0,30.079999923706055,29.399999618530273,29.739999771118164,8179700
2019-01-09,27.052078247070312,30.290000915527344,30.399999618530273,29.739999771118164,29.989999771118164,10607500
2019-01-10,27.302148818969727,30.56999969482422,30.639999389648438,30.010000228881836,30.1299991607666,8741400
2019-01-11,27.15925407409668,30.40999984741211,30.540000915527344,29.420000076293945,30.149999618530273,13390900
2019-01-14,26.980636596679688,30.209999084472656,30.280000686645508,29.989999771118164,30.18000030517578,7523000
2019-01-15,27.39145278930664,30.670000076293945,30.75,30.270000457763672,30.299999237060547,7154900
2019-01-16,27.052078247070312,30.290000915527344,30.700000762939453,30.270000457763672,30.65999984741211,12725700
2019-01-17,27.132455825805664,30.3799991607666,30.549999237060547,30.059999465942383,30.149999618530273,12818500
2019-01-18,27.68618392944336,31.0,31.020000457763672,30.440000534057617,30.610000610351562,13839700
2019-01-22,29.383079528808594,32.900001525878906,34.75,32.72999954223633,34.34000015258789,56378700
2019-01-23,29.124080657958984,32.61000061035156,33.529998779296875,32.459999084472656,33.400001525878906,19280600
2019-01-24,29.159807205200195,32.650001525878906,32.86000061035156,32.33000183105469,32.70000076293945,11974800
2019-01-25,30.115421295166016,33.720001220703125,33.7599983215332,32.79999923706055,32.95000076293945,17028800
2019-01-28,30.383359909057617,34.02000045776367,34.22999954223633,33.400001525878906,33.4900016784668,22325500
2019-01-29,30.08863067626953,33.689998626708984,34.43000030517578,33.540000915527344,34.369998931884766,19304100
2019-01-30,30.436935424804688,34.08000183105469,34.31999969482422,32.880001068115234,33.970001220703125,27338600
2019-01-31,30.052907943725586,33.650001525878906,33.9900016784668,32.77000045776367,33.7599983215332,24996900
2019-02-01,30.642356872558594,34.310001373291016,34.47999954223633,33.630001068115234,33.75,19113800
2019-02-04,31.303260803222656,35.04999923706055,35.20000076293945,34.20000076293945,34.54999923706055,19798500
2019-02-05,31.553321838378906,35.33000183105469,35.529998779296875,35.06999969482422,35.27000045776367,13738200
2019-02-06,31.687271118164062,35.47999954223633,35.709999084472656,35.0,35.119998931884766,11340000
2019-02-07,31.481868743896484,35.25,35.38999938964844,34.81999969482422,35.220001220703125,9211000
2019-02-08,31.490795135498047,35.2599983215332,35.31999969482422,34.90999984741211,35.0,10228000
2019-02-11,31.785524368286133,35.59000015258789,35.900001525878906,35.31999969482422,35.47999954223633,9638400
2019-02-12,32.321388244628906,36.189998626708984,36.27000045776367,35.209999084472656,35.59000015258789,12684800
2019-02-13,32.3838996887207,36.2599983215332,36.540000915527344,36.15999984741211,36.209999084472656,7378000
2019-02-14,32.4374885559082,36.31999969482422,36.560001373291016,35.97999954223633,36.040000915527344,6874500
2019-02-15,32.66968536376953,36.58000183105469,36.83000183105469,36.41999816894531,36.61000061035156,10273100
2019-02-19,33.089454650878906,37.04999923706055,37.130001068115234,36.459999084472656,36.54999923706055,12312100
2019-02-20,32.81259536743164,36.7400016784668,37.25,36.689998626708984,37.02000045776367,11698700
2019-02-21,33.02692794799805,36.97999954223633,37.130001068115234,36.5,36.630001068115234,8151600
2019-02-22,33.482421875,37.4900016784668,37.5,36.970001220703125,36.9900016784668,6820600
2019-02-25,33.34844970703125,37.34000015258789,37.88999938964844,37.310001373291016,37.75,10147800
2019-02-26,33.384178161621094,37.380001068115234,37.54999923706055,37.060001373291016,37.34000015258789,12788000
2019-02-27,33.56278991699219,37.58000183105469,38.02000045776367,37.279998779296875,37.45000076293945,10571100
2019-02-28,33.302833557128906,37.150001525878906,37.5,37.099998474121094,37.5,7462700
2019-03-01,33.48210525512695,37.349998474121094,39.13999938964844,37.18000030517578,38.36000061035156,17271800
2019-03-04,33.39248275756836,37.25,37.58000183105469,36.70000076293945,37.47999954223633,11304000
2019-03-05,33.27593994140625,37.119998931884766,37.4900016784668,37.11000061035156,37.20000076293945,12174400
2019-03-06,32.998043060302734,36.810001373291016,37.540000915527344,36.79999923706055,37.13999938964844,10885400
2019-03-07,32.460182189941406,36.209999084472656,36.779998779296875,36.08000183105469,36.72999954223633,14928000
2019-03-08,32.173316955566406,35.88999938964844,36.02000045776367,35.5099983215332,36.02000045776367,16417000
2019-03-11,32.496036529541016,36.25,36.34000015258789,35.81999969482422,35.93000030517578,15306400
2019-03-12,32.522918701171875,36.279998779296875,36.4900016784668,36.11000061035156,36.439998626708984,10660900
2019-03-13,32.68428421020508,36.459999084472656,36.7400016784668,36.15999984741211,36.29999923706055,13247800
2019-03-14,32.585670471191406,36.349998474121094,36.619998931884766,36.16999816894531,36.380001068115234,10560900
2019-03-15,32.54085159301758,36.29999923706055,36.58000183105469,36.02000045776367,36.349998474121094,24454100
2019-03-18,32.51396179199219,36.27000045776367,36.58000183105469,36.18000030517578,36.310001373291016,9328100
2019-03-19,33.05181884765625,36.869998931884766,37.20000076293945,36.400001525878906,36.459999084472656,14686900
2019-03-20,32.89944076538086,36.70000076293945,36.90999984741211,36.56999969482422,36.7599983215332,11905400
2019-03-21,33.34764862060547,37.20000076293945,37.38999938964844,36.58000183105469,36.7400016784668,10661100
2019-03-22,32.854610443115234,36.650001525878906,37.439998626708984,36.4900016784668,37.060001373291016,8449100
2019-03-25,32.917354583740234,36.720001220703125,36.810001373291016,36.279998779296875,36.59000015258789,5482100
2019-03-26,33.0787239074707,36.900001525878906,37.09000015258789,36.63999938964844,36.91999816894531,7926700
2019-03-27,33.0159797668457,36.83000183105469,37.09000015258789,36.58000183105469,36.95000076293945,8223000
2019-03-28,32.971153259277344,36.779998779296875,37.43000030517578,36.619998931884766,36.91999816894531,9806800
2019-03-29,33.293861389160156,37.13999938964844,37.16999816894531,36.869998931884766,36.95000076293945,8636400
2019-04-01,33.777950286865234,37.68000030517578,37.77000045776367,37.36000061035156,37.40999984741211,6664100
2019-04-02,33.99308776855469,37.91999816894531,38.18000030517578,37.619998931884766,37.79999923706055,7396500
2019-04-03,34.05583953857422,37.9900016784668,38.2400016784668,37.86000061035156,38.18000030517578,10032400
2019-04-04,34.109619140625,38.04999923706055,38.18000030517578,37.83000183105469,37.880001068115234,6372500
2019-04-05,33.92137145996094,37.84000015258789,38.33000183105469,37.7400016784668,38.11000061035156,7907400
2019-04-08,33.89447784423828,37.810001373291016,37.9900016784668,37.70000076293945,37.790000915527344,6982600
2019-04-09,33.840702056884766,37.75,37.86000061035156,37.470001220703125,37.63999938964844,7140800
2019-04-10,33.81379318237305,37.720001220703125,37.86000061035156,37.459999084472656,37.86000061035156,7057400
2019-04-11,32.55878829956055,36.31999969482422,37.630001068115234,35.88999938964844,37.630001068115234,19483300
2019-04-12,32.42432403564453,36.16999816894531,36.720001220703125,35.9900016784668,36.59000015258789,14267400
2019-04-15,32.47809600830078,36.22999954223633,36.470001220703125,36.02000045776367,36.25,9688300
2019-04-16,32.62153244018555,36.38999938964844,36.56999969482422,36.279998779296875,36.34000015258789,7046300
2019-04-17,32.245025634765625,35.970001220703125,36.75,35.720001220703125,36.459999084472656,12860000
2019-04-18,32.253990173339844,35.97999954223633,36.16999816894531,35.439998626708984,36.09000015258789,12335000
2019-04-22,32.40639114379883,36.150001525878906,36.22999954223633,35.61000061035156,35.91999816894531,7243900
2019-04-23,32.87252426147461,36.66999816894531,36.790000915527344,36.040000915527344,36.06999969482422,14144300
2019-04-24,34.53096008300781,38.52000045776367,38.7400016784668,37.560001373291016,38.0,21206400
2019-04-25,34.16341781616211,38.11000061035156,38.5099983215332,37.7400016784668,38.36000061035156,7937300
2019-04-26,34.38752365112305,38.36000061035156,38.4900016784668,38.02000045776367,38.25,9212000
2019-04-29,34.288917541503906,38.25,38.380001068115234,37.880001068115234,38.349998474121094,8028100
2019-04-30,34.73713684082031,38.75,38.79999923706055,37.959999084472656,38.27000045776367,8321400
2019-05-01,33.88551712036133,37.79999923706055,38.939998626708984,37.77000045776367,38.779998779296875,9686500
2019-05-02,33.6972770690918,37.59000015258789,38.18000030517578,37.529998779296875,37.790000915527344,10378400
2019-05-03,34.31580352783203,38.279998779296875,38.29999923706055,37.86000061035156,37.95000076293945,8775000
2019-05-06,33.95723342895508,37.880001068115234,38.060001373291016,37.59000015258789,37.63999938964844,6504700
2019-05-07,33.777950286865234,37.68000030517578,37.849998474121094,37.36000061035156,37.61000061035156,7808500
2019-05-08,33.652442932128906,37.540000915527344,37.7400016784668,37.290000915527344,37.68000030517578,5943700
2019-05-09,33.72415542602539,37.619998931884766,37.849998474121094,36.959999084472656,37.25,6454700
2019-05-10,33.50901412963867,37.380001068115234,37.58000183105469,36.709999084472656,37.47999954223633,8920100
2019-05-13,32.15538024902344,35.869998931884766,36.7400016784668,35.72999954223633,36.54999923706055,12425800
2019-05-14,32.98907470703125,36.79999923706055,37.2599983215332,35.869998931884766,35.95000076293945,11137800
2019-05-15,33.2042236328125,37.040000915527344,37.18000030517578,36.52000045776367,36.630001068115234,7461000
2019-05-16,33.410404205322266,37.27000045776367,37.63999938964844,37.040000915527344,37.13999938964844,8123300
2019-05-17,33.0787239074707,36.900001525878906,37.27000045776367,36.599998474121094,36.88999938964844,9273600
2019-05-20,32.77393341064453,36.560001373291016,36.95000076293945,36.40999984741211,36.5,7379300
2019-05-21,32.79186248779297,36.58000183105469,36.869998931884766,36.439998626708984,36.709999084472656,6438600
2019-05-22,32.54981231689453,36.310001373291016,36.59000015258789,36.130001068115234,36.470001220703125,7066300
2019-05-23,32.22710418701172,35.95000076293945,36.290000915527344,35.59000015258789,36.060001373291016,8753700
2019-05-24,32.38846206665039,36.130001068115234,36.380001068115234,35.810001373291016,36.13999938964844,5298700
2019-05-28,32.469139099121094,36.220001220703125,36.68000030517578,36.13999938964844,36.22999954223633,7201400
2019-05-29,32.361568450927734,36.099998474121094,36.22999954223633,35.779998779296875,35.959999084472656,7874300
2019-05-30,32.73954391479492,36.380001068115234,36.70000076293945,35.97999954223633,36.09000015258789,6490000
2019-05-31,32.33457565307617,35.93000030517578,36.13999938964844,35.7400016784668,36.029998779296875,7261400
2019-06-03,32.05558395385742,35.619998931884766,36.09000015258789,35.45000076293945,35.849998474121094,9491500
2019-06-04,32.88352966308594,36.540000915527344,36.810001373291016,35.849998474121094,35.869998931884766,10785000
2019-06-05,32.901519775390625,36.560001373291016,36.869998931884766,36.040000915527344,36.86000061035156,11404100
2019-06-06,33.12651443481445,36.810001373291016,36.81999969482422,36.45000076293945,36.54999923706055,5982300
2019-06-07,33.75645446777344,37.5099983215332,38.0,36.90999984741211,36.93000030517578,11904800
2019-06-10,34.30541229248047,38.119998931884766,38.400001525878906,37.54999923706055,37.65999984741211,8884300
2019-06-11,34.4044075012207,38.22999954223633,38.59000015258789,37.849998474121094,38.40999984741211,7350500
2019-06-12,35.115360260009766,39.02000045776367,39.060001373291016,38.029998779296875,38.099998474121094,9266500
2019-06-13,35.09736251831055,39.0,39.439998626708984,38.91999816894531,39.119998931884766,9103300
2019-06-14,35.016361236572266,38.90999984741211,39.31999969482422,38.86000061035156,39.13999938964844,7550100
2019-06-17,35.10636520385742,39.0099983215332,39.31999969482422,38.720001220703125,38.939998626708984,11564700
2019-06-18,35.700313568115234,39.66999816894531,39.93000030517578,39.2400016784668,39.400001525878906,9352800
2019-06-19,36.11428451538086,40.130001068115234,40.220001220703125,39.599998474121094,39.779998779296875,6520000
2019-06-20,35.92530059814453,39.91999816894531,40.54999923706055,39.880001068115234,40.540000915527344,11852200
2019-06-21,36.04228973388672,40.04999923706055,40.209999084472656,39.630001068115234,39.91999816894531,20769600
2019-06-24,35.7363166809082,39.709999084472656,40.18000030517578,39.63999938964844,40.02000045776367,7365600
2019-06-25,35.115360260009766,39.02000045776367,39.779998779296875,38.91999816894531,39.779998779296875,7834000
2019-06-26,35.27735137939453,39.20000076293945,39.369998931884766,39.04999923706055,39.130001068115234,4739400
2019-06-27,35.35834503173828,39.290000915527344,39.58000183105469,39.2599983215332,39.349998474121094,8254200
2019-06-28,35.547332763671875,39.5,39.560001373291016,39.11000061035156,39.33000183105469,14763400
2019-07-01,35.898292541503906,39.88999938964844,39.9900016784668,39.58000183105469,39.970001220703125,4879400
2019-07-02,36.06928634643555,40.08000183105469,40.189998626708984,39.709999084472656,39.90999984741211,6368100
2019-07-03,35.90730285644531,39.900001525878906,40.22999954223633,39.849998474121094,40.130001068115234,3419500
2019-07-05,35.81731033325195,39.79999923706055,40.0,39.459999084472656,39.7599983215332,3862400
2019-07-08,35.58332443237305,39.540000915527344,39.79999923706055,39.400001525878906,39.709999084472656,5477000
2019-07-09,35.943302154541016,39.939998626708984,39.97999954223633,39.52000045776367,39.58000183105469,5962900
2019-07-10,36.00628662109375,40.0099983215332,40.380001068115234,39.65999984741211,40.189998626708984,5443700
2019-07-11,35.63731384277344,39.599998474121094,39.939998626708984,39.279998779296875,39.86000061035156,5831200
2019-07-12,36.05129623413086,40.060001373291016,40.099998474121094,39.599998474121094,39.70000076293945,5286700
2019-07-15,36.24026870727539,40.27000045776367,40.31999969482422,39.7400016784668,40.09000015258789,5660400
2019-07-16,35.92530059814453,39.91999816894531,40.16999816894531,39.630001068115234,40.11000061035156,7612000
2019-07-17,35.12435531616211,39.029998779296875,41.11000061035156,38.93000030517578,39.9900016784668,15260600
2019-07-18,35.79030990600586,39.77000045776367,42.0,39.02000045776367,41.11000061035156,27078000
2019-07-19,36.186279296875,40.209999084472656,40.33000183105469,39.470001220703125,39.849998474121094,13045800
2019-07-22,36.600242614746094,40.66999816894531,41.06999969482422,40.18000030517578,40.2599983215332,9627200
2019-07-23,36.924217224121094,41.029998779296875,41.15999984741211,40.68000030517578,40.880001068115234,8740500
2019-07-24,36.924217224121094,41.029998779296875,41.18000030517578,40.779998779296875,40.869998931884766,6391500
2019-07-25,36.72623825073242,40.810001373291016,41.150001525878906,40.7400016784668,41.040000915527344,5249000
2019-07-26,37.10420608520508,41.22999954223633,41.38999938964844,40.81999969482422,40.93000030517578,8385600
2019-07-29,37.410186767578125,41.56999969482422,41.650001525878906,41.119998931884766,41.279998779296875,7852000
2019-07-30,37.239200592041016,41.380001068115234,41.5,41.06999969482422,41.29999923706055,6328000
2019-07-31,37.068214416503906,41.189998626708984,41.540000915527344,40.630001068115234,41.29999923706055,8815000
2019-08-01,36.987220764160156,41.099998474121094,41.9900016784668,40.779998779296875,41.36000061035156,10690100
2019-08-02,36.51925277709961,40.58000183105469,40.959999084472656,40.2599983215332,40.900001525878906,6246400
2019-08-05,34.92638397216797,38.810001373291016,40.15999984741211,38.540000915527344,40.0,7702800
2019-08-06,35.71832275390625,39.689998626708984,39.72999954223633,38.880001068115234,39.209999084472656,8461700
2019-08-07,35.74531555175781,39.720001220703125,39.810001373291016,38.849998474121094,39.220001220703125,5576500
2019-08-08,37.12221145629883,41.25,41.2599983215332,39.959999084472656,40.0,6915800
2019-08-09,36.276275634765625,40.310001373291016,41.08000183105469,40.189998626708984,41.0,6291100
2019-08-12,35.763301849365234,39.7400016784668,40.04999923706055,39.41999816894531,39.970001220703125,4205000
2019-08-13,36.87923812866211,40.97999954223633,41.029998779296875,39.83000183105469,39.90999984741211,5615100
2019-08-14,35.673316955566406,39.63999938964844,40.380001068115234,39.54999923706055,40.09000015258789,7416400
2019-08-15,35.49333572387695,39.439998626708984,39.959999084472656,39.04999923706055,39.900001525878906,6698100
2019-08-16,36.015289306640625,40.02000045776367,40.06999969482422,39.630001068115234,39.810001373291016,4102800
2019-08-19,36.3482666015625,40.38999938964844,40.790000915527344,40.31999969482422,40.560001373291016,6552100
2019-08-20,36.02428436279297,40.029998779296875,40.349998474121094,39.97999954223633,40.2400016784668,5346800
2019-08-21,36.339263916015625,40.380001068115234,40.529998779296875,40.22999954223633,40.470001220703125,5554900
2019-08-22,35.99729537963867,40.0,40.56999969482422,39.79999923706055,40.560001373291016,4950300
2019-08-23,34.82738494873047,38.70000076293945,39.790000915527344,38.54999923706055,39.779998779296875,7527000
2019-08-26,35.457340240478516,39.400001525878906,39.41999816894531,38.900001525878906,39.13999938964844,6570200
2019-08-27,35.09736251831055,39.0,39.7599983215332,38.709999084472656,39.5099983215332,9124900
2019-08-28,36.07828903198242,40.09000015258789,40.2599983215332,38.779998779296875,38.869998931884766,10721200
2019-08-29,36.47425079345703,40.529998779296875,40.810001373291016,40.279998779296875,40.5099983215332,7188200
2019-08-30,36.383949279785156,40.290000915527344,40.7400016784668,40.18000030517578,40.72999954223633,4472700
2019-09-03,35.88726806640625,39.7400016784668,40.380001068115234,39.599998474121094,40.04999923706055,5513600
2019-09-04,35.796958923339844,39.63999938964844,39.880001068115234,39.029998779296875,39.66999816894531,7488700
2019-09-05,36.844505310058594,40.79999923706055,40.86000061035156,39.939998626708984,40.02000045776367,7084000
2019-09-06,36.45619201660156,40.369998931884766,41.08000183105469,40.34000015258789,40.939998626708984,5724000
2019-09-09,37.38633728027344,41.400001525878906,41.40999984741211,40.400001525878906,40.529998779296875,9028900
2019-09-10,36.36588668823242,40.27000045776367,41.189998626708984,40.029998779296875,41.04999923706055,6707600
2019-09-11,36.03175735473633,39.900001525878906,40.2599983215332,39.66999816894531,40.18000030517578,6195900
2019-09-12,36.383949279785156,40.290000915527344,40.540000915527344,39.95000076293945,40.15999984741211,4927000
2019-09-13,36.45619201660156,40.369998931884766,40.79999923706055,40.209999084472656,40.40999984741211,5438100
2019-09-16,36.392982482910156,40.29999923706055,40.38999938964844,39.66999816894531,39.75,5754400
2019-09-17,36.600685119628906,40.529998779296875,40.65999984741211,39.83000183105469,40.18000030517578,6358800
2019-09-18,36.44717025756836,40.36000061035156,40.619998931884766,39.779998779296875,40.529998779296875,4307900
2019-09-19,36.4832878112793,40.400001525878906,40.79999923706055,40.33000183105469,40.400001525878906,4005200
2019-09-20,36.44717025756836,40.36000061035156,40.869998931884766,40.13999938964844,40.54999923706055,12088600
2019-09-23,36.33879470825195,40.2400016784668,40.47999954223633,40.02000045776367,40.369998931884766,3871200
2019-09-24,35.7247200012207,39.560001373291016,40.66999816894531,39.459999084472656,40.380001068115234,7437500
2019-09-25,35.43574142456055,39.2400016784668,39.5,38.349998474121094,38.91999816894531,12200900
2019-09-26,35.14676284790039,38.91999816894531,39.47999954223633,38.849998474121094,39.09000015258789,7360700
2019-09-27,34.650081634521484,38.369998931884766,38.88999938964844,38.099998474121094,38.709999084472656,10636800
2019-09-30,35.200950622558594,38.97999954223633,39.04999923706055,38.40999984741211,38.56999969482422,6149200
2019-10-01,34.8036003112793,38.540000915527344,39.470001220703125,38.470001220703125,38.9900016784668,5645100
2019-10-02,34.469478607177734,38.16999816894531,38.56999969482422,37.9900016784668,38.349998474121094,6159400
2019-10-03,34.27080535888672,37.95000076293945,38.04999923706055,37.45000076293945,38.04999923706055,7178300
2019-10-04,34.595916748046875,38.310001373291016,38.380001068115234,37.959999084472656,38.09000015258789,4602400
2019-10-07,34.15341567993164,37.81999969482422,38.189998626708984,37.7599983215332,38.040000915527344,6060400
2019-10-08,33.701881408691406,37.31999969482422,37.72999954223633,37.22999954223633,37.470001220703125,7128600
2019-10-09,34.180511474609375,37.849998474121094,38.0,37.52000045776367,37.619998931884766,6792800
2019-10-10,34.25275421142578,37.93000030517578,38.2599983215332,37.7599983215332,37.77000045776367,4984400
2019-10-11,34.81264114379883,38.54999923706055,38.9900016784668,38.43000030517578,38.43000030517578,5047000
2019-10-14,34.64105987548828,38.36000061035156,38.630001068115234,38.34000015258789,38.540000915527344,6894700
2019-10-15,35.110652923583984,38.880001068115234,39.040000915527344,38.349998474121094,38.369998931884766,4792100
2019-10-16,35.14676284790039,38.91999816894531,39.189998626708984,38.59000015258789,38.63999938964844,5314800
2019-10-17,35.30028533935547,39.09000015258789,39.380001068115234,38.9900016784668,39.15999984741211,5684500
2019-10-18,35.05646896362305,38.81999969482422,39.349998474121094,38.7400016784668,39.209999084472656,6274300
2019-10-21,35.45380783081055,39.2599983215332,39.29999923706055,38.91999816894531,38.959999084472656,4786900
2019-10-22,35.164833068847656,38.939998626708984,39.36000061035156,38.880001068115234,39.22999954223633,5295700
2019-10-23,35.399635314941406,39.20000076293945,39.33000183105469,38.36000061035156,38.66999816894531,6817800
2019-10-24,32.16669845581055,35.619998931884766,36.650001525878906,35.189998626708984,35.77000045776367,19482100
2019-10-25,32.3653678894043,35.84000015258789,36.0,35.400001525878906,35.54999923706055,14034400
2019-10-28,32.4556770324707,35.939998626708984,36.25,35.81999969482422,35.81999969482422,7941700
2019-10-29,32.609195709228516,36.11000061035156,36.27000045776367,35.720001220703125,35.900001525878906,8275400
2019-10-30,32.3834342956543,35.86000061035156,36.189998626708984,35.689998626708984,36.150001525878906,5435300
2019-10-31,31.83256721496582,35.25,35.86000061035156,35.130001068115234,35.689998626708984,6921500
2019-11-01,31.83256721496582,35.25,35.59000015258789,35.09000015258789,35.5,8236500
2019-11-04,31.977060317993164,35.40999984741211,35.52000045776367,35.209999084472656,35.25,7120100
2019-11-05,32.04026794433594,35.47999954223633,35.7599983215332,35.310001373291016,35.5,6434700
2019-11-06,32.05833435058594,35.5,35.66999816894531,35.27000045776367,35.630001068115234,9225800
2019-11-07,31.50747299194336,34.88999938964844,35.619998931884766,34.779998779296875,35.5099983215332,10966200
2019-11-08,31.733224868774414,35.13999938964844,35.2599983215332,34.68000030517578,34.7400016784668,10560700
2019-11-11,31.83256721496582,35.25,35.310001373291016,34.93000030517578,35.02000045776367,3930600
2019-11-12,31.670019149780273,35.06999969482422,35.369998931884766,34.970001220703125,35.290000915527344,6182600
2019-11-13,31.281709671020508,34.63999938964844,34.93000030517578,34.540000915527344,34.849998474121094,6190800
2019-11-14,31.570682525634766,34.959999084472656,35.099998474121094,34.52000045776367,34.560001373291016,6029200
2019-11-15,31.850635528564453,35.27000045776367,35.58000183105469,35.189998626708984,35.380001068115234,6301800
2019-11-18,31.697111129760742,35.099998474121094,35.400001525878906,35.0,35.13999938964844,7639100
2019-11-19,31.66099739074707,35.060001373291016,35.40999984741211,34.97999954223633,35.220001220703125,5307000
2019-11-20,31.480377197265625,34.86000061035156,35.25,34.7400016784668,35.02000045776367,9520400
2019-11-21,31.552623748779297,34.939998626708984,35.150001525878906,34.849998474121094,34.91999816894531,5660400
2019-11-22,31.71516990661621,35.119998931884766,35.22999954223633,34.77000045776367,34.959999084472656,6165800
2019-11-25,32.3743896484375,35.849998474121094,36.529998779296875,35.34000015258789,36.4900016784668,14172100
2019-11-26,32.28409194946289,35.75,35.900001525878906,35.41999816894531,35.66999816894531,8245400
2019-11-27,32.3743896484375,35.849998474121094,36.02000045776367,35.689998626708984,35.79999923706055,7534400
2019-11-29,32.202152252197266,35.52000045776367,35.849998474121094,35.459999084472656,35.689998626708984,3128900
2019-12-02,31.64006996154785,34.900001525878906,35.619998931884766,34.810001373291016,35.45000076293945,10174400
2019-12-03,31.504070281982422,34.75,34.90999984741211,34.459999084472656,34.599998474121094,7311400
2019-12-04,31.703519821166992,34.970001220703125,35.2400016784668,34.810001373291016,34.810001373291016,7517900
2019-12-05,31.540342330932617,34.790000915527344,35.09000015258789,34.77000045776367,34.939998626708984,8119400
2019-12-06,31.60379981994629,34.86000061035156,35.220001220703125,34.83000183105469,35.130001068115234,6547900
2019-12-09,31.34088706970215,34.56999969482422,34.91999816894531,34.560001373291016,34.849998474121094,7757000
2019-12-10,31.476865768432617,34.720001220703125,35.0,34.65999984741211,34.66999816894531,6290700
2019-12-11,31.65818977355957,34.91999816894531,34.9900016784668,34.68000030517578,34.70000076293945,7420700
2019-12-12,32.01177215576172,35.310001373291016,35.459999084472656,34.86000061035156,34.86000061035156,5800300
2019-12-13,32.1658821105957,35.47999954223633,35.77000045776367,35.2599983215332,35.36000061035156,6952200
2019-12-16,32.09336471557617,35.400001525878906,35.77000045776367,35.38999938964844,35.56999969482422,7240900
2019-12-17,32.546653747558594,35.900001525878906,35.95000076293945,35.27000045776367,35.439998626708984,13048600
2019-12-18,32.31093978881836,35.63999938964844,35.91999816894531,35.33000183105469,35.84000015258789,12129100
2019-12-19,32.67357635498047,36.040000915527344,36.119998931884766,35.52000045776367,35.52000045776367,7660000
2019-12-20,32.809566497802734,36.189998626708984,36.34000015258789,35.91999816894531,36.02000045776367,17421600
2019-12-23,32.827693939208984,36.209999084472656,36.4900016784668,36.16999816894531,36.220001220703125,5397900
2019-12-24,32.827693939208984,36.209999084472656,36.279998779296875,36.099998474121094,36.209999084472656,2129200
2019-12-26,32.86396408081055,36.25,36.52000045776367,36.189998626708984,36.349998474121094,4081900
2019-12-27,32.700775146484375,36.06999969482422,36.400001525878906,35.9900016784668,36.38999938964844,6606900
2019-12-30,32.45598602294922,35.79999923706055,36.209999084472656,35.709999084472656,36.16999816894531,6535800
2019-12-31,32.73704528808594,36.11000061035156,36.119998931884766,35.540000915527344,35.810001373291016,7437700
2020-01-02,32.90928649902344,36.29999923706055,36.5,36.13999938964844,36.40999984741211,4979300
2020-01-03,32.60104751586914,35.959999084472656,36.099998474121094,35.779998779296875,35.91999816894531,3960900
2020-01-06,32.437862396240234,35.779998779296875,35.81999969482422,35.459999084472656,35.779998779296875,5866000
2020-01-07,32.292808532714844,35.619998931884766,35.70000076293945,35.349998474121094,35.66999816894531,6867400
2020-01-08,32.27467727661133,35.599998474121094,36.08000183105469,35.56999969482422,35.709999084472656,6072600
2020-01-09,31.893909454345703,35.18000030517578,35.45000076293945,34.970001220703125,35.13999938964844,10787300
2020-01-10,31.631000518798828,34.88999938964844,35.22999954223633,34.790000915527344,35.209999084472656,5664400
2020-01-13,31.485942840576172,34.72999954223633,34.88999938964844,34.560001373291016,34.849998474121094,7987600
2020-01-14,32.04803466796875,35.349998474121094,35.369998931884766,34.5099983215332,34.66999816894531,7227300
2020-01-15,32.02989959716797,35.33000183105469,35.720001220703125,35.04999923706055,35.43000030517578,10966000
2020-01-16,32.56478500366211,35.91999816894531,35.9900016784668,35.27000045776367,35.38999938964844,6955900
2020-01-17,32.47412872314453,35.81999969482422,35.900001525878906,35.279998779296875,35.31999969482422,12082300
2020-01-21,32.38346862792969,35.720001220703125,35.86000061035156,35.470001220703125,35.599998474121094,6925200
2020-01-22,32.53759002685547,35.88999938964844,36.06999969482422,35.630001068115234,35.810001373291016,8023300
2020-01-23,32.28374481201172,35.61000061035156,35.97999954223633,35.54999923706055,35.81999969482422,7980200
2020-01-24,32.057098388671875,35.36000061035156,35.790000915527344,35.099998474121094,35.790000915527344,9243600
2020-01-27,32.1658821105957,35.47999954223633,35.7400016784668,34.75,34.790000915527344,10529200
2020-01-28,32.827693939208984,36.209999084472656,36.45000076293945,35.4900016784668,35.61000061035156,15161800
2020-01-29,31.349958419799805,34.58000183105469,35.529998779296875,34.349998474121094,35.060001373291016,21462300
2020-01-30,31.785118103027344,35.060001373291016,35.13999938964844,34.25,34.36000061035156,12420000
2020-01-31,30.425230026245117,33.560001373291016,35.029998779296875,33.529998779296875,34.86000061035156,18541300
2020-02-03,31.177696228027344,34.38999938964844,34.529998779296875,33.709999084472656,33.75,14939600
2020-02-04,33.91560745239258,37.40999984741211,39.25,34.33000183105469,35.099998474121094,46298200
2020-02-05,33.66175842285156,37.130001068115234,37.45000076293945,36.61000061035156,36.86000061035156,25896300
2020-02-06,34.450496673583984,38.0,39.040000915527344,37.529998779296875,37.72999954223633,24981600
2020-02-07,32.81863021850586,36.20000076293945,36.869998931884766,35.79999923706055,35.83000183105469,18990500
2020-02-10,32.65544891357422,36.02000045776367,36.22999954223633,35.4900016784668,36.18000030517578,11638100
2020-02-11,33.036216735839844,36.439998626708984,36.66999816894531,36.060001373291016,36.20000076293945,9380300
2020-02-12,33.67989730834961,37.150001525878906,37.5,36.61000061035156,36.63999938964844,11499100
2020-02-13,33.716156005859375,37.189998626708984,37.27000045776367,36.70000076293945,37.04999923706055,7317900
2020-02-14,34.57741165161133,38.13999938964844,38.22999954223633,37.310001373291016,37.56999969482422,10998300
2020-02-18,34.3326416015625,37.869998931884766,38.630001068115234,37.7599983215332,38.279998779296875,15223600
2020-02-19,34.02439498901367,37.529998779296875,38.04999923706055,37.52000045776367,38.029998779296875,7598300
2020-02-20,34.16946029663086,37.689998626708984,37.869998931884766,37.220001220703125,37.34000015258789,8940300
2020-02-21,34.631813049316406,38.20000076293945,38.939998626708984,37.150001525878906,37.34000015258789,14695200
2020-02-24,33.77962112426758,37.2599983215332,37.869998931884766,36.970001220703125,37.630001068115234,18961600
2020-02-25,33.05434036254883,36.459999084472656,37.630001068115234,36.38999938964844,37.310001373291016,15856200
2020-02-26,33.26286315917969,36.689998626708984,37.18000030517578,36.41999816894531,36.810001373291016,11917800
2020-02-27,31.766992568969727,35.040000915527344,36.45000076293945,35.0099983215332,36.150001525878906,16142600
2020-02-28,31.548398971557617,34.63999938964844,34.77000045776367,33.709999084472656,34.09000015258789,16824600
2020-03-02,32.75059509277344,35.959999084472656,35.970001220703125,34.279998779296875,34.619998931884766,13131000
2020-03-03,33.4427604675293,36.720001220703125,37.41999816894531,35.65999984741211,35.72999954223633,18838700
2020-03-04,35.05480194091797,38.4900016784668,38.540000915527344,37.13999938964844,37.31999969482422,13445400
2020-03-05,33.89813995361328,37.220001220703125,38.220001220703125,37.06999969482422,37.47999954223633,11816600
2020-03-06,33.142215728759766,36.38999938964844,36.790000915527344,35.59000015258789,35.709999084472656,12849800
2020-03-09,32.34986877441406,35.52000045776367,36.130001068115234,33.63999938964844,34.02000045776367,15594000
2020-03-10,32.823463439941406,36.040000915527344,36.61000061035156,35.0,36.4900016784668,15419000
2020-03-11,31.72144317626953,34.83000183105469,35.7400016784668,34.36000061035156,35.150001525878906,13056300
2020-03-12,30.082103729248047,33.029998779296875,35.040000915527344,32.5099983215332,32.7400016784668,17224800
2020-03-13,30.956417083740234,33.9900016784668,34.810001373291016,32.9900016784668,34.54999923706055,20972000
2020-03-16,29.36260414123535,32.2400016784668,33.349998474121094,30.579999923706055,30.8799991607666,17099700
2020-03-17,30.309782028198242,33.279998779296875,33.939998626708984,32.31999969482422,32.7599983215332,14020000
2020-03-18,28.506494522094727,31.299999237060547,32.849998474121094,30.200000762939453,31.6200008392334,20304800
2020-03-19,26.958219528198242,29.600000381469727,31.489999771118164,29.450000762939453,31.469999313354492,19461400
2020-03-20,25.118501663208008,27.579999923706055,30.200000762939453,27.209999084472656,29.5,24947000
2020-03-23,23.989173889160156,26.34000015258789,27.639999389648438,26.020000457763672,27.25,18502800
2020-03-24,25.200477600097656,27.670000076293945,27.8799991607666,26.239999771118164,27.3700008392334,24055000
2020-03-25,25.83799934387207,28.3700008392334,29.479999542236328,27.1200008392334,27.65999984741211,18485800
2020-03-26,27.468238830566406,30.15999984741211,30.270000457763672,28.479999542236328,28.479999542236328,14333700
2020-03-27,27.486454010009766,30.18000030517578,30.8700008392334,29.3799991607666,29.530000686645508,14183000
2020-03-30,28.406312942504883,31.190000534057617,31.540000915527344,30.020000457763672,30.6200008392334,14952000
2020-03-31,27.37716293334961,30.059999465942383,31.18000030517578,29.940000534057617,31.030000686645508,15868300
2020-04-01,26.211406707763672,28.780000686645508,29.75,28.479999542236328,29.34000015258789,14341500
2020-04-02,26.584814071655273,29.190000534057617,29.40999984741211,28.299999237060547,28.31999969482422,12007100
2020-04-03,26.785179138183594,29.40999984741211,29.670000076293945,28.799999237060547,29.149999618530273,10869100
2020-04-06,28.3972110748291,31.18000030517578,31.31999969482422,30.280000686645508,30.670000076293945,14731900
2020-04-07,28.797931671142578,31.6200008392334,32.220001220703125,31.559999465942383,32.08000183105469,10602500
2020-04-08,30.063880920410156,33.0099983215332,33.08000183105469,31.799999237060547,31.850000381469727,12044500
2020-04-09,30.810699462890625,33.83000183105469,34.099998474121094,33.369998931884766,33.400001525878906,13558300
2020-04-13,31.657690048217773,34.7599983215332,35.08000183105469,33.959999084472656,34.290000915527344,13792100
2020-04-14,32.550228118896484,35.7400016784668,35.97999954223633,35.27000045776367,35.45000076293945,14582700
2020-04-15,32.9600715637207,36.189998626708984,36.40999984741211,35.08000183105469,35.310001373291016,10651500
2020-04-16,33.89813995361328,37.220001220703125,37.369998931884766,36.290000915527344,36.529998779296875,11205800
2020-04-17,34.116722106933594,37.459999084472656,37.63999938964844,36.9900016784668,37.45000076293945,15513600
2020-04-20,34.280643463134766,37.63999938964844,38.31999969482422,37.279998779296875,37.470001220703125,12664000
2020-04-21,34.253334045410156,37.61000061035156,38.22999954223633,37.310001373291016,37.5099983215332,12259600
2020-04-22,34.836212158203125,38.25,38.47999954223633,37.91999816894531,38.150001525878906,9823600
2020-04-23,34.52656555175781,37.90999984741211,38.84000015258789,37.65999984741211,38.459999084472656,15275800
2020-04-24,35.838043212890625,39.349998474121094,39.529998779296875,38.27000045776367,38.849998474121094,16894800
2020-04-27,36.093048095703125,39.630001068115234,40.36000061035156,39.560001373291016,40.040000915527344,11090200
2020-04-28,35.59214401245117,39.08000183105469,39.900001525878906,38.90999984741211,39.59000015258789,16170400
2020-04-29,35.546600341796875,39.029998779296875,39.75,38.84000015258789,39.45000076293945,17989600
2020-04-30,36.27520751953125,39.83000183105469,39.959999084472656,37.54999923706055,37.630001068115234,18279500
2020-05-01,35.74695587158203,39.25,39.470001220703125,38.34000015258789,38.779998779296875,13894700
2020-05-04,36.27520751953125,39.83000183105469,39.869998931884766,39.060001373291016,39.279998779296875,10219900
2020-05-05,36.721466064453125,40.31999969482422,40.7599983215332,39.77000045776367,39.91999816894531,12414200
2020-05-06,37.29523849487305,40.95000076293945,41.09000015258789,40.189998626708984,40.63999938964844,11026000
2020-05-07,37.677757263183594,41.369998931884766,41.61000061035156,41.060001373291016,41.27000045776367,12588900
2020-05-08,38.38813781738281,42.150001525878906,42.439998626708984,41.70000076293945,41.70000076293945,8946000
2020-05-11,38.369930267333984,42.130001068115234,42.43000030517578,41.599998474121094,41.880001068115234,13731700
2020-05-12,38.25151824951172,42.0,42.86000061035156,41.779998779296875,42.2400016784668,9548400
2020-05-13,37.86901092529297,41.58000183105469,42.380001068115234,41.04999923706055,41.779998779296875,11041700
2020-05-14,38.2879638671875,42.040000915527344,42.09000015258789,40.810001373291016,41.310001373291016,11165100
2020-05-15,38.351715087890625,42.11000061035156,42.470001220703125,41.380001068115234,41.459999084472656,13183200
2020-05-18,38.7068977355957,42.5,42.900001525878906,42.33000183105469,42.599998474121094,8880900
2020-05-19,38.61583709716797,42.400001525878906,43.18000030517578,42.38999938964844,42.459999084472656,13600300
2020-05-20,38.89816665649414,42.709999084472656,43.34000015258789,42.439998626708984,43.0,9282500
2020-05-21,38.67958450317383,42.470001220703125,42.93000030517578,42.2400016784668,42.75,8281700
2020-05-22,39.572120666503906,43.45000076293945,43.5,42.209999084472656,42.25,9879700
2020-05-26,39.49015808105469,43.36000061035156,44.279998779296875,43.310001373291016,43.9900016784668,9548900
2020-05-27,40.20964813232422,44.150001525878906,44.18000030517578,42.86000061035156,43.29999923706055,8706500
2020-05-28,40.282508850097656,44.22999954223633,44.97999954223633,44.0099983215332,44.13999938964844,12476300
2020-05-29,41.62616729736328,45.540000915527344,45.650001525878906,43.880001068115234,44.29999923706055,18741500
2020-06-01,41.315391540527344,45.20000076293945,45.970001220703125,45.0099983215332,45.400001525878906,8931500
2020-06-02,42.02835464477539,45.97999954223633,46.22999954223633,45.13999938964844,45.2400016784668,9959000
2020-06-03,42.45795822143555,46.45000076293945,46.720001220703125,46.08000183105469,46.349998474121094,7599200
2020-06-04,45.11786651611328,49.36000061035156,51.880001068115234,48.79999923706055,51.34000015258789,32274600
2020-06-05,44.62428283691406,48.81999969482422,49.70000076293945,48.2400016784668,49.2400016784668,16332600
2020-06-08,44.532867431640625,48.720001220703125,49.04999923706055,47.84000015258789,48.29999923706055,12182400
2020-06-09,45.474365234375,49.75,50.0,48.56999969482422,48.869998931884766,9699800
2020-06-10,45.0173225402832,49.25,50.34000015258789,49.06999969482422,50.25,10545900
2020-06-11,43.81990432739258,47.939998626708984,49.81999969482422,47.689998626708984,49.43000030517578,10563900
2020-06-12,43.56397247314453,47.65999984741211,48.83000183105469,46.849998474121094,48.38999938964844,10056500
2020-06-15,43.774208068847656,47.88999938964844,48.119998931884766,46.63999938964844,46.939998626708984,12464800
2020-06-16,43.984439849853516,48.119998931884766,48.72999954223633,47.540000915527344,48.4900016784668,9642900
2020-06-17,44.26778793334961,48.43000030517578,49.099998474121094,48.209999084472656,48.2599983215332,9692100
2020-06-18,44.27693176269531,48.439998626708984,49.09000015258789,48.18000030517578,48.54999923706055,11344000
2020-06-19,44.13982391357422,48.290000915527344,48.95000076293945,47.41999816894531,48.72999954223633,36555400
2020-06-22,44.9350471496582,49.15999984741211,49.31999969482422,48.0099983215332,48.34000015258789,9223500
2020-06-23,45.520050048828125,49.79999923706055,50.31999969482422,49.099998474121094,49.59000015258789,12289300
2020-06-24,44.578575134277344,48.77000045776367,50.45000076293945,48.650001525878906,49.79999923706055,13009000
2020-06-25,45.15442657470703,49.400001525878906,49.540000915527344,48.40999984741211,48.720001220703125,10268700
2020-06-26,46.51637649536133,50.88999938964844,51.279998779296875,50.08000183105469,50.88999938964844,17762400
2020-06-29,46.90028762817383,51.310001373291016,51.34000015258789,50.119998931884766,51.06999969482422,8933900
2020-06-30,47.94230270385742,52.45000076293945,52.75,51.31999969482422,51.41999816894531,10559900
2020-07-01,48.408485412597656,52.959999084472656,53.43000030517578,51.31999969482422,52.709999084472656,12879800
2020-07-02,49.68815231323242,54.36000061035156,54.880001068115234,53.54999923706055,53.59000015258789,8468400
2020-07-06,51.34259796142578,56.16999816894531,56.970001220703125,54.939998626708984,55.4900016784668,9889300
2020-07-07,52.10127258300781,57.0,57.54999923706055,55.93000030517578,55.95000076293945,10641800
2020-07-08,53.26211929321289,58.27000045776367,58.459999084472656,57.15999984741211,57.349998474121094,11127200
2020-07-09,54.130470275878906,59.220001220703125,60.529998779296875,58.52000045776367,58.72999954223633,15414600
2020-07-10,54.17617416381836,59.27000045776367,59.88999938964844,58.119998931884766,59.349998474121094,11750700
2020-07-13,53.28953552246094,58.29999923706055,61.060001373291016,57.88999938964844,60.290000915527344,13128100
2020-07-14,54.00249481201172,59.08000183105469,59.290000915527344,57.279998779296875,57.75,10054000
2020-07-15,53.37181091308594,58.38999938964844,59.130001068115234,57.2400016784668,58.81999969482422,10724800
2020-07-16,53.60947036743164,58.650001525878906,58.91999816894531,57.900001525878906,57.900001525878906,7231200
2020-07-17,53.1341552734375,58.130001068115234,59.11000061035156,57.779998779296875,58.93000030517578,6629600
2020-07-20,53.44493103027344,58.470001220703125,58.79999923706055,57.77000045776367,58.709999084472656,6417100
2020-07-21,51.726497650146484,56.59000015258789,59.54999923706055,55.689998626708984,59.08000183105469,18072000
2020-07-22,51.497982025146484,56.34000015258789,57.43000030517578,56.130001068115234,56.66999816894531,9139800
2020-07-23,50.410247802734375,55.150001525878906,56.81999969482422,54.86000061035156,56.439998626708984,9819200
2020-07-24,50.382835388183594,55.119998931884766,55.36000061035156,54.040000915527344,55.02000045776367,6509600
2020-07-27,52.31149673461914,57.22999954223633,57.380001068115234,55.529998779296875,55.72999954223633,7820700
2020-07-28,51.50712585449219,56.349998474121094,57.34000015258789,56.11000061035156,57.11000061035156,11066800
2020-07-29,49.843544006347656,54.529998779296875,56.040000915527344,53.65999984741211,55.189998626708984,14250500
2020-07-30,50.01721954345703,54.720001220703125,54.939998626708984,53.72999954223633,54.0,8018300
2020-07-31,50.529083251953125,55.279998779296875,55.83000183105469,54.33000183105469,55.060001373291016,8945500
2020-08-03,51.70821762084961,56.56999969482422,56.81999969482422,55.56999969482422,55.689998626708984,8830300
2020-08-04,51.488834381103516,56.33000183105469,56.779998779296875,55.779998779296875,56.27000045776367,6120700
2020-08-05,51.790489196777344,56.65999984741211,56.93000030517578,55.97999954223633,56.470001220703125,6973500
2020-08-06,50.34627914428711,55.08000183105469,56.529998779296875,54.84000015258789,55.9900016784668,8657100
2020-08-07,50.46510314941406,55.209999084472656,55.91999816894531,54.779998779296875,55.34000015258789,6369300
2020-08-10,49.69729232788086,54.369998931884766,55.290000915527344,54.02000045776367,55.220001220703125,6268400
2020-08-11,49.62416076660156,54.290000915527344,55.63999938964844,53.70000076293945,54.209999084472656,9325500
2020-08-12,50.72104263305664,55.4900016784668,56.20000076293945,54.38999938964844,54.400001525878906,6976200
2020-08-13,51.44314193725586,56.279998779296875,57.060001373291016,55.599998474121094,55.599998474121094,8205900
2020-08-14,51.45227813720703,56.290000915527344,57.599998474121094,55.869998931884766,56.529998779296875,6253200
2020-08-17,52.42118453979492,57.349998474121094,57.56999969482422,56.29999923706055,56.689998626708984,5689900
2020-08-18,52.12867736816406,57.029998779296875,57.880001068115234,56.939998626708984,57.56999969482422,4807100
2020-08-19,52.75025177001953,57.709999084472656,58.380001068115234,57.029998779296875,57.150001525878906,7208600
2020-08-20,52.70454025268555,57.65999984741211,58.060001373291016,57.15999984741211,57.599998474121094,6458400
2020-08-21,53.20728302001953,58.209999084472656,59.060001373291016,57.5099983215332,57.86000061035156,6784200
2020-08-24,53.7282829284668,58.779998779296875,58.959999084472656,58.060001373291016,58.459999084472656,6053100
2020-08-25,53.06103515625,58.04999923706055,58.88999938964844,58.02000045776367,58.5099983215332,4983200
2020-08-26,53.54548263549805,58.58000183105469,58.65999984741211,57.380001068115234,57.959999084472656,6498800
2020-08-27,51.4705696105957,56.310001373291016,58.91999816894531,56.20000076293945,58.91999816894531,8112900
2020-08-28,49.60588455200195,54.27000045776367,56.2599983215332,54.04999923706055,56.2599983215332,12445500
2020-08-31,50.220115661621094,54.779998779296875,54.90999984741211,53.56999969482422,54.0,13417200
2020-09-01,49.18417739868164,53.650001525878906,55.22999954223633,53.369998931884766,54.95000076293945,10121800
2020-09-02,50.504310607910156,55.09000015258789,55.22999954223633,53.5099983215332,53.88999938964844,10896300
2020-09-03,48.734962463378906,53.15999984741211,55.41999816894531,52.59000015258789,54.63999938964844,10157700
2020-09-04,48.16657638549805,52.540000915527344,53.33000183105469,50.95000076293945,52.81999969482422,9971400
2020-09-08,47.24065017700195,51.529998779296875,52.65999984741211,50.970001220703125,51.16999816894531,12745100
2020-09-09,48.99165725708008,53.439998626708984,53.709999084472656,51.709999084472656,52.029998779296875,8912100
2020-09-10,47.96488571166992,52.31999969482422,54.599998474121094,52.029998779296875,53.720001220703125,7080700
2020-09-11,48.37743377685547,52.77000045776367,53.08000183105469,52.099998474121094,52.33000183105469,7224600
2020-09-14,47.94654846191406,52.29999923706055,53.58000183105469,52.209999084472656,53.290000915527344,7417400
2020-09-15,47.46984100341797,51.779998779296875,52.9900016784668,51.63999938964844,52.68000030517578,7750000
2020-09-16,46.22304153442383,50.41999816894531,52.25,50.290000915527344,51.779998779296875,9394000
2020-09-17,44.59120178222656,48.63999938964844,49.439998626708984,47.439998626708984,49.36000061035156,15676200
2020-09-18,44.563720703125,48.61000061035156,49.2400016784668,48.08000183105469,49.0,10017200
2020-09-21,45.96635055541992,50.13999938964844,50.2400016784668,47.72999954223633,47.93000030517578,9097400
2020-09-22,46.68143081665039,50.91999816894531,51.040000915527344,49.83000183105469,50.63999938964844,6906300
2020-09-23,46.46140670776367,50.68000030517578,51.459999084472656,50.41999816894531,51.150001525878906,6502600
2020-09-24,47.46984100341797,51.779998779296875,52.16999816894531,50.040000915527344,50.220001220703125,8182500
2020-09-25,48.111568450927734,52.47999954223633,52.72999954223633,51.18000030517578,51.970001220703125,6852600
2020-09-28,49.541717529296875,54.040000915527344,54.36000061035156,53.099998474121094,53.20000076293945,6507200
2020-09-29,48.26741409301758,52.650001525878906,54.29999923706055,52.59000015258789,53.95000076293945,7029100
2020-09-30,47.76319885253906,52.099998474121094,53.619998931884766,51.5099983215332,52.97999954223633,9083900
2020-10-01,48.019901275634766,52.380001068115234,52.86000061035156,52.0,52.369998931884766,6659600
2020-10-02,47.378170013427734,51.68000030517578,52.43000030517578,51.189998626708984,51.61000061035156,5456700
2020-10-05,47.460670471191406,51.77000045776367,52.11000061035156,51.150001525878906,51.939998626708984,4954700
2020-10-06,45.52630615234375,49.65999984741211,51.90999984741211,49.4900016784668,51.90999984741211,8824800
2020-10-07,46.69975662231445,50.939998626708984,51.11000061035156,49.97999954223633,50.54999923706055,6016400
2020-10-08,47.74488067626953,52.08000183105469,52.18000030517578,50.97999954223633,51.29999923706055,6746800
2020-10-09,50.8343505859375,55.45000076293945,55.86000061035156,52.31999969482422,52.43000030517578,12658300
2020-10-12,50.77016830444336,55.380001068115234,56.20000076293945,54.529998779296875,56.20000076293945,8092000
2020-10-13,52.79621124267578,57.59000015258789,57.81999969482422,55.400001525878906,55.54999923706055,7445700
2020-10-14,51.76026916503906,56.459999084472656,58.34000015258789,56.43000030517578,57.790000915527344,7513800
2020-10-15,50.78851318359375,55.400001525878906,56.11000061035156,54.86000061035156,55.790000915527344,6275700
2020-10-16,51.18271255493164,55.83000183105469,56.439998626708984,55.189998626708984,55.33000183105469,6165600
2020-10-19,49.798404693603516,54.31999969482422,56.900001525878906,53.91999816894531,56.43000030517578,6721200
2020-10-20,49.68840408325195,54.20000076293945,55.130001068115234,54.029998779296875,54.41999816894531,6407500
2020-10-21,48.42326354980469,52.81999969482422,54.47999954223633,52.630001068115234,54.290000915527344,6557400
2020-10-22,47.93739700317383,52.290000915527344,52.720001220703125,51.56999969482422,52.59000015258789,5164000
2020-10-23,49.312530517578125,53.790000915527344,53.95000076293945,52.470001220703125,52.470001220703125,5734700
2020-10-26,48.89999008178711,53.34000015258789,53.95000076293945,52.279998779296875,53.4900016784668,6597300
2020-10-27,49.092498779296875,53.54999923706055,53.84000015258789,53.0,53.38999938964844,4613000
2020-10-28,48.817481994628906,53.25,54.099998474121094,52.380001068115234,52.869998931884766,9717200
2020-10-29,45.177940368652344,49.279998779296875,50.79999923706055,48.029998779296875,49.29999923706055,22526800
2020-10-30,43.66529083251953,47.630001068115234,49.13999938964844,46.9900016784668,48.77000045776367,12565300
2020-11-02,43.88530349731445,47.869998931884766,49.34000015258789,47.209999084472656,48.189998626708984,10765800
2020-11-03,44.847896575927734,48.91999816894531,49.380001068115234,47.61000061035156,48.0,8909500
2020-11-04,43.8394660949707,47.81999969482422,49.63999938964844,47.560001373291016,49.470001220703125,16562100
2020-11-05,45.297115325927734,49.40999984741211,49.95000076293945,48.470001220703125,48.709999084472656,10325200
2020-11-06,46.47056198120117,50.689998626708984,51.16999816894531,49.04999923706055,49.70000076293945,10244300
2020-11-09,44.29784393310547,48.31999969482422,49.25,46.849998474121094,48.0,19388000
2020-11-10,42.666011810302734,46.540000915527344,47.63999938964844,45.36000061035156,47.54999923706055,15521800
2020-11-11,43.738624572753906,47.709999084472656,48.099998474121094,46.810001373291016,47.16999816894531,13142300
2020-11-12,42.71186447143555,46.59000015258789,48.16999816894531,46.400001525878906,48.130001068115234,10266100
2020-11-13,44.61871337890625,48.66999816894531,48.720001220703125,46.720001220703125,46.900001525878906,12082200
2020-11-16,44.50870132446289,48.54999923706055,49.16999816894531,48.0099983215332,48.45000076293945,14933300
2020-11-17,44.30701446533203,48.33000183105469,48.900001525878906,47.959999084472656,48.369998931884766,9892600
2020-11-18,44.4903678894043,48.529998779296875,49.459999084472656,48.06999969482422,48.06999969482422,12734100
2020-11-19,45.63631820678711,49.779998779296875,50.04999923706055,48.560001373291016,48.650001525878906,12012200
2020-11-20,44.912078857421875,48.9900016784668,49.880001068115234,48.959999084472656,49.79999923706055,10521400
2020-11-23,45.74631881713867,49.900001525878906,50.34000015258789,49.099998474121094,49.18000030517578,9416200
2020-11-24,46.323883056640625,50.529998779296875,51.290000915527344,49.83000183105469,49.91999816894531,7221600
2020-11-25,46.250553131103516,50.45000076293945,51.029998779296875,50.04999923706055,50.75,4438900
2020-11-27,47.066471099853516,51.34000015258789,51.93000030517578,50.900001525878906,50.939998626708984,3604000
2020-11-30,46.37674331665039,50.43000030517578,51.22999954223633,49.36000061035156,51.029998779296875,10743200
2020-12-01,46.45951461791992,50.52000045776367,51.459999084472656,50.18000030517578,50.5,7160300
2020-12-02,47.222801208496094,51.349998474121094,51.540000915527344,50.36000061035156,50.52000045776367,9281900
2020-12-03,46.24800109863281,50.290000915527344,51.29999923706055,50.11000061035156,51.25,5354200
2020-12-04,46.87334060668945,50.970001220703125,51.189998626708984,49.63999938964844,50.029998779296875,4791000
2020-12-07,46.00889205932617,50.029998779296875,51.0099983215332,49.90999984741211,50.90999984741211,5132200
2020-12-08,45.880149841308594,49.88999938964844,50.22999954223633,49.279998779296875,49.90999984741211,7091500
2020-12-09,45.52149200439453,49.5,50.18000030517578,49.220001220703125,49.959999084472656,6794500
2020-12-10,45.61344909667969,49.599998474121094,49.84000015258789,48.93000030517578,49.400001525878906,4344000
2020-12-11,45.181236267089844,49.130001068115234,49.61000061035156,48.66999816894531,49.439998626708984,4549500
2020-12-14,45.58586502075195,49.56999969482422,50.5,49.22999954223633,49.22999954223633,9127400
2020-12-15,47.89413070678711,52.08000183105469,52.099998474121094,49.689998626708984,49.959999084472656,7776100
2020-12-16,49.33794021606445,53.650001525878906,54.88999938964844,52.15999984741211,52.15999984741211,12846700
2020-12-17,48.78616714477539,53.04999923706055,53.959999084472656,52.439998626708984,53.630001068115234,6195700
2020-12-18,48.79536819458008,53.060001373291016,53.2599983215332,52.400001525878906,53.099998474121094,10943100
2020-12-21,47.42512512207031,51.56999969482422,52.68000030517578,51.16999816894531,52.619998931884766,6082300
2020-12-22,47.471099853515625,51.619998931884766,52.02000045776367,51.08000183105469,51.709999084472656,6215900
2020-12-23,47.02048110961914,51.130001068115234,52.0,51.130001068115234,52.0,4739400
2020-12-24,46.0916633605957,50.119998931884766,51.2400016784668,49.939998626708984,51.22999954223633,2718500
2020-12-28,46.20201873779297,50.2400016784668,50.54999923706055,49.93000030517578,50.5,6187400
2020-12-29,46.77218246459961,50.86000061035156,51.11000061035156,50.29999923706055,50.650001525878906,4796700
2020-12-30,46.487091064453125,50.54999923706055,51.5099983215332,50.470001220703125,51.02000045776367,8618900
2020-12-31,46.21121597290039,50.25,50.810001373291016,50.0,50.61000061035156,3597200
2021-01-04,47.360748291015625,51.5,51.900001525878906,50.45000076293945,50.47999954223633,7843500
2021-01-05,47.84813690185547,52.029998779296875,52.279998779296875,51.060001373291016,51.349998474121094,10002400
2021-01-06,48.9424934387207,53.220001220703125,54.290000915527344,51.400001525878906,51.5,9911400
2021-01-07,48.79536819458008,53.060001373291016,54.22999954223633,53.0099983215332,53.41999816894531,7348800
2021-01-08,50.10123062133789,54.47999954223633,54.54999923706055,53.22999954223633,53.369998931884766,6298300
2021-01-11,49.595436096191406,53.93000030517578,54.40999984741211,53.470001220703125,54.18000030517578,6956100
2021-01-12,51.53584289550781,56.040000915527344,56.709999084472656,53.880001068115234,53.97999954223633,11825900
2021-01-13,51.23236846923828,55.709999084472656,56.369998931884766,55.36000061035156,55.779998779296875,8185100
2021-01-14,50.82773208618164,55.27000045776367,55.83000183105469,54.97999954223633,55.83000183105469,6937900
2021-01-15,50.965675354003906,55.41999816894531,55.709999084472656,54.310001373291016,55.290000915527344,9710600
2021-01-19,52.400291442871094,56.97999954223633,57.20000076293945,55.439998626708984,55.54999923706055,8942400
2021-01-20,51.655399322509766,56.16999816894531,57.540000915527344,56.119998931884766,57.29999923706055,4798200
2021-01-21,51.86690902709961,56.400001525878906,56.470001220703125,55.31999969482422,56.29999923706055,5265800
2021-01-22,51.922088623046875,56.459999084472656,56.56999969482422,55.63999938964844,56.20000076293945,3317000
2021-01-25,52.64860153198242,57.25,58.380001068115234,56.81999969482422,57.0,9818900
2021-01-26,54.41427993774414,59.16999816894531,59.310001373291016,56.970001220703125,57.09000015258789,8394700
2021-01-27,53.66018295288086,58.349998474121094,60.54999923706055,58.04999923706055,58.63999938964844,10645100
2021-01-28,51.90369415283203,56.439998626708984,58.86000061035156,55.939998626708984,58.0,11679600
2021-01-29,51.96807098388672,56.5099983215332,57.58000183105469,55.310001373291016,56.220001220703125,10923300
2021-02-01,53.770538330078125,58.470001220703125,58.70000076293945,56.650001525878906,56.83000183105469,7476200
2021-02-02,52.722164154052734,57.33000183105469,58.779998779296875,57.099998474121094,58.5099983215332,8580900
2021-02-03,53.375091552734375,58.040000915527344,58.79999923706055,57.66999816894531,58.099998474121094,10673300
2021-02-04,56.207550048828125,61.119998931884766,64.8499984741211,60.66999816894531,63.959999084472656,29410700
2021-02-05,57.22834014892578,62.22999954223633,62.81999969482422,60.2400016784668,61.15999984741211,12711700
2021-02-08,58.70893096923828,63.84000015258789,64.05999755859375,62.560001373291016,62.599998474121094,9787900
2021-02-09,57.22834014892578,62.22999954223633,63.90999984741211,62.119998931884766,63.869998931884766,5036400
2021-02-10,57.31109619140625,62.31999969482422,63.220001220703125,61.7599983215332,62.54999923706055,4470900
2021-02-11,57.301902770996094,62.310001373291016,62.97999954223633,61.66999816894531,62.599998474121094,3660100
2021-02-12,57.945640563964844,63.0099983215332,63.189998626708984,61.939998626708984,62.04999923706055,5621800
2021-02-16,57.81688690185547,62.869998931884766,64.0,62.81999969482422,63.97999954223633,5559800
2021-02-17,57.982425689697266,63.04999923706055,63.2400016784668,62.04999923706055,62.58000183105469,4178700
2021-02-18,57.75251388549805,62.79999923706055,63.349998474121094,62.220001220703125,62.70000076293945,5962500
2021-02-19,56.9984245300293,61.97999954223633,63.36000061035156,61.869998931884766,63.189998626708984,5462500
2021-02-22,56.6121826171875,61.560001373291016,62.290000915527344,60.959999084472656,62.099998474121094,5252900
2021-02-23,56.43745040893555,61.369998931884766,61.72999954223633,59.81999969482422,60.68000030517578,5826500
2021-02-24,54.607398986816406,59.380001068115234,61.04999923706055,58.83000183105469,60.9900016784668,8050000
2021-02-25,52.400291442871094,56.97999954223633,59.970001220703125,56.849998474121094,59.400001525878906,7868300
2021-02-26,52.04972457885742,56.41999816894531,57.65999984741211,56.25,57.34000015258789,9014000
2021-03-01,53.95016098022461,58.47999954223633,58.70000076293945,56.529998779296875,57.099998474121094,6153700
2021-03-02,52.5755729675293,56.9900016784668,58.65999984741211,56.88999938964844,58.63999938964844,7646700
2021-03-03,50.37070083618164,54.599998474121094,56.95000076293945,54.47999954223633,56.72999954223633,11055500
2021-03-04,49.20830154418945,53.34000015258789,54.88999938964844,52.459999084472656,54.470001220703125,9940400
2021-03-05,49.59577178955078,53.7599983215332,54.119998931884766,51.5099983215332,53.880001068115234,8395000
2021-03-08,49.346683502197266,53.4900016784668,55.189998626708984,53.45000076293945,53.869998931884766,7622100
2021-03-09,51.819087982177734,56.16999816894531,56.970001220703125,54.31999969482422,54.599998474121094,8407000
2021-03-10,51.05339431762695,55.34000015258789,56.779998779296875,54.529998779296875,56.779998779296875,7202600
2021-03-11,51.8836784362793,56.2400016784668,56.58000183105469,55.459999084472656,55.95000076293945,5888000
2021-03-12,51.47775650024414,55.79999923706055,56.099998474121094,55.040000915527344,55.68000030517578,5025800
2021-03-15,53.202911376953125,57.66999816894531,57.709999084472656,55.61000061035156,55.849998474121094,5860100
2021-03-16,52.972267150878906,57.41999816894531,58.189998626708984,57.060001373291016,57.29999923706055,5873600
2021-03-17,54.42988967895508,59.0,59.72999954223633,56.720001220703125,56.72999954223633,6788400
2021-03-18,54.33763122558594,58.900001525878906,60.119998931884766,58.0,58.31999969482422,6547300
2021-03-19,55.10334396362305,59.72999954223633,60.029998779296875,58.5099983215332,59.15999984741211,10317900
2021-03-22,55.61995315551758,60.290000915527344,60.849998474121094,59.560001373291016,59.91999816894531,6583900
2021-03-23,55.63841247558594,60.310001373291016,61.029998779296875,60.0099983215332,60.400001525878906,5959400
2021-03-24,53.175228118896484,57.63999938964844,60.900001525878906,57.58000183105469,60.61000061035156,7141900
2021-03-25,53.59037399291992,58.09000015258789,58.43000030517578,56.97999954223633,57.72999954223633,5705500
2021-03-26,56.11812973022461,60.83000183105469,60.93000030517578,58.040000915527344,58.150001525878906,7409300
2021-03-29,55.21404266357422,59.849998474121094,61.18000030517578,59.279998779296875,60.880001068115234,7090300
2021-03-30,55.64763641357422,60.31999969482422,60.630001068115234,59.04999923706055,59.529998779296875,5400600
2021-03-31,56.49637985229492,61.2400016784668,62.66999816894531,60.75,60.84000015258789,8516800
2021-04-01,58.22153091430664,63.11000061035156,63.2400016784668,61.38999938964844,61.400001525878906,5210000
2021-04-05,58.756595611572266,63.689998626708984,63.97999954223633,62.54999923706055,63.349998474121094,6672800
2021-04-06,57.67721939086914,62.52000045776367,63.720001220703125,62.2400016784668,63.630001068115234,6396900
2021-04-07,56.97609329223633,61.7599983215332,62.689998626708984,61.43000030517578,62.689998626708984,5848100
2021-04-08,57.372779846191406,62.189998626708984,62.650001525878906,61.7599983215332,62.29999923706055,3948400
2021-04-09,57.631103515625,62.470001220703125,62.599998474121094,61.849998474121094,62.08000183105469,3801000
2021-04-12,57.78793716430664,62.63999938964844,62.880001068115234,62.130001068115234,62.470001220703125,5003600
2021-04-13,58.87652587890625,63.81999969482422,64.08000183105469,62.91999816894531,63.02000045776367,5264900
2021-04-14,57.92631530761719,62.790000915527344,64.38999938964844,62.349998474121094,63.939998626708984,9522800
2021-04-15,59.374698638916016,64.36000061035156,64.54000091552734,63.029998779296875,63.33000183105469,4677400
2021-04-16,59.90054702758789,64.93000030517578,64.98999786376953,64.29000091552734,64.5199966430664,4650500
2021-04-19,58.848854064941406,63.790000915527344,65.11000061035156,63.599998474121094,64.62999725341797,5285500
2021-04-20,57.00376892089844,61.790000915527344,63.79999923706055,61.209999084472656,63.630001068115234,5506000
2021-04-21,56.99454879760742,61.779998779296875,61.869998931884766,60.880001068115234,61.439998626708984,5091900
2021-04-22,56.035099029541016,60.7400016784668,61.900001525878906,60.529998779296875,61.849998474121094,6849100
2021-04-23,56.191932678222656,60.90999984741211,61.16999816894531,60.439998626708984,60.880001068115234,5072900
2021-04-26,56.81003952026367,61.58000183105469,61.61000061035156,60.77000045776367,61.0,4539300
2021-04-27,56.92074203491211,61.70000076293945,62.310001373291016,61.380001068115234,61.720001220703125,5577600
2021-04-28,57.49271774291992,62.31999969482422,62.869998931884766,61.81999969482422,62.08000183105469,7814100
2021-04-29,51.726844787597656,56.06999969482422,57.34000015258789,54.95000076293945,57.290000915527344,31082000
2021-04-30,51.46852111816406,55.790000915527344,56.88999938964844,55.65999984741211,55.72999954223633,10069300
2021-05-03,53.645721435546875,58.150001525878906,58.849998474121094,56.119998931884766,56.16999816894531,12472600
2021-05-04,53.22134780883789,57.689998626708984,58.34000015258789,56.81999969482422,57.5099983215332,9736900
2021-05-05,53.728755950927734,58.2400016784668,58.880001068115234,57.38999938964844,57.400001525878906,7002800
2021-05-06,54.26382827758789,58.81999969482422,58.88999938964844,57.7599983215332,58.150001525878906,7583000
2021-05-07,55.14946746826172,59.779998779296875,60.0099983215332,58.400001525878906,59.099998474121094,10347500
2021-05-10,56.680877685546875,61.439998626708984,62.29999923706055,59.2599983215332,59.560001373291016,11628700
2021-05-11,55.74911117553711,60.43000030517578,60.9900016784668,59.13999938964844,60.040000915527344,11344500
2021-05-12,53.765655517578125,58.279998779296875,60.43000030517578,58.2400016784668,59.689998626708984,8763100
2021-05-13,54.19001770019531,58.7400016784668,59.369998931884766,58.060001373291016,58.59000015258789,6389300
2021-05-14,56.14581298828125,60.86000061035156,61.04999923706055,59.29999923706055,59.439998626708984,6565200
2021-05-17,56.91152572631836,61.689998626708984,61.79999923706055,60.540000915527344,60.810001373291016,6892500
2021-05-18,56.5424919128418,61.290000915527344,62.689998626708984,60.689998626708984,61.70000076293945,6110600
2021-05-19,55.158695220947266,59.790000915527344,60.400001525878906,59.06999969482422,60.400001525878906,8050200
2021-05-20,54.86347961425781,59.470001220703125,60.27000045776367,59.349998474121094,60.11000061035156,8104600
2021-05-21,56.29341125488281,61.02000045776367,61.380001068115234,59.720001220703125,59.810001373291016,11192200
2021-05-24,56.247291564941406,60.970001220703125,61.95000076293945,60.93000030517578,61.2400016784668,5735100
2021-05-25,56.55173110961914,61.29999923706055,61.84000015258789,60.86000061035156,61.2400016784668,6069900
2021-05-26,56.680877685546875,61.439998626708984,62.13999938964844,61.189998626708984,61.189998626708984,6710700
2021-05-27,54.90037536621094,59.5099983215332,62.119998931884766,59.31999969482422,61.20000076293945,19669700
2021-05-28,56.33465576171875,60.880001068115234,61.41999816894531,59.65999984741211,59.959999084472656,10887300
2021-06-01,56.788063049316406,61.369998931884766,62.09000015258789,60.72999954223633,61.52000045776367,5640600
2021-06-02,58.67576599121094,63.40999984741211,63.56999969482422,61.02000045776367,61.38999938964844,10598300
2021-06-03,59.28648376464844,64.06999969482422,64.2699966430664,62.59000015258789,62.97999954223633,7219200
2021-06-04,60.35988998413086,65.2300033569336,65.88999938964844,64.13999938964844,64.37999725341797,8978000
2021-06-07,60.56344223022461,65.44999694824219,65.72000122070312,64.79000091552734,65.30999755859375,6123400
2021-06-08,60.8873176574707,65.80000305175781,65.94000244140625,65.26000213623047,65.5199966430664,5712300
2021-06-09,61.03538513183594,65.95999908447266,66.3499984741211,65.4000015258789,66.22000122070312,6124100
2021-06-10,61.766387939453125,66.75,66.9800033569336,65.7699966430664,66.31999969482422,5789000
2021-06-11,62.11800765991211,67.12999725341797,67.41999816894531,66.83000183105469,66.9000015258789,5849500
2021-06-14,60.970611572265625,65.88999938964844,67.26000213623047,65.16999816894531,67.25,6944300
2021-06-15,61.03538513183594,65.95999908447266,66.3499984741211,65.47000122070312,66.0,5011400
2021-06-16,61.155670166015625,66.08999633789062,66.3499984741211,65.30000305175781,65.44000244140625,5626000
2021-06-17,60.452415466308594,65.33000183105469,66.30000305175781,65.25,65.66999816894531,6398300
2021-06-18,58.536964416503906,63.2599983215332,64.93000030517578,63.13999938964844,64.83999633789062,11438700
2021-06-21,59.591854095458984,64.4000015258789,64.97000122070312,63.36000061035156,63.380001068115234,6483600
2021-06-22,60.045265197753906,64.88999938964844,65.12999725341797,63.40999984741211,64.27999877929688,5311100
2021-06-23,60.424659729003906,65.30000305175781,65.93000030517578,64.88999938964844,65.0199966430664,4462000
2021-06-24,61.599822998046875,66.56999969482422,66.75,65.13999938964844,65.41000366210938,5522300
2021-06-25,62.83052444458008,67.9000015258789,68.19000244140625,66.75,66.75,8999200
2021-06-28,63.681846618652344,68.81999969482422,68.97000122070312,67.56999969482422,68.26000213623047,5413400
2021-06-29,65.22715759277344,70.48999786376953,70.63999938964844,68.8499984741211,69.0,6513000
2021-06-30,64.96806335449219,70.20999908447266,70.66000366210938,69.69000244140625,70.2300033569336,7299800
2021-07-01,64.58867645263672,69.80000305175781,70.7699966430664,69.02999877929688,70.20999908447266,8519800
2021-07-02,64.84778594970703,70.08000183105469,70.30999755859375,69.36000061035156,69.98999786376953,4908800
2021-07-06,63.866920471191406,69.0199966430664,70.1500015258789,68.88999938964844,70.1500015258789,6112100
2021-07-07,64.8385238647461,70.06999969482422,70.5199966430664,68.98999786376953,69.16000366210938,6019500
2021-07-08,63.5245475769043,68.6500015258789,69.29000091552734,68.37999725341797,68.66000366210938,5581800
2021-07-09,64.2740707397461,69.45999908447266,69.94999694824219,68.58000183105469,68.83000183105469,5263600
2021-07-12,63.820655822753906,68.97000122070312,70.25,68.8499984741211,69.81999969482422,5628800
2021-07-13,63.607818603515625,68.73999786376953,69.47000122070312,68.5,68.81999969482422,4491800
2021-07-14,62.95083236694336,68.02999877929688,70.30999755859375,67.95999908447266,69.66999816894531,6484100
2021-07-15,63.052642822265625,68.13999938964844,68.62999725341797,67.63999938964844,68.05999755859375,4578000
2021-07-16,63.08961868286133,68.18000030517578,68.80000305175781,68.13999938964844,68.41000366210938,4278900
2021-07-19,63.41350555419922,68.52999877929688,68.87999725341797,67.27999877929688,67.61000061035156,6464400
2021-07-20,64.37584686279297,69.56999969482422,69.61000061035156,68.58000183105469,68.69999694824219,6223900
2021-07-21,64.64420318603516,69.86000061035156,70.06999969482422,69.2300033569336,69.41000366210938,6082500
2021-07-22,66.67994689941406,72.05999755859375,72.0999984741211,69.61000061035156,69.8499984741211,8802200
2021-07-23,68.04945373535156,73.54000091552734,73.7699966430664,71.66000366210938,72.12000274658203,6700500
2021-07-26,67.79034423828125,73.26000213623047,73.97000122070312,72.88999938964844,72.88999938964844,7653700
2021-07-27,66.89276885986328,72.29000091552734,73.23999786376953,71.06999969482422,73.08999633789062,8159400
2021-07-28,67.4479751586914,72.88999938964844,73.56999969482422,72.22000122070312,72.58000183105469,5141000
2021-07-29,67.92916107177734,73.41000366210938,74.12999725341797,73.05000305175781,73.13999938964844,4963100
2021-07-30,63.11739730834961,68.20999908447266,72.06999969482422,68.08000183105469,72.05999755859375,11995300
2021-08-02,63.506038665771484,68.62999725341797,69.36000061035156,67.58000183105469,68.80999755859375,6785100
2021-08-03,62.93231201171875,68.01000213623047,68.77999877929688,67.63999938964844,68.75,5997800
2021-08-04,62.92307662963867,68.0,68.69999694824219,67.72000122070312,67.91999816894531,6715600
2021-08-05,62.2568244934082,67.27999877929688,67.87999725341797,65.58000183105469,67.69999694824219,9926200
2021-08-06,60.600467681884766,65.48999786376953,67.27999877929688,65.2699966430664,67.26000213623047,8888300
2021-08-09,60.470909118652344,65.3499984741211,66.31999969482422,65.06999969482422,65.73999786376953,7186400
2021-08-10,62.28458023071289,67.30999755859375,67.58000183105469,65.3499984741211,65.36000061035156,7358900
2021-08-11,62.94157791137695,68.0199966430664,68.22000122070312,66.94999694824219,67.22000122070312,10104400
2021-08-12,63.746620178222656,68.88999938964844,69.04000091552734,66.36000061035156,67.16999816894531,10677700
2021-08-13,68.49359893798828,74.0199966430664,74.1500015258789,68.58999633789062,68.63999938964844,17907600
2021-08-16,69.63177490234375,75.25,76.55000305175781,73.51000213623047,73.72000122070312,12691700
2021-08-17,67.40167999267578,72.83999633789062,74.73999786376953,72.66000366210938,74.04000091552734,9422600
2021-08-18,67.3924560546875,72.83000183105469,74.13999938964844,72.36000061035156,72.9800033569336,6536400
2021-08-19,67.3924560546875,72.83000183105469,73.55000305175781,72.05999755859375,72.36000061035156,5607100
2021-08-20,67.88290405273438,73.36000061035156,73.83999633789062,72.80999755859375,72.9000015258789,5398700
2021-08-23,67.73482513427734,73.19999694824219,73.47000122070312,71.77999877929688,73.41000366210938,5044700
2021-08-24,67.40167999267578,72.83999633789062,74.0,72.62000274658203,73.52999877929688,6132300
2021-08-25,68.6231460571289,74.16000366210938,74.48999786376953,72.70999908447266,72.8499984741211,5052500
2021-08-26,69.99266815185547,75.63999938964844,75.95999908447266,73.76000213623047,74.33999633789062,5539700
2021-08-27,70.7051773071289,76.41000366210938,76.58000183105469,75.19000244140625,75.30000305175781,5093200
2021-08-30,71.76007080078125,77.55000305175781,77.83000183105469,76.04000091552734,76.43000030517578,5541700
2021-08-31,71.17573547363281,76.73999786376953,77.72000122070312,76.56999969482422,77.48999786376953,6806300
2021-09-01,70.62850952148438,76.1500015258789,77.05999755859375,75.9000015258789,77.05999755859375,5740200
2021-09-02,70.94385528564453,76.48999786376953,77.22000122070312,76.12000274658203,76.30999755859375,5031000
2021-09-03,70.98097229003906,76.52999877929688,76.94999694824219,75.9800033569336,76.30999755859375,4436500
2021-09-07,69.29293823242188,74.70999908447266,76.45999908447266,74.6500015258789,76.41000366210938,6041300
2021-09-08,68.5694808959961,73.93000030517578,74.98999786376953,73.68000030517578,74.81999969482422,6351300
2021-09-09,67.70691680908203,73.0,74.08999633789062,72.94000244140625,73.83000183105469,5164200
2021-09-10,67.29881286621094,72.55999755859375,74.2699966430664,72.4800033569336,73.9800033569336,5393000
2021-09-13,67.40084838867188,72.66999816894531,73.12999725341797,71.87000274658203,72.95999908447266,5768600
2021-09-14,66.21366119384766,71.38999938964844,73.0199966430664,71.02999877929688,72.75,6576700
2021-09-15,68.62512969970703,73.98999786376953,74.98999786376953,71.86000061035156,71.95999908447266,10771100
2021-09-16,69.28366088867188,74.69999694824219,75.11000061035156,73.30999755859375,73.43000030517578,6630300
2021-09-17,68.73643493652344,74.11000061035156,75.0999984741211,73.7300033569336,74.88999938964844,8874800
2021-09-20,67.58635711669922,72.87000274658203,73.0,70.75,72.68000030517578,9841500
2021-09-21,66.89071655273438,72.12000274658203,74.02999877929688,72.06999969482422,73.41000366210938,5375100
2021-09-22,67.90168762207031,73.20999908447266,73.7300033569336,72.37999725341797,72.58999633789062,4028400
2021-09-23,68.179931640625,73.51000213623047,74.41000366210938,73.18000030517578,73.48999786376953,4128800
2021-09-24,67.6976318359375,72.98999786376953,73.4000015258789,72.72000122070312,72.93000030517578,3486600
2021-09-27,68.32835388183594,73.66999816894531,73.80999755859375,72.41000366210938,72.7300033569336,4268700
2021-09-28,66.09308624267578,71.26000213623047,73.66999816894531,70.7300033569336,72.83000183105469,5379600
2021-09-29,64.89662170410156,69.97000122070312,71.83000183105469,69.7300033569336,71.5199966430664,5621400
2021-09-30,64.6183853149414,69.66999816894531,70.66000366210938,69.62000274658203,70.2699966430664,3927200
2021-10-01,64.8409652709961,69.91000366210938,70.36000061035156,69.0199966430664,69.69999694824219,4069100
2021-10-04,63.50537109375,68.47000122070312,69.58000183105469,68.27999877929688,69.43000030517578,4648400
2021-10-05,64.89662170410156,69.97000122070312,70.62999725341797,68.66999816894531,68.87999725341797,3932500
2021-10-06,66.352783203125,71.54000091552734,71.5999984741211,69.13999938964844,69.30999755859375,4867000
2021-10-07,68.7920913696289,74.16999816894531,75.16999816894531,72.8499984741211,72.97000122070312,7309200
2021-10-08,69.60828399658203,75.05000305175781,75.94999694824219,74.33000183105469,74.44000244140625,4672600
2021-10-11,69.09815216064453,74.5,74.9000015258789,74.19999694824219,74.69000244140625,2817900
2021-10-12,69.2558364868164,74.66999816894531,75.70999908447266,74.51000213623047,75.20999908447266,3408300
2021-10-13,69.46915435791016,74.9000015258789,75.33000183105469,74.23999786376953,74.97000122070312,2929400
2021-10-14,69.26509857177734,74.68000030517578,75.75,74.22000122070312,75.55000305175781,4770000
2021-10-15,69.46915435791016,74.9000015258789,75.41999816894531,74.63999938964844,75.23999786376953,4358500
2021-10-18,68.86627960205078,74.25,75.05000305175781,73.88999938964844,74.66999816894531,5730000
2021-10-19,69.30220031738281,74.72000122070312,75.37999725341797,74.37999725341797,74.41000366210938,3425800
2021-10-20,70.46157836914062,75.97000122070312,76.94999694824219,74.62000274658203,74.95999908447266,5201700
2021-10-21,70.6841812133789,76.20999908447266,76.2699966430664,75.05999755859375,75.58000183105469,3615500
2021-10-22,74.74658966064453,80.58999633789062,81.19000244140625,76.29000091552734,76.29000091552734,11047500
2021-10-25,74.72804260253906,80.56999969482422,81.05999755859375,79.9000015258789,80.58999633789062,6299600
2021-10-26,72.80812072753906,78.5,80.9800033569336,78.4000015258789,80.97000122070312,6145700
2021-10-27,72.0290298461914,77.66000366210938,78.5,77.29000091552734,78.25,7896500
2021-10-28,67.15970611572266,72.41000366210938,74.4800033569336,70.55000305175781,74.02999877929688,17831800
2021-10-29,71.15718078613281,76.72000122070312,76.9800033569336,72.06999969482422,72.06999969482422,16714300
2021-11-01,70.76764678955078,76.30000305175781,77.61000061035156,75.55000305175781,76.47000122070312,7915700
2021-11-02,69.46915435791016,74.9000015258789,76.37999725341797,74.47000122070312,75.62999725341797,7002300
2021-11-03,69.9792709350586,75.44999694824219,76.12999725341797,73.86000061035156,74.69000244140625,9462500
2021-11-04,70.74909210205078,76.27999877929688,77.0,74.94999694824219,75.66000366210938,5958200
2021-11-05,70.09056854248047,75.56999969482422,76.94000244140625,75.52999877929688,76.6500015258789,4692600
2021-11-08,68.41181945800781,73.76000213623047,76.52999877929688,73.5,75.79000091552734,8320500
2021-11-09,68.59732055664062,73.95999908447266,75.47000122070312,73.77999877929688,74.0999984741211,8317700
2021-11-10,67.92024230957031,73.2300033569336,74.72000122070312,72.94000244140625,73.87000274658203,6126600
2021-11-11,67.98516082763672,73.30000305175781,74.94999694824219,73.29000091552734,74.02999877929688,4200800
2021-11-12,68.5509262084961,73.91000366210938,74.12999725341797,72.52999877929688,73.45999908447266,3793600
2021-11-15,68.82917022705078,74.20999908447266,76.23999786376953,74.0,74.47000122070312,5079300
2021-11-16,70.38735961914062,75.88999938964844,76.58000183105469,74.19000244140625,74.30000305175781,6200400
2021-11-17,68.05937194824219,73.37999725341797,75.91999816894531,72.98999786376953,75.80000305175781,6393300
2021-11-18,69.30220031738281,74.72000122070312,75.05000305175781,73.45999908447266,73.5,9833400
2021-11-19,69.21871948242188,74.62999725341797,76.41000366210938,74.47000122070312,74.9000015258789,5573800
2021-11-22,68.235595703125,73.56999969482422,75.19000244140625,73.54000091552734,74.43000030517578,4576600
2021-11-23,66.45478820800781,71.6500015258789,73.37999725341797,71.04000091552734,73.20999908447266,10521500
2021-11-24,67.39157104492188,72.66000366210938,72.87999725341797,70.91000366210938,71.3499984741211,4675200
2021-11-26,67.2153549194336,72.47000122070312,73.5999984741211,72.0999984741211,72.97000122070312,4121900
2021-11-29,65.4345703125,70.55000305175781,72.66000366210938,69.52999877929688,72.54000091552734,7789500
2021-11-30,62.72865295410156,67.45999908447266,70.72000122070312,66.88999938964844,70.33000183105469,21869100
2021-12-01,62.124244689941406,66.80999755859375,68.6500015258789,66.73999786376953,68.63999938964844,11859600
2021-12-02,62.74726104736328,67.4800033569336,67.94999694824219,66.27999877929688,67.16999816894531,8384900
2021-12-03,62.347415924072266,67.05000305175781,68.54000091552734,66.30999755859375,67.77999877929688,10336600
2021-12-06,61.4361572265625,66.06999969482422,67.13999938964844,65.54000091552734,67.12999725341797,6413100
2021-12-07,62.51478958129883,67.2300033569336,67.6500015258789,66.52999877929688,66.72000122070312,6224500
2021-12-08,62.44969177246094,67.16000366210938,67.70999908447266,66.27999877929688,67.33000183105469,6751900
2021-12-09,61.92897033691406,66.5999984741211,67.69000244140625,66.55000305175781,66.98999786376953,4523800
2021-12-10,62.19862365722656,66.88999938964844,67.1500015258789,65.94000244140625,66.80999755859375,7593700
2021-12-13,62.01266098022461,66.69000244140625,67.44000244140625,66.22000122070312,66.47000122070312,6043700
2021-12-14,61.2315788269043,65.8499984741211,66.45999908447266,65.2699966430664,66.25,9297700
2021-12-15,61.00840759277344,65.61000061035156,65.76000213623047,64.25,65.31999969482422,10196400
2021-12-16,59.54852294921875,64.04000091552734,66.12999725341797,63.95000076293945,65.77999877929688,8521400
2021-12-17,59.53922653198242,64.02999877929688,65.1500015258789,62.970001220703125,63.650001525878906,19368900
2021-12-20,59.31605911254883,63.790000915527344,65.16000366210938,62.81999969482422,62.90999984741211,8123700
2021-12-21,59.24166488647461,63.709999084472656,64.55000305175781,63.29999923706055,64.20999908447266,9835700
2021-12-22,59.455535888671875,63.939998626708984,64.6500015258789,63.34000015258789,63.75,5835900
2021-12-23,60.338897705078125,64.88999938964844,65.44000244140625,63.66999816894531,64.0,6045400
2021-12-27,61.05490493774414,65.66000366210938,65.8499984741211,64.97000122070312,65.20999908447266,6050200
2021-12-28,61.4454345703125,66.08000183105469,66.72000122070312,65.47000122070312,65.81999969482422,5534400
2021-12-29,61.79879379272461,66.45999908447266,66.75,65.5999984741211,65.93000030517578,3654500
2021-12-30,62.09633255004883,66.77999877929688,67.6500015258789,66.23999786376953,66.27999877929688,3673600
2021-12-31,61.83598709106445,66.5,66.91999816894531,65.7300033569336,66.73999786376953,5935800
2022-01-03,62.114959716796875,66.80000305175781,67.12000274658203,65.66000366210938,66.44999694824219,6685500
2022-01-04,60.571372985839844,65.13999938964844,67.41999816894531,64.44000244140625,67.16999816894531,7527300
2022-01-05,59.96696090698242,64.48999786376953,66.2699966430664,64.45999908447266,64.87000274658203,7440700
2022-01-06,62.124244689941406,66.80999755859375,67.48999786376953,64.08000183105469,64.13999938964844,8218400
2022-01-07,61.668609619140625,66.31999969482422,67.33000183105469,66.27999877929688,66.7300033569336,5000900
2022-01-10,60.041351318359375,64.56999969482422,66.33000183105469,63.720001220703125,65.72000122070312,6684000
2022-01-11,61.770896911621094,66.43000030517578,66.5199966430664,64.06999969482422,64.58000183105469,3811100
2022-01-12,59.80888366699219,64.31999969482422,66.98999786376953,63.849998474121094,66.87000274658203,5426000
2022-01-13,58.84181213378906,63.279998779296875,65.23999786376953,63.16999816894531,64.73999786376953,4416900
2022-01-14,58.99990463256836,63.45000076293945,63.84000015258789,62.63999938964844,63.16999816894531,6253100
2022-01-18,57.2889518737793,61.61000061035156,62.79999923706055,61.529998779296875,62.79999923706055,7163600
2022-01-19,57.921260833740234,62.290000915527344,62.84000015258789,61.91999816894531,61.959999084472656,6721800
2022-01-20,56.45207214355469,60.709999084472656,63.68000030517578,60.66999816894531,62.849998474121094,5352500
2022-01-21,55.36412811279297,59.540000915527344,61.34000015258789,59.369998931884766,60.91999816894531,7742200
2022-01-24,55.47571563720703,59.65999984741211,59.720001220703125,56.880001068115234,58.970001220703125,9318900
2022-01-25,54.099517822265625,58.18000030517578,58.56999969482422,56.91999816894531,58.439998626708984,7635900
2022-01-26,53.6624755859375,57.709999084472656,59.4900016784668,57.20000076293945,58.56999969482422,7599800
2022-01-27,52.72331237792969,56.70000076293945,58.709999084472656,56.400001525878906,58.040000915527344,4947100
2022-01-28,53.504398345947266,57.540000915527344,57.599998474121094,55.90999984741211,56.7400016784668,5027100
2022-01-31,55.85696029663086,60.06999969482422,60.38999938964844,57.65999984741211,57.72999954223633,9059300
2022-02-01,56.23820114135742,60.47999954223633,60.619998931884766,59.56999969482422,59.90999984741211,4080600
2022-02-02,54.43427276611328,58.540000915527344,60.59000015258789,57.41999816894531,60.470001220703125,8826200
2022-02-03,53.1789436340332,57.189998626708984,58.09000015258789,56.93000030517578,58.0,6287200
2022-02-04,55.13166809082031,59.290000915527344,60.27000045776367,57.25,57.34000015258789,10587000
2022-02-07,54.583038330078125,58.70000076293945,59.72999954223633,58.540000915527344,59.18000030517578,5718400
2022-02-08,55.54080581665039,59.72999954223633,59.90999984741211,58.439998626708984,58.439998626708984,3770700
2022-02-09,56.35908508300781,60.61000061035156,60.65999984741211,59.70000076293945,60.369998931884766,3448800
2022-02-10,54.68533706665039,58.810001373291016,60.029998779296875,58.47999954223633,59.4900016784668,3976200
2022-02-11,54.285491943359375,58.380001068115234,59.939998626708984,58.04999923706055,59.310001373291016,5897200
2022-02-14,54.099517822265625,58.18000030517578,58.63999938964844,57.68000030517578,58.529998779296875,5714500
2022-02-15,55.726783752441406,59.93000030517578,59.9900016784668,58.630001068115234,58.959999084472656,3803800
2022-02-16,53.60668182373047,57.650001525878906,59.75,57.2599983215332,59.689998626708984,5201800
2022-02-17,51.84923553466797,55.7599983215332,57.70000076293945,55.529998779296875,57.47999954223633,5659300
2022-02-18,51.57027816772461,55.459999084472656,55.88999938964844,54.27000045776367,55.36000061035156,7219600
2022-02-22,51.28202819824219,55.150001525878906,56.75,54.88999938964844,55.119998931884766,6951000
2022-02-23,50.76130294799805,54.59000015258789,55.88999938964844,54.470001220703125,55.529998779296875,11482500
2022-02-24,51.55168151855469,55.439998626708984,55.63999938964844,49.529998779296875,50.22999954223633,24110800
2022-02-25,50.770591735839844,54.599998474121094,55.56999969482422,53.380001068115234,55.369998931884766,8340200
2022-02-28,50.76130294799805,54.59000015258789,54.9900016784668,53.40999984741211,54.31999969482422,9281300
2022-03-01,50.53813552856445,54.349998474121094,55.04999923706055,53.939998626708984,54.560001373291016,9298800
2022-03-02,51.22623062133789,55.09000015258789,55.45000076293945,53.68000030517578,54.349998474121094,8496700
2022-03-03,50.60322189331055,54.41999816894531,55.63999938964844,53.459999084472656,55.63999938964844,6139200
2022-03-04,51.756256103515625,55.65999984741211,56.439998626708984,54.09000015258789,54.290000915527344,8300800
2022-03-07,51.00306701660156,54.849998474121094,56.459999084472656,54.7400016784668,55.5,9961700
2022-03-08,49.571075439453125,53.310001373291016,55.93000030517578,53.25,54.939998626708984,9549000
2022-03-09,49.54306411743164,53.060001373291016,53.93000030517578,52.599998474121094,53.93000030517578,10250400
2022-03-10,48.889469146728516,52.36000061035156,55.47999954223633,51.279998779296875,53.02000045776367,18926000
2022-03-11,46.74190902709961,50.060001373291016,52.900001525878906,50.0,52.900001525878906,9217700
2022-03-14,48.637351989746094,52.09000015258789,53.25,50.0099983215332,50.20000076293945,9205600
2022-03-15,50.36472702026367,53.939998626708984,54.560001373291016,52.220001220703125,52.5099983215332,8927400
2022-03-16,51.13972091674805,54.77000045776367,54.900001525878906,53.08000183105469,53.790000915527344,7561500
2022-03-17,51.98006820678711,55.66999816894531,55.86000061035156,54.060001373291016,54.279998779296875,5974000
2022-03-18,52.30686950683594,56.02000045776367,56.66999816894531,55.099998474121094,55.099998474121094,10588500
2022-03-21,51.653263092041016,55.31999969482422,56.25,54.880001068115234,55.58000183105469,5918500
2022-03-22,52.05475997924805,55.75,56.2599983215332,54.95000076293945,54.97999954223633,7120300
2022-03-23,51.91470718383789,55.599998474121094,56.060001373291016,54.650001525878906,55.41999816894531,5329000
2022-03-24,53.43666458129883,57.22999954223633,57.38999938964844,55.540000915527344,55.7400016784668,6892900
2022-03-25,53.614078521728516,57.41999816894531,58.04999923706055,56.95000076293945,57.380001068115234,6240900
2022-03-28,54.8839225769043,58.779998779296875,58.84000015258789,56.93000030517578,57.41999816894531,7156400
2022-03-29,56.21915054321289,60.209999084472656,60.38999938964844,59.380001068115234,59.380001068115234,5341100
2022-03-30,55.42548370361328,59.36000061035156,60.34000015258789,59.119998931884766,59.72999954223633,5943000
2022-03-31,53.46467590332031,57.2599983215332,59.15999984741211,57.2400016784668,59.15999984741211,9380700
2022-04-01,53.88484573364258,57.709999084472656,58.33000183105469,57.29999923706055,57.869998931884766,4950100
2022-04-04,52.96980285644531,56.72999954223633,58.369998931884766,56.4900016784668,58.08000183105469,6651900
2022-04-05,52.661678314208984,56.400001525878906,57.72999954223633,55.97999954223633,56.68000030517578,5040600
2022-04-06,50.53280258178711,54.119998931884766,56.150001525878906,53.47999954223633,55.83000183105469,6359400
2022-04-07,50.77557373046875,54.380001068115234,54.84000015258789,53.5,53.880001068115234,4998700
2022-04-08,51.38248062133789,55.029998779296875,55.439998626708984,54.119998931884766,54.5,3747400
2022-04-11,51.25176239013672,54.88999938964844,56.22999954223633,54.36000061035156,54.36000061035156,4101900
2022-04-12,50.64485168457031,54.2400016784668,55.779998779296875,54.119998931884766,55.33000183105469,3987300
2022-04-13,51.466522216796875,55.119998931884766,55.470001220703125,53.959999084472656,54.09000015258789,3787000
2022-04-14,50.56081771850586,54.150001525878906,55.470001220703125,53.97999954223633,55.20000076293945,4452200
2022-04-18,50.94363784790039,54.560001373291016,54.75,53.66999816894531,53.83000183105469,4115300
2022-04-19,51.51321029663086,55.16999816894531,55.220001220703125,54.15999984741211,54.15999984741211,4698300
2022-04-20,51.223758697509766,54.86000061035156,55.36000061035156,54.7599983215332,55.31999969482422,4937900
2022-04-21,51.13972091674805,54.77000045776367,55.86000061035156,54.54999923706055,55.22999954223633,4408600
2022-04-22,49.64576721191406,53.16999816894531,54.83000183105469,53.08000183105469,54.599998474121094,4914800
2022-04-25,50.075286865234375,53.630001068115234,53.880001068115234,52.709999084472656,52.93000030517578,5503600
2022-04-26,49.58041000366211,53.099998474121094,53.959999084472656,52.47999954223633,53.59000015258789,4951700
2022-04-27,48.609352111816406,52.060001373291016,53.88999938964844,52.0,52.9900016784668,4905700
2022-04-28,50.20600128173828,53.77000045776367,54.04999923706055,52.150001525878906,52.470001220703125,6008500
2022-04-29,48.47861862182617,51.91999816894531,53.97999954223633,51.52000045776367,51.52000045776367,8341100
2022-05-02,49.627098083496094,53.150001525878906,53.220001220703125,51.459999084472656,51.970001220703125,6139800
2022-05-03,49.91654586791992,53.459999084472656,54.25,53.02000045776367,53.279998779296875,8059000
2022-05-04,50.81291580200195,54.41999816894531,54.4900016784668,52.31999969482422,53.47999954223633,9500200
2022-05-05,44.855796813964844,48.040000915527344,51.81999969482422,47.290000915527344,51.209999084472656,19285100
2022-05-06,45.57476806640625,48.810001373291016,49.63999938964844,47.029998779296875,48.0,11281200
2022-05-09,45.99493408203125,49.2599983215332,50.91999816894531,47.66999816894531,48.08000183105469,12832100
2022-05-10,45.36933898925781,48.59000015258789,50.88999938964844,48.380001068115234,49.970001220703125,7614900
2022-05-11,43.492576599121094,46.58000183105469,48.95000076293945,46.470001220703125,48.310001373291016,7085300
2022-05-12,43.100406646728516,46.15999984741211,47.81999969482422,45.189998626708984,45.97999954223633,8920400
2022-05-13,43.55793762207031,46.650001525878906,46.7599983215332,45.720001220703125,46.459999084472656,6455200
2022-05-16,42.1013298034668,45.09000015258789,46.4900016784668,44.90999984741211,46.4900016784668,6940600
2022-05-17,43.810035705566406,46.91999816894531,47.119998931884766,45.400001525878906,45.63999938964844,5704500
2022-05-18,41.961273193359375,44.939998626708984,46.779998779296875,44.650001525878906,46.099998474121094,5883200
2022-05-19,41.662479400634766,44.619998931884766,45.33000183105469,44.02000045776367,44.619998931884766,7668700
2022-05-20,41.37303161621094,44.310001373291016,45.31999969482422,43.279998779296875,44.959999084472656,7445800
2022-05-23,42.194705963134766,45.189998626708984,45.349998474121094,44.0,44.7400016784668,6122500
2022-05-24,41.25165557861328,44.18000030517578,45.630001068115234,43.619998931884766,44.400001525878906,8315100
2022-05-25,41.83989334106445,44.810001373291016,45.130001068115234,43.869998931884766,43.869998931884766,7522100
2022-05-26,43.389862060546875,46.470001220703125,46.810001373291016,45.4900016784668,45.68000030517578,6299000
2022-05-27,45.58409881591797,48.81999969482422,48.83000183105469,47.04999923706055,47.220001220703125,8695400
2022-05-31,45.64975357055664,48.66999816894531,49.29999923706055,47.31999969482422,48.439998626708984,17674900
2022-06-01,44.05525207519531,46.970001220703125,49.08000183105469,46.810001373291016,49.08000183105469,7174800
2022-06-02,44.805606842041016,47.77000045776367,47.779998779296875,46.45000076293945,46.86000061035156,5287700
2022-06-03,44.16780090332031,47.09000015258789,47.54999923706055,46.790000915527344,47.31999969482422,6122200
2022-06-06,44.71181106567383,47.66999816894531,48.7599983215332,47.470001220703125,47.9900016784668,5350100
2022-06-07,44.56173324584961,47.5099983215332,47.66999816894531,46.68000030517578,46.900001525878906,5114200
2022-06-08,44.721187591552734,47.68000030517578,48.13999938964844,47.29999923706055,47.81999969482422,4401800
2022-06-09,43.79262161254883,46.689998626708984,47.439998626708984,46.43000030517578,47.20000076293945,5139100
2022-06-10,41.53218078613281,44.279998779296875,45.58000183105469,44.279998779296875,44.349998474121094,8764800
2022-06-13,40.26595687866211,42.93000030517578,43.970001220703125,42.66999816894531,43.0099983215332,9224400
2022-06-14,39.93767547607422,42.58000183105469,43.59000015258789,42.209999084472656,43.20000076293945,5288400
2022-06-15,40.80996322631836,43.5099983215332,44.04999923706055,42.58000183105469,42.970001220703125,8232200
2022-06-16,38.53075408935547,41.08000183105469,42.5,40.52000045776367,42.290000915527344,9954900
2022-06-17,39.590633392333984,42.209999084472656,42.56999969482422,41.43000030517578,41.5099983215332,21193800
2022-06-21,39.66566848754883,42.290000915527344,43.470001220703125,42.20000076293945,42.70000076293945,7628500
2022-06-22,40.45354461669922,43.130001068115234,43.65999984741211,41.83000183105469,41.880001068115234,7343000
2022-06-23,40.303470611572266,42.970001220703125,43.11000061035156,42.04999923706055,42.16999816894531,5244700
2022-06-24,42.83591842651367,45.66999816894531,45.779998779296875,43.220001220703125,43.349998474121094,20444400
2022-06-27,41.6259765625,44.380001068115234,45.939998626708984,44.220001220703125,45.869998931884766,4703400
2022-06-28,40.003334045410156,42.650001525878906,44.47999954223633,42.599998474121094,43.400001525878906,5435600
2022-06-29,40.02208709716797,42.66999816894531,43.029998779296875,42.29999923706055,42.58000183105469,3517100
2022-06-30,39.08414077758789,41.66999816894531,42.41999816894531,41.02000045776367,42.41999816894531,6571700
2022-07-01,40.228431701660156,42.88999938964844,43.040000915527344,41.7599983215332,41.939998626708984,4950800
2022-07-05,41.203895568847656,43.93000030517578,43.959999084472656,41.88999938964844,42.2599983215332,6413700
2022-07-06,41.006927490234375,43.720001220703125,44.959999084472656,43.560001373291016,44.400001525878906,6444000
2022-07-07,41.10072708129883,43.81999969482422,44.06999969482422,43.189998626708984,43.720001220703125,6216100
2022-07-08,40.46292495727539,43.13999938964844,43.83000183105469,42.75,43.400001525878906,3716300
2022-07-11,40.17216873168945,42.83000183105469,43.15999984741211,42.38999938964844,43.02000045776367,5986800
2022-07-12,40.519195556640625,43.20000076293945,43.95000076293945,42.869998931884766,43.060001373291016,4751000
2022-07-13,39.8532600402832,42.4900016784668,43.150001525878906,41.939998626708984,42.20000076293945,4439900
2022-07-14,39.42179870605469,42.029998779296875,42.36000061035156,41.220001220703125,42.20000076293945,3624800
2022-07-15,40.90375900268555,43.61000061035156,43.959999084472656,42.849998474121094,42.9900016784668,6407300
2022-07-18,40.88499450683594,43.59000015258789,44.72999954223633,43.349998474121094,43.97999954223633,4544300
2022-07-19,42.56392288208008,45.380001068115234,45.4900016784668,43.88999938964844,43.88999938964844,4290500
2022-07-20,43.323646545410156,46.189998626708984,46.470001220703125,45.41999816894531,45.59000015258789,4066000
2022-07-21,43.75511169433594,46.650001525878906,46.66999816894531,45.849998474121094,46.08000183105469,2964100
2022-07-22,43.78324508666992,46.68000030517578,47.369998931884766,46.36000061035156,46.59000015258789,4908200
2022-07-25,43.670692443847656,46.560001373291016,47.040000915527344,46.13999938964844,46.68000030517578,4042600
2022-07-26,42.826541900634766,45.65999984741211,45.790000915527344,45.25,45.38999938964844,3834200
2022-07-27,44.252220153808594,47.18000030517578,47.52000045776367,45.83000183105469,45.95000076293945,4123000
2022-07-28,45.218299865722656,48.209999084472656,48.2400016784668,46.47999954223633,47.369998931884766,4914700
2022-07-29,45.61223602294922,48.630001068115234,49.72999954223633,48.380001068115234,49.130001068115234,7241400
2022-08-01,45.90299987792969,48.939998626708984,49.34000015258789,47.650001525878906,47.849998474121094,4805800
2022-08-02,45.42465591430664,48.43000030517578,48.84000015258789,47.75,48.689998626708984,5250700
2022-08-03,47.347434997558594,50.47999954223633,50.81999969482422,49.0,49.0,8749800
2022-08-04,44.89939498901367,47.869998931884766,50.189998626708984,46.65999984741211,50.099998474121094,10604500
2022-08-05,44.346012115478516,47.279998779296875,47.65999984741211,46.689998626708984,47.33000183105469,5487400
2022-08-08,44.65553283691406,47.61000061035156,49.0,47.20000076293945,47.630001068115234,4786100
2022-08-09,45.02134323120117,48.0,48.02000045776367,47.02000045776367,47.56999969482422,6075100
2022-08-10,45.49030303955078,48.5,49.290000915527344,48.470001220703125,48.86000061035156,4848400
2022-08-11,45.555965423583984,48.56999969482422,49.52000045776367,48.130001068115234,48.869998931884766,4581900
2022-08-12,46.37197494506836,49.439998626708984,49.47999954223633,48.68000030517578,48.95000076293945,2885800
2022-08-15,45.65913772583008,48.68000030517578,49.2400016784668,48.20000076293945,49.16999816894531,3710000
2022-08-16,46.42824935913086,49.5,50.16999816894531,48.58000183105469,48.689998626708984,5314600
2022-08-17,45.555965423583984,48.56999969482422,49.029998779296875,48.2400016784668,48.88999938964844,3832300
2022-08-18,45.52782440185547,48.540000915527344,48.720001220703125,47.81999969482422,48.38999938964844,3534100
2022-08-19,44.149051666259766,47.06999969482422,48.08000183105469,46.54999923706055,47.849998474121094,4377500
2022-08-22,42.573299407958984,45.38999938964844,46.70000076293945,45.33000183105469,46.70000076293945,4322500
2022-08-23,42.61082077026367,45.43000030517578,46.36000061035156,45.15999984741211,45.31999969482422,4307200
2022-08-24,42.70460891723633,45.529998779296875,46.2599983215332,45.16999816894531,45.22999954223633,4212100
2022-08-25,43.69883346557617,46.59000015258789,46.619998931884766,45.560001373291016,45.72999954223633,3227800
2022-08-26,41.76667022705078,44.529998779296875,47.209999084472656,44.5099983215332,47.029998779296875,3978200
2022-08-29,41.70100784301758,44.459999084472656,44.849998474121094,43.900001525878906,44.2599983215332,4539100
2022-08-30,41.69163131713867,44.45000076293945,45.060001373291016,44.08000183105469,44.869998931884766,4274900
2022-08-31,41.59737014770508,44.130001068115234,44.810001373291016,43.90999984741211,44.689998626708984,7289300
2022-09-01,42.20063781738281,44.77000045776367,44.79999923706055,43.630001068115234,43.9900016784668,4660500
2022-09-02,41.57851791381836,44.11000061035156,45.459999084472656,43.83000183105469,45.189998626708984,4203000
2022-09-06,40.56992721557617,43.040000915527344,44.290000915527344,42.93000030517578,44.220001220703125,6219900
2022-09-07,42.096954345703125,44.65999984741211,44.869998931884766,43.09000015258789,43.150001525878906,4814700
2022-09-08,41.71048355102539,44.25,44.52000045776367,43.560001373291016,44.36000061035156,5945800
2022-09-09,42.51169967651367,45.099998474121094,45.15999984741211,44.27000045776367,44.380001068115234,4264800
2022-09-12,42.907596588134766,45.52000045776367,45.849998474121094,45.11000061035156,45.369998931884766,4737500
2022-09-13,40.33427429199219,42.790000915527344,44.38999938964844,42.61000061035156,44.150001525878906,6326400
2022-09-14,40.126895904541016,42.56999969482422,42.91999816894531,41.880001068115234,42.88999938964844,7176200
2022-09-15,40.211734771728516,42.65999984741211,43.83000183105469,42.43000030517578,42.4900016784668,6821600
2022-09-16,39.58960723876953,42.0,42.13999938964844,41.13999938964844,41.849998474121094,9313600
2022-09-19,38.97691345214844,41.349998474121094,41.869998931884766,41.08000183105469,41.77000045776367,6713000
2022-09-20,37.610130310058594,39.900001525878906,41.040000915527344,39.709999084472656,41.040000915527344,7587800
2022-09-21,36.695796966552734,38.93000030517578,40.310001373291016,38.79999923706055,40.040000915527344,6350400
2022-09-22,36.10195541381836,38.29999923706055,38.93000030517578,38.0099983215332,38.849998474121094,5490500
2022-09-23,35.99826431274414,38.189998626708984,38.220001220703125,37.5,38.029998779296875,5161200
2022-09-26,35.941707611083984,38.130001068115234,39.099998474121094,38.099998474121094,38.15999984741211,5571700
2022-09-27,35.41384506225586,37.56999969482422,38.59000015258789,37.27000045776367,38.52000045776367,5298000
2022-09-28,36.39417266845703,38.61000061035156,38.81999969482422,37.54999923706055,37.599998474121094,4452700
2022-09-29,35.52696228027344,37.689998626708984,38.060001373291016,37.279998779296875,37.959999084472656,4211800
2022-09-30,34.697471618652344,36.810001373291016,37.959999084472656,36.7599983215332,37.40999984741211,5953300
2022-10-03,35.08393478393555,37.220001220703125,37.619998931884766,36.18000030517578,36.939998626708984,8930300
2022-10-04,36.45071792602539,38.66999816894531,39.18000030517578,38.09000015258789,38.11000061035156,8189800
2022-10-05,36.8748893737793,39.119998931884766,39.4900016784668,38.18000030517578,38.25,7290500
2022-10-06,36.6580924987793,38.88999938964844,39.630001068115234,38.84000015258789,38.95000076293945,6471800
2022-10-07,35.394996643066406,37.54999923706055,38.58000183105469,37.41999816894531,38.5099983215332,6731600
2022-10-10,35.40442657470703,37.560001373291016,38.09000015258789,37.290000915527344,37.90999984741211,5192100
2022-10-11,34.829429626464844,36.95000076293945,37.79999923706055,36.619998931884766,37.209999084472656,6222400
2022-10-12,34.999107360839844,37.130001068115234,37.2400016784668,36.61000061035156,36.9900016784668,6324300
2022-10-13,35.78146743774414,37.959999084472656,38.34000015258789,35.91999816894531,36.209999084472656,7866600
2022-10-14,34.95197296142578,37.08000183105469,38.459999084472656,37.0099983215332,38.29999923706055,5716900
2022-10-17,35.67778015136719,37.849998474121094,38.45000076293945,37.790000915527344,38.0099983215332,5976000
2022-10-18,36.29047775268555,38.5,39.31999969482422,38.15999984741211,38.9900016784668,5326500
2022-10-19,35.64007568359375,37.810001373291016,38.63999938964844,37.279998779296875,38.279998779296875,5097700
2022-10-20,35.460975646972656,37.619998931884766,38.65999984741211,37.47999954223633,37.70000076293945,5105200
2022-10-21,36.20564651489258,38.40999984741211,38.45000076293945,37.08000183105469,37.40999984741211,4449300
2022-10-24,36.460140228271484,38.68000030517578,38.81999969482422,37.599998474121094,38.40999984741211,5899100
2022-10-25,36.73350524902344,38.970001220703125,39.119998931884766,38.13999938964844,38.61000061035156,6544200
2022-10-26,37.299072265625,39.56999969482422,40.560001373291016,38.91999816894531,38.9900016784668,5856200
2022-10-27,37.56300354003906,39.849998474121094,40.630001068115234,39.619998931884766,39.70000076293945,6130400
2022-10-28,38.00602722167969,40.31999969482422,40.40999984741211,38.47999954223633,38.79999923706055,7750500
2022-10-31,37.5535774230957,39.84000015258789,40.61000061035156,39.41999816894531,40.349998474121094,6860700
2022-11-01,37.52530288696289,39.810001373291016,40.84000015258789,39.29999923706055,40.52000045776367,4960300
2022-11-02,35.875728607177734,38.060001373291016,40.0,38.0099983215332,39.91999816894531,8531900
2022-11-03,36.592105865478516,38.81999969482422,40.93000030517578,38.40999984741211,39.90999984741211,14052700
2022-11-04,37.7703742980957,40.06999969482422,40.779998779296875,39.029998779296875,39.470001220703125,7329900
2022-11-07,38.25110626220703,40.58000183105469,40.65999984741211,39.369998931884766,40.369998931884766,5258300
2022-11-08,39.21256637573242,41.599998474121094,42.2400016784668,40.220001220703125,40.58000183105469,7889100
2022-11-09,38.24168395996094,40.56999969482422,41.459999084472656,40.4900016784668,41.349998474121094,5208100
2022-11-10,42.096954345703125,44.65999984741211,44.79999923706055,42.2599983215332,42.4900016784668,9206000
2022-11-11,43.84077835083008,46.5099983215332,46.9900016784668,44.7400016784668,45.0,7298800
2022-11-14,43.27521514892578,45.90999984741211,46.88999938964844,45.849998474121094,46.34000015258789,6188100
2022-11-15,44.32150650024414,47.02000045776367,47.130001068115234,46.029998779296875,47.06999969482422,5466800
2022-11-16,42.87931823730469,45.4900016784668,46.459999084472656,45.310001373291016,46.279998779296875,5263300
2022-11-17,42.860469818115234,45.470001220703125,45.650001525878906,44.56999969482422,44.65999984741211,3617200
2022-11-18,43.058414459228516,45.68000030517578,46.150001525878906,45.25,46.119998931884766,3792000
2022-11-21,42.16293716430664,44.72999954223633,45.599998474121094,44.540000915527344,45.36000061035156,4096100
2022-11-22,42.539981842041016,45.130001068115234,45.15999984741211,44.40999984741211,44.880001068115234,3817000
2022-11-23,42.63424301147461,45.22999954223633,45.779998779296875,45.11000061035156,45.349998474121094,4981600
2022-11-25,42.45514678955078,45.040000915527344,45.209999084472656,44.560001373291016,44.66999816894531,2329800
2022-11-28,41.78589630126953,44.33000183105469,45.38999938964844,44.25,45.0,5878400
2022-11-29,41.25803756713867,43.77000045776367,44.65999984741211,43.619998931884766,44.599998474121094,4421400
2022-11-30,43.048561096191406,45.439998626708984,45.630001068115234,43.529998779296875,43.84000015258789,8882300
2022-12-01,42.783302307128906,45.15999984741211,46.09000015258789,45.04999923706055,45.36000061035156,4785600
2022-12-02,42.821197509765625,45.20000076293945,45.45000076293945,44.380001068115234,44.810001373291016,4338000
2022-12-05,41.627498626708984,43.939998626708984,44.91999816894531,43.81999969482422,44.849998474121094,4641100
2022-12-06,41.06855773925781,43.349998474121094,43.81999969482422,42.7400016784668,43.72999954223633,8691500
2022-12-07,40.88855743408203,43.15999984741211,43.91999816894531,42.959999084472656,43.099998474121094,5533200
2022-12-08,41.57066345214844,43.880001068115234,44.15999984741211,43.2599983215332,43.5,3855000
2022-12-09,41.343284606933594,43.63999938964844,44.04999923706055,43.310001373291016,43.529998779296875,4083600
2022-12-12,41.4190788269043,43.720001220703125,43.72999954223633,43.09000015258789,43.70000076293945,4238100
2022-12-13,41.4190788269043,43.720001220703125,45.86000061035156,43.31999969482422,45.36000061035156,5656600
2022-12-14,41.447509765625,43.75,44.290000915527344,42.900001525878906,43.61000061035156,5659400
2022-12-15,40.064334869384766,42.290000915527344,43.150001525878906,42.0099983215332,43.060001373291016,5167300
2022-12-16,38.84223175048828,41.0,42.150001525878906,40.619998931884766,42.040000915527344,14561000
2022-12-19,39.16434097290039,41.34000015258789,41.40999984741211,40.63999938964844,41.08000183105469,7817400
2022-12-20,38.81381607055664,40.970001220703125,41.470001220703125,40.650001525878906,41.439998626708984,4273300
2022-12-21,39.10749816894531,41.279998779296875,41.5,41.0099983215332,41.27000045776367,4050000
2022-12-22,38.008544921875,40.119998931884766,40.720001220703125,39.47999954223633,40.630001068115234,3930500
2022-12-23,38.055908203125,40.16999816894531,40.33000183105469,39.529998779296875,39.86000061035156,2421200
2022-12-27,37.97065734863281,40.08000183105469,40.369998931884766,39.70000076293945,40.11000061035156,3953700
2022-12-28,37.81907272338867,39.91999816894531,40.400001525878906,39.7599983215332,40.060001373291016,3551000
2022-12-29,39.61906814575195,41.81999969482422,41.91999816894531,40.06999969482422,40.27000045776367,6385400
2022-12-30,39.28749084472656,41.470001220703125,41.4900016784668,40.97999954223633,41.2400016784668,4430300
2023-01-03,39.931705474853516,42.150001525878906,42.65999984741211,41.540000915527344,42.08000183105469,4494900
2023-01-04,40.822242736816406,43.09000015258789,43.34000015258789,42.279998779296875,42.790000915527344,3743500
2023-01-05,40.83170700073242,43.099998474121094,43.36000061035156,42.529998779296875,43.0099983215332,3748100
2023-01-06,42.73592758178711,45.11000061035156,45.45000076293945,43.060001373291016,43.619998931884766,5293700
2023-01-09,41.22960662841797,43.52000045776367,45.439998626708984,43.439998626708984,44.7599983215332,7096400
2023-01-10,42.71698760986328,45.09000015258789,45.130001068115234,43.31999969482422,43.31999969482422,4432600
2023-01-11,44.156986236572266,46.61000061035156,46.689998626708984,45.52000045776367,45.689998626708984,5456800
2023-01-12,43.98645782470703,46.43000030517578,46.79999923706055,45.81999969482422,46.72999954223633,3812200
2023-01-13,43.82540512084961,46.2599983215332,46.29999923706055,45.439998626708984,45.720001220703125,3128400
2023-01-17,44.30856704711914,46.77000045776367,47.11000061035156,46.04999923706055,46.22999954223633,5214200
2023-01-18,43.56013870239258,45.97999954223633,47.400001525878906,45.959999084472656,47.0,3429500
2023-01-19,43.14330291748047,45.540000915527344,45.93000030517578,44.939998626708984,45.650001525878906,5616300
2023-01-20,44.20436096191406,46.65999984741211,46.72999954223633,45.540000915527344,45.7599983215332,3435000
2023-01-23,45.1517219543457,47.65999984741211,47.84000015258789,46.56999969482422,46.939998626708984,3254700
2023-01-24,44.23277282714844,46.689998626708984,47.41999816894531,46.5099983215332,47.279998779296875,4864400
2023-01-25,46.354888916015625,48.93000030517578,49.06999969482422,46.31999969482422,46.470001220703125,5955700
2023-01-26,46.57278060913086,49.15999984741211,49.470001220703125,48.15999984741211,49.459999084472656,4153100
2023-01-27,46.421207427978516,49.0,49.70000076293945,48.880001068115234,48.970001220703125,3901300
2023-01-30,46.316993713378906,48.88999938964844,49.88999938964844,48.310001373291016,48.31999969482422,4066900
2023-01-31,46.894893646240234,49.5,49.54999923706055,48.79999923706055,48.90999984741211,4325300
2023-02-01,47.747528076171875,50.400001525878906,50.75,48.689998626708984,49.2599983215332,4565200
2023-02-02,48.94121170043945,51.65999984741211,52.22999954223633,50.689998626708984,50.75,6390000
2023-02-03,47.99384307861328,50.65999984741211,51.310001373291016,50.11000061035156,50.310001373291016,3808200
2023-02-06,47.34962844848633,49.97999954223633,50.400001525878906,49.650001525878906,50.029998779296875,3141600
2023-02-07,47.529632568359375,50.16999816894531,50.369998931884766,49.06999969482422,49.77000045776367,3538100
2023-02-08,46.57278060913086,49.15999984741211,50.0,48.83000183105469,49.599998474121094,3429700
2023-02-09,45.84331130981445,48.38999938964844,49.849998474121094,48.150001525878906,49.75,3072400
2023-02-10,45.549617767333984,48.08000183105469,48.33000183105469,47.650001525878906,48.08000183105469,3745100
2023-02-13,46.354888916015625,48.93000030517578,49.02000045776367,47.91999816894531,48.20000076293945,4744300
2023-02-14,46.23173141479492,48.79999923706055,49.189998626708984,48.209999084472656,48.72999954223633,3919700
2023-02-15,47.03699493408203,49.650001525878906,49.65999984741211,48.209999084472656,48.40999984741211,3708100
2023-02-16,46.09909439086914,48.65999984741211,49.189998626708984,48.290000915527344,48.619998931884766,3760400
2023-02-17,45.70120620727539,48.2400016784668,48.70000076293945,47.75,48.560001373291016,5511900
2023-02-21,45.36962890625,47.88999938964844,48.810001373291016,47.81999969482422,47.88999938964844,5947900
2023-02-22,45.331729888916016,47.849998474121094,48.33000183105469,47.400001525878906,48.119998931884766,7391900
2023-02-23,42.96329879760742,45.349998474121094,45.88999938964844,43.709999084472656,45.40999984741211,12458900
2023-02-24,42.698036193847656,45.06999969482422,45.25,44.310001373291016,44.709999084472656,5795000
2023-02-27,43.38962173461914,45.79999923706055,45.849998474121094,45.08000183105469,45.31999969482422,5187700
2023-02-28,43.484352111816406,45.900001525878906,46.310001373291016,45.58000183105469,45.709999084472656,5338800
2023-03-01,43.342254638671875,45.75,46.27000045776367,45.380001068115234,45.68000030517578,4236400
2023-03-02,43.18120193481445,45.58000183105469,45.7400016784668,45.310001373291016,45.5,4142300
2023-03-03,43.61698532104492,46.040000915527344,46.2400016784668,45.810001373291016,45.93000030517578,3744200
2023-03-06,42.39487838745117,44.75,46.099998474121094,44.63999938964844,45.95000076293945,5972800
2023-03-07,41.66539764404297,43.97999954223633,45.09000015258789,43.83000183105469,44.86000061035156,5326600
2023-03-08,41.9306640625,44.2599983215332,44.34000015258789,43.15999984741211,43.849998474121094,6096600
2023-03-09,40.92074966430664,42.95000076293945,44.279998779296875,42.91999816894531,44.02000045776367,4091600
2023-03-10,40.05374526977539,42.040000915527344,42.869998931884766,41.66999816894531,42.75,4526700
2023-03-13,39.148624420166016,41.09000015258789,41.880001068115234,41.02000045776367,41.619998931884766,5946300
2023-03-14,39.2153205871582,41.15999984741211,41.95000076293945,40.619998931884766,41.779998779296875,6368400
2023-03-15,38.88185501098633,40.810001373291016,40.939998626708984,40.130001068115234,40.4900016784668,5740600
2023-03-16,39.49161148071289,41.45000076293945,41.619998931884766,40.22999954223633,40.279998779296875,6022400
2023-03-17,40.07279586791992,42.060001373291016,42.310001373291016,40.939998626708984,41.150001525878906,11506800
2023-03-20,41.00649642944336,43.040000915527344,43.470001220703125,42.0,42.099998474121094,6199700
2023-03-21,41.682945251464844,43.75,43.97999954223633,43.099998474121094,43.13999938964844,6122800
2023-03-22,40.83500289916992,42.86000061035156,44.09000015258789,42.83000183105469,43.59000015258789,5087900
2023-03-23,40.444366455078125,42.45000076293945,43.20000076293945,42.02000045776367,43.09000015258789,4808700
2023-03-24,40.644447326660156,42.65999984741211,42.86000061035156,41.65999984741211,42.209999084472656,4541800
2023-03-27,40.5872802734375,42.599998474121094,43.02000045776367,42.54999923706055,42.77000045776367,4040300
2023-03-28,40.84452438354492,42.869998931884766,43.0,42.560001373291016,42.720001220703125,2827200
2023-03-29,41.56861877441406,43.630001068115234,43.66999816894531,43.20000076293945,43.20000076293945,3588000
2023-03-30,41.835384368896484,43.90999984741211,44.33000183105469,43.630001068115234,44.15999984741211,3459600
2023-03-31,42.27365493774414,44.369998931884766,44.41999816894531,43.7400016784668,44.08000183105469,4053600
2023-04-03,42.187904357910156,44.279998779296875,44.349998474121094,43.84000015258789,44.150001525878906,3539700
2023-04-04,42.23554611206055,44.33000183105469,44.630001068115234,43.83000183105469,44.630001068115234,3509200
2023-04-05,41.77822494506836,43.849998474121094,44.2599983215332,43.70000076293945,44.25,3836500
2023-04-06,41.511451721191406,43.56999969482422,43.83000183105469,43.2400016784668,43.63999938964844,3629600
2023-04-10,41.3494873046875,43.400001525878906,43.66999816894531,43.09000015258789,43.09000015258789,3279500
2023-04-11,41.44475555419922,43.5,43.720001220703125,43.02000045776367,43.290000915527344,3668600
2023-04-12,40.75877380371094,42.779998779296875,44.11000061035156,42.4900016784668,43.959999084472656,4312300
2023-04-13,41.54956817626953,43.61000061035156,43.619998931884766,42.86000061035156,42.970001220703125,3875600
2023-04-14,41.47333908081055,43.529998779296875,44.15999984741211,43.13999938964844,43.540000915527344,3603700
2023-04-17,41.711524963378906,43.779998779296875,44.0,43.45000076293945,44.0,3693300
2023-04-18,41.95924758911133,44.040000915527344,44.400001525878906,43.86000061035156,44.13999938964844,3709800
2023-04-19,41.644832611083984,43.709999084472656,44.150001525878906,43.529998779296875,43.849998474121094,4043300
2023-04-20,41.33043670654297,43.380001068115234,43.709999084472656,43.220001220703125,43.349998474121094,3624400
2023-04-21,41.073184967041016,43.11000061035156,43.369998931884766,42.7599983215332,43.369998931884766,3139200
2023-04-24,41.78774642944336,43.86000061035156,44.13999938964844,43.18000030517578,43.279998779296875,4216500
2023-04-25,41.930660247802734,44.0099983215332,44.18000030517578,43.54999923706055,43.58000183105469,5938300
2023-04-26,41.311370849609375,43.36000061035156,44.43000030517578,43.220001220703125,43.5,8552700
2023-04-27,43.407440185546875,45.560001373291016,45.86000061035156,44.040000915527344,45.13999938964844,11144600
2023-04-28,44.236328125,46.43000030517578,46.66999816894531,45.38999938964844,45.52000045776367,6704800
2023-05-01,43.50270080566406,45.65999984741211,46.349998474121094,45.40999984741211,46.02000045776367,4220800
2023-05-02,42.988216400146484,45.119998931884766,45.65999984741211,44.52000045776367,45.61000061035156,4035100
2023-05-03,42.65475845336914,44.77000045776367,45.77000045776367,44.61000061035156,45.290000915527344,4686200
2023-05-04,42.28318786621094,44.380001068115234,44.97999954223633,44.279998779296875,44.970001220703125,3301500
2023-05-05,43.474124908447266,45.630001068115234,45.709999084472656,44.630001068115234,44.720001220703125,5206400
2023-05-08,44.0267219543457,46.209999084472656,46.34000015258789,45.470001220703125,45.790000915527344,3781700
2023-05-09,43.64562225341797,45.810001373291016,46.380001068115234,45.52000045776367,45.90999984741211,3785000
2023-05-10,43.65514373779297,45.81999969482422,46.349998474121094,45.2400016784668,46.209999084472656,4297800
2023-05-11,43.617034912109375,45.779998779296875,45.900001525878906,45.470001220703125,45.83000183105469,3847500
2023-05-12,42.78813552856445,44.90999984741211,45.83000183105469,44.63999938964844,45.70000076293945,3690400
2023-05-15,42.99775314331055,45.130001068115234,45.47999954223633,44.560001373291016,44.90999984741211,4196500
2023-05-16,40.996971130371094,43.029998779296875,44.619998931884766,43.02000045776367,44.619998931884766,5570900
2023-05-17,41.80680465698242,43.880001068115234,43.959999084472656,42.959999084472656,43.060001373291016,4442500
2023-05-18,42.03546142578125,44.119998931884766,44.18000030517578,43.439998626708984,43.810001373291016,3240800
2023-05-19,41.42570114135742,43.47999954223633,44.189998626708984,43.150001525878906,44.09000015258789,4278000
2023-05-22,42.03546142578125,44.119998931884766,44.22999954223633,43.75,43.91999816894531,4693200
2023-05-23,41.711524963378906,43.779998779296875,44.18000030517578,43.150001525878906,44.0,4139000
2023-05-24,41.25421142578125,43.29999923706055,44.0099983215332,43.040000915527344,43.959999084472656,3486900
2023-05-25,41.559085845947266,43.619998931884766,43.68000030517578,42.93000030517578,43.09000015258789,6799900
2023-05-26,42.26412582397461,44.36000061035156,44.54999923706055,43.52000045776367,43.560001373291016,5128400
2023-05-30,41.559085845947266,43.619998931884766,44.47999954223633,43.34000015258789,44.25,4906600
2023-05-31,40.76374435424805,42.540000915527344,43.2599983215332,42.0099983215332,43.2599983215332,7695800
2023-06-01,41.45368576049805,43.2599983215332,43.59000015258789,42.529998779296875,42.79999923706055,5235300
2023-06-02,42.536502838134766,44.38999938964844,44.47999954223633,43.27000045776367,43.33000183105469,4641600
2023-06-05,43.39891815185547,45.290000915527344,45.34000015258789,44.290000915527344,44.77000045776367,5661800
2023-06-06,43.293514251708984,45.18000030517578,45.369998931884766,44.84000015258789,45.220001220703125,4537600
2023-06-07,43.178524017333984,45.060001373291016,45.77000045776367,44.849998474121094,45.2400016784668,5663700
2023-06-08,43.70556640625,45.61000061035156,46.060001373291016,45.349998474121094,45.54999923706055,5308400
2023-06-09,43.89720916748047,45.810001373291016,46.540000915527344,45.63999938964844,45.63999938964844,5049500
2023-06-12,43.236019134521484,45.119998931884766,45.91999816894531,45.02000045776367,45.849998474121094,6150600
2023-06-13,43.61931610107422,45.52000045776367,45.619998931884766,45.0099983215332,45.29999923706055,4215700
2023-06-14,43.1881103515625,45.06999969482422,45.709999084472656,44.63999938964844,45.59000015258789,4655100
2023-06-15,43.715145111083984,45.619998931884766,45.70000076293945,44.380001068115234,44.939998626708984,5059700
2023-06-16,43.178524017333984,45.060001373291016,45.75,44.91999816894531,45.61000061035156,8591400
2023-06-20,42.96771240234375,44.84000015258789,45.47999954223633,44.619998931884766,44.93000030517578,4175500
2023-06-21,42.258609771728516,44.099998474121094,44.81999969482422,44.08000183105469,44.81999969482422,3745700
2023-06-22,42.038211822509766,43.869998931884766,44.150001525878906,43.61000061035156,44.150001525878906,3621500
2023-06-23,41.55908966064453,43.369998931884766,43.79999923706055,43.11000061035156,43.47999954223633,6234800
2023-06-26,41.64533233642578,43.459999084472656,43.7599983215332,43.2599983215332,43.459999084472656,3551500
2023-06-27,42.613162994384766,44.470001220703125,44.54999923706055,43.47999954223633,43.58000183105469,4758900
2023-06-28,42.96771240234375,44.84000015258789,44.849998474121094,44.2400016784668,44.43000030517578,4186200
2023-06-29,42.73773193359375,44.599998474121094,44.90999984741211,44.33000183105469,44.90999984741211,3278400
2023-06-30,42.823974609375,44.689998626708984,45.130001068115234,44.290000915527344,45.0,5212100
2023-07-03,43.3414306640625,45.22999954223633,45.83000183105469,44.599998474121094,44.65999984741211,2771300
2023-07-05,43.14977264404297,45.029998779296875,45.27000045776367,44.630001068115234,45.22999954223633,3394000
2023-07-06,42.01905059814453,43.849998474121094,44.45000076293945,43.54999923706055,44.27000045776367,4572500
2023-07-07,42.41192626953125,44.2599983215332,44.56999969482422,43.68000030517578,43.689998626708984,4252800
2023-07-10,43.7630500793457,45.66999816894531,45.7599983215332,44.119998931884766,44.130001068115234,4703700
2023-07-11,44.94169235229492,46.900001525878906,47.349998474121094,45.959999084472656,46.0,4998800
2023-07-12,44.47215270996094,46.40999984741211,47.529998779296875,46.33000183105469,47.5,4969600
2023-07-13,44.20383834838867,46.130001068115234,46.810001373291016,46.08000183105469,46.720001220703125,4172600
2023-07-14,44.55839920043945,46.5,46.720001220703125,45.81999969482422,46.04999923706055,4132100
2023-07-17,45.21958923339844,47.189998626708984,47.369998931884766,45.959999084472656,46.060001373291016,5192400
2023-07-18,46.024505615234375,48.029998779296875,48.09000015258789,46.91999816894531,46.91999816894531,5550100
2023-07-19,46.982757568359375,49.029998779296875,49.099998474121094,47.959999084472656,48.220001220703125,6063200
2023-07-20,46.80069351196289,48.84000015258789,48.959999084472656,48.02000045776367,48.779998779296875,9336800
2023-07-21,46.321571350097656,48.34000015258789,49.349998474121094,48.310001373291016,49.209999084472656,10663500
2023-07-24,46.89651107788086,48.939998626708984,48.970001220703125,48.13999938964844,48.400001525878906,4705500
2023-07-25,46.29281997680664,48.310001373291016,49.47999954223633,48.08000183105469,49.06999969482422,6411300
2023-07-26,46.762359619140625,48.79999923706055,48.869998931884766,48.11000061035156,48.11000061035156,6636800
2023-07-27,41.836978912353516,43.65999984741211,46.06999969482422,43.29999923706055,45.560001373291016,15740800
2023-07-28,43.130611419677734,45.0099983215332,45.84000015258789,43.970001220703125,43.97999954223633,9570100
2023-07-31,42.6514892578125,44.5099983215332,45.63999938964844,44.349998474121094,45.13999938964844,8017600
2023-08-01,41.74115753173828,43.560001373291016,44.36000061035156,43.54999923706055,44.150001525878906,4807600
2023-08-02,41.93280029296875,43.7599983215332,43.900001525878906,42.810001373291016,43.15999984741211,5540000
2023-08-03,41.7890739440918,43.61000061035156,43.869998931884766,43.31999969482422,43.58000183105469,3928800
2023-08-04,41.25244903564453,43.04999923706055,43.939998626708984,42.95000076293945,43.65999984741211,3951400
2023-08-07,42.01905059814453,43.849998474121094,43.91999816894531,42.86000061035156,43.33000183105469,4230800
2023-08-08,41.70282745361328,43.52000045776367,43.58000183105469,42.52000045776367,43.279998779296875,3910600
2023-08-09,41.84656524658203,43.66999816894531,44.0,43.34000015258789,43.709999084472656,3942700
2023-08-10,41.48242950439453,43.290000915527344,44.2599983215332,43.04999923706055,44.15999984741211,3126100
2023-08-11,42.64190673828125,44.5,44.59000015258789,43.34000015258789,43.36000061035156,6826900
2023-08-14,42.191532135009766,44.029998779296875,44.349998474121094,43.689998626708984,44.209999084472656,4229900
2023-08-15,41.76032257080078,43.58000183105469,43.68000030517578,42.939998626708984,43.619998931884766,4240500
2023-08-16,41.1374626159668,42.93000030517578,43.5,42.790000915527344,43.470001220703125,4181800
2023-08-17,41.15663146972656,42.95000076293945,43.38999938964844,42.75,43.310001373291016,3892000
2023-08-18,41.19495391845703,42.9900016784668,43.279998779296875,42.22999954223633,42.58000183105469,3801000
2023-08-21,41.24287414550781,43.040000915527344,43.2599983215332,42.7599983215332,42.9900016784668,3385900
2023-08-22,41.46326446533203,43.27000045776367,43.560001373291016,43.040000915527344,43.09000015258789,3869700
2023-08-23,42.06696319580078,43.900001525878906,44.20000076293945,43.25,43.279998779296875,5024600
2023-08-24,41.33869552612305,43.13999938964844,44.2400016784668,43.11000061035156,43.869998931884766,4477100
2023-08-25,41.76990509033203,43.59000015258789,44.349998474121094,43.380001068115234,43.72999954223633,7250700
2023-08-28,42.038211822509766,43.869998931884766,44.04999923706055,43.54999923706055,43.88999938964844,4203100
2023-08-29,42.46942901611328,44.31999969482422,44.70000076293945,43.91999816894531,44.0099983215332,4135100
2023-08-30,42.8814697265625,44.75,44.869998931884766,44.2599983215332,44.31999969482422,3595300
2023-08-31,43.151275634765625,44.779998779296875,45.34000015258789,44.54999923706055,44.599998474121094,7844400
2023-09-01,43.45964050292969,45.099998474121094,45.540000915527344,44.869998931884766,45.209999084472656,4176400
2023-09-05,42.679107666015625,44.290000915527344,44.880001068115234,44.040000915527344,44.880001068115234,5668100
2023-09-06,42.51529312133789,44.119998931884766,44.31999969482422,43.43000030517578,44.16999816894531,4617300
2023-09-07,41.55165481567383,43.119998931884766,43.709999084472656,42.810001373291016,43.63999938964844,5296000
2023-09-08,41.85038375854492,43.43000030517578,43.47999954223633,42.84000015258789,42.91999816894531,4208600
2023-09-11,41.92747116088867,43.5099983215332,43.939998626708984,43.43000030517578,43.70000076293945,3848800
2023-09-12,41.92747116088867,43.5099983215332,43.97999954223633,43.31999969482422,43.400001525878906,4788300
2023-09-13,42.120201110839844,43.709999084472656,43.970001220703125,43.43000030517578,43.689998626708984,3583700
2023-09-14,42.74656295776367,44.36000061035156,44.459999084472656,43.720001220703125,43.970001220703125,4078400
2023-09-15,42.93928527832031,44.560001373291016,44.79999923706055,44.27000045776367,44.459999084472656,7598200
2023-09-18,42.312931060791016,43.90999984741211,44.459999084472656,43.810001373291016,44.34000015258789,4580500
2023-09-19,42.03347396850586,43.619998931884766,44.09000015258789,43.41999816894531,43.630001068115234,4308500
2023-09-20,42.100929260253906,43.689998626708984,44.540000915527344,43.66999816894531,43.7400016784668,4127600
2023-09-21,42.32256317138672,43.91999816894531,45.209999084472656,42.849998474121094,43.380001068115234,13887000
2023-09-22,41.56129837036133,43.130001068115234,44.84000015258789,43.0,44.22999954223633,8277900
2023-09-25,42.2262077331543,43.81999969482422,43.93000030517578,42.56999969482422,42.849998474121094,3948800
2023-09-26,41.908206939697266,43.4900016784668,44.2400016784668,43.38999938964844,43.54999923706055,5353400
2023-09-27,41.330020904541016,42.88999938964844,43.7599983215332,42.40999984741211,43.560001373291016,5225600
2023-09-28,42.06238555908203,43.650001525878906,43.88999938964844,42.720001220703125,42.72999954223633,4114900
2023-09-29,42.48637771606445,44.09000015258789,44.599998474121094,43.90999984741211,44.09000015258789,4798600
2023-10-02,41.96602249145508,43.54999923706055,44.040000915527344,43.310001373291016,43.90999984741211,3622900
2023-10-03,40.96384811401367,42.5099983215332,43.75,42.349998474121094,43.22999954223633,3673200
2023-10-04,41.378204345703125,42.939998626708984,43.06999969482422,42.540000915527344,42.560001373291016,3875300
2023-10-05,41.060218811035156,42.61000061035156,43.130001068115234,42.119998931884766,43.09000015258789,4116500
2023-10-06,41.44565963745117,43.0099983215332,43.33000183105469,42.220001220703125,42.220001220703125,4459000
2023-10-09,41.773292541503906,43.349998474121094,43.63999938964844,42.63999938964844,42.63999938964844,4220200
2023-10-10,41.93711471557617,43.52000045776367,43.81999969482422,43.27000045776367,43.47999954223633,5265000
2023-10-11,41.48420333862305,43.04999923706055,43.65999984741211,42.779998779296875,43.5099983215332,7473700
2023-10-12,41.07948303222656,42.630001068115234,43.130001068115234,42.0,43.130001068115234,5200500
2023-10-13,40.27003479003906,41.790000915527344,42.61000061035156,41.27000045776367,42.540000915527344,7025700
2023-10-16,40.9253044128418,42.470001220703125,42.619998931884766,41.880001068115234,42.13999938964844,4359900
2023-10-17,41.012027740478516,42.560001373291016,42.84000015258789,41.93000030517578,42.029998779296875,3584600
2023-10-18,40.36640167236328,41.88999938964844,42.540000915527344,41.709999084472656,42.439998626708984,4796500
2023-10-19,39.643680572509766,41.13999938964844,42.06999969482422,40.959999084472656,41.7599983215332,4586100
2023-10-20,39.27749252319336,40.7599983215332,41.15999984741211,40.689998626708984,41.15999984741211,4468900
2023-10-23,38.708953857421875,40.16999816894531,40.7599983215332,40.130001068115234,40.45000076293945,4857600
2023-10-24,39.4991340637207,40.9900016784668,41.119998931884766,40.5,40.5099983215332,4305400
2023-10-25,37.870601654052734,39.29999923706055,40.7599983215332,39.209999084472656,40.720001220703125,5471700
2023-10-26,36.964786529541016,38.36000061035156,39.52000045776367,38.22999954223633,39.209999084472656,5881300
2023-10-27,36.60824203491211,37.9900016784668,38.65999984741211,37.93000030517578,38.349998474121094,5112000
2023-10-30,37.23460388183594,38.63999938964844,38.7599983215332,38.0099983215332,38.400001525878906,4715600
2023-10-31,37.80314636230469,39.22999954223633,39.31999969482422,38.4900016784668,38.689998626708984,6287900
2023-11-01,37.30206298828125,38.709999084472656,39.209999084472656,38.220001220703125,39.13999938964844,6530000
2023-11-02,37.57188034057617,38.9900016784668,39.22999954223633,38.2400016784668,39.150001525878906,6534500
2023-11-03,39.06549835205078,40.540000915527344,40.720001220703125,39.5099983215332,39.619998931884766,6422100
2023-11-06,38.89204406738281,40.36000061035156,40.97999954223633,40.029998779296875,40.63999938964844,6439200
2023-11-07,39.28713607788086,40.77000045776367,40.83000183105469,40.150001525878906,40.5099983215332,9193500
2023-11-08,38.49695587158203,39.95000076293945,40.0,37.16999816894531,37.279998779296875,18084300
2023-11-09,38.47768783569336,39.93000030517578,40.88999938964844,39.79999923706055,40.290000915527344,9425200
2023-11-10,38.40059280395508,39.849998474121094,40.0,39.349998474121094,39.939998626708984,6277600
2023-11-13,37.321327209472656,38.72999954223633,39.84000015258789,38.599998474121094,39.630001068115234,7650000
2023-11-14,38.87277603149414,40.34000015258789,40.5099983215332,39.529998779296875,39.599998474121094,6885900
2023-11-15,39.1425895690918,40.619998931884766,41.41999816894531,40.45000076293945,40.47999954223633,6825600
2023-11-16,38.71859359741211,40.18000030517578,40.720001220703125,39.70000076293945,40.52000045776367,7486200
2023-11-17,38.6800537109375,40.13999938964844,40.619998931884766,39.81999969482422,40.5,5165300
2023-11-20,38.0151481628418,39.45000076293945,40.13999938964844,39.20000076293945,40.0099983215332,8480500
2023-11-21,38.920955657958984,40.38999938964844,40.439998626708984,38.97999954223633,39.2599983215332,11049900
2023-11-22,40.125492095947266,41.63999938964844,41.86000061035156,40.5,40.529998779296875,8619000
2023-11-24,39.9713134765625,41.47999954223633,41.790000915527344,41.279998779296875,41.66999816894531,2606500
2023-11-27,39.84603500366211,41.349998474121094,41.58000183105469,40.75,41.34000015258789,4966800
2023-11-28,39.63404083251953,41.130001068115234,41.560001373291016,40.93000030517578,40.970001220703125,6503500
2023-11-29,39.161861419677734,40.63999938964844,41.43000030517578,40.58000183105469,41.369998931884766,7352700
2023-11-30,39.763004302978516,41.0099983215332,41.029998779296875,40.18000030517578,40.65999984741211,11506800
2023-12-01,40.46111297607422,41.72999954223633,41.88999938964844,40.599998474121094,40.9900016784668,6022400
2023-12-04,40.354454040527344,41.619998931884766,42.08000183105469,41.38999938964844,41.56999969482422,5197500
2023-12-05,40.218719482421875,41.47999954223633,41.7599983215332,40.9900016784668,41.29999923706055,4517900
2023-12-06,40.209022521972656,41.470001220703125,42.209999084472656,41.439998626708984,41.720001220703125,4736800
2023-12-07,40.218719482421875,41.47999954223633,41.7400016784668,41.34000015258789,41.68000030517578,3940300
2023-12-08,40.03449630737305,41.290000915527344,41.720001220703125,41.15999984741211,41.36000061035156,7243400
2023-12-11,40.490196228027344,41.7599983215332,42.119998931884766,40.630001068115234,40.7400016784668,7045400
2023-12-12,39.85997009277344,41.11000061035156,41.790000915527344,40.90999984741211,41.77000045776367,5839900
2023-12-13,40.68411636352539,41.959999084472656,41.97999954223633,40.7400016784668,41.02000045776367,6610400
2023-12-14,41.35314178466797,42.650001525878906,42.72999954223633,41.9900016784668,42.29999923706055,9011200
2023-12-15,40.480506896972656,41.75,42.93000030517578,41.65999984741211,42.72999954223633,43483600
2023-12-18,41.227088928222656,42.52000045776367,42.810001373291016,41.52000045776367,41.529998779296875,6687300
2023-12-19,42.342124938964844,43.66999816894531,44.27000045776367,42.56999969482422,42.65999984741211,7351000
2023-12-20,41.6731071472168,42.97999954223633,43.81999969482422,42.83000183105469,43.400001525878906,5761900
2023-12-21,42.400299072265625,43.72999954223633,43.7599983215332,43.06999969482422,43.33000183105469,3238300
2023-12-22,42.48756790161133,43.81999969482422,44.06999969482422,43.45000076293945,43.560001373291016,3330300
2023-12-26,42.157901763916016,43.47999954223633,43.84000015258789,43.2599983215332,43.81999969482422,3361100
2023-12-27,42.060943603515625,43.380001068115234,43.65999984741211,43.099998474121094,43.52000045776367,2623100
2023-12-28,42.14820861816406,43.470001220703125,43.599998474121094,43.119998931884766,43.369998931884766,2767600
2023-12-29,42.29364013671875,43.619998931884766,43.81999969482422,43.36000061035156,43.41999816894531,4681700
2024-01-02,42.53603744506836,43.869998931884766,44.20000076293945,43.20000076293945,43.2599983215332,5369300
2024-01-03,42.22576904296875,43.54999923706055,44.09000015258789,42.959999084472656,43.630001068115234,6358100
2024-01-04,41.23678970336914,42.529998779296875,43.59000015258789,42.40999984741211,43.529998779296875,4778500
2024-01-05,41.48888397216797,42.790000915527344,43.08000183105469,42.38999938964844,42.529998779296875,3140300
2024-01-08,41.53736877441406,42.84000015258789,42.97999954223633,42.40999984741211,42.97999954223633,4109400
2024-01-09,40.858642578125,42.13999938964844,42.68000030517578,41.959999084472656,42.290000915527344,4937400
2024-01-10,41.26587677001953,42.560001373291016,42.709999084472656,41.939998626708984,42.11000061035156,3755100
2024-01-11,40.596858978271484,41.869998931884766,42.540000915527344,41.4900016784668,42.5099983215332,4618500
2024-01-12,39.95692825317383,41.209999084472656,42.06999969482422,41.060001373291016,41.959999084472656,5691000
2024-01-16,39.46243667602539,40.70000076293945,40.95000076293945,40.15999984741211,40.81999969482422,6455400
2024-01-17,39.433349609375,40.66999816894531,40.880001068115234,40.279998779296875,40.56999969482422,6416400
2024-01-18,39.54969787597656,40.790000915527344,40.880001068115234,40.34000015258789,40.630001068115234,5751400
2024-01-19,39.87936019897461,41.130001068115234,41.36000061035156,40.5,41.029998779296875,4361500
2024-01-22,39.81148910522461,41.060001373291016,41.689998626708984,40.880001068115234,41.310001373291016,5559400
2024-01-23,40.15084457397461,41.40999984741211,41.880001068115234,41.18000030517578,41.45000076293945,5059600
2024-01-24,40.344764709472656,41.61000061035156,42.88999938964844,41.310001373291016,42.619998931884766,8647100
2024-01-25,40.87804412841797,42.15999984741211,42.189998626708984,41.2599983215332,41.900001525878906,6080200
2024-01-26,41.39192581176758,42.689998626708984,42.709999084472656,42.130001068115234,42.130001068115234,5936600
2024-01-29,41.324058532714844,42.619998931884766,42.790000915527344,42.029998779296875,42.689998626708984,4687400
2024-01-30,40.6744270324707,41.95000076293945,42.40999984741211,41.91999816894531,42.380001068115234,5073300
2024-01-31,39.82118225097656,41.06999969482422,42.02000045776367,40.970001220703125,41.970001220703125,5923700
2024-02-01,40.43202590942383,41.70000076293945,41.810001373291016,40.77000045776367,41.400001525878906,5670700
2024-02-02,40.664730072021484,41.939998626708984,41.97999954223633,41.0099983215332,41.560001373291016,6097500
2024-02-05,40.073280334472656,41.33000183105469,41.56999969482422,40.939998626708984,41.56999969482422,5907200
2024-02-06,41.36283874511719,42.65999984741211,42.7400016784668,41.310001373291016,41.349998474121094,5946900
2024-02-07,41.05256652832031,42.34000015258789,42.88999938964844,42.27000045776367,42.72999954223633,4005500
2024-02-08,40.74230194091797,42.02000045776367,42.290000915527344,41.63999938964844,42.25,3314300
2024-02-09,41.139835357666016,42.43000030517578,42.689998626708984,41.790000915527344,42.060001373291016,5099000
2024-02-12,42.16759490966797,43.4900016784668,43.54999923706055,42.2400016784668,42.47999954223633,5551000
2024-02-13,39.87936019897461,41.130001068115234,42.5,40.7400016784668,42.4900016784668,7188500
2024-02-14,40.897430419921875,42.18000030517578,42.2400016784668,40.83000183105469,41.279998779296875,5058300
2024-02-15,41.324058532714844,42.619998931884766,42.88999938964844,42.43000030517578,42.4900016784668,4873300
2024-02-16,42.12881851196289,43.45000076293945,43.529998779296875,42.13999938964844,42.209999084472656,7091000
2024-02-20,42.264556884765625,43.59000015258789,43.75,42.970001220703125,43.0,6398000
2024-02-21,42.46816635131836,43.79999923706055,44.400001525878906,43.09000015258789,43.34000015258789,6965100
2024-02-22,42.93357849121094,44.279998779296875,44.650001525878906,43.2400016784668,43.369998931884766,7552400
2024-02-23,42.67178726196289,44.0099983215332,44.43000030517578,43.119998931884766,43.970001220703125,7144900
2024-02-26,42.54574203491211,43.880001068115234,44.15999984741211,43.66999816894531,44.04999923706055,6007300
2024-02-27,43.04023361206055,44.38999938964844,44.790000915527344,44.04999923706055,44.279998779296875,12708100
2024-02-28,46.43380355834961,47.88999938964844,48.349998474121094,46.529998779296875,47.650001525878906,23207900
2024-02-29,45.84235382080078,47.279998779296875,47.97999954223633,46.97999954223633,47.95000076293945,16165200
2024-03-01,46.58894348144531,48.04999923706055,48.29999923706055,47.060001373291016,47.20000076293945,8668600
2024-03-04,47.42279815673828,48.90999984741211,49.310001373291016,48.040000915527344,48.18000030517578,8449900
2024-03-05,48.56690979003906,50.09000015258789,50.45000076293945,48.869998931884766,48.90999984741211,12659500
2024-03-06,49.00322723388672,50.540000915527344,51.13999938964844,50.31999969482422,50.31999969482422,9615500
2024-03-07,49.235931396484375,50.779998779296875,51.04999923706055,50.34000015258789,50.81999969482422,8912200
2024-03-08,49.09946823120117,50.369998931884766,50.900001525878906,50.18000030517578,50.68000030517578,8504700
2024-03-11,50.24969482421875,51.54999923706055,51.95000076293945,50.380001068115234,50.38999938964844,10113600
2024-03-12,49.62583923339844,50.90999984741211,51.93000030517578,50.68000030517578,51.72999954223633,7857000
2024-03-13,51.08800506591797,52.40999984741211,52.5,51.09000015258789,51.119998931884766,10333300
2024-03-14,50.932044982910156,52.25,52.81999969482422,51.970001220703125,52.4900016784668,7731500
2024-03-15,50.883304595947266,52.20000076293945,52.70000076293945,51.88999938964844,51.970001220703125,11456700
2024-03-18,50.05474090576172,51.349998474121094,52.400001525878906,51.31999969482422,52.189998626708984,6435100
2024-03-19,50.51288986206055,51.81999969482422,52.459999084472656,51.25,51.86000061035156,6863700
2024-03-20,50.65909957885742,51.970001220703125,52.27000045776367,51.599998474121094,51.84000015258789,6136300
2024-03-21,50.68834686279297,52.0,52.36000061035156,51.68000030517578,51.84000015258789,6756900
2024-03-22,50.12297821044922,51.41999816894531,52.06999969482422,51.400001525878906,52.04999923706055,5071900
2024-03-25,49.93777084350586,51.22999954223633,51.72999954223633,51.189998626708984,51.33000183105469,5621400
2024-03-26,49.79155731201172,51.08000183105469,51.66999816894531,50.880001068115234,51.459999084472656,5995800
2024-03-27,50.61035919189453,51.91999816894531,52.040000915527344,51.40999984741211,51.45000076293945,4940600
2024-03-28,51.44866943359375,52.779998779296875,52.93000030517578,52.0,52.099998474121094,6816400
2024-04-01,50.951534271240234,52.27000045776367,52.91999816894531,51.84000015258789,52.650001525878906,4646400
2024-04-02,50.5518798828125,51.86000061035156,52.38999938964844,51.810001373291016,52.08000183105469,4449500
2024-04-03,50.54212951660156,51.849998474121094,52.27000045776367,51.52000045776367,51.75,4459000
2024-04-04,50.10348129272461,51.400001525878906,52.81999969482422,51.33000183105469,52.40999984741211,4702900
2024-04-05,50.7468376159668,52.060001373291016,52.130001068115234,51.41999816894531,51.41999816894531,5326600
2024-04-08,50.2789421081543,51.58000183105469,52.470001220703125,51.47999954223633,52.029998779296875,3975400
2024-04-09,50.64935302734375,51.959999084472656,52.0099983215332,51.5099983215332,51.79999923706055,3566500
2024-04-10,51.136741638183594,52.459999084472656,52.540000915527344,51.900001525878906,51.959999084472656,4901300
2024-04-11,50.58112335205078,51.88999938964844,52.650001525878906,51.810001373291016,52.599998474121094,3650900
2024-04-12,50.01575469970703,51.310001373291016,52.0,51.04999923706055,51.709999084472656,4246600
2024-04-15,49.60634994506836,50.88999938964844,51.900001525878906,50.7400016784668,51.619998931884766,3878400
2024-04-16,48.982486724853516,50.25,50.75,49.869998931884766,50.630001068115234,5161500
2024-04-17,48.202667236328125,49.45000076293945,50.689998626708984,49.40999984741211,50.59000015258789,4319900
2024-04-18,48.69005584716797,49.95000076293945,51.40999984741211,49.93000030517578,51.33000183105469,7590000
2024-04-19,49.11895751953125,50.38999938964844,51.02000045776367,50.0,50.22999954223633,4296200
2024-04-22,49.655086517333984,50.939998626708984,51.150001525878906,50.38999938964844,50.630001068115234,4140800
2024-04-23,49.9572639465332,51.25,51.5,50.70000076293945,51.0099983215332,4522800
2024-04-24,49.889034271240234,51.18000030517578,51.599998474121094,50.779998779296875,51.16999816894531,5088600
2024-04-25,50.04499435424805,51.34000015258789,51.4900016784668,50.560001373291016,50.65999984741211,4461100
2024-04-26,50.70784378051758,52.02000045776367,52.189998626708984,51.20000076293945,51.29999923706055,4985600
2024-04-29,51.41942596435547,52.75,52.880001068115234,52.130001068115234,52.15999984741211,5977400
2024-04-30,50.23995590209961,51.540000915527344,52.880001068115234,51.439998626708984,52.630001068115234,6712700
2024-05-01,49.772056579589844,51.060001373291016,52.4900016784668,51.040000915527344,51.689998626708984,8328800
2024-05-02,48.14418411254883,49.38999938964844,50.86000061035156,48.52000045776367,49.31999969482422,10828800
2024-05-03,48.397621154785156,49.650001525878906,50.2599983215332,49.369998931884766,49.599998474121094,6896500
2024-05-06,48.13443374633789,49.380001068115234,50.15999984741211,49.25,49.810001373291016,5811200
2024-05-07,48.80703353881836,50.06999969482422,50.27000045776367,49.59000015258789,49.59000015258789,4695600
2024-05-08,48.43661117553711,49.689998626708984,49.939998626708984,49.599998474121094,49.7599983215332,3847100
2024-05-09,49.07021713256836,50.34000015258789,50.400001525878906,49.70000076293945,49.77000045776367,3980500
2024-05-10,49.71357345581055,51.0,51.09000015258789,50.43000030517578,50.5,3873000
2024-05-13,50.67860794067383,51.9900016784668,52.15999984741211,51.040000915527344,51.13999938964844,5039600
2024-05-14,50.785823822021484,52.099998474121094,52.4900016784668,51.599998474121094,52.310001373291016,3472600
2024-05-15,51.09775161743164,52.41999816894531,52.650001525878906,51.779998779296875,52.369998931884766,3914800
2024-05-16,51.370697021484375,52.70000076293945,53.040000915527344,52.060001373291016,52.41999816894531,5236500
2024-05-17,50.181461334228516,51.47999954223633,52.779998779296875,51.119998931884766,52.63999938964844,4607200
2024-05-20,49.94752502441406,51.2400016784668,51.619998931884766,51.02000045776367,51.45000076293945,3056700
2024-05-21,50.85405731201172,52.16999816894531,52.369998931884766,51.130001068115234,51.130001068115234,3739400
2024-05-22,51.468170166015625,52.79999923706055,52.849998474121094,51.869998931884766,52.189998626708984,4733900
2024-05-23,51.4779167175293,52.810001373291016,52.88999938964844,52.310001373291016,52.79999923706055,4828800
2024-05-24,53.037559509277344,54.40999984741211,54.59000015258789,53.0,53.0,7773900
2024-05-28,51.565650939941406,52.900001525878906,55.150001525878906,52.84000015258789,54.13999938964844,7242700
2024-05-29,50.77608108520508,52.09000015258789,52.380001068115234,51.380001068115234,52.2599983215332,6445500
2024-05-30,52.004295349121094,53.349998474121094,53.63999938964844,51.86000061035156,51.939998626708984,5852900
2024-05-31,53.121192932128906,54.220001220703125,54.25,53.02000045776367,53.09000015258789,7405700
2024-06-03,52.523555755615234,53.61000061035156,54.2400016784668,53.189998626708984,54.04999923706055,6043100
2024-06-04,52.66071701049805,53.75,54.029998779296875,52.939998626708984,53.400001525878906,5010600
2024-06-05,51.93571090698242,53.0099983215332,54.25,52.790000915527344,53.72999954223633,4852000
2024-06-06,52.308013916015625,53.38999938964844,53.84000015258789,53.310001373291016,53.810001373291016,4921600
2024-06-07,52.00429916381836,53.08000183105469,53.75,53.029998779296875,53.349998474121094,4337200
2024-06-10,52.0728759765625,53.150001525878906,53.189998626708984,52.41999816894531,52.650001525878906,3595100
2024-06-11,51.9259147644043,53.0,53.029998779296875,52.13999938964844,52.77000045776367,4198200
2024-06-12,52.11206817626953,53.189998626708984,53.70000076293945,52.810001373291016,53.40999984741211,4573400
2024-06-13,52.601932525634766,53.689998626708984,54.34000015258789,53.36000061035156,53.400001525878906,4641800
2024-06-14,51.07354736328125,52.130001068115234,53.45000076293945,51.95000076293945,53.08000183105469,5737300
2024-06-17,52.063079833984375,53.13999938964844,53.220001220703125,51.720001220703125,52.0099983215332,4399900
2024-06-18,53.44450378417969,54.54999923706055,54.59000015258789,52.849998474121094,52.849998474121094,5615000
2024-06-20,52.7488899230957,53.84000015258789,54.95000076293945,53.470001220703125,54.65999984741211,4643100
2024-06-21,53.0526123046875,54.150001525878906,54.470001220703125,53.66999816894531,53.880001068115234,10478400
2024-06-24,52.91543960571289,54.0099983215332,54.959999084472656,53.9900016784668,54.31999969482422,5694800
2024-06-25,52.85666275024414,53.95000076293945,55.349998474121094,53.810001373291016,53.900001525878906,4369900
2024-06-26,52.601932525634766,53.689998626708984,54.27000045776367,53.31999969482422,53.540000915527344,3473300
2024-06-27,51.97490310668945,53.04999923706055,53.66999816894531,52.86000061035156,53.65999984741211,4167200
2024-06-28,52.631324768066406,53.720001220703125,53.95000076293945,52.66999816894531,52.959999084472656,7190800
2024-07-01,51.61240005493164,52.68000030517578,53.90999984741211,52.279998779296875,53.849998474121094,4501000
2024-07-02,52.17085266113281,53.25,53.400001525878906,52.029998779296875,52.56999969482422,4175100
2024-07-03,51.5438232421875,52.61000061035156,53.599998474121094,52.22999954223633,53.43000030517578,2803000
2024-07-05,51.798545837402344,52.869998931884766,52.95000076293945,52.13999938964844,52.529998779296875,2686200
2024-07-08,51.72017288208008,52.790000915527344,52.91999816894531,52.38999938964844,52.810001373291016,3875800
2024-07-09,51.5830078125,52.650001525878906,53.060001373291016,52.150001525878906,52.720001220703125,3419500
2024-07-10,51.90631866455078,52.97999954223633,53.06999969482422,52.189998626708984,52.59000015258789,2684100
2024-07-11,52.92524719238281,54.02000045776367,54.18000030517578,53.279998779296875,53.279998779296875,3260100
2024-07-12,53.091796875,54.189998626708984,54.63999938964844,53.84000015258789,54.36000061035156,3897300
2024-07-15,52.631324768066406,53.720001220703125,54.27000045776367,53.56999969482422,53.709999084472656,3259200
2024-07-16,54.296871185302734,55.41999816894531,55.5,53.61000061035156,53.900001525878906,3995500
2024-07-17,53.473899841308594,54.58000183105469,55.689998626708984,54.41999816894531,55.22999954223633,3746300
2024-07-18,53.287750244140625,54.38999938964844,55.619998931884766,54.34000015258789,54.630001068115234,3630700
2024-07-19,52.51375198364258,53.599998474121094,54.63999938964844,53.5,54.59000015258789,3488700
2024-07-22,52.817474365234375,53.90999984741211,54.349998474121094,53.38999938964844,53.779998779296875,3406500
2024-07-23,52.16105270385742,53.2400016784668,53.93000030517578,53.11000061035156,53.7599983215332,4678600
2024-07-24,52.57253646850586,53.65999984741211,54.04999923706055,53.27000045776367,53.470001220703125,5898400
2024-07-25,52.04347610473633,53.119998931884766,54.380001068115234,53.099998474121094,53.66999816894531,4852000
2024-07-26,53.082000732421875,54.18000030517578,54.83000183105469,53.63999938964844,53.70000076293945,4130200
2024-07-29,53.50328826904297,54.61000061035156,55.220001220703125,54.31999969482422,54.439998626708984,4469800
2024-07-30,54.277278900146484,55.400001525878906,55.5,54.599998474121094,54.63999938964844,4410500
2024-07-31,54.4830207824707,55.61000061035156,55.86000061035156,54.7400016784668,55.5,7601900
2024-08-01,55.090457916259766,56.22999954223633,57.68000030517578,53.7400016784668,55.060001373291016,7876900
2024-08-02,55.061065673828125,56.20000076293945,56.849998474121094,55.34000015258789,55.709999084472656,5578600
2024-08-05,53.552276611328125,54.65999984741211,56.209999084472656,54.54999923706055,54.900001525878906,7416200
2024-08-06,54.786739349365234,55.91999816894531,56.650001525878906,54.560001373291016,55.0,4492200
2024-08-07,53.993160247802734,55.11000061035156,56.779998779296875,55.04999923706055,56.279998779296875,4871300
2024-08-08,54.80633544921875,55.939998626708984,56.0,55.150001525878906,55.5099983215332,2640200
2024-08-09,55.374576568603516,56.52000045776367,56.7400016784668,55.86000061035156,56.0,2952200
2024-08-12,54.67897033691406,55.810001373291016,57.18000030517578,55.5,56.75,4194100
2024-08-13,54.571197509765625,55.70000076293945,56.400001525878906,55.25,56.130001068115234,4889100
2024-08-14,54.629981994628906,55.7599983215332,56.709999084472656,55.75,55.88999938964844,2993000
2024-08-15,54.69856643676758,55.83000183105469,56.65999984741211,55.61000061035156,56.33000183105469,4940000
2024-08-16,54.37525177001953,55.5,56.0,54.79999923706055,55.900001525878906,4966900
2024-08-19,55.53133773803711,56.68000030517578,56.939998626708984,55.290000915527344,55.43000030517578,3557300
2024-08-20,55.786067962646484,56.939998626708984,56.970001220703125,56.369998931884766,56.72999954223633,3137700
2024-08-21,57.49081039428711,58.68000030517578,58.79999923706055,56.619998931884766,57.029998779296875,5541100
2024-08-22,57.82391357421875,59.02000045776367,59.36000061035156,58.310001373291016,58.790000915527344,3875000
2024-08-23,57.6867561340332,58.880001068115234,59.29999923706055,58.47999954223633,59.220001220703125,2824300
2024-08-26,57.8043212890625,59.0,59.470001220703125,58.650001525878906,58.939998626708984,3196900
2024-08-27,58.16682052612305,59.369998931884766,59.849998474121094,58.689998626708984,58.900001525878906,4134200
2024-08-28,56.60905075073242,57.779998779296875,59.209999084472656,57.68000030517578,59.209999084472656,4002800
2024-08-29,57.41242599487305,58.599998474121094,59.380001068115234,57.86000061035156,58.0,3422100
2024-08-30,58.170310974121094,59.099998474121094,59.220001220703125,58.369998931884766,58.529998779296875,5430200
2024-09-03,57.87503433227539,58.79999923706055,59.790000915527344,58.5,58.900001525878906,4228900
2024-09-04,58.022674560546875,58.95000076293945,59.27000045776367,58.43000030517578,58.84000015258789,3775200
2024-09-05,58.189998626708984,59.119998931884766,59.5,58.7400016784668,58.970001220703125,4199700
2024-09-06,58.26873779296875,59.20000076293945,59.56999969482422,58.63999938964844,59.16999816894531,5032100
2024-09-09,58.495121002197266,59.43000030517578,59.7599983215332,58.630001068115234,59.349998474121094,4075000
2024-09-10,59.31206512451172,60.2599983215332,60.45000076293945,59.220001220703125,59.439998626708984,4091300
2024-09-11,59.77467346191406,60.72999954223633,60.83000183105469,59.70000076293945,60.2599983215332,5393600
2024-09-12,62.18613052368164,63.18000030517578,63.27000045776367,60.81999969482422,60.88999938964844,8941200
2024-09-13,62.44204330444336,63.439998626708984,63.900001525878906,62.310001373291016,63.380001068115234,5556600
2024-09-16,63.347572326660156,64.36000061035156,64.41999816894531,63.15999984741211,63.439998626708984,4526700
2024-09-17,63.85938262939453,64.87999725341797,64.95999908447266,63.66999816894531,64.54000091552734,5918000
2024-09-18,62.17628479003906,63.16999816894531,64.83999633789062,63.02000045776367,64.69000244140625,6414500
2024-09-19,62.22550964355469,63.220001220703125,63.97999954223633,62.779998779296875,63.900001525878906,5348900
2024-09-20,61.73337173461914,62.720001220703125,63.369998931884766,62.25,62.689998626708984,19791000
2024-09-23,62.45188903808594,63.45000076293945,63.90999984741211,62.709999084472656,62.77000045776367,4806300
2024-09-24,64.41058349609375,65.44000244140625,65.44000244140625,63.56999969482422,63.79999923706055,5274900
2024-09-25,63.09165954589844,64.0999984741211,65.4000015258789,64.05999755859375,65.02999877929688,5110700
2024-09-26,62.934181213378906,63.939998626708984,64.61000061035156,63.63999938964844,64.26000213623047,3726600
2024-09-27,62.99323272705078,64.0,64.41999816894531,63.61000061035156,64.0999984741211,4479200
2024-09-30,64.08576965332031,65.11000061035156,65.27999877929688,63.939998626708984,63.939998626708984,5393900
2024-10-01,64.79444122314453,65.83000183105469,66.0999984741211,64.43000030517578,65.1500015258789,5298700
2024-10-02,64.17436218261719,65.19999694824219,66.2300033569336,65.0,65.45999908447266,4938000
2024-10-03,64.35152435302734,65.37999725341797,65.43000030517578,64.68000030517578,65.06999969482422,3397600
2024-10-04,65.24720764160156,66.29000091552734,66.47000122070312,65.70999908447266,66.19000244140625,3065400
2024-10-07,65.71965789794922,66.7699966430664,66.8499984741211,66.08000183105469,66.20999908447266,3752000
2024-10-08,66.11336517333984,67.16999816894531,67.66000366210938,66.72000122070312,66.75,3563800
2024-10-09,65.8968276977539,66.94999694824219,67.27999877929688,66.66999816894531,67.05000305175781,3645200
2024-10-10,65.010986328125,66.05000305175781,67.72000122070312,65.79000091552734,66.95999908447266,3656700
2024-10-11,65.28659057617188,66.33000183105469,66.95999908447266,66.22000122070312,66.43000030517578,3223900
2024-10-14,65.82791900634766,66.87999725341797,67.05999755859375,66.12000274658203,66.23999786376953,3404000
2024-10-15,65.93619537353516,66.98999786376953,67.80000305175781,66.88999938964844,66.93000030517578,3956000
2024-10-16,65.86730194091797,66.91999816894531,67.27999877929688,66.62000274658203,66.83000183105469,2804300
2024-10-17,64.33184051513672,65.36000061035156,67.22000122070312,65.33000183105469,66.91999816894531,4987700
2024-10-18,63.92829132080078,64.94999694824219,65.4000015258789,64.47000122070312,65.4000015258789,5186500
2024-10-21,63.150726318359375,64.16000366210938,65.36000061035156,64.0199966430664,64.81999969482422,3385500
2024-10-22,62.32393264770508,63.31999969482422,64.2300033569336,63.25,63.900001525878906,4387600
2024-10-23,62.668418884277344,63.66999816894531,64.55999755859375,63.27000045776367,63.95000076293945,3574200
2024-10-24,62.589683532714844,63.59000015258789,64.44000244140625,63.34000015258789,63.77000045776367,4559600
2024-10-25,62.107391357421875,63.099998474121094,64.04000091552734,63.0099983215332,63.849998474121094,3117100
2024-10-28,61.99912643432617,62.9900016784668,63.72999954223633,62.959999084472656,63.599998474121094,3071800
2024-10-29,61.78258514404297,62.77000045776367,63.29999923706055,62.439998626708984,62.59000015258789,4675200
2024-10-30,61.6447868347168,62.630001068115234,62.86000061035156,62.029998779296875,62.7400016784668,7200300
2024-10-31,56.605323791503906,57.5099983215332,58.88999938964844,56.33000183105469,58.88999938964844,10499100
2024-11-01,57.19588851928711,58.11000061035156,58.310001373291016,57.540000915527344,57.70000076293945,7848100
2024-11-04,59.282535552978516,60.22999954223633,60.33000183105469,58.04999923706055,58.04999923706055,6351100
2024-11-05,60.54240036010742,61.5099983215332,61.56999969482422,60.58000183105469,60.72999954223633,5236800
2024-11-06,60.119171142578125,61.08000183105469,62.630001068115234,60.349998474121094,61.9900016784668,5512000
2024-11-07,61.04438018798828,62.02000045776367,62.2400016784668,60.84000015258789,60.900001525878906,4975100
2024-11-08,60.91642761230469,61.88999938964844,62.5,61.5,62.40999984741211,3260300
2024-11-11,61.447933197021484,62.43000030517578,62.88999938964844,61.970001220703125,62.0,3432900
2024-11-12,60.532562255859375,61.5,62.7400016784668,61.0,62.11000061035156,4008000
2024-11-13,60.91642761230469,61.88999938964844,62.09000015258789,60.959999084472656,61.68000030517578,4251500
2024-11-14,61.31997299194336,62.29999923706055,62.72999954223633,61.13999938964844,61.599998474121094,4195400
2024-11-15,60.46366500854492,61.43000030517578,62.459999084472656,61.06999969482422,62.29999923706055,5167600
2024-11-18,60.4439811706543,61.40999984741211,61.869998931884766,61.130001068115234,61.38999938964844,2731000
2024-11-19,60.138851165771484,61.099998474121094,61.54999923706055,60.400001525878906,61.0099983215332,3654600
2024-11-20,59.863258361816406,60.81999969482422,60.939998626708984,60.119998931884766,60.630001068115234,3981000
2024-11-21,60.4439811706543,61.40999984741211,61.9900016784668,60.439998626708984,60.97999954223633,3527700
2024-11-22,62.24519348144531,63.2400016784668,63.43000030517578,61.56999969482422,61.77000045776367,3104500
2024-11-25,63.967655181884766,64.98999786376953,65.91000366210938,63.68000030517578,63.75,7571700
2024-11-26,64.06608581542969,65.08999633789062,65.51000213623047,64.77999877929688,64.91999816894531,3192600
2024-11-27,63.29835510253906,64.30999755859375,65.19999694824219,64.06999969482422,65.19999694824219,2818600
2024-11-29,62.557044982910156,63.290000915527344,64.4000015258789,63.25,64.01000213623047,3266400
2024-12-02,62.43843078613281,63.16999816894531,63.310001373291016,62.150001525878906,63.209999084472656,4655700
2024-12-03,62.211097717285156,62.939998626708984,63.5099983215332,62.56999969482422,62.90999984741211,2982600
2024-12-04,62.58669662475586,63.31999969482422,64.0,61.15999984741211,62.970001220703125,3406900
2024-12-05,62.88322067260742,63.619998931884766,63.939998626708984,63.060001373291016,63.27000045776367,2373500
2024-12-06,62.88322067260742,63.619998931884766,64.4800033569336,63.59000015258789,64.01000213623047,2871300
2024-12-09,64.3856201171875,65.13999938964844,66.05999755859375,63.2599983215332,63.72999954223633,5440300
2024-12-10,62.497737884521484,63.22999954223633,63.5,61.86000061035156,62.54999923706055,5171400
2024-12-11,62.43843078613281,63.16999816894531,64.38999938964844,63.15999984741211,63.22999954223633,4689000
2024-12-12,63.15998077392578,63.900001525878906,64.56999969482422,63.029998779296875,63.099998474121094,3770700
2024-12-13,63.10067367553711,63.84000015258789,64.26000213623047,63.5,63.880001068115234,4278500
2024-12-16,62.90298843383789,63.63999938964844,64.19000244140625,62.599998474121094,63.47999954223633,4414100
2024-12-17,63.48616409301758,64.2300033569336,65.19999694824219,63.709999084472656,65.19999694824219,4507200
2024-12-18,63.36754608154297,64.11000061035156,66.5199966430664,64.08000183105469,64.5199966430664,7134600
2024-12-19,63.20940017700195,63.95000076293945,65.62999725341797,63.720001220703125,64.4000015258789,5237500
2024-12-20,64.25712585449219,65.01000213623047,65.48999786376953,63.349998474121094,63.66999816894531,12499800
2024-12-23,62.89310836791992,63.630001068115234,65.16999816894531,63.31999969482422,64.80000305175781,4131200
2024-12-24,63.04136657714844,63.779998779296875,63.900001525878906,63.08000183105469,63.56999969482422,1471900
2024-12-26,63.07102584838867,63.810001373291016,64.12000274658203,63.33000183105469,63.56999969482422,1840600
2024-12-27,62.082603454589844,62.810001373291016,63.79999923706055,62.459999084472656,63.36000061035156,1997500
2024-12-30,61.341285705566406,62.060001373291016,62.66999816894531,60.7400016784668,62.459999084472656,3293800
2024-12-31,61.232566833496094,61.95000076293945,62.68000030517578,61.869998931884766,62.279998779296875,2131300
2025-01-02,61.548858642578125,62.27000045776367,62.959999084472656,61.869998931884766,61.91999816894531,2572100
2025-01-03,60.89649963378906,61.61000061035156,62.65999984741211,61.11000061035156,62.529998779296875,4665100
2025-01-06,62.211097717285156,62.939998626708984,63.75,61.79999923706055,62.0099983215332,5520600
2025-01-07,62.43843078613281,63.16999816894531,64.37999725341797,62.900001525878906,63.63999938964844,3867000
2025-01-08,68.59628295898438,69.4000015258789,71.5199966430664,67.80999755859375,67.9000015258789,22044700
2025-01-10,65.1368179321289,65.9000015258789,69.12999725341797,65.8499984741211,68.70999908447266,8234600
2025-01-13,64.95890045166016,65.72000122070312,66.36000061035156,64.2699966430664,64.5,4122200
2025-01-14,63.6640739440918,64.41000366210938,66.2300033569336,64.19999694824219,65.6500015258789,4513900
2025-01-15,64.35596466064453,65.11000061035156,65.56999969482422,64.19999694824219,64.83000183105469,4351300
2025-01-16,64.3065414428711,65.05999755859375,65.30000305175781,64.41000366210938,64.80000305175781,2945400
2025-01-17,65.42345428466797,66.19000244140625,66.47000122070312,65.5,65.5,3719100
2025-01-21,63.88152313232422,64.62999725341797,66.11000061035156,63.90999984741211,65.9000015258789,3863900
2025-01-22,63.14021301269531,63.880001068115234,65.05999755859375,63.83000183105469,64.62999725341797,3875700
2025-01-23,64.00012969970703,64.75,65.79000091552734,63.5,63.810001373291016,5689800
2025-01-24,64.05944061279297,64.80999755859375,65.41999816894531,64.41999816894531,64.98999786376953,2522600
2025-01-27,66.06592559814453,66.83999633789062,66.86000061035156,64.30000305175781,64.68000030517578,4402600
2025-01-28,66.41188049316406,67.19000244140625,67.2699966430664,66.0,66.51000213623047,3202000
2025-01-29,65.23566436767578,66.0,67.63999938964844,65.95999908447266,67.47000122070312,3537400
2025-01-30,66.73805236816406,67.5199966430664,67.97000122070312,66.43000030517578,66.5,2973300
2025-01-31,66.69852447509766,67.4800033569336,67.91999816894531,67.08000183105469,67.41000366210938,3347200
2025-02-03,66.40199279785156,67.18000030517578,67.62999725341797,66.37000274658203,66.5999984741211,3541400
2025-02-04,66.1746597290039,66.94999694824219,67.72000122070312,66.13999938964844,67.44999694824219,3035100
2025-02-05,66.60955810546875,67.38999938964844,68.6500015258789,66.83000183105469,67.12000274658203,4622800
2025-02-06,66.7182846069336,67.5,68.02999877929688,67.08000183105469,67.47000122070312,2641100
2025-02-07,67.04446411132812,67.83000183105469,68.63999938964844,67.37999725341797,67.37999725341797,2607600
2025-02-10,67.46949005126953,68.26000213623047,68.62000274658203,67.8499984741211,68.04000091552734,2847300
2025-02-11,67.66716766357422,68.45999908447266,69.22000122070312,67.55999755859375,67.81999969482422,3615500
2025-02-12,67.1531982421875,67.94000244140625,68.5,67.08000183105469,67.62999725341797,3090800
2025-02-13,68.4579086303711,69.26000213623047,69.37999725341797,67.30000305175781,67.94999694824219,3782000
2025-02-14,69.09049987792969,69.9000015258789,70.02999877929688,69.27999877929688,70.0,3502000
2025-02-18,68.98177337646484,69.79000091552734,70.11000061035156,69.06999969482422,69.98999786376953,3784100
2025-02-19,68.5172119140625,69.31999969482422,69.4800033569336,67.5199966430664,68.80999755859375,3441200
2025-02-20,68.65558624267578,69.45999908447266,69.56999969482422,68.38999938964844,69.4000015258789,2910600
2025-02-21,68.5864028930664,69.38999938964844,70.2699966430664,69.0999984741211,69.79000091552734,4012600
2025-02-24,69.179443359375,69.98999786376953,70.69000244140625,69.12999725341797,69.68000030517578,6287000
2025-02-25,70.10855865478516,70.93000030517578,71.0199966430664,69.7699966430664,70.37999725341797,6185000
2025-02-26,68.33929443359375,69.13999938964844,71.61000061035156,68.83999633789062,71.11000061035156,8935600
2025-02-27,62.744842529296875,63.47999954223633,65.80999755859375,61.54999923706055,64.29000091552734,17663400
2025-02-28,63.99025344848633,64.73999786376953,64.76000213623047,63.08000183105469,63.40999984741211,8587600
2025-03-03,64.46469116210938,65.22000122070312,66.47000122070312,64.75,65.01000213623047,5688900
2025-03-04,65.89790344238281,66.66999816894531,68.04000091552734,64.97000122070312,65.0999984741211,9032200
2025-03-05,65.77928924560547,66.55000305175781,67.18000030517578,65.19000244140625,66.66000366210938,4965900
2025-03-06,67.08399963378906,67.87000274658203,67.9000015258789,66.08000183105469,66.19000244140625,5342900
2025-03-07,69.69343566894531,70.51000213623047,70.72000122070312,67.37000274658203,67.61000061035156,7389600
2025-03-10,67.40029907226562,68.19000244140625,71.4800033569336,66.81999969482422,70.33999633789062,9352000
2025-03-11,64.46469116210938,65.22000122070312,68.47000122070312,65.02999877929688,68.30000305175781,7255400
2025-03-12,64.375732421875,65.12999725341797,66.37000274658203,64.62999725341797,65.4800033569336,5012500
2025-03-13,63.50592803955078,64.25,65.7699966430664,64.06999969482422,65.12999725341797,3471100
2025-03-14,64.81655883789062,65.27999877929688,65.45999908447266,64.31999969482422,64.68000030517578,3257700
2025-03-17,66.96122741699219,67.44000244140625,67.87999725341797,65.27999877929688,65.31999969482422,4344900
2025-03-18,64.77684020996094,65.23999786376953,67.5,64.87999725341797,67.30999755859375,4625100
2025-03-19,66.7229232788086,67.19999694824219,67.56999969482422,65.36000061035156,65.5,5934800
2025-03-20,65.86902618408203,66.33999633789062,68.0,66.2300033569336,66.77999877929688,4143600
2025-03-21,65.31300354003906,65.77999877929688,66.18000030517578,65.20999908447266,66.18000030517578,15354000
2025-03-24,66.06761169433594,66.54000091552734,66.62000274658203,64.87000274658203,66.33999633789062,4209000
2025-03-25,65.8293228149414,66.30000305175781,67.19999694824219,66.12000274658203,66.86000061035156,4084600
2025-03-26,65.11442565917969,65.58000183105469,66.52999877929688,65.08000183105469,66.20999908447266,4241100
2025-03-27,66.335693359375,66.80999755859375,67.33999633789062,65.19999694824219,65.68000030517578,3592400
2025-03-28,66.68321228027344,67.16000366210938,67.86000061035156,66.29000091552734,67.30000305175781,5705500
2025-03-31,67.24916076660156,67.7300033569336,68.11000061035156,66.23999786376953,67.0199966430664,5533400
2025-04-01,67.31867218017578,67.80000305175781,68.97000122070312,67.08000183105469,67.5999984741211,5340400
2025-04-02,66.94136047363281,67.41999816894531,68.23999786376953,66.68000030517578,67.01000213623047,4153300
2025-04-03,65.88888549804688,66.36000061035156,68.4800033569336,65.23999786376953,66.22000122070312,5972600
2025-04-04,61.95700454711914,62.400001525878906,65.38999938964844,62.349998474121094,64.68000030517578,8339100
2025-04-07,60.755592346191406,61.189998626708984,63.75,59.709999084472656,61.20000076293945,9851100
2025-04-08,59.09744644165039,59.52000045776367,63.209999084472656,58.709999084472656,62.20000076293945,7270600
2025-04-09,61.52012634277344,61.959999084472656,63.529998779296875,58.970001220703125,59.27000045776367,10104700
2025-04-10,62.02650451660156,62.470001220703125,63.279998779296875,60.68000030517578,61.40999984741211,6577600
2025-04-11,64.12152099609375,64.58000183105469,65.33000183105469,61.7400016784668,62.4900016784668,5545800
2025-04-14,65.6009521484375,66.06999969482422,66.5999984741211,64.25,65.04000091552734,5278800
2025-04-15,65.03499603271484,65.5,66.9800033569336,65.2699966430664,66.22000122070312,3519000
2025-04-16,65.00520324707031,65.47000122070312,67.36000061035156,65.16999816894531,65.5,7165700
2025-04-17,65.78960418701172,66.26000213623047,66.86000061035156,65.61000061035156,66.0999984741211,3338500
2025-04-21,65.16407012939453,65.62999725341797,66.81999969482422,64.68000030517578,66.2699966430664,5056600
2025-04-22,66.5739974975586,67.05000305175781,67.68000030517578,64.93000030517578,65.04000091552734,5133700
2025-04-23,66.15696716308594,66.62999725341797,67.70999908447266,65.58999633789062,67.52999877929688,5290000
2025-04-24,66.7229232788086,67.19999694824219,67.44999694824219,65.23999786376953,66.95999908447266,4760000
2025-04-25,67.34844970703125,67.83000183105469,68.05000305175781,66.80999755859375,67.44999694824219,4200800
2025-04-28,65.84917449951172,66.31999969482422,68.80000305175781,66.25,68.0,8160100
2025-04-29,66.7229232788086,67.19999694824219,67.73999786376953,65.0,65.79000091552734,7765300
2025-04-30,67.67611694335938,68.16000366210938,68.43000030517578,65.2300033569336,66.38999938964844,9872800
2025-05-01,67.18959045410156,67.66999816894531,70.44999694824219,67.19000244140625,70.05000305175781,9927400
2025-05-02,68.11298370361328,68.5999984741211,68.87999725341797,67.4800033569336,67.80000305175781,5894100
2025-05-05,69.81084442138672,70.30999755859375,70.94000244140625,68.1500015258789,68.31999969482422,5164200
2025-05-06,69.86048889160156,70.36000061035156,70.54000091552734,69.63999938964844,69.63999938964844,3734900
2025-05-07,69.26475524902344,69.76000213623047,71.16000366210938,69.66999816894531,70.20999908447266,4200700
2025-05-08,70.05907440185547,70.55999755859375,71.52999877929688,69.4000015258789,69.69999694824219,5813700
2025-05-09,69.01652526855469,69.51000213623047,70.61000061035156,69.2699966430664,70.55000305175781,3476300
2025-05-12,68.66901397705078,69.16000366210938,71.08999633789062,67.87000274658203,70.80000305175781,7539200
2025-05-13,68.67893981933594,69.16999816894531,70.26000213623047,68.5999984741211,69.66000366210938,4900100
2025-05-14,68.6590805053711,69.1500015258789,69.68000030517578,68.88999938964844,69.0,3683800
2025-05-15,70.09878540039062,70.5999984741211,70.80000305175781,69.41000366210938,69.6500015258789,5585200
2025-05-16,71.32998657226562,71.83999633789062,71.9000015258789,70.41999816894531,70.80999755859375,5575100
2025-05-19,71.9157943725586,72.43000030517578,72.48999786376953,70.72000122070312,71.0999984741211,4096800
2025-05-20,72.07466125488281,72.58999633789062,72.94000244140625,72.04000091552734,72.38999938964844,5081300
2025-05-21,71.07183837890625,71.58000183105469,72.61000061035156,71.43000030517578,72.25,3949900
2025-05-22,71.63778686523438,72.1500015258789,72.5199966430664,71.0,71.0,4064700
2025-05-23,71.40941619873047,71.91999816894531,72.6500015258789,71.52999877929688,71.56999969482422,3562300
2025-05-27,71.92572784423828,72.44000244140625,72.94000244140625,71.69000244140625,72.5199966430664,4285700
2025-05-28,71.8860092163086,72.4000015258789,73.18000030517578,71.8499984741211,72.4800033569336,6426900
2025-05-29,72.22358703613281,72.73999786376953,73.08999633789062,72.12000274658203,72.70999908447266,3270800
2025-05-30,72.94133758544922,73.16999816894531,73.33999633789062,72.33000183105469,72.41999816894531,8558000
2025-06-02,74.29708862304688,74.52999877929688,74.94000244140625,72.83000183105469,72.83999633789062,5304500
2025-06-03,75.71265411376953,75.94999694824219,76.05999755859375,74.20999908447266,74.33000183105469,6931800
2025-06-04,76.85906219482422,77.0999984741211,77.33000183105469,75.95999908447266,76.2699966430664,6285400
2025-06-05,77.49706268310547,77.73999786376953,78.6500015258789,77.12000274658203,77.25,6642300
2025-06-06,78.36434173583984,78.61000061035156,79.5,77.88999938964844,78.11000061035156,4755900
2025-06-09,79.11199951171875,79.36000061035156,79.66000366210938,77.77999877929688,78.30999755859375,4877300
2025-06-10,78.52384185791016,78.7699966430664,79.83999633789062,78.62000274658203,79.33000183105469,6075000
2025-06-11,77.6366195678711,77.87999725341797,78.7699966430664,77.16000366210938,78.62999725341797,6244800
2025-06-12,77.197998046875,77.44000244140625,78.1500015258789,77.08000183105469,78.08000183105469,4679800
2025-06-13,77.11824798583984,77.36000061035156,78.11000061035156,76.7300033569336,76.94999694824219,3415900
2025-06-16,77.46715545654297,77.70999908447266,78.0999984741211,76.88999938964844,77.80999755859375,4940500
2025-06-17,77.15812683105469,77.4000015258789,77.69999694824219,77.02999877929688,77.44000244140625,5041600
2025-06-18,77.2877197265625,77.52999877929688,78.25,76.86000061035156,77.4800033569336,6705700
2025-06-20,77.37744140625,77.62000274658203,78.19000244140625,77.05000305175781,77.80000305175781,11018100
2025-06-23,76.61981201171875,76.86000061035156,77.94999694824219,76.4000015258789,77.5,5935100
2025-06-24,74.1176528930664,74.3499984741211,77.08000183105469,74.31999969482422,77.05000305175781,9152500
2025-06-25,74.28711700439453,74.5199966430664,75.45999908447266,74.04000091552734,74.22000122070312,4787800
2025-06-26,73.44975280761719,73.68000030517578,74.94999694824219,72.83999633789062,74.62000274658203,6989300
2025-06-27,73.52950286865234,73.76000213623047,74.4000015258789,73.18000030517578,73.91000366210938,7445600
2025-06-30,74.22731018066406,74.45999908447266,74.5999984741211,73.68000030517578,74.23999786376953,4932300
2025-07-01,75.8621826171875,76.0999984741211,77.06999969482422,74.66000366210938,74.79000091552734,6177600
2025-07-02,75.54318237304688,75.77999877929688,76.31999969482422,75.23999786376953,75.87000274658203,3920700
2025-07-03,76.12137603759766,76.36000061035156,76.80000305175781,75.94999694824219,76.12999725341797,2162900
2025-07-07,75.67278289794922,75.91000366210938,76.75,75.27999877929688,76.16999816894531,4845700
2025-07-08,75.09459686279297,75.33000183105469,75.9000015258789,75.12000274658203,75.69000244140625,3405300
2025-07-09,76.08149719238281,76.31999969482422,76.33000183105469,75.16999816894531,75.55999755859375,3495200
2025-07-10,76.97869110107422,77.22000122070312,77.69999694824219,76.08000183105469,76.97000122070312,3905000
2025-07-11,76.86903381347656,77.11000061035156,77.30999755859375,76.23999786376953,77.30999755859375,3593300
2025-07-14,77.38740539550781,77.62999725341797,78.25,77.16000366210938,77.25,3283800
2025-07-15,76.97869110107422,77.22000122070312,78.43000030517578,77.16999816894531,77.56999969482422,3587700
2025-07-16,76.67961883544922,76.91999816894531,77.3499984741211,76.2300033569336,76.94000244140625,4003000
2025-07-17,76.55003356933594,76.79000091552734,77.8499984741211,75.77999877929688,77.20999908447266,4393400
2025-07-18,77.89581298828125,78.13999938964844,78.37000274658203,76.8499984741211,76.95999908447266,6744600
2025-07-21,78.78302764892578,79.02999877929688,79.2300033569336,78.29000091552734,78.62000274658203,3425000
2025-07-22,81.50450134277344,81.76000213623047,81.91000366210938,79.3499984741211,79.4800033569336,4214600
2025-07-23,81.67396545410156,81.93000030517578,82.11000061035156,81.02999877929688,82.0199966430664,5339300
2025-07-24,82.19233703613281,82.44999694824219,82.94999694824219,81.81999969482422,82.22000122070312,5202700
2025-07-25,81.17552947998047,81.43000030517578,83.52999877929688,81.38999938964844,83.0199966430664,6918800
2025-07-28,78.75312042236328,79.0,81.27999877929688,78.45999908447266,81.19000244140625,9521900
2025-07-29,78.25468444824219,78.5,79.33999633789062,78.0,79.05000305175781,4531100
2025-07-30,77.31761932373047,77.55999755859375,78.77999877929688,77.12000274658203,78.62000274658203,8042900
2025-07-31,91.4632797241211,91.75,92.79000091552734,87.75,88.19999694824219,20280200
2025-08-01,91.45330810546875,91.73999786376953,92.4800033569336,88.94999694824219,89.18000030517578,11878000
2025-08-04,92.56980895996094,92.86000061035156,93.45999908447266,91.51000213623047,91.88999938964844,6767900
2025-08-05,90.9947509765625,91.27999877929688,93.0999984741211,91.05999755859375,92.91999816894531,6218900
2025-08-06,92.25080871582031,92.54000091552734,93.3499984741211,90.76000213623047,90.91999816894531,4729200
2025-08-07,92.72930908203125,93.0199966430664,93.5,92.26000213623047,92.77999877929688,4940400
2025-08-08,92.84893798828125,93.13999938964844,93.5,92.23999786376953,93.38999938964844,5326400
2025-08-11,95.00218963623047,95.30000305175781,95.37000274658203,92.80000305175781,93.12000274658203,6543500
2025-08-12,96.75668334960938,97.05999755859375,97.19000244140625,94.79000091552734,94.93000030517578,5690100
2025-08-13,100.45508575439453,100.7699966430664,100.95999908447266,97.69999694824219,97.83000183105469,7374100
2025-08-14,98.17224884033203,98.4800033569336,99.87000274658203,97.44999694824219,99.51000213623047,6048700
2025-08-15,100.38530731201172,100.69999694824219,101.1500015258789,97.98999786376953,98.44999694824219,6130700
2025-08-18,98.72052764892578,99.02999877929688,100.8499984741211,98.66000366210938,100.63999938964844,5531200
2025-08-19,99.57784271240234,99.88999938964844,99.93000030517578,98.48999786376953,98.94000244140625,3714900
2025-08-20,98.84015655517578,99.1500015258789,100.52999877929688,98.94000244140625,99.44000244140625,6345600
2025-08-21,98.55106353759766,98.86000061035156,99.37999725341797,97.80999755859375,98.41000366210938,4321600
2025-08-22,98.9099349975586,99.22000122070312,99.55999755859375,98.1500015258789,99.55999755859375,6651900
2025-08-25,98.24203491210938,98.55000305175781,99.73999786376953,98.5199966430664,99.5199966430664,3610000
2025-08-26,94.34424591064453,94.63999938964844,98.41999816894531,93.55999755859375,98.36000061035156,10007200
2025-08-27,93.37728118896484,93.66999816894531,95.08999633789062,93.55000305175781,94.80000305175781,5617900
2025-08-28,92.51000213623047,92.80000305175781,93.75,91.87000274658203,93.61000061035156,6203700
2025-08-29,90.61000061035156,90.61000061035156,93.0,90.30999755859375,92.54000091552734,7270400
2025-09-02,89.88999938964844,89.88999938964844,90.68000030517578,89.16000366210938,89.41999816894531,7019500
2025-09-03,90.16000366210938,90.16000366210938,90.16999816894531,87.94999694824219,88.94000244140625,4889700
2025-09-04,93.02999877929688,93.02999877929688,93.2699966430664,90.48999786376953,90.54000091552734,4797400
2025-09-05,92.66000366210938,92.66000366210938,94.19999694824219,91.55000305175781,93.22000122070312,5657400
2025-09-08,93.0199966430664,93.0199966430664,93.58999633789062,92.12999725341797,92.97000122070312,6846800
2025-09-09,92.45999908447266,92.45999908447266,92.77999877929688,90.62000274658203,92.41000366210938,4756000
2025-09-10,91.29000091552734,91.29000091552734,92.37999725341797,90.80999755859375,91.88999938964844,2989400
2025-09-11,92.45999908447266,92.45999908447266,93.47000122070312,91.51000213623047,91.62999725341797,4427600
2025-09-12,90.80000305175781,90.80000305175781,91.81999969482422,89.3499984741211,91.68000030517578,4717400
2025-09-15,90.36000061035156,90.36000061035156,90.95999908447266,89.43000030517578,90.5199966430664,4002600
2025-09-16,88.8499984741211,88.8499984741211,90.45999908447266,88.04000091552734,90.36000061035156,7728300
2025-09-17,89.95999908447266,89.95999908447266,90.37999725341797,88.69999694824219,89.30999755859375,4784200
2025-09-18,89.5999984741211,89.5999984741211,90.06999969482422,89.05000305175781,89.88999938964844,4653500
2025-09-19,91.11000061035156,91.11000061035156,91.41000366210938,89.48999786376953,90.75,11041000
2025-09-22,90.58999633789062,90.58999633789062,92.7300033569336,89.80999755859375,91.19999694824219,4719300
2025-09-23,91.05999755859375,91.05999755859375,91.45999908447266,89.94999694824219,91.12000274658203,3442300
2025-09-24,93.36000061035156,93.36000061035156,93.73999786376953,91.52999877929688,91.83000183105469,5178400
2025-09-25,93.11000061035156,93.11000061035156,94.37999725341797,92.41000366210938,93.44999694824219,6426200
2025-09-26,91.13999938964844,91.13999938964844,93.11000061035156,90.2300033569336,93.0999984741211,6902100
2025-09-29,91.16999816894531,91.16999816894531,91.61000061035156,89.0999984741211,91.5,6381200
2025-09-30,90.94999694824219,90.94999694824219,92.20999908447266,90.43000030517578,91.38999938964844,5986100
2025-10-01,87.58000183105469,87.58000183105469,92.20999908447266,87.37000274658203,90.75,7486900
2025-10-02,88.4000015258789,88.4000015258789,88.70999908447266,86.3499984741211,87.06999969482422,6021800
2025-10-03,92.16999816894531,92.16999816894531,92.26000213623047,88.73999786376953,88.8499984741211,7650700
2025-10-06,91.7699966430664,91.7699966430664,92.97000122070312,90.79000091552734,91.54000091552734,6074700
2025-10-07,93.04000091552734,93.04000091552734,94.6500015258789,89.19000244140625,93.75,6001300
2025-10-08,92.08000183105469,92.08000183105469,93.5199966430664,91.63999938964844,93.05999755859375,4444300
2025-10-09,90.12999725341797,90.12999725341797,92.23999786376953,89.86000061035156,92.20999908447266,3794900
2025-10-10,88.55000305175781,88.55000305175781,90.43000030517578,88.02999877929688,89.95999908447266,4121200
2025-10-13,89.36000061035156,89.36000061035156,90.1500015258789,86.9000015258789,88.87000274658203,4679500
2025-10-14,91.05999755859375,91.05999755859375,91.63999938964844,88.0199966430664,88.75,4198100
2025-10-15,90.87000274658203,90.87000274658203,93.37999725341797,90.51000213623047,91.9000015258789,5588900
2025-10-16,91.18000030517578,91.18000030517578,91.9800033569336,90.2699966430664,90.69999694824219,4229600
2025-10-17,92.01000213623047,92.01000213623047,93.44000244140625,90.75,90.98999786376953,9221600
2025-10-20,95.6500015258789,95.6500015258789,96.08999633789062,93.04000091552734,93.12999725341797,6806800
2025-10-21,94.9800033569336,94.9800033569336,96.27999877929688,93.36000061035156,95.7699966430664,4382200
2025-10-22,95.37000274658203,95.37000274658203,95.70999908447266,94.19999694824219,94.70999908447266,4431600
2025-10-23,95.5199966430664,95.5199966430664,96.20999908447266,93.38999938964844,95.19000244140625,3940200
2025-10-24,97.19999694824219,97.19999694824219,98.7699966430664,96.94000244140625,97.98999786376953,4351800
2025-10-27,98.01000213623047,98.01000213623047,98.25,96.81999969482422,97.41000366210938,3807100
2025-10-28,99.58000183105469,99.58000183105469,100.88999938964844,98.1500015258789,98.19999694824219,6625100
2025-10-29,99.54000091552734,99.54000091552734,101.12000274658203,95.77999877929688,98.94999694824219,9165200
2025-10-30,83.7300033569336,83.7300033569336,87.87999725341797,83.4800033569336,85.5999984741211,16061200
2025-10-31,81.30999755859375,81.30999755859375,82.88999938964844,80.72000122070312,82.76000213623047,9927100
