Price,Adj Close,Close,High,Low,Open,Volume
Ticker,WMT,WMT,WMT,WMT,WMT,WMT
Date,,,,,,
1997-01-02,2.409559726715088,3.8333330154418945,3.8541669845581055,3.75,3.8333330154418945,22344600
1997-01-03,2.370272159576416,3.7708330154418945,3.8541669845581055,3.7708330154418945,3.8333330154418945,16846200
1997-01-06,2.3178906440734863,3.6875,3.8333330154418945,3.6666669845581055,3.8125,28442400
1997-01-07,2.5012283325195312,3.9791669845581055,3.9791669845581055,3.75,3.75,41604600
1997-01-08,2.475037097930908,3.9375,4.0416669845581055,3.9166669845581055,4.0208330154418945,26751000
1997-01-09,2.5012283325195312,3.9791669845581055,4.0208330154418945,3.9375,3.9375,22837200
1997-01-10,2.514322519302368,4.0,4.0208330154418945,3.9166669845581055,3.9166669845581055,21597000
1997-01-13,2.4619412422180176,3.9166669845581055,4.0208330154418945,3.875,4.0,15412200
1997-01-14,2.4619412422180176,3.9166669845581055,3.9791669845581055,3.8958330154418945,3.9583330154418945,34357800
1997-01-15,2.4226555824279785,3.8541669845581055,3.8958330154418945,3.8125,3.875,22998000
1997-01-16,2.4226555824279785,3.8541669845581055,3.875,3.7916669845581055,3.875,23649000
1997-01-17,2.4488446712493896,3.8958330154418945,3.8958330154418945,3.7916669845581055,3.875,36319800
1997-01-20,2.3964645862579346,3.8125,3.9270830154418945,3.8125,3.9166669845581055,15415200
1997-01-21,2.3964645862579346,3.8125,3.8541669845581055,3.7916669845581055,3.8125,32606400
1997-01-22,2.4226555824279785,3.8541669845581055,3.8541669845581055,3.7916669845581055,3.8125,24020400
1997-01-23,2.383368492126465,3.7916669845581055,3.875,3.7916669845581055,3.8333330154418945,45328800
1997-01-24,2.409559726715088,3.8333330154418945,3.8541669845581055,3.7916669845581055,3.8125,21086400
1997-01-27,2.3964645862579346,3.8125,3.8333330154418945,3.7916669845581055,3.8125,24916200
1997-01-28,2.3964645862579346,3.8125,3.875,3.8125,3.8333330154418945,26057400
1997-01-29,2.409559726715088,3.8333330154418945,3.8541669845581055,3.8125,3.8333330154418945,17938800
1997-01-30,2.4357497692108154,3.875,3.875,3.8333330154418945,3.8333330154418945,19599000
1997-01-31,2.488131523132324,3.9583330154418945,4.0416669845581055,3.875,3.875,34239600
1997-02-03,2.4488446712493896,3.8958330154418945,3.9583330154418945,3.875,3.9583330154418945,15994800
1997-02-04,2.4619412422180176,3.9166669845581055,3.9166669845581055,3.875,3.8958330154418945,13087200
1997-02-05,2.4226555824279785,3.8541669845581055,4.0208330154418945,3.8333330154418945,3.9375,30084600
1997-02-06,2.475037097930908,3.9375,3.9791669845581055,3.8958330154418945,3.9166669845581055,23266200
1997-02-07,2.5012283325195312,3.9791669845581055,4.0,3.9375,4.0,23305200
1997-02-10,2.566704750061035,4.0833330154418945,4.0833330154418945,4.0208330154418945,4.0208330154418945,22379400
1997-02-11,2.566704750061035,4.0833330154418945,4.1458330154418945,4.0625,4.0833330154418945,24908400
1997-02-12,2.6190857887268066,4.1666669845581055,4.1666669845581055,4.1041669845581055,4.125,21640800
1997-02-13,2.6059911251068115,4.1458330154418945,4.1875,4.1041669845581055,4.1666669845581055,29796000
1997-02-14,2.5798001289367676,4.1041669845581055,4.1458330154418945,4.0625,4.1458330154418945,18484800
1997-02-18,2.6059911251068115,4.1458330154418945,4.1458330154418945,4.0,4.1041669845581055,23056800
1997-02-19,2.5536084175109863,4.0625,4.125,4.0625,4.1041669845581055,21810000
1997-02-20,2.488131523132324,3.9583330154418945,4.0625,3.9166669845581055,4.0625,24478200
1997-02-21,2.514322519302368,4.0,4.0208330154418945,3.9583330154418945,3.9583330154418945,24815400
1997-02-24,2.5798001289367676,4.1041669845581055,4.125,3.9583330154418945,3.9791669845581055,22258200
1997-02-25,2.763136148452759,4.3958330154418945,4.4375,4.125,4.1875,67507200
1997-02-26,2.802421808242798,4.4583330154418945,4.5,4.3125,4.4375,56363400
1997-02-27,2.802421808242798,4.4583330154418945,4.5,4.4375,4.4583330154418945,34198800
1997-02-28,2.763136148452759,4.3958330154418945,4.4791669845581055,4.3958330154418945,4.4791669845581055,21207000
1997-03-03,2.828612804412842,4.5,4.5208330154418945,4.375,4.375,25725000
1997-03-04,2.776230573654175,4.4166669845581055,4.5625,4.4166669845581055,4.5208330154418945,18439800
1997-03-05,2.7893271446228027,4.4375,4.4583330154418945,4.375,4.4375,17933400
1997-03-06,2.8548049926757812,4.5416669845581055,4.5625,4.4375,4.5,38880600
1997-03-07,2.8548049926757812,4.5416669845581055,4.6145830154418945,4.5416669845581055,4.5833330154418945,21464400
1997-03-10,2.86789870262146,4.5625,4.6145830154418945,4.5625,4.5833330154418945,21765600
1997-03-11,2.907186508178711,4.625,4.625,4.5416669845581055,4.5833330154418945,23337600
1997-03-12,3.0119502544403076,4.7916669845581055,4.7916669845581055,4.625,4.6458330154418945,61834800
1997-03-13,3.0381407737731934,4.8333330154418945,4.9375,4.7916669845581055,4.9375,61971000
1997-03-14,3.0119502544403076,4.7916669845581055,4.8333330154418945,4.6458330154418945,4.8333330154418945,38955600
1997-03-17,3.0322155952453613,4.8125,4.8333330154418945,4.6875,4.7708330154418945,24735600
1997-03-18,3.0584685802459717,4.8541669845581055,4.8541669845581055,4.7708330154418945,4.8333330154418945,31293600
1997-03-19,3.137227773666382,4.9791669845581055,4.9791669845581055,4.9166669845581055,4.9375,57570600
1997-03-20,3.0847222805023193,4.8958330154418945,4.9791669845581055,4.875,4.9583330154418945,33379800
1997-03-21,3.124101161956787,4.9583330154418945,4.9791669845581055,4.8958330154418945,4.8958330154418945,35789400
1997-03-24,3.124101161956787,4.9583330154418945,4.9791669845581055,4.9166669845581055,4.9791669845581055,22221000
1997-03-25,3.0715949535369873,4.875,4.9791669845581055,4.8541669845581055,4.9791669845581055,49317600
1997-03-26,3.1109743118286133,4.9375,4.9375,4.8541669845581055,4.875,37942200
1997-03-27,3.0322155952453613,4.8125,4.9375,4.7083330154418945,4.9166669845581055,27013800
1997-03-31,2.92720365524292,4.6458330154418945,4.8333330154418945,4.6041669845581055,4.7708330154418945,36329400
1997-04-01,2.914078950881958,4.625,4.6666669845581055,4.5833330154418945,4.6041669845581055,22222200
1997-04-02,2.914078950881958,4.625,4.6458330154418945,4.5833330154418945,4.6041669845581055,21367200
1997-04-03,2.914078950881958,4.625,4.6458330154418945,4.5833330154418945,4.625,30064800
1997-04-04,2.92720365524292,4.6458330154418945,4.6458330154418945,4.5625,4.6041669845581055,24543600
1997-04-07,2.9403302669525146,4.6666669845581055,4.6875,4.6041669845581055,4.625,11898000
1997-04-08,3.0059633255004883,4.7708330154418945,4.7708330154418945,4.6041669845581055,4.6458330154418945,20295000
1997-04-09,3.0059633255004883,4.7708330154418945,4.8125,4.7291669845581055,4.7916669845581055,20265600
1997-04-10,2.9797115325927734,4.7291669845581055,4.75,4.6875,4.7291669845581055,14710200
1997-04-11,2.900951385498047,4.6041669845581055,4.7083330154418945,4.6041669845581055,4.6666669845581055,18838200
1997-04-14,2.914078950881958,4.625,4.6458330154418945,4.5208330154418945,4.5833330154418945,19567800
1997-04-15,2.992835760116577,4.75,4.75,4.6458330154418945,4.6666669845581055,17716800
1997-04-16,2.9403302669525146,4.6666669845581055,4.7291669845581055,4.6458330154418945,4.7291669845581055,27028800
1997-04-17,2.92720365524292,4.6458330154418945,4.6875,4.625,4.6666669845581055,12475200
1997-04-18,2.9534566402435303,4.6875,4.6875,4.6458330154418945,4.6458330154418945,18837600
1997-04-21,2.914078950881958,4.625,4.6666669845581055,4.6041669845581055,4.6666669845581055,15478200
1997-04-22,2.914078950881958,4.625,4.6458330154418945,4.5625,4.625,18840000
1997-04-23,2.9403302669525146,4.6666669845581055,4.7291669845581055,4.625,4.6458330154418945,18711000
1997-04-24,2.8878254890441895,4.5833330154418945,4.6666669845581055,4.5833330154418945,4.6458330154418945,12900000
1997-04-25,2.848444700241089,4.5208330154418945,4.625,4.5208330154418945,4.6041669845581055,12228000
1997-04-28,2.914078950881958,4.625,4.6458330154418945,4.5,4.5,12478800
1997-04-29,2.914078950881958,4.625,4.6875,4.5625,4.6875,16822200
1997-04-30,2.9534566402435303,4.6875,4.75,4.6041669845581055,4.625,25583400
1997-05-01,2.966583490371704,4.7083330154418945,4.7083330154418945,4.6458330154418945,4.6666669845581055,15962400
1997-05-02,2.9797115325927734,4.7291669845581055,4.7291669845581055,4.6875,4.7083330154418945,15471600
1997-05-05,2.9797115325927734,4.7291669845581055,4.7708330154418945,4.6458330154418945,4.7291669845581055,37153200
1997-05-06,2.9797115325927734,4.7291669845581055,4.75,4.6666669845581055,4.7083330154418945,24093600
1997-05-07,2.966583490371704,4.7083330154418945,4.8020830154418945,4.6666669845581055,4.7708330154418945,19473600
1997-05-08,3.0715949535369873,4.875,4.8958330154418945,4.7291669845581055,4.7291669845581055,31178400
1997-05-09,3.0453438758850098,4.8333330154418945,4.875,4.7916669845581055,4.875,15476400
1997-05-12,3.124101161956787,4.9583330154418945,4.9791669845581055,4.8229169845581055,4.8229169845581055,21830400
1997-05-13,3.1503517627716064,5.0,5.03125,4.8333330154418945,5.0,42365400
1997-05-14,3.163480281829834,5.0208330154418945,5.0416669845581055,5.0,5.0208330154418945,26905800
1997-05-15,3.202860116958618,5.0833330154418945,5.0833330154418945,4.9791669845581055,5.0,21238800
1997-05-16,3.137227773666382,4.9791669845581055,5.0833330154418945,4.9791669845581055,5.0833330154418945,28133400
1997-05-19,3.202860116958618,5.0833330154418945,5.0833330154418945,4.9791669845581055,5.0,13834200
1997-05-20,3.202860116958618,5.0833330154418945,5.0833330154418945,5.0416669845581055,5.0416669845581055,12769200
1997-05-21,3.1503517627716064,5.0,5.1041669845581055,4.9791669845581055,5.0833330154418945,21876000
1997-05-22,3.124101161956787,4.9583330154418945,5.0416669845581055,4.9166669845581055,5.0208330154418945,12310800
1997-05-23,3.163480281829834,5.0208330154418945,5.0208330154418945,4.9583330154418945,5.0,8932200
1997-05-27,3.137227773666382,4.9791669845581055,5.0208330154418945,4.9166669845581055,4.9375,11031000
1997-05-28,3.1503517627716064,5.0,5.0208330154418945,4.9583330154418945,4.9791669845581055,15462600
1997-05-29,3.163480281829834,5.0208330154418945,5.0625,4.9583330154418945,5.0,13495200
1997-05-30,3.137227773666382,4.9791669845581055,5.0,4.9583330154418945,5.0,14499600
1997-06-02,3.18973445892334,5.0625,5.1041669845581055,4.9791669845581055,5.0,20992800
1997-06-03,3.242239475250244,5.1458330154418945,5.1875,5.0833330154418945,5.0833330154418945,24063000
1997-06-04,3.242239475250244,5.1458330154418945,5.2083330154418945,5.1041669845581055,5.125,21122400
1997-06-05,3.2553672790527344,5.1666669845581055,5.1979169845581055,5.1458330154418945,5.1666669845581055,17305200
1997-06-06,3.2947466373443604,5.2291669845581055,5.2291669845581055,5.1041669845581055,5.125,15574800
1997-06-09,3.3472514152526855,5.3125,5.3125,5.2395830154418945,5.2708330154418945,17556600
1997-06-10,3.2947466373443604,5.2291669845581055,5.3333330154418945,5.2291669845581055,5.3333330154418945,21424200
1997-06-11,3.2947466373443604,5.2291669845581055,5.25,5.1458330154418945,5.1666669845581055,22110600
1997-06-12,3.320998430252075,5.2708330154418945,5.2916669845581055,5.2291669845581055,5.25,21855000
1997-06-13,3.3603789806365967,5.3333330154418945,5.3541669845581055,5.2916669845581055,5.2916669845581055,22464600
1997-06-16,3.452265977859497,5.4791669845581055,5.5,5.3541669845581055,5.3541669845581055,21532800
1997-06-17,3.5047690868377686,5.5625,5.5833330154418945,5.5,5.5208330154418945,26005200
1997-06-18,3.4724647998809814,5.5,5.5208330154418945,5.4791669845581055,5.5,14110200
1997-06-19,3.4724647998809814,5.5,5.5208330154418945,5.4791669845581055,5.5,15261600
1997-06-20,3.551384687423706,5.625,5.625,5.5,5.5208330154418945,35556000
1997-06-23,3.4330031871795654,5.4375,5.625,5.4375,5.5833330154418945,13963800
1997-06-24,3.5316543579101562,5.59375,5.6041669845581055,5.4166669845581055,5.4375,17321400
1997-06-25,3.4395806789398193,5.4479169845581055,5.6354169845581055,5.375,5.59375,27047400
1997-06-26,3.4724647998809814,5.5,5.6041669845581055,5.4479169845581055,5.4791669845581055,18154800
1997-06-27,3.4395806789398193,5.4479169845581055,5.5520830154418945,5.4479169845581055,5.5416669845581055,15361200
1997-06-30,3.5579614639282227,5.6354169845581055,5.65625,5.4583330154418945,5.5208330154418945,25435800
1997-07-01,3.5711112022399902,5.65625,5.6770830154418945,5.6041669845581055,5.65625,21846000
1997-07-02,3.630305051803589,5.75,5.75,5.6041669845581055,5.6666669845581055,14128800
1997-07-03,3.728954553604126,5.90625,5.9270830154418945,5.8020830154418945,5.8020830154418945,19414200
1997-07-07,3.7026467323303223,5.8645830154418945,6.0,5.8333330154418945,5.9479169845581055,25570800
1997-07-08,3.682918071746826,5.8333330154418945,5.8541669845581055,5.8020830154418945,5.84375,13532400
1997-07-09,3.538231134414673,5.6041669845581055,5.8645830154418945,5.53125,5.84375,26415600
1997-07-10,3.689495086669922,5.84375,5.9166669845581055,5.6666669845581055,5.6666669845581055,32110800
1997-07-11,3.728954553604126,5.90625,5.9166669845581055,5.84375,5.8541669845581055,18299400
1997-07-14,3.7552597522735596,5.9479169845581055,5.9583330154418945,5.8854169845581055,5.9270830154418945,22937400
1997-07-15,3.7618353366851807,5.9583330154418945,5.9583330154418945,5.84375,5.9479169845581055,16710600
1997-07-16,3.7684128284454346,5.96875,6.0,5.9270830154418945,5.9479169845581055,18962400
1997-07-17,3.7355306148529053,5.9166669845581055,5.96875,5.8958330154418945,5.9583330154418945,21539400
1997-07-18,3.682918071746826,5.8333330154418945,6.0104169845581055,5.7708330154418945,5.875,26863200
1997-07-21,3.7618353366851807,5.9583330154418945,5.9583330154418945,5.8020830154418945,5.8125,32889000
1997-07-22,3.8012986183166504,6.0208330154418945,6.03125,5.90625,5.9583330154418945,27510000
1997-07-23,3.84075665473938,6.0833330154418945,6.1875,5.9270830154418945,6.03125,40524600
1997-07-24,3.893369436264038,6.1666669845581055,6.2083330154418945,6.0520830154418945,6.1354169845581055,20040600
1997-07-25,4.038055419921875,6.3958330154418945,6.4583330154418945,6.1979169845581055,6.1979169845581055,30483000
1997-07-28,4.057783603668213,6.4270830154418945,6.5208330154418945,6.375,6.375,23575800
1997-07-29,3.972288131713867,6.2916669845581055,6.4583330154418945,6.25,6.4479169845581055,20443200
1997-07-30,3.9854447841644287,6.3125,6.34375,6.2708330154418945,6.3229169845581055,17839800
1997-07-31,3.9459829330444336,6.25,6.3125,6.25,6.28125,13865400
1997-08-01,3.860485076904297,6.1145830154418945,6.25,6.0416669845581055,6.25,21987000
1997-08-04,3.9854447841644287,6.3125,6.375,6.125,6.125,18178200
1997-08-05,3.959136962890625,6.2708330154418945,6.3229169845581055,6.2291669845581055,6.3125,11643000
1997-08-06,4.038055419921875,6.3958330154418945,6.40625,6.2291669845581055,6.2395830154418945,18650400
1997-08-07,4.005171775817871,6.34375,6.5,6.3229169845581055,6.4270830154418945,20047800
1997-08-08,3.8999452590942383,6.1770830154418945,6.3333330154418945,6.03125,6.2916669845581055,17667000
1997-08-11,3.893369436264038,6.1666669845581055,6.2083330154418945,6.0729169845581055,6.1979169845581055,19091400
1997-08-12,3.781564474105835,5.9895830154418945,6.25,5.9583330154418945,6.1875,22321200
1997-08-13,3.886789321899414,6.15625,6.2083330154418945,5.9583330154418945,6.0833330154418945,28060800
1997-08-14,3.7684128284454346,5.96875,6.1770830154418945,5.84375,6.1770830154418945,20137800
1997-08-15,3.689495086669922,5.84375,5.9895830154418945,5.7916669845581055,5.8333330154418945,33942000
1997-08-18,3.7552597522735596,5.9479169845581055,5.9791669845581055,5.8020830154418945,5.8645830154418945,17344800
1997-08-19,3.7749874591827393,5.9791669845581055,5.9895830154418945,5.8645830154418945,5.96875,16914600
1997-08-20,3.9131033420562744,6.1979169845581055,6.2604169845581055,5.9895830154418945,5.9895830154418945,24403800
1997-08-21,3.860485076904297,6.1145830154418945,6.2291669845581055,6.0729169845581055,6.21875,13376400
1997-08-22,3.8144519329071045,6.0416669845581055,6.0833330154418945,5.8333330154418945,6.0,24195600
1997-08-25,3.8670613765716553,6.125,6.15625,6.0,6.0416669845581055,12160800
1997-08-26,3.794720411300659,6.0104169845581055,6.15625,5.9583330154418945,6.09375,12839400
1997-08-27,3.781564474105835,5.9895830154418945,6.0520830154418945,5.8854169845581055,5.96875,13396800
1997-08-28,3.7421069145202637,5.9270830154418945,6.0416669845581055,5.875,5.9166669845581055,13407000
1997-08-29,3.7355306148529053,5.9166669845581055,5.96875,5.8645830154418945,5.8958330154418945,11932200
1997-09-02,3.965712785720825,6.28125,6.28125,5.9791669845581055,5.9895830154418945,20394000
1997-09-03,3.998594045639038,6.3333330154418945,6.3854169845581055,6.2604169845581055,6.2708330154418945,20193000
1997-09-04,4.005171775817871,6.34375,6.4479169845581055,6.3125,6.3229169845581055,17498400
1997-09-05,3.9788658618927,6.3020830154418945,6.4270830154418945,6.1666669845581055,6.3541669845581055,15177000
1997-09-08,4.031479835510254,6.3854169845581055,6.4166669845581055,6.3229169845581055,6.40625,11523600
1997-09-09,4.0643630027771,6.4375,6.5104169845581055,6.3541669845581055,6.40625,19120800
1997-09-10,3.959136962890625,6.2708330154418945,6.5833330154418945,6.25,6.4166669845581055,22026600
1997-09-11,4.011750221252441,6.3541669845581055,6.3541669845581055,6.1770830154418945,6.25,20769600
1997-09-12,4.0775146484375,6.4583330154418945,6.5,6.1979169845581055,6.3541669845581055,16689600
1997-09-15,4.024900913238525,6.375,6.5104169845581055,6.3645830154418945,6.46875,9663000
1997-09-16,4.024900913238525,6.375,6.5,6.3333330154418945,6.4583330154418945,24564600
1997-09-17,4.0057148933410645,6.3333330154418945,6.4375,6.3333330154418945,6.3854169845581055,17779800
1997-09-18,3.9925386905670166,6.3125,6.46875,6.2916669845581055,6.3645830154418945,16223400
1997-09-19,4.032069206237793,6.375,6.40625,6.25,6.3125,30019800
1997-09-22,4.0485405921936035,6.4010419845581055,6.59375,6.34375,6.375,12264000
1997-09-23,3.9068901538848877,6.1770830154418945,6.375,6.1458330154418945,6.3645830154418945,19618200
1997-09-24,3.867361307144165,6.1145830154418945,6.2395830154418945,6.0833330154418945,6.21875,18080400
1997-09-25,3.788299322128296,5.9895830154418945,6.1666669845581055,5.96875,6.1145830154418945,15482400
1997-09-26,3.821244716644287,6.0416669845581055,6.0729169845581055,6.0104169845581055,6.0104169845581055,15310800
1997-09-29,3.8739500045776367,6.125,6.1458330154418945,6.0416669845581055,6.0520830154418945,12240600
1997-09-30,3.8607735633850098,6.1041669845581055,6.1458330154418945,6.09375,6.1145830154418945,13917000
1997-10-01,3.893711805343628,6.15625,6.1770830154418945,6.125,6.15625,17882400
1997-10-02,3.887125253677368,6.1458330154418945,6.1770830154418945,6.0833330154418945,6.1145830154418945,16223400
1997-10-03,3.9003031253814697,6.1666669845581055,6.2083330154418945,6.09375,6.2083330154418945,17932800
1997-10-06,3.887125253677368,6.1458330154418945,6.1875,6.1145830154418945,6.1666669845581055,12291000
1997-10-07,3.85418701171875,6.09375,6.1458330154418945,6.09375,6.1041669845581055,13536600
1997-10-08,3.788299322128296,5.9895830154418945,6.1145830154418945,5.9166669845581055,6.1145830154418945,20671800
1997-10-09,3.7224175930023193,5.8854169845581055,5.9791669845581055,5.875,5.9166669845581055,18532200
1997-10-10,3.781712532043457,5.9791669845581055,6.0,5.84375,5.8645830154418945,15613800
1997-10-13,3.761948823928833,5.9479169845581055,6.0104169845581055,5.9375,5.9791669845581055,10581000
1997-10-14,3.7948901653289795,6.0,6.0416669845581055,5.9479169845581055,6.0416669845581055,16208400
1997-10-15,3.80806827545166,6.0208330154418945,6.1145830154418945,5.9583330154418945,5.9583330154418945,16516200
1997-10-16,3.761948823928833,5.9479169845581055,6.1458330154418945,5.84375,6.0833330154418945,13794000
1997-10-17,3.656534433364868,5.78125,5.9479169845581055,5.6666669845581055,5.9166669845581055,19186800
1997-10-20,3.7355949878692627,5.90625,5.90625,5.6770830154418945,5.78125,12282600
1997-10-21,3.801478862762451,6.0104169845581055,6.0208330154418945,5.8958330154418945,5.8958330154418945,14499000
1997-10-22,3.7553608417510986,5.9375,6.09375,5.90625,6.0416669845581055,12200400
1997-10-23,3.7026526927948,5.8541669845581055,5.8958330154418945,5.7083330154418945,5.7708330154418945,16088400
1997-10-24,3.590651035308838,5.6770830154418945,5.9375,5.6145830154418945,5.9375,16446000
1997-10-27,3.3930013179779053,5.3645830154418945,5.7916669845581055,5.15625,5.6354169845581055,27325800
1997-10-28,3.643357992172241,5.7604169845581055,5.8333330154418945,5.0416669845581055,5.0625,47699400
1997-10-29,3.6631240844726562,5.7916669845581055,5.9791669845581055,5.71875,5.7604169845581055,22767600
1997-10-30,3.6631240844726562,5.7916669845581055,6.0833330154418945,5.6875,5.6875,25083600
1997-10-31,3.6894772052764893,5.8333330154418945,5.96875,5.7083330154418945,5.90625,13074600
1997-11-03,3.827831268310547,6.0520830154418945,6.1458330154418945,5.9895830154418945,6.1041669845581055,15345600
1997-11-04,3.8344197273254395,6.0625,6.0729169845581055,5.9791669845581055,6.03125,11614200
1997-11-05,3.801478862762451,6.0104169845581055,6.09375,6.0104169845581055,6.0833330154418945,12796800
1997-11-06,3.887125253677368,6.1458330154418945,6.1666669845581055,6.0104169845581055,6.0104169845581055,17695200
1997-11-07,3.821244716644287,6.0416669845581055,6.0729169845581055,5.9583330154418945,6.0416669845581055,14141400
1997-11-10,3.8607735633850098,6.1041669845581055,6.1770830154418945,6.0833330154418945,6.1041669845581055,13119600
1997-11-11,3.9134793281555176,6.1875,6.2708330154418945,6.1458330154418945,6.1666669845581055,13092600
1997-11-12,3.9991276264190674,6.3229169845581055,6.3854169845581055,6.1354169845581055,6.1458330154418945,31466400
1997-11-13,4.0452470779418945,6.3958330154418945,6.4375,6.3333330154418945,6.375,18806400
1997-11-14,4.163835525512695,6.5833330154418945,6.6041669845581055,6.46875,6.4791669845581055,25867800
1997-11-17,4.196778297424316,6.6354169845581055,6.8125,6.625,6.6666669845581055,31710600
1997-11-18,4.137484550476074,6.5416669845581055,6.6458330154418945,6.5208330154418945,6.6354169845581055,19306200
1997-11-19,4.157249927520752,6.5729169845581055,6.65625,6.4583330154418945,6.5,18450600
1997-11-20,4.20995569229126,6.65625,6.6875,6.6145830154418945,6.625,15306600
1997-11-21,4.216543674468994,6.6666669845581055,6.7083330154418945,6.6145830154418945,6.7083330154418945,17355600
1997-11-24,4.1704254150390625,6.59375,6.6979169845581055,6.5833330154418945,6.625,15547800
1997-11-25,4.1704254150390625,6.59375,6.6979169845581055,6.59375,6.6354169845581055,17560200
1997-11-26,4.203366279602051,6.6458330154418945,6.6770830154418945,6.6354169845581055,6.6458330154418945,9943800
1997-11-28,4.223130702972412,6.6770830154418945,6.7291669845581055,6.6458330154418945,6.7083330154418945,5240400
1997-12-01,4.308780193328857,6.8125,6.8125,6.6666669845581055,6.7083330154418945,15324000
1997-12-02,4.295604228973389,6.7916669845581055,6.8958330154418945,6.7604169845581055,6.8333330154418945,15081600
1997-12-03,4.308780193328857,6.8125,6.84375,6.6458330154418945,6.8125,15705000
1997-12-04,4.328545093536377,6.84375,6.875,6.7604169845581055,6.8541669845581055,14441400
1997-12-05,4.315369606018066,6.8229169845581055,6.8541669845581055,6.7604169845581055,6.7708330154418945,13301400
1997-12-08,4.256073951721191,6.7291669845581055,6.84375,6.6666669845581055,6.84375,9297000
1997-12-09,4.223130702972412,6.6770830154418945,6.7708330154418945,6.6041669845581055,6.75,11281200
1997-12-10,4.242899417877197,6.7083330154418945,6.7291669845581055,6.59375,6.59375,12367200
1997-12-11,4.196778297424316,6.6354169845581055,6.6875,6.5104169845581055,6.6666669845581055,18606000
1997-12-12,4.20995569229126,6.65625,6.75,6.625,6.6666669845581055,17737200
1997-12-15,4.3351335525512695,6.8541669845581055,6.875,6.6770830154418945,6.6875,20283600
1997-12-16,4.295604228973389,6.7916669845581055,6.9895830154418945,6.71875,6.9479169845581055,21420600
1997-12-17,4.230189800262451,6.6770830154418945,6.8541669845581055,6.65625,6.8541669845581055,13684800
1997-12-18,4.177396297454834,6.59375,6.6875,6.5625,6.6875,18285600
1997-12-19,4.078407287597656,6.4375,6.5520830154418945,6.3541669845581055,6.53125,29989800
1997-12-22,4.025611400604248,6.3541669845581055,6.5,6.3333330154418945,6.40625,10917600
1997-12-23,3.9266231060028076,6.1979169845581055,6.3958330154418945,6.1666669845581055,6.3958330154418945,12177600
1997-12-24,3.9266231060028076,6.1979169845581055,6.3541669845581055,6.125,6.3541669845581055,9490800
1997-12-26,3.966217041015625,6.2604169845581055,6.2916669845581055,6.1875,6.1875,4600200
1997-12-29,4.00581169128418,6.3229169845581055,6.4166669845581055,6.3125,6.3333330154418945,7992600
1997-12-30,4.183996677398682,6.6041669845581055,6.65625,6.4166669845581055,6.4166669845581055,13989000
1997-12-31,4.164198398590088,6.5729169845581055,6.6041669845581055,6.4895830154418945,6.5729169845581055,11481000
1998-01-02,4.15759801864624,6.5625,6.6145830154418945,6.46875,6.5729169845581055,10029000
1998-01-05,4.197194576263428,6.625,6.6458330154418945,6.5,6.6354169845581055,13686000
1998-01-06,4.223591327667236,6.6666669845581055,6.6770830154418945,6.5208330154418945,6.5208330154418945,20187000
1998-01-07,4.210392475128174,6.6458330154418945,6.6770830154418945,6.5625,6.625,15806400
1998-01-08,4.150999069213867,6.5520830154418945,6.6979169845581055,6.5104169845581055,6.6666669845581055,14599200
1998-01-09,4.032212257385254,6.3645830154418945,6.5729169845581055,6.34375,6.5625,18346200
1998-01-12,4.170795440673828,6.5833330154418945,6.625,6.2604169845581055,6.2604169845581055,26112000
1998-01-13,4.170795440673828,6.5833330154418945,6.625,6.4270830154418945,6.6145830154418945,16555200
1998-01-14,4.190594673156738,6.6145830154418945,6.6354169845581055,6.5208330154418945,6.6145830154418945,19523400
1998-01-15,4.2169928550720215,6.65625,6.65625,6.53125,6.625,13317600
1998-01-16,4.236793518066406,6.6875,6.7395830154418945,6.6666669845581055,6.6979169845581055,22188600
1998-01-20,4.408371448516846,6.9583330154418945,6.9895830154418945,6.59375,6.59375,23048400
1998-01-21,4.2961835861206055,6.78125,6.8854169845581055,6.6666669845581055,6.84375,18490200
1998-01-22,4.223591327667236,6.6666669845581055,6.7291669845581055,6.5625,6.6875,17223600
1998-01-23,4.170795440673828,6.5833330154418945,6.6979169845581055,6.4583330154418945,6.6875,14755200
1998-01-26,4.085003852844238,6.4479169845581055,6.6145830154418945,6.3541669845581055,6.5729169845581055,13105800
1998-01-27,4.150999069213867,6.5520830154418945,6.6770830154418945,6.4791669845581055,6.5,17550000
1998-01-28,4.289585590362549,6.7708330154418945,6.7708330154418945,6.5833330154418945,6.5833330154418945,18174000
1998-01-29,4.24338960647583,6.6979169845581055,6.9166669845581055,6.6770830154418945,6.7708330154418945,15057600
1998-01-30,4.203793048858643,6.6354169845581055,6.78125,6.625,6.7083330154418945,11774400
1998-02-02,4.309384346008301,6.8020830154418945,6.84375,6.6979169845581055,6.8229169845581055,17711400
1998-02-03,4.4347710609436035,7.0,7.0625,6.75,6.7708330154418945,26511600
1998-02-04,4.540360450744629,7.1666669845581055,7.2291669845581055,6.9479169845581055,6.96875,24554400
1998-02-05,4.520561695098877,7.1354169845581055,7.3125,7.0625,7.25,27098400
1998-02-06,4.546959400177002,7.1770830154418945,7.1979169845581055,7.1145830154418945,7.1770830154418945,12664800
1998-02-09,4.487565517425537,7.0833330154418945,7.1979169845581055,7.0625,7.1979169845581055,13878000
1998-02-10,4.553559303283691,7.1875,7.21875,7.1458330154418945,7.1666669845581055,17338800
1998-02-11,4.533760070800781,7.15625,7.1979169845581055,7.1354169845581055,7.1979169845581055,8007600
1998-02-12,4.7185444831848145,7.4479169845581055,7.4479169845581055,7.1041669845581055,7.1458330154418945,17340000
1998-02-13,4.665748596191406,7.3645830154418945,7.3958330154418945,7.25,7.3333330154418945,13779600
1998-02-17,4.725142002105713,7.4583330154418945,7.5,7.4166669845581055,7.4166669845581055,12028800
1998-02-18,4.804335117340088,7.5833330154418945,7.6041669845581055,7.4375,7.4895830154418945,14701800
1998-02-19,4.777937889099121,7.5416669845581055,7.5833330154418945,7.4375,7.5833330154418945,13153200
1998-02-20,4.791139125823975,7.5625,7.5729169845581055,7.3854169845581055,7.5520830154418945,18285000
1998-02-23,4.876927852630615,7.6979169845581055,7.6979169845581055,7.5729169845581055,7.6666669845581055,18959400
1998-02-24,4.949521064758301,7.8125,7.8854169845581055,7.75,7.8125,24959400
1998-02-25,5.035313129425049,7.9479169845581055,7.9895830154418945,7.90625,7.9375,16508400
1998-02-26,4.989120006561279,7.875,7.9270830154418945,7.7395830154418945,7.9270830154418945,14541000
1998-02-27,4.8901286125183105,7.71875,7.8645830154418945,7.6875,7.8645830154418945,15474600
1998-03-02,4.949521064758301,7.8125,7.875,7.75,7.78125,19246200
1998-03-03,5.114505767822266,8.072916984558105,8.072916984558105,7.7708330154418945,7.8020830154418945,18299400
1998-03-04,5.114505767822266,8.072916984558105,8.135416984558105,8.0625,8.114583015441895,16153800
1998-03-05,5.160698890686035,8.145833015441895,8.333333015441895,8.010416984558105,8.010416984558105,33376800
1998-03-06,5.29928731918335,8.364583015441895,8.385416984558105,8.302083015441895,8.34375,23621400
1998-03-09,5.418073654174805,8.552083015441895,8.697916984558105,8.385416984558105,8.385416984558105,23567400
1998-03-10,5.385078430175781,8.5,8.708333015441895,8.46875,8.6875,23161200
1998-03-11,5.378483772277832,8.489583015441895,8.625,8.447916984558105,8.552083015441895,19824000
1998-03-12,5.418073654174805,8.552083015441895,8.614583015441895,8.510416984558105,8.53125,14778600
1998-03-13,5.424675941467285,8.5625,8.614583015441895,8.479166984558105,8.5625,19732200
1998-03-16,5.437876224517822,8.583333015441895,8.604166984558105,8.479166984558105,8.59375,13373400
1998-03-17,5.431276798248291,8.572916984558105,8.666666984558105,8.510416984558105,8.65625,13158000
1998-03-18,5.366820812225342,8.458333015441895,8.614583015441895,8.385416984558105,8.614583015441895,14752200
1998-03-19,5.327162742614746,8.395833015441895,8.458333015441895,8.322916984558105,8.447916984558105,13320600
1998-03-20,5.294116020202637,8.34375,8.427083015441895,8.260416984558105,8.40625,28083600
1998-03-23,5.254462242126465,8.28125,8.302083015441895,8.21875,8.21875,18558000
1998-03-24,5.340382099151611,8.416666984558105,8.427083015441895,8.25,8.25,14451000
1998-03-25,5.247852802276611,8.270833015441895,8.447916984558105,8.125,8.416666984558105,20487600
1998-03-26,5.26107120513916,8.291666984558105,8.375,8.25,8.28125,12433200
1998-03-27,5.2808990478515625,8.322916984558105,8.354166984558105,8.1875,8.333333015441895,17535600
1998-03-30,5.333773612976074,8.40625,8.40625,8.3125,8.3125,10361400
1998-03-31,5.373430252075195,8.46875,8.625,8.416666984558105,8.447916984558105,20433600
1998-04-01,5.446134567260742,8.583333015441895,8.583333015441895,8.4375,8.46875,17770200
1998-04-02,5.373430252075195,8.46875,8.625,8.458333015441895,8.625,17494800
1998-04-03,5.446134567260742,8.583333015441895,8.614583015441895,8.5,8.520833015441895,16450800
1998-04-06,5.247852802276611,8.270833015441895,8.614583015441895,8.25,8.614583015441895,15831600
1998-04-07,5.366820812225342,8.458333015441895,8.552083015441895,8.322916984558105,8.375,23668200
1998-04-08,5.28750467300415,8.333333015441895,8.416666984558105,8.3125,8.395833015441895,19746000
1998-04-09,5.373430252075195,8.46875,8.541666984558105,8.40625,8.520833015441895,17736000
1998-04-13,5.413086414337158,8.53125,8.572916984558105,8.4375,8.447916984558105,15231000
1998-04-14,5.631195545196533,8.875,8.947916984558105,8.572916984558105,8.583333015441895,25459200
1998-04-15,5.697289943695068,8.979166984558105,8.979166984558105,8.78125,8.895833015441895,18723600
1998-04-16,5.558492660522461,8.760416984558105,8.989583015441895,8.71875,8.989583015441895,16404000
1998-04-17,5.631195545196533,8.875,8.875,8.708333015441895,8.802083015441895,17256000
1998-04-20,5.525447368621826,8.708333015441895,8.875,8.697916984558105,8.875,11393400
1998-04-21,5.532054901123047,8.71875,8.770833015441895,8.59375,8.708333015441895,17889600
1998-04-22,5.532054901123047,8.71875,8.75,8.666666984558105,8.677083015441895,9652200
1998-04-23,5.432914733886719,8.5625,8.697916984558105,8.510416984558105,8.625,13340400
1998-04-24,5.313943386077881,8.375,8.59375,8.302083015441895,8.552083015441895,14934600
1998-04-27,5.2412428855896,8.260416984558105,8.375,8.177083015441895,8.21875,16653600
1998-04-28,5.1949782371521,8.1875,8.364583015441895,8.166666984558105,8.333333015441895,15652200
1998-04-29,5.214803218841553,8.21875,8.270833015441895,8.03125,8.208333015441895,18975600
1998-04-30,5.346992015838623,8.427083015441895,8.479166984558105,8.260416984558105,8.291666984558105,18028800
1998-05-01,5.353601932525635,8.4375,8.541666984558105,8.364583015441895,8.541666984558105,13551600
1998-05-04,5.380039691925049,8.479166984558105,8.583333015441895,8.4375,8.458333015441895,12335400
1998-05-05,5.340382099151611,8.416666984558105,8.520833015441895,8.395833015441895,8.520833015441895,10809000
1998-05-06,5.2808990478515625,8.322916984558105,8.479166984558105,8.291666984558105,8.416666984558105,15008400
1998-05-07,5.353601932525635,8.4375,8.458333015441895,8.291666984558105,8.364583015441895,17734200
1998-05-08,5.340382099151611,8.416666984558105,8.458333015441895,8.375,8.4375,10695000
1998-05-11,5.406477928161621,8.520833015441895,8.541666984558105,8.427083015441895,8.447916984558105,13294800
1998-05-12,5.57832145690918,8.791666984558105,8.8125,8.65625,8.666666984558105,35479800
1998-05-13,5.72372579574585,9.020833015441895,9.03125,8.78125,8.8125,24940200
1998-05-14,5.7303385734558105,9.03125,9.125,8.979166984558105,9.0,13675200
1998-05-15,5.7171173095703125,9.010416984558105,9.125,8.979166984558105,9.041666984558105,17712000
1998-05-18,5.750161647796631,9.0625,9.114583015441895,8.958333015441895,9.03125,14504400
1998-05-19,5.743557453155518,9.052083015441895,9.114583015441895,8.979166984558105,9.072916984558105,9554400
1998-05-20,5.803038120269775,9.145833015441895,9.145833015441895,9.03125,9.104166984558105,13036800
1998-05-21,5.895570278167725,9.291666984558105,9.375,9.166666984558105,9.166666984558105,16969800
1998-05-22,5.869133472442627,9.25,9.375,9.15625,9.333333015441895,8646000
1998-05-26,5.68406867980957,8.958333015441895,9.395833015441895,8.958333015441895,9.395833015441895,11447400
1998-05-27,5.750161647796631,9.0625,9.166666984558105,8.75,8.875,18057000
1998-05-28,5.862524032592773,9.239583015441895,9.239583015441895,9.041666984558105,9.145833015441895,12177000
1998-05-29,5.829477787017822,9.1875,9.385416984558105,9.177083015441895,9.354166984558105,17366400
1998-06-01,5.974886417388916,9.416666984558105,9.416666984558105,9.239583015441895,9.28125,19423800
1998-06-02,6.021149158477783,9.489583015441895,9.572916984558105,9.447916984558105,9.489583015441895,17793600
1998-06-03,5.9220075607299805,9.333333015441895,9.572916984558105,9.260416984558105,9.541666984558105,15264000
1998-06-04,5.988101959228516,9.4375,9.520833015441895,9.229166984558105,9.333333015441895,18750600
1998-06-05,6.113683223724365,9.635416984558105,9.697916984558105,9.458333015441895,9.541666984558105,20293200
1998-06-08,6.1335129737854,9.666666984558105,9.697916984558105,9.572916984558105,9.645833015441895,12874200
1998-06-09,6.140115737915039,9.677083015441895,9.84375,9.583333015441895,9.645833015441895,18476400
1998-06-10,6.265693187713623,9.875,9.958333015441895,9.59375,9.635416984558105,18021000
1998-06-11,6.239260673522949,9.833333015441895,9.9375,9.635416984558105,9.90625,16806600
1998-06-12,6.219431400299072,9.802083015441895,9.895833015441895,9.71875,9.71875,15514200
1998-06-15,5.981495380401611,9.427083015441895,9.802083015441895,9.427083015441895,9.604166984558105,20116800
1998-06-16,6.067417621612549,9.5625,9.604166984558105,9.375,9.572916984558105,19147200
1998-06-17,6.188189506530762,9.739583015441895,9.854166984558105,9.5,9.5,19047000
1998-06-18,6.141862392425537,9.666666984558105,9.770833015441895,9.625,9.677083015441895,13267200
1998-06-19,6.1286234855651855,9.645833015441895,9.802083015441895,9.604166984558105,9.666666984558105,25377600
1998-06-22,6.069055557250977,9.552083015441895,9.697916984558105,9.541666984558105,9.625,12229200
1998-06-23,6.267607688903809,9.864583015441895,9.864583015441895,9.604166984558105,9.645833015441895,17763600
1998-06-24,6.366884231567383,10.020833015441895,10.052083015441895,9.708333015441895,9.864583015441895,20194800
1998-06-25,6.353644371032715,10.0,10.145833015441895,9.885416984558105,10.052083015441895,16466400
1998-06-26,6.320554733276367,9.947916984558105,10.145833015441895,9.9375,9.947916984558105,10877400
1998-06-29,6.5720534324646,10.34375,10.46875,10.0,10.041666984558105,20883000
1998-06-30,6.4330668449401855,10.125,10.479166984558105,10.041666984558105,10.479166984558105,19049400
1998-07-01,6.406593322753906,10.083333015441895,10.291666984558105,9.958333015441895,10.260416984558105,19717200
1998-07-02,6.426447868347168,10.114583015441895,10.197916984558105,10.041666984558105,10.197916984558105,10414200
1998-07-06,6.4860148429870605,10.208333015441895,10.21875,10.041666984558105,10.104166984558105,17973000
1998-07-07,6.472780227661133,10.1875,10.3125,10.177083015441895,10.239583015441895,14456400
1998-07-08,6.651473522186279,10.46875,10.46875,10.25,10.25,16559400
1998-07-09,6.684565544128418,10.520833015441895,10.583333015441895,10.354166984558105,10.46875,17529000
1998-07-10,6.797077655792236,10.697916984558105,10.697916984558105,10.5,10.5625,23134200
1998-07-13,6.783841609954834,10.677083015441895,10.75,10.604166984558105,10.75,14870400
1998-07-14,7.028721332550049,11.0625,11.104166984558105,10.708333015441895,10.739583015441895,16297200
1998-07-15,6.975772857666016,10.979166984558105,11.166666984558105,10.96875,11.09375,15085200
1998-07-16,7.280220031738281,11.458333015441895,11.46875,10.947916984558105,11.0,19632000
1998-07-17,7.306697845458984,11.5,11.614583015441895,11.427083015441895,11.5,20200800
1998-07-20,7.286837100982666,11.46875,11.510416984558105,11.354166984558105,11.5,11307600
1998-07-21,7.200796604156494,11.333333015441895,11.479166984558105,11.197916984558105,11.46875,14935200
1998-07-22,7.101523399353027,11.177083015441895,11.46875,11.052083015441895,11.364583015441895,19532400
1998-07-23,6.724277019500732,10.583333015441895,11.177083015441895,10.583333015441895,11.083333015441895,18966000
1998-07-24,6.75737190246582,10.635416984558105,10.739583015441895,10.385416984558105,10.583333015441895,23629200
1998-07-27,6.763987064361572,10.645833015441895,10.65625,10.427083015441895,10.583333015441895,17502600
1998-07-28,6.717660427093506,10.572916984558105,10.666666984558105,10.333333015441895,10.5,19576800
1998-07-29,6.446302890777588,10.145833015441895,10.697916984558105,10.125,10.604166984558105,23663400
1998-07-30,6.737514972686768,10.604166984558105,10.739583015441895,10.166666984558105,10.270833015441895,24865800
1998-07-31,6.684565544128418,10.520833015441895,10.729166984558105,10.416666984558105,10.666666984558105,21689400
1998-08-03,6.525721549987793,10.270833015441895,10.479166984558105,10.25,10.447916984558105,14308200
1998-08-04,6.1815667152404785,9.729166984558105,10.333333015441895,9.729166984558105,10.302083015441895,24867000
1998-08-05,6.459540843963623,10.166666984558105,10.166666984558105,9.541666984558105,9.729166984558105,31853400
1998-08-06,6.777226448059082,10.666666984558105,10.708333015441895,10.041666984558105,10.0625,21870600
1998-08-07,6.6580915451049805,10.479166984558105,10.739583015441895,10.34375,10.666666984558105,21237000
1998-08-10,6.677947998046875,10.510416984558105,10.65625,10.270833015441895,10.270833015441895,16195800
1998-08-11,6.777226448059082,10.666666984558105,10.6875,10.1875,10.1875,28507200
1998-08-12,6.989011287689209,11.0,11.0,10.8125,10.989583015441895,28423800
1998-08-13,6.810311794281006,10.71875,11.229166984558105,10.71875,11.0,17419200
1998-08-14,6.605142593383789,10.395833015441895,10.9375,10.21875,10.875,17231400
1998-08-17,6.651473522186279,10.46875,10.614583015441895,10.197916984558105,10.395833015441895,16804800
1998-08-18,6.803693771362305,10.708333015441895,10.71875,10.385416984558105,10.479166984558105,21663000
1998-08-19,6.777226448059082,10.666666984558105,10.875,10.583333015441895,10.770833015441895,20680200
1998-08-20,6.85664701461792,10.791666984558105,10.833333015441895,10.552083015441895,10.635416984558105,16580400
1998-08-21,6.902976036071777,10.864583015441895,10.9375,10.5,10.760416984558105,20183400
1998-08-24,7.12138032913208,11.208333015441895,11.21875,11.0,11.072916984558105,19008600
1998-08-25,7.253744602203369,11.416666984558105,11.552083015441895,11.28125,11.395833015441895,26958000
1998-08-26,7.313314437866211,11.510416984558105,11.635416984558105,11.322916984558105,11.354166984558105,24060000
1998-08-27,7.18756103515625,11.3125,11.427083015441895,10.916666984558105,11.375,30137400
1998-08-28,6.922828674316406,10.895833015441895,11.385416984558105,10.875,11.333333015441895,38434800
1998-08-31,6.2477521896362305,9.833333015441895,10.854166984558105,9.583333015441895,10.729166984558105,44451000
1998-09-01,6.538962364196777,10.291666984558105,10.385416984558105,9.25,9.916666984558105,47523600
1998-09-02,6.3470282554626465,9.989583015441895,10.5,9.979166984558105,10.458333015441895,34450800
1998-09-03,6.366884231567383,10.020833015441895,10.145833015441895,9.84375,9.854166984558105,51767400
1998-09-04,6.194804668426514,9.75,10.125,9.427083015441895,10.0625,27455400
1998-09-08,6.6448564529418945,10.458333015441895,10.458333015441895,9.96875,10.3125,29112000
1998-09-09,6.466159820556641,10.177083015441895,10.489583015441895,10.09375,10.364583015441895,22456200
1998-09-10,6.188189506530762,9.739583015441895,10.0625,9.666666984558105,9.864583015441895,26627400
1998-09-11,6.419830322265625,10.104166984558105,10.229166984558105,9.604166984558105,9.65625,22173000
1998-09-14,6.479395389556885,10.197916984558105,10.5625,10.177083015441895,10.5625,18775800
1998-09-15,6.618380546569824,10.416666984558105,10.447916984558105,10.166666984558105,10.25,20946600
1998-09-16,6.673043727874756,10.489583015441895,10.572916984558105,10.239583015441895,10.5,26649000
1998-09-17,6.454358100891113,10.145833015441895,10.322916984558105,10.083333015441895,10.25,18723000
1998-09-18,6.421223163604736,10.09375,10.333333015441895,10.020833015441895,10.291666984558105,30085800
1998-09-21,6.43447732925415,10.114583015441895,10.333333015441895,9.90625,9.958333015441895,21399000
1998-09-22,6.613395690917969,10.395833015441895,10.395833015441895,10.135416984558105,10.260416984558105,18352800
1998-09-23,6.8387041091918945,10.75,10.760416984558105,10.3125,10.541666984558105,26802000
1998-09-24,6.659784317016602,10.46875,10.791666984558105,10.09375,10.760416984558105,20791800
1998-09-25,6.567012310028076,10.322916984558105,10.489583015441895,10.239583015441895,10.34375,19903800
1998-09-28,6.513998031616211,10.239583015441895,10.572916984558105,10.125,10.5,16851000
1998-09-29,6.162786483764648,9.6875,10.270833015441895,9.604166984558105,10.21875,30052800
1998-09-30,5.791689395904541,9.104166984558105,9.520833015441895,8.979166984558105,9.520833015441895,67523400
1998-10-01,5.6326518058776855,8.854166984558105,9.166666984558105,8.739583015441895,9.0,37951800
1998-10-02,5.877838611602783,9.239583015441895,9.375,8.770833015441895,8.885416984558105,30665400
1998-10-05,6.070013046264648,9.541666984558105,9.666666984558105,8.96875,9.416666984558105,28659600
1998-10-06,6.308572292327881,9.916666984558105,10.104166984558105,9.729166984558105,10.0,28922400
1998-10-07,6.229053020477295,9.791666984558105,9.916666984558105,9.729166984558105,9.916666984558105,25030800
1998-10-08,6.023627281188965,9.46875,9.520833015441895,8.864583015441895,9.427083015441895,41219400
1998-10-09,6.268814563751221,9.854166984558105,9.9375,9.291666984558105,9.666666984558105,23629800
1998-10-12,6.4477338790893555,10.135416984558105,10.322916984558105,10.083333015441895,10.322916984558105,26292600
1998-10-13,6.354958534240723,9.989583015441895,10.197916984558105,9.916666984558105,10.197916984558105,14935200
1998-10-14,6.480869293212891,10.1875,10.375,9.9375,9.9375,24225000
1998-10-15,6.851956844329834,10.770833015441895,10.833333015441895,10.135416984558105,10.166666984558105,29725200
1998-10-16,7.064012050628662,11.104166984558105,11.28125,10.947916984558105,11.041666984558105,41675400
1998-10-19,7.289315700531006,11.458333015441895,11.489583015441895,11.270833015441895,11.333333015441895,29596200
1998-10-20,6.951356410980225,10.927083015441895,11.572916984558105,10.895833015441895,11.5,33348600
1998-10-21,6.8850908279418945,10.822916984558105,11.010416984558105,10.760416984558105,11.0,24909000
1998-10-22,7.083892822265625,11.135416984558105,11.208333015441895,10.760416984558105,10.854166984558105,17863200
1998-10-23,7.209794521331787,11.333333015441895,11.333333015441895,10.979166984558105,11.135416984558105,17940600
1998-10-26,6.9314799308776855,10.895833015441895,11.270833015441895,10.895833015441895,11.197916984558105,17401800
1998-10-27,6.706172466278076,10.541666984558105,11.052083015441895,10.5,11.0,23310000
1998-10-28,6.871838569641113,10.802083015441895,10.989583015441895,10.458333015441895,10.520833015441895,17635800
1998-10-29,7.150163173675537,11.239583015441895,11.270833015441895,10.885416984558105,11.041666984558105,17121600
1998-10-30,7.32245397567749,11.510416984558105,11.572916984558105,11.239583015441895,11.333333015441895,28384800
1998-11-02,7.2959418296813965,11.46875,11.59375,11.34375,11.552083015441895,20492400
1998-11-03,7.090515613555908,11.145833015441895,11.479166984558105,11.135416984558105,11.479166984558105,21199200
1998-11-04,7.216423511505127,11.34375,11.4375,11.166666984558105,11.166666984558105,24529800
1998-11-05,7.448358058929443,11.708333015441895,11.708333015441895,11.177083015441895,11.385416984558105,25137000
1998-11-06,7.574262619018555,11.90625,11.927083015441895,11.583333015441895,11.697916984558105,27886200
1998-11-09,7.481490135192871,11.760416984558105,12.072916984558105,11.677083015441895,11.90625,22861200
1998-11-10,7.441728591918945,11.697916984558105,11.854166984558105,11.46875,11.791666984558105,28120200
1998-11-11,7.395340919494629,11.625,11.78125,11.59375,11.75,16944000
1998-11-12,7.289315700531006,11.458333015441895,11.739583015441895,11.291666984558105,11.666666984558105,16323600
1998-11-13,7.388715744018555,11.614583015441895,11.677083015441895,11.46875,11.5625,14781000
1998-11-16,7.534507751464844,11.84375,11.979166984558105,11.666666984558105,11.979166984558105,18924000
1998-11-17,7.594143867492676,11.9375,12.052083015441895,11.708333015441895,11.84375,20140800
1998-11-18,7.779686450958252,12.229166984558105,12.229166984558105,12.041666984558105,12.145833015441895,18961200
1998-11-19,7.739928245544434,12.166666984558105,12.416666984558105,12.104166984558105,12.416666984558105,21454800
1998-11-20,7.819450855255127,12.291666984558105,12.302083015441895,12.135416984558105,12.302083015441895,18768000
1998-11-23,7.9453558921813965,12.489583015441895,12.489583015441895,12.197916984558105,12.322916984558105,17102400
1998-11-24,7.925475120544434,12.458333015441895,12.5,12.375,12.489583015441895,14458200
1998-11-25,8.031499862670898,12.625,12.666666984558105,12.375,12.5,14937000
1998-11-27,8.117645263671875,12.760416984558105,12.760416984558105,12.604166984558105,12.666666984558105,8637000
1998-11-30,7.985115051269531,12.552083015441895,12.875,12.520833015441895,12.791666984558105,20142000
1998-12-01,7.9387288093566895,12.479166984558105,12.572916984558105,12.177083015441895,12.375,17764800
1998-12-02,7.852585792541504,12.34375,12.53125,12.25,12.427083015441895,11304000
1998-12-03,7.58089017868042,11.916666984558105,12.53125,11.90625,12.322916984558105,16231800
1998-12-04,7.759806156158447,12.197916984558105,12.354166984558105,11.9375,12.114583015441895,21066600
1998-12-07,7.912222385406494,12.4375,12.666666984558105,12.208333015441895,12.291666984558105,15303600
1998-12-08,8.058009147644043,12.666666984558105,12.822916984558105,12.416666984558105,12.458333015441895,19193400
1998-12-09,8.145891189575195,12.791666984558105,12.90625,12.677083015441895,12.802083015441895,16269000
1998-12-10,8.039753913879395,12.625,12.864583015441895,12.5625,12.864583015441895,16674000
1998-12-11,8.09945297241211,12.71875,12.739583015441895,12.510416984558105,12.677083015441895,14983200
1998-12-14,7.940253257751465,12.46875,12.645833015441895,12.364583015441895,12.59375,15767400
1998-12-15,8.152522087097168,12.802083015441895,12.8125,12.416666984558105,12.541666984558105,20136000
1998-12-16,8.033121109008789,12.614583015441895,12.833333015441895,12.510416984558105,12.8125,15346800
1998-12-17,8.079551696777344,12.6875,12.729166984558105,12.479166984558105,12.59375,13017000
1998-12-18,8.252023696899414,12.958333015441895,12.958333015441895,12.604166984558105,12.677083015441895,31875000
1998-12-21,8.344893455505371,13.104166984558105,13.322916984558105,12.927083015441895,12.9375,20852400
1998-12-22,8.311725616455078,13.052083015441895,13.197916984558105,13.0,13.15625,14922000
1998-12-23,8.64339828491211,13.572916984558105,13.604166984558105,13.010416984558105,13.145833015441895,17151600
1998-12-24,8.6102294921875,13.520833015441895,13.583333015441895,13.427083015441895,13.583333015441895,5233800
1998-12-28,8.477563858032227,13.3125,13.53125,13.177083015441895,13.5,12196200
1998-12-29,8.696463584899902,13.65625,13.791666984558105,13.166666984558105,13.364583015441895,16597800
1998-12-30,8.570428848266602,13.458333015441895,13.666666984558105,13.354166984558105,13.666666984558105,14053200
1998-12-31,8.64339828491211,13.572916984558105,13.583333015441895,13.260416984558105,13.364583015441895,15846600
1999-01-04,8.557160377502441,13.4375,13.708333015441895,13.260416984558105,13.604166984558105,21997800
1999-01-05,8.623499870300293,13.541666984558105,13.645833015441895,13.416666984558105,13.541666984558105,17247000
1999-01-06,8.769437789916992,13.770833015441895,13.854166984558105,13.520833015441895,13.6875,23115600
1999-01-07,8.928638458251953,14.020833015441895,14.177083015441895,13.875,13.9375,27763800
1999-01-08,8.862302780151367,13.916666984558105,14.072916984558105,13.75,14.0,21522000
1999-01-11,8.663302421569824,13.604166984558105,13.96875,13.333333015441895,13.916666984558105,19444200
1999-01-12,8.530627250671387,13.395833015441895,13.458333015441895,13.09375,13.395833015441895,24687600
1999-01-13,8.557160377502441,13.4375,13.625,12.895833015441895,13.0,21822000
1999-01-14,8.46429443359375,13.291666984558105,13.489583015441895,12.979166984558105,13.291666984558105,23356200
1999-01-15,8.504098892211914,13.354166984558105,13.458333015441895,13.125,13.302083015441895,20884200
1999-01-19,8.497462272644043,13.34375,13.489583015441895,13.041666984558105,13.375,17463600
1999-01-20,8.517364501953125,13.375,13.75,13.09375,13.34375,20407800
1999-01-21,8.391324996948242,13.177083015441895,13.5625,13.145833015441895,13.354166984558105,16834800
1999-01-22,8.703100204467773,13.666666984558105,13.708333015441895,13.083333015441895,13.177083015441895,15953400
1999-01-25,8.703100204467773,13.666666984558105,13.78125,13.3125,13.635416984558105,18162000
1999-01-26,8.868934631347656,13.927083015441895,14.083333015441895,13.697916984558105,13.822916984558105,20271000
1999-01-27,9.041406631469727,14.197916984558105,14.302083015441895,14.0,14.03125,28845600
1999-01-28,9.03477668762207,14.1875,14.239583015441895,14.020833015441895,14.208333015441895,17180400
1999-01-29,9.127642631530762,14.333333015441895,14.40625,14.166666984558105,14.333333015441895,17407200
1999-02-01,8.968440055847168,14.083333015441895,14.291666984558105,14.052083015441895,14.291666984558105,17193000
1999-02-02,8.875566482543945,13.9375,13.989583015441895,13.458333015441895,13.854166984558105,23788200
1999-02-03,9.101109504699707,14.291666984558105,14.375,13.916666984558105,13.96875,21938400
1999-02-04,8.888835906982422,13.958333015441895,14.552083015441895,13.958333015441895,14.385416984558105,21732600
1999-02-05,8.941905975341797,14.041666984558105,14.291666984558105,13.791666984558105,14.229166984558105,15818400
1999-02-08,9.067938804626465,14.239583015441895,14.395833015441895,13.875,14.041666984558105,13824600
1999-02-09,8.716367721557617,13.6875,14.1875,13.635416984558105,14.1875,16683600
1999-02-10,8.590327262878418,13.489583015441895,13.677083015441895,13.416666984558105,13.666666984558105,15664200
1999-02-11,9.107739448547363,14.302083015441895,14.322916984558105,13.4375,13.5,15522000
1999-02-12,8.955171585083008,14.0625,14.34375,13.833333015441895,14.302083015441895,15417000
1999-02-16,9.293474197387695,14.59375,14.666666984558105,14.25,14.25,33564000
1999-02-17,9.028141975402832,14.177083015441895,14.78125,14.177083015441895,14.447916984558105,28978800
1999-02-18,9.061308860778809,14.229166984558105,14.34375,14.03125,14.25,21064800
1999-02-19,8.994972229003906,14.125,14.25,14.09375,14.25,16941000
1999-02-22,9.366442680358887,14.708333015441895,14.739583015441895,14.229166984558105,14.239583015441895,26481600
1999-02-23,9.286845207214355,14.583333015441895,14.760416984558105,14.458333015441895,14.697916984558105,19791600
1999-02-24,8.975069999694824,14.09375,14.916666984558105,14.03125,14.697916984558105,23827800
1999-02-25,9.021509170532227,14.166666984558105,14.302083015441895,13.927083015441895,14.1875,21450600
1999-02-26,9.140905380249023,14.354166984558105,14.416666984558105,13.947916984558105,14.375,20653200
1999-03-01,9.114372253417969,14.3125,14.53125,13.9375,14.520833015441895,20434200
1999-03-02,9.067938804626465,14.239583015441895,14.5625,14.1875,14.458333015441895,19884600
1999-03-03,9.273575782775879,14.5625,14.71875,14.333333015441895,14.333333015441895,20538000
1999-03-04,9.485847473144531,14.895833015441895,14.9375,14.645833015441895,14.65625,21283800
1999-03-05,9.897119522094727,15.541666984558105,15.708333015441895,15.229166984558105,15.5,49855200
1999-03-08,9.917023658752441,15.572916984558105,15.6875,15.302083015441895,15.6875,26441400
1999-03-09,9.976722717285156,15.666666984558105,15.708333015441895,15.427083015441895,15.572916984558105,21983400
1999-03-10,9.930289268493652,15.59375,15.708333015441895,15.510416984558105,15.697916984558105,18727800
1999-03-11,10.116025924682617,15.885416984558105,16.0625,15.625,15.75,25495200
1999-03-12,10.228796005249023,16.0625,16.15625,15.90625,15.989583015441895,21979800
1999-03-15,10.268598556518555,16.125,16.21875,15.875,16.166667938232422,21927000
1999-03-16,10.188993453979492,16.0,16.197917938232422,15.927083015441895,16.177082061767578,19338000
1999-03-17,10.23946475982666,16.0625,16.15625,15.78125,16.072917938232422,19298400
1999-03-18,10.432034492492676,16.364582061767578,16.395832061767578,15.958333015441895,16.010417938232422,17526000
1999-03-19,10.066816329956055,15.791666984558105,16.375,15.791666984558105,16.375,36106200
1999-03-22,9.914079666137695,15.552083015441895,15.833333015441895,15.416666984558105,15.8125,18211800
1999-03-23,9.61526870727539,15.083333015441895,15.53125,14.84375,15.510416984558105,30471000
1999-03-24,9.45589828491211,14.833333015441895,15.15625,14.697916984558105,15.0625,24211200
1999-03-25,9.761353492736816,15.3125,15.375,14.96875,14.96875,23276400
1999-03-26,9.728154182434082,15.260416984558105,15.552083015441895,15.020833015441895,15.28125,19305600
1999-03-29,10.093375205993652,15.833333015441895,15.947916984558105,15.385416984558105,15.385416984558105,17736600
1999-03-30,10.093375205993652,15.833333015441895,15.916666984558105,15.625,15.666666984558105,18828600
1999-03-31,9.794556617736816,15.364583015441895,16.104167938232422,15.364583015441895,16.0625,22938600
1999-04-01,9.907439231872559,15.541666984558105,15.666666984558105,15.416666984558105,15.572916984558105,14825400
1999-04-05,10.13321590423584,15.895833015441895,16.114582061767578,15.635416984558105,15.75,20715600
1999-04-06,10.16641616821289,15.947916984558105,16.177082061767578,15.895833015441895,15.9375,17333400
1999-04-07,10.358985900878906,16.25,16.302082061767578,16.03125,16.166667938232422,22876800
1999-04-08,10.86365795135498,17.041667938232422,17.072917938232422,16.25,16.416667938232422,29860800
1999-04-09,10.916786193847656,17.125,17.239582061767578,16.604167938232422,16.75,26574000
1999-04-12,11.142552375793457,17.479167938232422,17.572917938232422,16.9375,17.041667938232422,27704400
1999-04-13,11.109356880187988,17.427082061767578,17.802082061767578,17.208332061767578,17.427082061767578,27718200
1999-04-14,10.478516578674316,16.4375,17.520832061767578,16.333332061767578,17.427082061767578,31609800
1999-04-15,10.385551452636719,16.291667938232422,16.479167938232422,15.5,16.395832061767578,43462800
1999-04-16,10.093375205993652,15.833333015441895,16.09375,15.458333015441895,16.083332061767578,38143800
1999-04-19,9.5355863571167,14.958333015441895,16.354167938232422,14.666666984558105,16.0,52716000
1999-04-20,10.146499633789062,15.916666984558105,16.0,15.083333015441895,15.333333015441895,39123900
1999-04-21,10.358985900878906,16.25,16.375,15.666666984558105,16.0,31340700
1999-04-22,10.637885093688965,16.6875,16.75,16.145832061767578,16.666667938232422,30732900
1999-04-23,10.823821067810059,16.979167938232422,17.229167938232422,16.833332061767578,16.979167938232422,22013100
1999-04-26,10.823821067810059,16.979167938232422,17.3125,16.916667938232422,17.291667938232422,22564500
1999-04-27,10.78396987915039,16.916667938232422,17.125,16.666667938232422,17.041667938232422,18652200
1999-04-28,10.451951026916504,16.395832061767578,17.083332061767578,16.354167938232422,16.791667938232422,17781600
1999-04-29,9.960567474365234,15.625,16.333332061767578,15.1875,16.333332061767578,27732000
1999-04-30,9.774636268615723,15.333333015441895,15.8125,14.395833015441895,15.666666984558105,40120500
1999-05-03,9.801196098327637,15.375,15.416666984558105,14.854166984558105,15.291666984558105,22334400
1999-05-04,9.349651336669922,14.666666984558105,15.625,14.4375,15.604166984558105,33177600
1999-05-05,9.575422286987305,15.020833015441895,15.020833015441895,14.354166984558105,14.8125,24762600
1999-05-06,9.110597610473633,14.291666984558105,14.729166984558105,13.875,14.666666984558105,44366700
1999-05-07,9.50902271270752,14.916666984558105,15.0,14.333333015441895,14.875,34113300
1999-05-10,9.601985931396484,15.0625,15.5,14.854166984558105,14.9375,26255700
1999-05-11,10.053528785705566,15.770833015441895,15.833333015441895,15.291666984558105,15.833333015441895,38484600
1999-05-12,9.8941650390625,15.520833015441895,15.791666984558105,15.166666984558105,15.791666984558105,23696700
1999-05-13,9.987125396728516,15.666666984558105,15.875,15.520833015441895,15.791666984558105,19068900
1999-05-14,9.85432243347168,15.458333015441895,15.5,15.208333015441895,15.416666984558105,18246300
1999-05-17,9.708230972290039,15.229166984558105,15.375,14.979166984558105,15.125,18824400
1999-05-18,9.867598533630371,15.479166984558105,15.8125,15.083333015441895,15.291666984558105,19445100
1999-05-19,9.708230972290039,15.229166984558105,15.645833015441895,15.125,15.645833015441895,14182200
1999-05-20,9.45589828491211,14.833333015441895,15.416666984558105,14.8125,15.208333015441895,21310200
1999-05-21,9.19028091430664,14.416666984558105,14.958333015441895,14.208333015441895,14.875,24548100
1999-05-24,9.097315788269043,14.270833015441895,14.708333015441895,14.041666984558105,14.666666984558105,19270800
1999-05-25,9.004351615905762,14.125,14.395833015441895,13.895833015441895,14.3125,22007700
1999-05-26,9.123878479003906,14.3125,14.333333015441895,13.833333015441895,14.0625,24822300
1999-05-27,8.738739013671875,13.708333015441895,14.166666984558105,13.666666984558105,14.041666984558105,23281800
1999-05-28,9.057479858398438,14.208333015441895,14.291666984558105,13.770833015441895,13.854166984558105,17078100
1999-06-01,9.230124473571777,14.479166984558105,14.479166984558105,14.0625,14.229166984558105,20986500
1999-06-02,9.429336547851562,14.791666984558105,14.791666984558105,14.229166984558105,14.458333015441895,19871700
1999-06-03,9.668388366699219,15.166666984558105,15.395833015441895,14.895833015441895,15.0,31424100
1999-06-04,9.774636268615723,15.333333015441895,15.5,15.1875,15.333333015441895,16633200
1999-06-07,9.72150993347168,15.25,15.25,14.958333015441895,15.125,13868100
1999-06-08,9.429336547851562,14.791666984558105,15.166666984558105,14.770833015441895,15.083333015441895,13702200
1999-06-09,9.376216888427734,14.708333015441895,14.895833015441895,14.645833015441895,14.791666984558105,13598700
1999-06-10,9.16372299194336,14.375,14.625,14.208333015441895,14.583333015441895,15733200
1999-06-11,9.070756912231445,14.229166984558105,14.583333015441895,14.125,14.375,14599500
1999-06-14,9.16372299194336,14.375,14.4375,14.270833015441895,14.333333015441895,12112200
1999-06-15,9.030914306640625,14.166666984558105,14.583333015441895,14.125,14.5,19607400
1999-06-16,9.44044303894043,14.791666984558105,14.854166984558105,14.5,14.520833015441895,16827600
1999-06-17,9.28088665008545,14.541666984558105,14.833333015441895,14.520833015441895,14.5625,15388800
1999-06-18,9.307483673095703,14.583333015441895,14.583333015441895,14.270833015441895,14.395833015441895,30310500
1999-06-21,9.586701393127441,15.020833015441895,15.166666984558105,14.458333015441895,14.5,18822000
1999-06-22,9.560107231140137,14.979166984558105,15.166666984558105,14.791666984558105,15.0625,15202200
1999-06-23,9.44044303894043,14.791666984558105,15.020833015441895,14.5625,15.0,13437900
1999-06-24,9.214404106140137,14.4375,14.625,14.229166984558105,14.541666984558105,18384600
1999-06-25,9.24099349975586,14.479166984558105,14.75,14.458333015441895,14.583333015441895,11007900
1999-06-28,9.693072319030762,15.1875,15.25,14.604166984558105,14.666666984558105,16827600
1999-06-29,9.959006309509277,15.604166984558105,15.625,15.166666984558105,15.3125,17628600
1999-06-30,10.264814376831055,16.083332061767578,16.166667938232422,15.125,15.520833015441895,26994000
1999-07-01,10.158448219299316,15.916666984558105,16.104167938232422,15.645833015441895,15.979166984558105,20173200
1999-07-02,10.371188163757324,16.25,16.354167938232422,15.979166984558105,16.041667938232422,14817000
1999-07-06,10.464265823364258,16.395832061767578,17.0,16.291667938232422,16.291667938232422,21464100
1999-07-07,10.211631774902344,16.0,16.666667938232422,15.979166984558105,16.666667938232422,18788400
1999-07-08,9.998889923095703,15.666666984558105,16.145832061767578,15.416666984558105,15.666666984558105,23670300
1999-07-09,10.198331832885742,15.979166984558105,16.0,15.770833015441895,15.8125,12201600
1999-07-12,10.091968536376953,15.8125,16.125,15.6875,16.125,9723300
1999-07-13,10.118558883666992,15.854166984558105,15.916666984558105,15.5625,15.75,13017300
1999-07-14,10.131854057312012,15.875,16.0,15.833333015441895,15.916666984558105,9129300
1999-07-15,10.105264663696289,15.833333015441895,16.104167938232422,15.791666984558105,16.020832061767578,11910000
1999-07-16,10.211631774902344,16.0,16.0,15.75,15.8125,12232500
1999-07-19,10.224928855895996,16.020832061767578,16.1875,15.875,16.0,12996900
1999-07-20,9.972298622131348,15.625,16.083332061767578,15.5,16.041667938232422,16919700
1999-07-21,9.66648006439209,15.145833015441895,15.666666984558105,15.145833015441895,15.5625,17827200
1999-07-22,9.613297462463379,15.0625,15.395833015441895,14.791666984558105,15.25,16245900
1999-07-23,9.560107231140137,14.979166984558105,15.3125,14.854166984558105,15.104166984558105,11053500
1999-07-26,9.706371307373047,15.208333015441895,15.395833015441895,14.833333015441895,14.875,11744700
1999-07-27,9.693072319030762,15.1875,15.333333015441895,15.0,15.270833015441895,13007100
1999-07-28,9.586701393127441,15.020833015441895,15.104166984558105,14.875,15.0,11176200
1999-07-29,9.360660552978516,14.666666984558105,14.8125,14.333333015441895,14.666666984558105,18322800
1999-07-30,8.988362312316895,14.083333015441895,14.791666984558105,14.083333015441895,14.75,19624500
1999-08-02,9.0149564743042,14.125,14.5,14.0,14.104166984558105,16741800
1999-08-03,8.921886444091797,13.979166984558105,14.291666984558105,13.770833015441895,14.1875,16578300
1999-08-04,8.709136962890625,13.645833015441895,13.8125,13.604166984558105,13.770833015441895,18633600
1999-08-05,8.802214622497559,13.791666984558105,13.791666984558105,12.958333015441895,13.6875,24172500
1999-08-06,8.775625228881836,13.75,14.020833015441895,13.395833015441895,13.625,16248000
1999-08-09,8.549583435058594,13.395833015441895,13.6875,13.354166984558105,13.6875,13975200
1999-08-10,9.12132740020752,14.291666984558105,14.479166984558105,13.291666984558105,13.583333015441895,35120400
1999-08-11,9.227699279785156,14.458333015441895,14.8125,14.4375,14.541666984558105,24087000
1999-08-12,9.44044303894043,14.791666984558105,14.9375,14.645833015441895,14.666666984558105,18532200
1999-08-13,9.53351879119873,14.9375,15.0625,14.854166984558105,14.979166984558105,20518200
1999-08-16,9.78614616394043,15.333333015441895,15.333333015441895,14.6875,14.916666984558105,15660600
1999-08-17,9.985593795776367,15.645833015441895,15.666666984558105,15.166666984558105,15.520833015441895,19025400
1999-08-18,9.865928649902344,15.458333015441895,15.791666984558105,15.4375,15.666666984558105,15713400
1999-08-19,9.799446105957031,15.354166984558105,15.354166984558105,14.958333015441895,15.333333015441895,13353900
1999-08-20,9.93241024017334,15.5625,15.645833015441895,15.354166984558105,15.479166984558105,12127500
1999-08-23,10.158448219299316,15.916666984558105,15.9375,15.604166984558105,15.625,16344000
1999-08-24,10.118558883666992,15.854166984558105,16.020832061767578,15.666666984558105,15.875,13956300
1999-08-25,10.291410446166992,16.125,16.145832061767578,15.291666984558105,15.645833015441895,21336300
1999-08-26,10.0653715133667,15.770833015441895,16.041667938232422,15.583333015441895,16.0,12887700
1999-08-27,9.93241024017334,15.5625,15.770833015441895,15.375,15.708333015441895,11529000
1999-08-30,9.679776191711426,15.166666984558105,15.666666984558105,15.145833015441895,15.625,10891500
1999-08-31,9.427144050598145,14.770833015441895,15.3125,14.541666984558105,15.3125,16377900
1999-09-01,9.573406219482422,15.0,15.083333015441895,14.645833015441895,14.770833015441895,14467200
1999-09-02,9.719664573669434,15.229166984558105,15.270833015441895,14.520833015441895,14.666666984558105,16133100
1999-09-03,10.118558883666992,15.854166984558105,15.854166984558105,15.375,15.604166984558105,17112000
1999-09-07,9.839335441589355,15.416666984558105,15.8125,15.416666984558105,15.8125,9863400
1999-09-08,10.025486946105957,15.708333015441895,15.708333015441895,15.25,15.333333015441895,12004500
1999-09-09,10.105264663696289,15.833333015441895,15.854166984558105,15.416666984558105,15.583333015441895,13500300
1999-09-10,10.14515209197998,15.895833015441895,15.979166984558105,15.625,15.958333015441895,14019000
1999-09-13,10.211631774902344,16.0,16.0,15.645833015441895,15.708333015441895,10321500
1999-09-14,9.985593795776367,15.645833015441895,15.958333015441895,15.625,15.854166984558105,11304300
1999-09-15,9.690099716186523,15.166666984558105,16.0,15.125,15.875,18499500
1999-09-16,9.650171279907227,15.104166984558105,15.270833015441895,14.854166984558105,15.1875,16559700
1999-09-17,9.929689407348633,15.541666984558105,15.604166984558105,15.1875,15.3125,20836500
1999-09-20,9.836517333984375,15.395833015441895,15.75,15.395833015441895,15.520833015441895,9160800
1999-09-21,9.743343353271484,15.25,15.354166984558105,14.916666984558105,15.0,17532600
1999-09-22,10.062795639038086,15.75,15.895833015441895,15.1875,15.270833015441895,16189500
1999-09-23,9.943002700805664,15.5625,15.9375,15.541666984558105,15.875,17090700
1999-09-24,9.903070449829102,15.5,15.833333015441895,15.395833015441895,15.520833015441895,19018800
1999-09-27,9.863133430480957,15.4375,15.8125,15.4375,15.666666984558105,15614100
1999-09-28,9.996243476867676,15.645833015441895,15.708333015441895,15.229166984558105,15.416666984558105,15641100
1999-09-29,9.716719627380371,15.208333015441895,15.583333015441895,15.1875,15.583333015441895,14682300
1999-09-30,10.129350662231445,15.854166984558105,16.0,15.354166984558105,15.375,19797600
1999-10-01,10.289076805114746,16.104167938232422,16.125,15.854166984558105,16.0,19431600
1999-10-04,10.715015411376953,16.770832061767578,16.8125,16.270832061767578,16.3125,22887300
1999-10-05,10.9146728515625,17.083332061767578,17.541667938232422,16.645832061767578,16.770832061767578,27634800
1999-10-06,10.94129753112793,17.125,17.229167938232422,16.625,16.854167938232422,21144900
1999-10-07,10.927982330322266,17.104167938232422,17.166667938232422,16.895832061767578,17.125,13363200
1999-10-08,11.793169975280762,18.458332061767578,18.458332061767578,17.229167938232422,17.291667938232422,28465200
1999-10-11,11.487027168273926,17.979167938232422,18.333332061767578,17.979167938232422,18.270832061767578,20249700
1999-10-12,11.473714828491211,17.958332061767578,18.145832061767578,17.729167938232422,17.979167938232422,14804700
1999-10-13,10.927982330322266,17.104167938232422,17.9375,17.083332061767578,17.854167938232422,18206100
1999-10-14,11.154269218444824,17.458332061767578,17.645832061767578,16.916667938232422,17.083332061767578,15995400
1999-10-15,10.821500778198242,16.9375,17.416667938232422,16.916667938232422,17.291667938232422,20937600
1999-10-18,11.101021766662598,17.375,17.5,16.5,17.041667938232422,21677100
1999-10-19,11.220820426940918,17.5625,17.791667938232422,17.416667938232422,17.541667938232422,16677600
1999-10-20,11.67337417602539,18.270832061767578,18.333332061767578,17.583332061767578,17.791667938232422,16809300
1999-10-21,11.686680793762207,18.291667938232422,18.3125,17.770832061767578,18.0625,15221100
1999-10-22,12.152556419372559,19.020832061767578,19.333332061767578,18.354167938232422,18.479167938232422,22602000
1999-10-25,11.912965774536133,18.645832061767578,18.979167938232422,18.5,18.645832061767578,20707500
1999-10-26,11.340612411499023,17.75,18.1875,17.166667938232422,18.166667938232422,40971600
1999-10-27,11.287371635437012,17.666667938232422,17.770832061767578,17.166667938232422,17.583332061767578,21902100
1999-10-28,11.873030662536621,18.583332061767578,18.645832061767578,18.020832061767578,18.041667938232422,27269100
1999-10-29,11.992829322814941,18.770832061767578,19.5,18.770832061767578,18.979167938232422,29057400
1999-11-01,11.979520797729492,18.75,19.291667938232422,18.708332061767578,19.083332061767578,14335500
1999-11-02,11.952898025512695,18.708332061767578,19.041667938232422,18.541667938232422,18.770832061767578,13738800
1999-11-03,11.873030662536621,18.583332061767578,18.8125,18.333332061767578,18.583332061767578,12243900
1999-11-04,11.926277160644531,18.666667938232422,19.0,18.625,18.833332061767578,12451800
1999-11-05,12.365527153015137,19.354167938232422,19.583332061767578,19.083332061767578,19.166667938232422,18719700
1999-11-08,12.458698272705078,19.5,19.729167938232422,19.4375,19.5,14644200
1999-11-09,12.352212905883789,19.333332061767578,19.395832061767578,18.854167938232422,19.333332061767578,30078900
1999-11-10,12.165868759155273,19.041667938232422,19.5,19.041667938232422,19.333332061767578,20973600
1999-11-11,12.232416152954102,19.145832061767578,19.166667938232422,18.895832061767578,18.958332061767578,18870600
1999-11-12,12.538564682006836,19.625,19.625,18.958332061767578,19.3125,16823100
1999-11-15,12.551871299743652,19.645832061767578,20.229167938232422,19.416667938232422,19.666667938232422,27113400
1999-11-16,12.751531600952148,19.958332061767578,20.125,19.583332061767578,19.833332061767578,18645900
1999-11-17,12.538564682006836,19.625,20.208332061767578,19.5625,19.791667938232422,19397100
1999-11-18,12.645058631896973,19.791667938232422,19.916667938232422,19.5,19.729167938232422,17171700
1999-11-19,12.378836631774902,19.375,19.6875,19.25,19.458332061767578,14962500
1999-11-22,12.086006164550781,18.916667938232422,19.083332061767578,18.708332061767578,19.0625,18967800
1999-11-23,11.912965774536133,18.645832061767578,18.875,18.5,18.875,19431000
1999-11-24,12.338907241821289,19.3125,19.5,18.8125,18.833332061767578,17006400
1999-11-26,12.395482063293457,19.401042938232422,19.5625,19.208332061767578,19.333332061767578,6891300
1999-11-29,12.56518268585205,19.666667938232422,19.791667938232422,19.333332061767578,19.5,14379000
1999-11-30,12.272350311279297,19.208332061767578,19.645832061767578,19.083332061767578,19.583332061767578,13128300
1999-12-01,12.475336074829102,19.526042938232422,19.666667938232422,19.229167938232422,19.229167938232422,15958200
1999-12-02,12.282333374023438,19.223957061767578,19.729167938232422,19.0,19.666667938232422,15855000
1999-12-03,12.578495025634766,19.6875,19.75,19.3125,19.395832061767578,18516000
1999-12-06,12.688308715820312,19.859375,20.166667938232422,19.416667938232422,19.520832061767578,16347000
1999-12-07,12.352212905883789,19.333332061767578,20.041667938232422,19.333332061767578,19.9375,19085100
1999-12-08,12.491976737976074,19.552082061767578,19.770832061767578,19.333332061767578,19.604167938232422,13800000
1999-12-09,13.257336616516113,20.75,20.75,19.208332061767578,19.5,26424300
1999-12-10,13.470304489135742,21.083332061767578,21.5,20.625,20.833332061767578,37787400
1999-12-13,14.48190975189209,22.666667938232422,23.0625,21.583332061767578,21.833332061767578,28173000
1999-12-14,14.28225040435791,22.354167938232422,22.833332061767578,22.3125,22.333332061767578,22515300
1999-12-15,14.06978702545166,22.005207061767578,22.354167938232422,21.708332061767578,22.333332061767578,23528400
1999-12-16,14.625916481018066,22.875,22.916667938232422,22.0,22.25,25461000
1999-12-17,13.85333251953125,21.666667938232422,22.958332061767578,21.583332061767578,22.9375,44009700
1999-12-20,13.700143814086914,21.427082061767578,22.145832061767578,21.0625,22.041667938232422,18991800
1999-12-21,13.813369750976562,21.604167938232422,21.895832061767578,21.1875,21.333332061767578,13889700
1999-12-22,13.999856948852539,21.895832061767578,22.020832061767578,21.541667938232422,21.541667938232422,11258100
1999-12-23,14.35951042175293,22.458332061767578,22.666667938232422,22.25,22.333332061767578,11541900
1999-12-27,14.799086570739746,23.145832061767578,23.375,22.4375,22.4375,15694800
1999-12-28,14.772442817687988,23.104167938232422,23.395832061767578,22.854167938232422,22.875,10596000
1999-12-29,14.35951042175293,22.458332061767578,23.333332061767578,22.458332061767578,23.1875,7552800
1999-12-30,14.452752113342285,22.604167938232422,23.1875,22.604167938232422,22.708332061767578,7931700
1999-12-31,14.732484817504883,23.041667938232422,23.416667938232422,22.75,22.770832061767578,6338100
2000-01-03,14.2396240234375,22.270832061767578,23.0,21.833332061767578,22.791667938232422,25109700
2000-01-04,13.706803321838379,21.4375,21.9375,21.395832061767578,21.833332061767578,20235300
2000-01-05,13.427071571350098,21.0,21.458332061767578,20.729167938232422,21.291667938232422,21056100
2000-01-06,13.573606491088867,21.229167938232422,21.520832061767578,20.895832061767578,21.0,19633500
2000-01-07,14.59928035736084,22.833332061767578,22.979167938232422,21.5,21.5,23930700
2000-01-10,14.332867622375488,22.416667938232422,22.5,21.875,22.416667938232422,20142900
2000-01-11,14.119741439819336,22.083332061767578,22.583332061767578,21.875,22.354167938232422,14829900
2000-01-12,13.866653442382812,21.6875,22.25,21.6875,22.0625,12255000
2000-01-13,13.879969596862793,21.708332061767578,22.041667938232422,21.666667938232422,22.0,15063000
2000-01-14,13.7467622756958,21.5,21.979167938232422,21.333332061767578,21.333332061767578,18936600
2000-01-18,13.97321605682373,21.854167938232422,22.145832061767578,21.020832061767578,21.0625,19326600
2000-01-19,13.653529167175293,21.354167938232422,21.9375,21.333332061767578,21.75,14459700
2000-01-20,13.506991386413574,21.125,21.5,20.833332061767578,21.479167938232422,17214300
2000-01-21,13.307186126708984,20.8125,21.3125,20.6875,21.3125,20857500
2000-01-24,12.654480934143066,19.791667938232422,21.145832061767578,19.166667938232422,21.145832061767578,23399700
2000-01-25,13.027459144592285,20.375,20.395832061767578,19.833332061767578,19.9375,19211400
2000-01-26,13.200618743896484,20.645832061767578,20.6875,20.0,20.375,13615200
2000-01-27,12.60119915008545,19.708332061767578,20.5,19.291667938232422,20.4375,21969900
2000-01-28,11.748686790466309,18.375,19.625,17.833332061767578,19.625,42088200
2000-01-31,11.668764114379883,18.25,18.5,18.041667938232422,18.1875,23918100
2000-02-01,12.50795841217041,19.5625,19.833332061767578,18.3125,18.333332061767578,25077000
2000-02-02,12.441353797912598,19.458332061767578,20.041667938232422,19.3125,19.625,18103800
2000-02-03,12.441353797912598,19.458332061767578,19.604167938232422,18.75,19.458332061767578,20997000
2000-02-04,12.001771926879883,18.770832061767578,19.3125,18.666667938232422,19.3125,19649100
2000-02-07,11.881895065307617,18.583332061767578,18.875,18.208332061767578,18.875,18131100
2000-02-08,12.681124687194824,19.833332061767578,19.895832061767578,18.958332061767578,19.104167938232422,25728300
2000-02-09,12.3214693069458,19.270832061767578,20.041667938232422,19.104167938232422,20.0,24649800
2000-02-10,12.14830493927002,19.0,19.458332061767578,18.9375,19.208332061767578,13774800
2000-02-11,11.948498725891113,18.6875,19.166667938232422,18.541667938232422,19.145832061767578,14450100
2000-02-14,12.54792308807373,19.625,19.625,18.833332061767578,18.895832061767578,17410800
2000-02-15,12.361433982849121,19.333332061767578,19.333332061767578,18.333332061767578,18.979167938232422,29136300
2000-02-16,11.242506980895996,17.583332061767578,18.833332061767578,17.5625,18.833332061767578,40757400
2000-02-17,10.310076713562012,16.125,17.833332061767578,16.0,17.645832061767578,74300100
2000-02-18,10.176865577697754,15.916666984558105,16.5,15.75,16.166667938232422,58183200
2000-02-22,10.256793975830078,16.041667938232422,16.4375,15.583333015441895,16.416667938232422,37027800
2000-02-23,10.017022132873535,15.666666984558105,16.166667938232422,15.583333015441895,16.145832061767578,38623200
2000-02-24,10.203510284423828,15.958333015441895,15.958333015441895,14.479166984558105,15.666666984558105,58295700
2000-02-25,9.484203338623047,14.833333015441895,15.104166984558105,14.541666984558105,14.770833015441895,50725500
2000-02-28,9.843856811523438,15.395833015441895,15.645833015441895,14.854166984558105,14.854166984558105,53508300
2000-02-29,10.389997482299805,16.25,16.583332061767578,15.979166984558105,15.979166984558105,51591600
2000-03-01,10.443277359008789,16.333332061767578,16.666667938232422,15.833333015441895,16.625,30497400
2000-03-02,10.77629280090332,16.854167938232422,17.625,16.8125,17.583332061767578,46628100
2000-03-03,11.215869903564453,17.541667938232422,17.770832061767578,17.166667938232422,17.375,32372400
2000-03-06,10.76297378540039,16.833332061767578,17.5625,16.208332061767578,17.541667938232422,31480800
2000-03-07,10.136905670166016,15.854166984558105,16.541667938232422,15.708333015441895,16.541667938232422,29174100
2000-03-08,10.296753883361816,16.104167938232422,16.4375,15.208333015441895,15.770833015441895,30056100
2000-03-09,10.42995834350586,16.3125,16.479167938232422,15.625,16.333332061767578,23834700
2000-03-10,10.21683120727539,15.979166984558105,16.583332061767578,15.8125,16.583332061767578,21016500
2000-03-13,10.163548469543457,15.895833015441895,15.979166984558105,15.291666984558105,15.416666984558105,23183700
2000-03-14,10.176865577697754,15.916666984558105,16.270832061767578,15.4375,15.666666984558105,29955000
2000-03-15,10.989906311035156,17.166667938232422,17.3125,15.520833015441895,15.8125,44010000
2000-03-16,11.656770706176758,18.208332061767578,18.520832061767578,17.208332061767578,17.4375,59148000
2000-03-17,11.896843910217285,18.583332061767578,18.75,18.041667938232422,18.1875,37911900
2000-03-20,11.763466835021973,18.375,18.604167938232422,17.791667938232422,18.604167938232422,20307300
2000-03-21,12.083564758300781,18.875,18.875,18.166667938232422,18.479167938232422,23563800
2000-03-22,11.816818237304688,18.458332061767578,18.833332061767578,18.0,18.833332061767578,29890500
2000-03-23,11.523394584655762,18.0,18.1875,17.833332061767578,18.125,21076500
2000-03-24,11.843488693237305,18.5,18.5625,18.0,18.145832061767578,23858700
2000-03-27,11.83015251159668,18.479167938232422,18.5,18.083332061767578,18.229167938232422,17324700
2000-03-28,11.630095481872559,18.166667938232422,18.645832061767578,18.166667938232422,18.1875,17392800
2000-03-29,12.537028312683105,19.583332061767578,19.791667938232422,18.479167938232422,18.5,40790100
2000-03-30,12.59038257598877,19.666667938232422,20.25,19.625,19.916667938232422,34712400
2000-03-31,12.056885719299316,18.833332061767578,19.770832061767578,18.5,19.75,27162000
2000-04-03,13.057184219360352,20.395832061767578,20.666667938232422,18.875,18.875,35807100
2000-04-04,12.803772926330566,20.0,21.104167938232422,19.166667938232422,20.5625,41027400
2000-04-05,12.430333137512207,19.416667938232422,20.041667938232422,19.1875,19.770832061767578,21198000
2000-04-06,13.043848037719727,20.375,20.416667938232422,19.583332061767578,19.708332061767578,21762600
2000-04-07,13.123867988586426,20.5,20.666667938232422,20.208332061767578,20.416667938232422,12039300
2000-04-10,13.563998222351074,21.1875,21.229167938232422,20.333332061767578,20.5,16563000
2000-04-11,13.523983001708984,21.125,21.166667938232422,20.5,20.958332061767578,16066200
2000-04-12,13.323928833007812,20.8125,21.645832061767578,20.6875,21.145832061767578,21729900
2000-04-13,12.817112922668457,20.020832061767578,20.770832061767578,19.833332061767578,20.770832061767578,23653500
2000-04-14,11.736790657043457,18.333332061767578,19.645832061767578,18.333332061767578,19.333332061767578,28118100
2000-04-17,11.523394584655762,18.0,18.791667938232422,17.25,18.375,28981500
2000-04-18,11.496716499328613,17.958332061767578,18.770832061767578,17.708332061767578,18.0,22983600
2000-04-19,11.72346019744873,18.3125,18.5,17.916667938232422,18.041667938232422,18765900
2000-04-20,12.310301780700684,19.229167938232422,19.3125,18.375,18.375,18271200
2000-04-24,12.563708305358887,19.625,20.208332061767578,19.166667938232422,19.3125,16901100
2000-04-25,12.737096786499023,19.895832061767578,20.25,19.1875,19.354167938232422,18114900
2000-04-26,12.537028312683105,19.583332061767578,20.25,19.4375,20.0625,15606000
2000-04-27,12.310301780700684,19.229167938232422,19.479167938232422,18.833332061767578,19.208332061767578,16545000
2000-04-28,11.816818237304688,18.458332061767578,19.104167938232422,18.458332061767578,18.9375,15037800
2000-05-01,12.363646507263184,19.3125,19.604167938232422,18.729167938232422,18.791667938232422,15327000
2000-05-02,12.296964645385742,19.208332061767578,19.270832061767578,18.895832061767578,19.104167938232422,14464500
2000-05-03,11.40336799621582,17.8125,18.166667938232422,17.583332061767578,18.083332061767578,31371900
2000-05-04,10.88321304321289,17.0,17.979167938232422,16.8125,17.979167938232422,32300700
2000-05-05,10.949901580810547,17.104167938232422,17.625,16.729167938232422,16.729167938232422,25920000
2000-05-08,11.176626205444336,17.458332061767578,17.458332061767578,16.5,17.083332061767578,22878300
2000-05-09,11.31001091003418,17.666667938232422,18.291667938232422,17.5,18.125,26664600
2000-05-10,12.096901893615723,18.895832061767578,19.041667938232422,17.666667938232422,17.8125,33735900
2000-05-11,11.950193405151367,18.666667938232422,19.020832061767578,18.333332061767578,18.979167938232422,18315900
2000-05-12,12.123573303222656,18.9375,19.0625,18.4375,18.583332061767578,13113000
2000-05-15,12.163586616516113,19.0,19.104167938232422,18.5,18.75,12816900
2000-05-16,12.376983642578125,19.333332061767578,19.6875,19.0625,19.145832061767578,19136100
2000-05-17,12.030217170715332,18.791667938232422,18.916667938232422,18.479167938232422,18.895832061767578,13776900
2000-05-18,12.363646507263184,19.3125,19.3125,18.729167938232422,18.75,14663700
2000-05-19,12.176924705505371,19.020832061767578,19.583332061767578,18.708332061767578,18.708332061767578,19073100
2000-05-22,12.243610382080078,19.125,19.229167938232422,18.729167938232422,19.229167938232422,13884300
2000-05-23,12.203601837158203,19.0625,19.458332061767578,18.9375,19.1875,12873000
2000-05-24,12.136914253234863,18.958332061767578,19.0,17.583332061767578,18.416667938232422,31024500
2000-05-25,11.736790657043457,18.333332061767578,18.895832061767578,18.020832061767578,18.604167938232422,13857600
2000-05-26,11.523394584655762,18.0,18.333332061767578,17.708332061767578,18.083332061767578,11989200
2000-05-30,11.390030860900879,17.791667938232422,18.041667938232422,17.5625,17.6875,13058100
2000-05-31,12.296964645385742,19.208332061767578,20.0,18.166667938232422,18.291667938232422,22976700
2000-06-01,12.163586616516113,19.0,19.229167938232422,18.75,19.041667938232422,14359200
2000-06-02,12.60372257232666,19.6875,20.020832061767578,19.354167938232422,19.625,21264300
2000-06-05,12.65707015991211,19.770832061767578,19.916667938232422,19.583332061767578,19.770832061767578,13081200
2000-06-06,12.430333137512207,19.416667938232422,19.604167938232422,19.25,19.604167938232422,13320300
2000-06-07,12.350306510925293,19.291667938232422,19.6875,19.25,19.25,10273800
2000-06-08,12.136914253234863,18.958332061767578,19.333332061767578,18.770832061767578,19.270832061767578,11979300
2000-06-09,11.523394584655762,18.0,19.333332061767578,17.979167938232422,19.145832061767578,21849300
2000-06-12,11.25665283203125,17.583332061767578,18.125,17.270832061767578,18.0,24267600
2000-06-13,11.736790657043457,18.333332061767578,18.333332061767578,17.208332061767578,17.354167938232422,23135100
2000-06-14,11.776310920715332,18.375,18.5625,18.041667938232422,18.3125,20060400
2000-06-15,11.85642147064209,18.5,18.729167938232422,18.270832061767578,18.354167938232422,17046900
2000-06-16,11.509275436401367,17.958332061767578,18.708332061767578,17.75,18.25,28709100
2000-06-19,11.61609172821045,18.125,18.333332061767578,17.604167938232422,17.895832061767578,18005100
2000-06-20,11.642802238464355,18.166667938232422,18.229167938232422,17.708332061767578,18.083332061767578,18191400
2000-06-21,11.522631645202637,17.979167938232422,18.1875,17.791667938232422,18.1875,12861900
2000-06-22,11.215543746948242,17.5,17.8125,17.291667938232422,17.6875,17003400
2000-06-23,11.482582092285156,17.916667938232422,18.145832061767578,17.625,17.895832061767578,18808800
2000-06-26,11.482582092285156,17.916667938232422,18.229167938232422,17.916667938232422,18.0625,11774100
2000-06-27,12.136817932128906,18.9375,19.145832061767578,17.916667938232422,18.041667938232422,19663200
2000-06-28,11.959901809692383,18.661457061767578,19.0625,18.5625,18.833332061767578,14472300
2000-06-29,11.562690734863281,18.041667938232422,18.458332061767578,17.854167938232422,18.4375,15872700
2000-06-30,12.310391426086426,19.208332061767578,19.244792938232422,18.020832061767578,18.041667938232422,22866600
2000-07-03,12.150169372558594,18.958332061767578,19.125,18.708332061767578,19.083332061767578,7731900
2000-07-05,12.176871299743652,19.0,19.3125,18.854167938232422,19.104167938232422,15419400
2000-07-06,12.283686637878418,19.166667938232422,19.479167938232422,18.9375,19.3125,17273400
2000-07-07,13.151555061340332,20.520832061767578,20.6875,19.104167938232422,19.3125,31540200
2000-07-10,13.084790229797363,20.416667938232422,20.979167938232422,20.229167938232422,20.458332061767578,24701100
2000-07-11,13.245018005371094,20.666667938232422,20.916667938232422,20.270832061767578,20.354167938232422,17692800
2000-07-12,13.03138542175293,20.333332061767578,20.729167938232422,20.208332061767578,20.6875,17500800
2000-07-13,12.630834579467773,19.708332061767578,20.395832061767578,19.708332061767578,20.166667938232422,12907800
2000-07-14,12.710943222045898,19.833332061767578,20.3125,19.791667938232422,19.9375,12552300
2000-07-17,12.971303939819336,20.239582061767578,20.416667938232422,19.875,20.104167938232422,13832100
2000-07-18,12.831108093261719,20.020832061767578,20.375,19.916667938232422,20.3125,10776300
2000-07-19,12.81776237487793,20.0,20.166667938232422,19.791667938232422,20.0625,11209200
2000-07-20,12.81776237487793,20.0,20.270832061767578,19.854167938232422,19.979167938232422,14960400
2000-07-21,12.750998497009277,19.895832061767578,20.166667938232422,19.75,20.104167938232422,11733000
2000-07-24,12.270331382751465,19.145832061767578,19.729167938232422,19.0625,19.666667938232422,15137400
2000-07-25,12.644186019897461,19.729167938232422,19.770832061767578,19.104167938232422,19.166667938232422,12366000
2000-07-26,12.5507230758667,19.583332061767578,20.041667938232422,19.395832061767578,19.395832061767578,21966300
2000-07-27,12.831108093261719,20.020832061767578,20.104167938232422,19.666667938232422,19.791667938232422,14234400
2000-07-28,12.537367820739746,19.5625,19.979167938232422,19.083332061767578,19.9375,15742800
2000-07-31,11.803025245666504,18.416667938232422,19.625,18.083332061767578,19.625,22602900
2000-08-01,11.642802238464355,18.166667938232422,18.3125,17.666667938232422,18.0,27165900
2000-08-02,11.549332618713379,18.020832061767578,18.354167938232422,17.9375,18.166667938232422,20204400
2000-08-03,11.509275436401367,17.958332061767578,18.833332061767578,17.8125,18.833332061767578,24687300
2000-08-04,11.309002876281738,17.645832061767578,18.020832061767578,17.583332061767578,18.020832061767578,17527200
2000-08-07,11.776310920715332,18.375,18.645832061767578,17.666667938232422,17.708332061767578,16815600
2000-08-08,12.310391426086426,19.208332061767578,19.208332061767578,18.354167938232422,18.8125,17579400
2000-08-09,11.4558744430542,17.875,18.25,17.645832061767578,18.020832061767578,53252100
2000-08-10,10.895098686218262,17.0,17.75,16.895832061767578,17.708332061767578,37141800
2000-08-11,11.135427474975586,17.375,17.458332061767578,17.041667938232422,17.145832061767578,22602300
2000-08-14,11.295652389526367,17.625,17.6875,17.375,17.416667938232422,18098400
2000-08-15,11.015265464782715,17.1875,17.520832061767578,17.083332061767578,17.291667938232422,23859000
2000-08-16,10.668110847473145,16.645832061767578,16.958332061767578,16.25,16.916667938232422,41433000
2000-08-17,10.681467056274414,16.666667938232422,16.8125,16.208332061767578,16.520832061767578,20399400
2000-08-18,10.868391990661621,16.958332061767578,16.958332061767578,16.520832061767578,16.5625,22047900
2000-08-21,10.467838287353516,16.333332061767578,16.583332061767578,15.708333015441895,16.416667938232422,42446100
2000-08-22,10.49454116821289,16.375,16.666667938232422,16.1875,16.333332061767578,22832700
2000-08-23,10.49454116821289,16.375,16.729167938232422,16.354167938232422,16.583332061767578,20627100
2000-08-24,10.561300277709961,16.479167938232422,16.708332061767578,16.333332061767578,16.583332061767578,14901900
2000-08-25,10.788277626037598,16.833332061767578,16.833332061767578,16.416667938232422,16.541667938232422,14631300
2000-08-28,10.574649810791016,16.5,16.875,16.208332061767578,16.6875,21009600
2000-08-29,10.561300277709961,16.479167938232422,16.645832061767578,16.291667938232422,16.5,16995300
2000-08-30,10.347671508789062,16.145832061767578,16.333332061767578,16.0,16.291667938232422,24466500
2000-08-31,10.174097061157227,15.875,16.25,15.708333015441895,16.104167938232422,36708600
2000-09-01,10.414427757263184,16.25,16.375,15.791666984558105,15.854166984558105,22984500
2000-09-05,10.628057479858398,16.583332061767578,16.729167938232422,16.270832061767578,16.3125,24093000
2000-09-06,10.681467056274414,16.666667938232422,17.041667938232422,16.625,16.75,24931200
2000-09-07,10.895098686218262,17.0,17.354167938232422,16.833332061767578,17.0625,25201800
2000-09-08,11.135427474975586,17.375,17.541667938232422,17.0,17.166667938232422,22141800
2000-09-11,11.61609172821045,18.125,18.25,17.5625,17.583332061767578,29533800
2000-09-12,11.53598403930664,18.0,18.208332061767578,17.645832061767578,17.854167938232422,19053300
2000-09-13,11.522077560424805,17.958332061767578,18.145832061767578,17.666667938232422,18.083332061767578,14944800
2000-09-14,11.22801685333252,17.5,17.875,17.291667938232422,17.875,14134800
2000-09-15,11.121081352233887,17.333332061767578,17.645832061767578,17.145832061767578,17.4375,24327300
2000-09-18,10.933951377868652,17.041667938232422,17.5625,16.875,17.0,15634800
2000-09-19,10.666620254516602,16.625,16.958332061767578,16.416667938232422,16.875,25721100
2000-09-20,10.372550964355469,16.166667938232422,16.666667938232422,16.020832061767578,16.645832061767578,29648100
2000-09-21,10.693346977233887,16.666667938232422,17.125,16.208332061767578,16.229167938232422,25936500
2000-09-22,10.800275802612305,16.833332061767578,17.3125,16.520832061767578,17.3125,20178900
2000-09-25,10.479480743408203,16.333332061767578,16.895832061767578,16.3125,16.875,16398000
2000-09-26,10.131945610046387,15.791666984558105,16.479167938232422,15.625,16.479167938232422,28227300
2000-09-27,10.292348861694336,16.041667938232422,16.125,15.708333015441895,15.875,22748400
2000-09-28,10.385910987854004,16.1875,16.625,16.0,16.145832061767578,24413400
2000-09-29,10.292348861694336,16.041667938232422,16.5,16.0,16.166667938232422,22598700
2000-10-02,9.891345977783203,15.416666984558105,16.208332061767578,15.145833015441895,16.0625,33523800
2000-10-03,9.797779083251953,15.270833015441895,15.458333015441895,14.708333015441895,15.395833015441895,49645200
2000-10-04,9.864612579345703,15.375,15.958333015441895,15.166666984558105,15.229166984558105,33255600
2000-10-05,9.851247787475586,15.354166984558105,15.583333015441895,15.25,15.458333015441895,26197500
2000-10-06,9.730944633483887,15.166666984558105,15.291666984558105,14.875,15.291666984558105,33481500
2000-10-09,9.65074634552002,15.041666984558105,15.479166984558105,15.041666984558105,15.229166984558105,18101400
2000-10-10,9.91808032989502,15.458333015441895,15.5625,15.125,15.3125,20049600
2000-10-11,9.690845489501953,15.104166984558105,15.458333015441895,14.958333015441895,15.375,25172700
2000-10-12,9.43687915802002,14.708333015441895,14.895833015441895,13.8125,14.0,58319700
2000-10-13,9.624011039733887,15.0,15.041666984558105,14.541666984558105,14.541666984558105,28074600
2000-10-16,10.11858081817627,15.770833015441895,15.895833015441895,15.0625,15.083333015441895,21294900
2000-10-17,9.837879180908203,15.333333015441895,15.979166984558105,15.229166984558105,15.854166984558105,18806700
2000-10-18,9.99828052520752,15.583333015441895,15.666666984558105,14.958333015441895,15.3125,18445200
2000-10-19,10.225510597229004,15.9375,15.979166984558105,15.375,15.520833015441895,18908700
2000-10-20,9.95817756652832,15.520833015441895,15.770833015441895,15.354166984558105,15.625,21459600
2000-10-23,10.11858081817627,15.770833015441895,15.9375,15.1875,15.520833015441895,18093900
2000-10-24,10.345816612243652,16.125,16.166667938232422,15.75,15.854166984558105,17741400
2000-10-25,9.824516296386719,15.3125,16.145832061767578,15.208333015441895,16.145832061767578,25172100
2000-10-26,9.289843559265137,14.479166984558105,15.3125,14.458333015441895,15.291666984558105,44886300
2000-10-27,9.249743461608887,14.416666984558105,14.708333015441895,14.416666984558105,14.479166984558105,37664400
2000-10-30,9.35667896270752,14.583333015441895,14.645833015441895,14.375,14.458333015441895,39616800
2000-10-31,9.704214096069336,15.125,15.270833015441895,14.666666984558105,14.729166984558105,44089800
2000-11-01,9.984912872314453,15.5625,16.020832061767578,15.375,15.5,69816600
2000-11-02,10.359182357788086,16.145832061767578,16.666667938232422,15.166666984558105,15.333333015441895,62551500
2000-11-03,10.131945610046387,15.791666984558105,16.375,15.604166984558105,16.145832061767578,24775500
2000-11-06,10.479480743408203,16.333332061767578,16.458332061767578,15.6875,16.104167938232422,21829500
2000-11-07,10.466109275817871,16.3125,16.666667938232422,16.0,16.333332061767578,21412500
2000-11-08,10.426012992858887,16.25,16.958332061767578,16.208332061767578,16.333332061767578,22868700
2000-11-09,10.07848072052002,15.708333015441895,16.041667938232422,15.395833015441895,16.020832061767578,24182400
2000-11-10,9.343315124511719,14.5625,15.0,14.395833015441895,15.0,44743800
2000-11-13,9.690845489501953,15.104166984558105,15.145833015441895,14.1875,14.333333015441895,32979000
2000-11-14,10.02501392364502,15.625,16.145832061767578,15.583333015441895,15.75,25599600
2000-11-15,10.479480743408203,16.333332061767578,16.458332061767578,15.458333015441895,15.541666984558105,25938600
2000-11-16,10.319076538085938,16.083332061767578,16.395832061767578,16.041667938232422,16.25,16589100
2000-11-17,10.385910987854004,16.1875,16.520832061767578,15.875,16.166667938232422,18420600
2000-11-20,10.238877296447754,15.958333015441895,16.208332061767578,15.854166984558105,16.208332061767578,13137300
2000-11-21,10.07848072052002,15.708333015441895,16.166667938232422,15.5,16.041667938232422,13167000
2000-11-22,9.811147689819336,15.291666984558105,15.770833015441895,15.291666984558105,15.729166984558105,14837700
2000-11-24,9.66411018371582,15.0625,15.395833015441895,14.895833015441895,15.3125,10447500
2000-11-27,10.546313285827637,16.4375,16.604167938232422,15.625,15.645833015441895,31951200
2000-11-28,10.479480743408203,16.333332061767578,16.958332061767578,16.020832061767578,16.25,29361300
2000-11-29,11.094346046447754,17.291667938232422,17.291667938232422,16.395832061767578,16.416667938232422,29709000
2000-11-30,11.161177635192871,17.395832061767578,17.395832061767578,16.791667938232422,17.166667938232422,34821300
2000-12-01,10.947314262390137,17.0625,17.583332061767578,16.895832061767578,17.541667938232422,32171100
2000-12-04,11.508712768554688,17.9375,17.9375,16.791667938232422,16.979167938232422,40212300
2000-12-05,11.816152572631836,18.416667938232422,18.4375,17.75,17.9375,31141800
2000-12-06,11.722583770751953,18.270832061767578,18.625,17.770832061767578,18.208332061767578,32109300
2000-12-07,11.762676239013672,18.333332061767578,18.645832061767578,18.1875,18.354167938232422,22938600
2000-12-08,11.642388343811035,18.145832061767578,18.458332061767578,17.916667938232422,18.354167938232422,20631000
2000-12-11,10.987412452697754,17.125,17.9375,16.9375,17.875,34788300
2000-12-12,11.094346046447754,17.291667938232422,17.375,16.604167938232422,16.833332061767578,25034400
2000-12-13,10.760184288024902,16.770832061767578,17.583332061767578,16.6875,17.3125,19675500
2000-12-14,10.920586585998535,17.020832061767578,17.104167938232422,16.645832061767578,16.770832061767578,21738600
2000-12-15,10.666620254516602,16.625,16.958332061767578,16.5,16.5,39428100
2000-12-18,10.813650131225586,16.854167938232422,17.0625,16.395832061767578,16.833332061767578,20894400
2000-12-19,10.265608787536621,16.0,17.083332061767578,15.875,16.875,27385500
2000-12-20,10.479207992553711,16.3125,16.583332061767578,15.645833015441895,16.0,24849600
2000-12-21,11.081464767456055,17.25,17.416667938232422,16.4375,16.5,28140600
2000-12-22,11.242070198059082,17.5,17.583332061767578,16.958332061767578,17.25,22452600
2000-12-26,10.84056568145752,16.875,17.5,16.333332061767578,17.416667938232422,18063000
2000-12-27,11.255452156066895,17.520832061767578,17.8125,16.729167938232422,16.895832061767578,24672900
2000-12-28,11.335752487182617,17.645832061767578,18.0,17.5,17.5,12288900
2000-12-29,11.375895500183105,17.708332061767578,18.333332061767578,17.5625,17.5625,19746900
2001-01-02,11.536500930786133,17.958332061767578,18.354167938232422,17.5625,17.708332061767578,26440800
2001-01-03,12.51348876953125,19.479167938232422,19.583332061767578,17.645832061767578,17.833332061767578,59871300
2001-01-04,12.031694412231445,18.729167938232422,19.395832061767578,18.625,19.0,41436900
2001-01-05,11.549886703491211,17.979167938232422,19.041667938232422,17.75,19.041667938232422,29427600
2001-01-08,11.549886703491211,17.979167938232422,18.270832061767578,17.625,17.666667938232422,25326300
2001-01-09,11.295601844787598,17.583332061767578,18.25,17.5,17.833332061767578,21632400
2001-01-10,11.068083763122559,17.229167938232422,17.354167938232422,16.833332061767578,16.979167938232422,29944200
2001-01-11,11.121617317199707,17.3125,17.666667938232422,16.9375,17.3125,20107200
2001-01-12,11.335752487182617,17.645832061767578,17.916667938232422,17.208332061767578,17.333332061767578,21966000
2001-01-16,11.710490226745605,18.229167938232422,18.270832061767578,17.729167938232422,17.8125,24994800
2001-01-17,11.549886703491211,17.979167938232422,18.208332061767578,17.854167938232422,18.1875,23444100
2001-01-18,11.362517356872559,17.6875,18.166667938232422,17.645832061767578,17.8125,20633700
2001-01-19,10.880716323852539,16.9375,17.5625,16.8125,17.354167938232422,26889900
2001-01-22,11.255452156066895,17.520832061767578,17.895832061767578,17.333332061767578,17.395832061767578,23417100
2001-01-23,11.429437637329102,17.791667938232422,17.979167938232422,17.520832061767578,17.666667938232422,14753400
2001-01-24,11.456205368041992,17.833332061767578,17.875,17.4375,17.8125,23368200
2001-01-25,11.563272476196289,18.0,18.708332061767578,17.645832061767578,17.979167938232422,27171000
2001-01-26,11.482972145080566,17.875,18.3125,17.6875,18.3125,15692700
2001-01-29,11.606094360351562,18.066667556762695,18.21666717529297,17.899999618530273,17.899999618530273,15342600
2001-01-30,11.514016151428223,17.92333221435547,18.083332061767578,17.719999313354492,18.06999969482422,15372600
2001-01-31,12.16285228729248,18.933332443237305,19.0,18.01333236694336,18.066667556762695,32544300
2001-02-01,11.92729663848877,18.566667556762695,18.933332443237305,18.156667709350586,18.933332443237305,31155900
2001-02-02,11.726012229919434,18.253332138061523,18.65999984741211,18.049999237060547,18.656667709350586,15195000
2001-02-05,11.529006958007812,17.946666717529297,18.406667709350586,17.766666412353516,18.333332061767578,16812600
2001-02-06,11.391963958740234,17.733333587646484,18.163333892822266,17.616666793823242,17.799999237060547,16182000
2001-02-07,11.70460033416748,18.219999313354492,18.233333587646484,17.733333587646484,17.73666763305664,14785200
2001-02-08,11.199240684509277,17.433332443237305,18.266666412353516,17.18666648864746,18.183332443237305,23903400
2001-02-09,10.792383193969727,16.799999237060547,17.78333282470703,16.74333381652832,17.43666648864746,23734200
2001-02-12,11.445496559143066,17.816667556762695,17.82666778564453,16.98666763305664,17.0,21862500
2001-02-13,11.584681510925293,18.03333282470703,18.156667709350586,17.343332290649414,17.683332443237305,22269600
2001-02-14,11.349133491516113,17.666667938232422,18.116666793823242,17.666667938232422,18.116666793823242,15285000
2001-02-15,11.135004043579102,17.333332061767578,17.816667556762695,17.21666717529297,17.78333282470703,22909800
2001-02-16,11.212089538574219,17.453332901000977,17.766666412353516,17.18666648864746,17.266666412353516,19978200
2001-02-20,11.434784889221191,17.799999237060547,18.09666633605957,17.333332061767578,17.399999618530273,28009500
2001-02-21,10.75169849395752,16.73666763305664,17.65333366394043,16.683332443237305,17.516666412353516,24492600
2001-02-22,10.64249324798584,16.566667556762695,17.0,16.316667556762695,17.0,27462900
2001-02-23,10.766687393188477,16.760000228881836,16.933332443237305,16.016666412353516,16.666667938232422,24244800
2001-02-26,10.935853958129883,17.023332595825195,17.123332977294922,16.816667556762695,16.976667404174805,18180600
2001-02-27,10.918726921081543,16.996667861938477,17.28333282470703,16.50666618347168,17.200000762939453,21142200
2001-02-28,10.72600269317627,16.696666717529297,17.100000381469727,16.34666633605957,17.079999923706055,23244600
2001-03-01,10.35127067565918,16.113332748413086,16.623332977294922,16.0,16.416667938232422,26078400
2001-03-02,10.475470542907715,16.30666732788086,16.56333351135254,15.833333015441895,15.99666690826416,19417200
2001-03-05,10.357688903808594,16.123332977294922,16.51333236694336,16.0,16.31333351135254,13704300
2001-03-06,10.610369682312012,16.516666412353516,16.65333366394043,16.299999237060547,16.5,15290400
2001-03-07,10.856622695922852,16.899999618530273,16.983333587646484,16.639999389648438,16.683332443237305,16259700
2001-03-08,11.060053825378418,17.21666717529297,17.299999237060547,16.926666259765625,17.299999237060547,18103200
2001-03-09,10.873753547668457,16.926666259765625,17.266666412353516,16.700000762939453,17.266666412353516,16699500
2001-03-12,10.344843864440918,16.10333251953125,16.75,16.03333282470703,16.75,17220600
2001-03-13,10.449766159057617,16.266666412353516,16.433332443237305,15.670000076293945,16.333332061767578,23877300
2001-03-14,10.107155799865723,15.733332633972168,15.989999771118164,15.510000228881836,15.699999809265137,25646700
2001-03-15,10.246344566345215,15.949999809265137,16.163333892822266,15.520000457763672,15.783332824707031,22529100
2001-03-16,10.049336433410645,15.643333435058594,15.949999809265137,15.520000457763672,15.949999809265137,41579400
2001-03-19,10.145694732666016,15.793333053588867,15.899999618530273,15.566666603088379,15.66333293914795,17567400
2001-03-20,10.252764701843262,15.960000038146973,16.49333381652832,15.786666870117188,15.786666870117188,30106800
2001-03-21,10.359991073608398,16.10333251953125,16.59000015258789,15.760000228881836,15.933333396911621,24980700
2001-03-22,10.059760093688965,15.636667251586914,15.800000190734863,15.303333282470703,15.75,35741700
2001-03-23,10.201299667358398,15.856666564941406,15.970000267028809,15.066666603088379,15.283332824707031,24846000
2001-03-26,10.636627197265625,16.53333282470703,16.600000381469727,16.100000381469727,16.299999237060547,20525400
2001-03-27,10.78459358215332,16.76333236694336,16.799999237060547,16.383333206176758,16.53333282470703,29354400
2001-03-28,10.649494171142578,16.553333282470703,16.709999084472656,16.100000381469727,16.666667938232422,20627700
2001-03-29,10.855360984802246,16.873332977294922,16.883333206176758,16.139999389648438,16.616666793823242,23262000
2001-03-30,10.829628944396973,16.833332061767578,17.079999923706055,16.5,17.03333282470703,24925200
2001-04-02,10.859655380249023,16.8799991607666,16.99333381652832,16.5,16.666667938232422,22313700
2001-04-03,10.548705101013184,16.39666748046875,17.0,16.25666618347168,16.950000762939453,26076300
2001-04-04,10.694525718688965,16.623332977294922,16.799999237060547,16.233333587646484,16.239999771118164,23886300
2001-04-05,10.838207244873047,16.84666633605957,16.89666748046875,16.670000076293945,16.850000381469727,23370000
2001-04-06,10.988323211669922,17.079999923706055,17.106666564941406,16.503332138061523,16.666667938232422,22903200
2001-04-09,10.78674030303955,16.766666412353516,17.26333236694336,16.600000381469727,17.183332443237305,21861900
2001-04-10,10.902542114257812,16.946666717529297,17.213333129882812,16.92333221435547,17.049999237060547,20959500
2001-04-11,10.771729469299316,16.74333381652832,16.899999618530273,16.420000076293945,16.700000762939453,20850900
2001-04-12,10.658076286315918,16.566667556762695,16.566667556762695,15.803333282470703,16.25,29618400
2001-04-16,10.518680572509766,16.350000381469727,16.739999771118164,16.23666763305664,16.566667556762695,20263500
2001-04-17,10.559429168701172,16.413333892822266,16.479999542236328,16.170000076293945,16.303333282470703,19352400
2001-04-18,11.307851791381836,17.57666778564453,17.64666748046875,16.543333053588867,16.649999618530273,38990700
2001-04-19,11.258529663085938,17.5,17.573333740234375,17.233333587646484,17.24333381652832,21129000
2001-04-20,11.089113235473633,17.23666763305664,17.5,17.133333206176758,17.496667861938477,21800700
2001-04-23,11.159879684448242,17.34666633605957,17.566667556762695,17.21666717529297,17.350000381469727,16448400
2001-04-24,10.743850708007812,16.700000762939453,17.030000686645508,16.683332443237305,16.916667938232422,24526500
2001-04-25,10.8660888671875,16.889999389648438,17.03333282470703,16.676666259765625,17.03333282470703,16225200
2001-04-26,10.988323211669922,17.079999923706055,17.200000762939453,16.850000381469727,17.0,15568200
2001-04-27,11.329297065734863,17.610000610351562,17.733333587646484,17.299999237060547,17.366666793823242,23292600
2001-04-30,11.095542907714844,17.246667861938477,17.766666412353516,17.073333740234375,17.766666412353516,19793400
2001-05-01,11.472978591918945,17.833332061767578,17.850000381469727,17.133333206176758,17.239999771118164,22857000
2001-05-02,11.382908821105957,17.69333267211914,17.816667556762695,17.426666259765625,17.816667556762695,23069400
2001-05-03,11.387192726135254,17.700000762939453,17.816667556762695,17.343332290649414,17.433332443237305,22772100
2001-05-04,11.370037078857422,17.67333221435547,17.899999618530273,17.336666107177734,17.433332443237305,22336200
2001-05-07,11.162029266357422,17.350000381469727,17.64666748046875,17.28333282470703,17.46666717529297,14151000
2001-05-08,11.147013664245605,17.32666778564453,17.329999923706055,17.046667098999023,17.25,13312800
2001-05-09,11.06338119506836,17.196666717529297,17.399999618530273,17.100000381469727,17.350000381469727,16332900
2001-05-10,11.455819129943848,17.80666732788086,17.899999618530273,17.73666763305664,17.766666412353516,24645600
2001-05-11,11.601641654968262,18.03333282470703,18.15333366394043,17.78333282470703,17.989999771118164,19588800
2001-05-14,11.655259132385254,18.116666793823242,18.25,17.946666717529297,18.03333282470703,14400900
2001-05-15,11.151305198669434,17.333332061767578,18.116666793823242,17.333332061767578,18.116666793823242,40235100
2001-05-16,11.076244354248047,17.21666717529297,17.373332977294922,17.0,17.066667556762695,28813200
2001-05-17,11.099831581115723,17.253332138061523,17.406667709350586,17.100000381469727,17.316667556762695,19618500
2001-05-18,11.159879684448242,17.34666633605957,17.34666633605957,17.136667251586914,17.316667556762695,17582700
2001-05-21,11.40864086151123,17.733333587646484,17.766666412353516,17.18666648864746,17.34666633605957,23258700
2001-05-22,11.477267265319824,17.84000015258789,17.899999618530273,17.633333206176758,17.73666763305664,20381100
2001-05-23,11.2628173828125,17.50666618347168,17.959999084472656,17.40333366394043,17.766666412353516,16698300
2001-05-24,11.3421630859375,17.6299991607666,17.746667861938477,17.383333206176758,17.450000762939453,13573500
2001-05-25,10.979743003845215,17.066667556762695,17.666667938232422,17.066667556762695,17.65999984741211,15528600
2001-05-29,10.981889724731445,17.06999969482422,17.316667556762695,17.010000228881836,17.316667556762695,15001800
2001-05-30,11.037650108337402,17.156667709350586,17.399999618530273,17.040000915527344,17.073333740234375,17909400
2001-05-31,11.097689628601074,17.25,17.53333282470703,17.09000015258789,17.366666793823242,17642100
2001-06-01,11.091257095336914,17.239999771118164,17.483333587646484,17.149999618530273,17.18000030517578,12465300
2001-06-04,10.934712409973145,16.996667861938477,17.266666412353516,16.833332061767578,17.183332443237305,16859700
2001-06-05,11.001190185546875,17.100000381469727,17.213333129882812,16.89666748046875,16.913333892822266,15492000
2001-06-06,10.8832426071167,16.916667938232422,17.23666763305664,16.899999618530273,17.100000381469727,12581100
2001-06-07,10.958296775817871,17.03333282470703,17.116666793823242,16.690000534057617,16.690000534057617,18330900
2001-06-08,10.941145896911621,17.00666618347168,17.09000015258789,16.916667938232422,17.0,11362500
2001-06-11,10.771729469299316,16.74333381652832,17.03333282470703,16.719999313354492,16.983333587646484,9700500
2001-06-12,10.844642639160156,16.856666564941406,16.989999771118164,16.536666870117188,16.67333221435547,13407600
2001-06-13,10.7545747756958,16.71666717529297,16.866666793823242,16.68666648864746,16.866666793823242,10570500
2001-06-14,10.615182876586914,16.5,16.786666870117188,16.46666717529297,16.633333206176758,13663800
2001-06-15,10.325672149658203,16.049999237060547,16.57666778564453,16.0,16.46666717529297,43183200
2001-06-18,10.405025482177734,16.17333221435547,16.530000686645508,16.116666793823242,16.266666412353516,21368700
2001-06-19,10.477938652038574,16.286666870117188,16.496667861938477,16.209999084472656,16.489999771118164,15530400
2001-06-20,10.69483757019043,16.600000381469727,16.633333206176758,16.32666778564453,16.399999618530273,17739000
2001-06-21,10.83443546295166,16.816667556762695,17.05666732788086,16.433332443237305,16.433332443237305,26831400
2001-06-22,10.733497619628906,16.65999984741211,16.916667938232422,16.483333587646484,16.893333435058594,14501100
2001-06-25,10.523032188415527,16.333332061767578,16.850000381469727,16.266666412353516,16.850000381469727,17122200
2001-06-26,10.544513702392578,16.366666793823242,16.600000381469727,16.176666259765625,16.183332443237305,18060300
2001-06-27,10.41565990447998,16.166667938232422,16.573333740234375,16.133333206176758,16.34000015258789,15381300
2001-06-28,10.602496147155762,16.456666946411133,16.59666633605957,16.316667556762695,16.316667556762695,15041100
2001-06-29,10.480082511901855,16.266666412353516,16.829999923706055,16.200000762939453,16.376667022705078,27919500
2001-07-02,10.684101104736328,16.583332061767578,16.59666633605957,16.21666717529297,16.316667556762695,16473600
2001-07-03,10.570283889770508,16.406667709350586,16.566667556762695,16.31333351135254,16.566667556762695,11411100
2001-07-05,10.4371337890625,16.200000762939453,16.459999084472656,16.149999618530273,16.450000762939453,15396300
2001-07-06,10.16653823852539,15.779999732971191,16.18666648864746,15.569999694824219,16.183332443237305,19992600
2001-07-09,10.361967086791992,16.083332061767578,16.133333206176758,15.683333396911621,15.826666831970215,18245400
2001-07-10,10.200900077819824,15.833333015441895,16.22333335876465,15.793333053588867,16.166667938232422,19384800
2001-07-11,10.490824699401855,16.28333282470703,16.46666717529297,15.873332977294922,16.049999237060547,23731500
2001-07-12,11.135092735290527,17.28333282470703,17.28333282470703,16.649999618530273,16.850000381469727,35115300
2001-07-13,11.36058235168457,17.633333206176758,17.74333381652832,17.043333053588867,17.28333282470703,29536500
2001-07-16,11.48514175415039,17.82666778564453,18.016666412353516,17.703332901000977,17.799999237060547,34206900
2001-07-17,11.457225799560547,17.78333282470703,17.950000762939453,17.64666748046875,17.946666717529297,26356200
2001-07-18,11.592522621154785,17.99333381652832,17.99333381652832,17.510000228881836,17.623332977294922,21540900
2001-07-19,11.646210670471191,18.07666778564453,18.166667938232422,17.93666648864746,17.99333381652832,24692100
2001-07-20,11.656946182250977,18.093332290649414,18.196666717529297,17.96666717529297,18.0,17684700
2001-07-23,11.38850212097168,17.676666259765625,18.09000015258789,17.616666793823242,17.96666717529297,16083300
2001-07-24,11.403532981872559,17.700000762939453,17.733333587646484,17.5,17.683332443237305,18225900
2001-07-25,11.833045959472656,18.366666793823242,18.366666793823242,17.57666778564453,17.700000762939453,28537200
2001-07-26,11.918944358825684,18.5,18.503332138061523,18.059999465942383,18.366666793823242,25277700
2001-07-27,11.89962100982666,18.469999313354492,18.666667938232422,18.336666107177734,18.583332061767578,15507900
2001-07-30,12.000553131103516,18.626667022705078,18.683332443237305,18.06333351135254,18.666667938232422,21504600
2001-07-31,12.004849433898926,18.633333206176758,18.833332061767578,18.46666717529297,18.50666618347168,23176800
2001-08-01,11.813714981079102,18.336666107177734,18.92333221435547,18.316667556762695,18.46666717529297,18505500
2001-08-02,12.024177551269531,18.663333892822266,18.71666717529297,18.350000381469727,18.479999542236328,17238900
2001-08-03,11.8953275680542,18.463333129882812,18.656667709350586,18.350000381469727,18.633333206176758,12510000
2001-08-06,11.704194068908691,18.166667938232422,18.52666664123535,18.020000457763672,18.52666664123535,17137800
2001-08-07,11.82874870300293,18.360000610351562,18.426666259765625,18.049999237060547,18.226667404174805,15466500
2001-08-08,11.710638046264648,18.176666259765625,18.623332977294922,18.133333206176758,18.200000762939453,19161000
2001-08-09,11.633323669433594,18.05666732788086,18.26333236694336,17.766666412353516,18.139999389648438,25617600
2001-08-10,11.510910034179688,17.866666793823242,18.0,17.5,17.983333587646484,24736800
2001-08-13,11.21025276184082,17.399999618530273,17.92333221435547,17.266666412353516,17.850000381469727,30421200
2001-08-14,11.244612693786621,17.453332901000977,17.566667556762695,17.043333053588867,17.083332061767578,30202800
2001-08-15,11.167302131652832,17.333332061767578,17.639999389648438,17.273332595825195,17.440000534057617,18099000
2001-08-16,11.100726127624512,17.229999542236328,17.399999618530273,16.889999389648438,17.17333221435547,18615600
2001-08-17,10.90959644317627,16.933332443237305,17.166667938232422,16.700000762939453,17.166667938232422,17705100
2001-08-20,11.079252243041992,17.196666717529297,17.206666946411133,16.933332443237305,17.100000381469727,13047000
2001-08-21,10.724909782409668,16.64666748046875,17.206666946411133,16.626667022705078,17.133333206176758,19628100
2001-08-22,10.789331436157227,16.746667861938477,16.84666633605957,16.503332138061523,16.670000076293945,17454300
2001-08-23,10.681950569152832,16.579999923706055,16.809999465942383,16.5,16.683332443237305,16635600
2001-08-24,10.94180965423584,16.983333587646484,17.0,16.549999237060547,16.549999237060547,21805200
2001-08-27,10.821544647216797,16.796667098999023,17.166667938232422,16.796667098999023,17.066667556762695,14025000
2001-08-28,10.759263038635254,16.700000762939453,16.733333587646484,16.566667556762695,16.633333206176758,18449100
2001-08-29,10.55525016784668,16.383333206176758,16.80666732788086,16.343332290649414,16.683332443237305,16321500
2001-08-30,10.22237777709961,15.866666793823242,16.489999771118164,15.74666690826416,16.366666793823242,28917000
2001-08-31,10.319015502929688,16.016666412353516,16.333332061767578,15.899999618530273,15.899999618530273,22665300
2001-09-04,10.40491771697998,16.149999618530273,16.626667022705078,16.06999969482422,16.07666778564453,21974100
2001-09-05,10.55525016784668,16.383333206176758,16.450000762939453,15.666666984558105,16.106666564941406,29499600
2001-09-06,10.172980308532715,15.789999961853027,16.553333282470703,15.666666984558105,16.316667556762695,31150500
2001-09-07,9.92601490020752,15.40666675567627,15.633333206176758,15.039999961853027,15.633333206176758,31295100
2001-09-10,9.9281587600708,15.40999984741211,15.666666984558105,15.013333320617676,15.166666984558105,20180700
2001-09-17,9.449262619018555,14.666666984558105,15.366666793823242,14.0,14.666666984558105,52505400
2001-09-18,9.739176750183105,15.116666793823242,15.449999809265137,14.720000267028809,15.0,31530900
2001-09-19,9.775737762451172,15.149999618530273,15.359999656677246,14.729999542236328,15.09333324432373,35149800
2001-09-20,9.745630264282227,15.103333473205566,15.313332557678223,15.00333309173584,15.116666793823242,37969200
2001-09-21,9.605820655822754,14.886667251586914,15.316666603088379,14.633333206176758,14.716667175292969,49330800
2001-09-24,10.169351577758789,15.760000228881836,15.993332862854004,15.33666706085205,15.5,41705100
2001-09-25,10.410246849060059,16.133333206176758,16.366666793823242,16.016666412353516,16.066667556762695,47921400
2001-09-26,10.642547607421875,16.49333381652832,16.49333381652832,16.206666946411133,16.450000762939453,36348900
2001-09-27,10.623184204101562,16.463333129882812,16.56333351135254,16.036666870117188,16.49333381652832,27741000
2001-09-28,10.64684772491455,16.5,16.649999618530273,16.270000457763672,16.483333587646484,28680600
2001-10-01,10.70276927947998,16.586666107177734,16.683332443237305,16.046667098999023,16.5,35965800
2001-10-02,11.098529815673828,17.200000762939453,17.333332061767578,16.600000381469727,16.683332443237305,34212600
2001-10-03,11.34157943725586,17.57666778564453,17.823333740234375,17.166667938232422,17.296667098999023,41855400
2001-10-04,11.07702350616455,17.166667938232422,17.649999618530273,17.139999389648438,17.600000381469727,30597000
2001-10-05,11.27060604095459,17.46666717529297,17.46666717529297,17.0,17.17333221435547,28389600
2001-10-08,10.993139266967773,17.036666870117188,17.469999313354492,16.98666763305664,17.469999313354492,20106000
2001-10-09,11.201770782470703,17.360000610351562,17.399999618530273,17.0,17.166667938232422,24205200
2001-10-10,11.535160064697266,17.876667022705078,17.899999618530273,17.399999618530273,17.44333267211914,28445700
2001-10-11,11.505046844482422,17.829999923706055,18.25,17.616666793823242,17.983333587646484,36781800
2001-10-12,11.378146171569824,17.633333206176758,17.666667938232422,17.266666412353516,17.616666793823242,32220300
2001-10-15,11.502901077270508,17.82666778564453,17.82666778564453,17.469999313354492,17.540000915527344,18779100
2001-10-16,11.429766654968262,17.713333129882812,18.0,17.5,17.82666778564453,20302800
2001-10-17,11.231886863708496,17.406667709350586,17.913333892822266,17.383333206176758,17.75,19915500
2001-10-18,11.16306209564209,17.299999237060547,17.600000381469727,17.139999389648438,17.44333267211914,23487300
2001-10-19,11.401799201965332,17.670000076293945,17.690000534057617,17.200000762939453,17.383333206176758,18133500
2001-10-22,11.408260345458984,17.68000030517578,17.866666793823242,17.360000610351562,17.600000381469727,19632600
2001-10-23,11.315764427185059,17.536666870117188,17.850000381469727,17.383333206176758,17.68000030517578,18565200
2001-10-24,11.28780460357666,17.49333381652832,17.729999542236328,17.476667404174805,17.656667709350586,15692400
2001-10-25,11.464180946350098,17.766666412353516,17.766666412353516,17.170000076293945,17.266666412353516,20678400
2001-10-26,11.489991188049316,17.80666732788086,17.940000534057617,17.5,17.71666717529297,15371100
2001-10-29,11.16306209564209,17.299999237060547,17.68666648864746,17.23666763305664,17.633333206176758,18074400
2001-10-30,10.883443832397461,16.866666793823242,17.25,16.786666870117188,17.166667938232422,21284700
2001-10-31,11.055509567260742,17.133333206176758,17.440000534057617,16.883333206176758,16.899999618530273,21103800
2001-11-01,11.236186027526855,17.413333892822266,17.649999618530273,16.953332901000977,17.066667556762695,25805700
2001-11-02,11.393199920654297,17.656667709350586,17.726667404174805,17.253332138061523,17.266666412353516,17382900
2001-11-05,11.593235969543457,17.96666717529297,18.100000381469727,17.463333129882812,17.71666717529297,20523600
2001-11-06,11.816917419433594,18.31333351135254,18.366666793823242,17.883333206176758,18.016666412353516,26343600
2001-11-07,11.576019287109375,17.940000534057617,18.329999923706055,17.799999237060547,18.28333282470703,24667200
2001-11-08,11.722290992736816,18.166667938232422,18.46666717529297,17.996667861938477,18.200000762939453,25752300
2001-11-09,11.851340293884277,18.366666793823242,18.416667938232422,17.963333129882812,18.183332443237305,15137100
2001-11-12,11.954585075378418,18.52666664123535,18.559999465942383,18.0,18.183332443237305,19502100
2001-11-13,11.670663833618164,18.086666107177734,18.649999618530273,18.083332061767578,18.633333206176758,31566000
2001-11-14,11.890050888061523,18.426666259765625,18.600000381469727,18.350000381469727,18.53333282470703,28767900
2001-11-15,12.044916152954102,18.666667938232422,18.746667861938477,18.426666259765625,18.52666664123535,25356000
2001-11-16,11.851340293884277,18.366666793823242,18.666667938232422,18.21666717529297,18.666667938232422,31675200
2001-11-19,11.991145133972168,18.583332061767578,18.6200008392334,18.200000762939453,18.200000762939453,23891700
2001-11-20,11.980389595031738,18.566667556762695,18.65999984741211,18.3700008392334,18.566667556762695,19009200
2001-11-21,11.855645179748535,18.373332977294922,18.536666870117188,18.280000686645508,18.50666618347168,14968500
2001-11-23,12.001903533935547,18.600000381469727,18.616666793823242,18.35333251953125,18.356666564941406,6921000
2001-11-26,11.991145133972168,18.583332061767578,18.67333221435547,18.43666648864746,18.566667556762695,23107200
2001-11-27,11.847036361694336,18.360000610351562,18.60333251953125,18.27666664123535,18.516666412353516,28992300
2001-11-28,11.829828262329102,18.333332061767578,18.586666107177734,18.15999984741211,18.299999237060547,22408200
2001-11-29,11.754542350769043,18.21666717529297,18.43000030517578,18.166667938232422,18.366666793823242,17183100
2001-11-30,11.862092018127441,18.383333206176758,18.633333206176758,18.299999237060547,18.333332061767578,25242900
2001-12-03,11.739492416381836,18.19333267211914,18.40999984741211,18.059999465942383,18.35333251953125,22846500
2001-12-04,11.866390228271484,18.389999389648438,18.389999389648438,18.066667556762695,18.133333206176758,20596500
2001-12-05,12.167515754699707,18.856666564941406,18.856666564941406,18.31333351135254,18.389999389648438,27095100
2001-12-06,11.96318244934082,18.540000915527344,18.663333892822266,18.469999313354492,18.649999618530273,21132900
2001-12-07,11.902957916259766,18.446666717529297,18.53333282470703,18.25,18.40333366394043,13807200
2001-12-10,11.672816276550293,18.09000015258789,18.46666717529297,18.09000015258789,18.366666793823242,15880200
2001-12-11,11.631949424743652,18.02666664123535,18.266666412353516,17.836666107177734,18.040000915527344,18292800
2001-12-12,11.685724258422852,18.110000610351562,18.233333587646484,17.833332061767578,18.00666618347168,17316900
2001-12-13,11.477084159851074,17.786666870117188,18.030000686645508,17.700000762939453,18.02666664123535,23541300
2001-12-14,11.627645492553711,18.020000457763672,18.136667251586914,17.676666259765625,17.899999618530273,18047700
2001-12-17,12.012654304504395,18.616666793823242,18.616666793823242,17.959999084472656,18.049999237060547,25389600
2001-12-18,11.99759578704834,18.593332290649414,18.700000762939453,18.47333335876465,18.636667251586914,26395500
2001-12-19,12.120352745056152,18.760000228881836,18.833332061767578,18.450000762939453,18.559999465942383,24636300
2001-12-20,12.116045951843262,18.753332138061523,19.046667098999023,18.733333587646484,18.77666664123535,23535000
2001-12-21,12.398164749145508,19.190000534057617,19.19333267211914,18.843332290649414,18.946666717529297,39380400
2001-12-24,12.30340576171875,19.043333053588867,19.233333587646484,19.043333053588867,19.17333221435547,6094200
2001-12-26,12.523075103759766,19.383333206176758,19.523332595825195,19.23666763305664,19.25,19916700
2001-12-27,12.570453643798828,19.456666946411133,19.53333282470703,19.25666618347168,19.366666793823242,14466600
2001-12-28,12.566146850585938,19.450000762939453,19.579999923706055,19.3799991607666,19.450000762939453,13030200
2001-12-31,12.393851280212402,19.183332443237305,19.49333381652832,19.183332443237305,19.366666793823242,15404100
2002-01-02,12.501537322998047,19.350000381469727,19.383333206176758,18.996667861938477,19.21666717529297,20033700
2002-01-03,12.486452102661133,19.32666778564453,19.433332443237305,19.166667938232422,19.316667556762695,17871900
2002-01-04,12.40462589263916,19.200000762939453,19.420000076293945,19.066667556762695,19.219999313354492,20039100
2002-01-07,12.359403610229492,19.1299991607666,19.366666793823242,19.06999969482422,19.149999618530273,16081200
2002-01-08,12.45630931854248,19.280000686645508,19.333332061767578,19.110000610351562,19.229999542236328,13110600
2002-01-09,12.146199226379395,18.799999237060547,19.176666259765625,18.729999542236328,19.049999237060547,22727400
2002-01-10,12.275411605834961,19.0,19.116666793823242,18.753332138061523,18.799999237060547,19399200
2002-01-11,12.016983985900879,18.600000381469727,18.913333892822266,18.510000228881836,18.883333206176758,21813900
2002-01-14,12.008371353149414,18.586666107177734,18.96666717529297,18.586666107177734,18.600000381469727,20141400
2002-01-15,12.247415542602539,18.956666946411133,18.96666717529297,18.43666648864746,18.586666107177734,24258300
2002-01-16,12.057891845703125,18.663333892822266,18.956666946411133,18.5,18.956666946411133,16519200
2002-01-17,12.223727226257324,18.920000076293945,19.073333740234375,18.566667556762695,18.616666793823242,23389500
2002-01-18,12.135425567626953,18.78333282470703,18.963333129882812,18.656667709350586,18.850000381469727,21022200
2002-01-22,12.492920875549316,19.336666107177734,19.566667556762695,19.036666870117188,19.040000915527344,29970000
2002-01-23,12.891328811645508,19.953332901000977,19.983333587646484,19.406667709350586,19.46666717529297,32046600
2002-01-24,12.850417137145996,19.889999389648438,19.983333587646484,19.766666412353516,19.953332901000977,23952300
2002-01-25,12.576911926269531,19.46666717529297,19.82666778564453,19.35333251953125,19.786666870117188,21966300
2002-01-28,12.626444816589355,19.543333053588867,19.726667404174805,19.440000534057617,19.566667556762695,15428100
2002-01-29,12.471383094787598,19.303333282470703,19.82666778564453,19.303333282470703,19.69333267211914,22121700
2002-01-30,12.867646217346191,19.916667938232422,19.983333587646484,19.25,19.266666412353516,30018300
2002-01-31,12.917179107666016,19.99333381652832,19.99333381652832,19.700000762939453,19.866666793823242,20583600
2002-02-01,12.76211929321289,19.753332138061523,19.96666717529297,19.583332061767578,19.899999618530273,20091000
2002-02-04,12.684591293334961,19.633333206176758,19.96666717529297,19.549999237060547,19.860000610351562,19543800
2002-02-05,12.663050651550293,19.600000381469727,19.833332061767578,19.483333587646484,19.68000030517578,19880400
2002-02-06,12.680285453796387,19.626667022705078,19.75,19.469999313354492,19.566667556762695,19263600
2002-02-07,12.574758529663086,19.463333129882812,19.916667938232422,19.446666717529297,19.71666717529297,25257900
2002-02-08,12.738430976867676,19.71666717529297,19.71666717529297,19.366666793823242,19.463333129882812,19136400
2002-02-11,12.975317001342773,20.083332061767578,20.100000381469727,19.793333053588867,19.829999923706055,25503000
2002-02-12,12.94301986694336,20.03333282470703,20.116666793823242,19.933332443237305,19.950000762939453,15970800
2002-02-13,12.94732666015625,20.040000915527344,20.239999771118164,19.959999084472656,20.100000381469727,19198800
2002-02-14,13.027010917663574,20.163333892822266,20.196666717529297,19.976667404174805,20.116666793823242,17958000
2002-02-15,12.927942276000977,20.010000228881836,20.196666717529297,19.96666717529297,20.163333892822266,21772800
2002-02-19,12.768585205078125,19.76333236694336,20.059999465942383,19.733333587646484,19.799999237060547,27181800
2002-02-20,12.925786972045898,20.00666618347168,20.066667556762695,19.600000381469727,19.790000915527344,24582300
2002-02-21,12.824573516845703,19.850000381469727,20.290000915527344,19.796667098999023,20.049999237060547,22018800
2002-02-22,12.910717010498047,19.983333587646484,19.983333587646484,19.53333282470703,19.883333206176758,22809600
2002-02-25,13.061468124389648,20.21666717529297,20.25,20.020000457763672,20.066667556762695,25027500
2002-02-26,13.373737335205078,20.700000762939453,20.760000228881836,20.149999618530273,20.266666412353516,34951200
2002-02-27,13.406038284301758,20.75,20.950000762939453,20.583332061767578,20.866666793823242,38931900
2002-02-28,13.354354858398438,20.670000076293945,20.959999084472656,20.51333236694336,20.899999618530273,35987100
2002-03-01,13.526637077331543,20.93666648864746,20.93666648864746,20.68666648864746,20.733333587646484,22558800
2002-03-04,13.563251495361328,20.99333381652832,21.02666664123535,20.726667404174805,20.983333587646484,24502800
2002-03-05,13.085159301757812,20.253332138061523,20.863332748413086,20.183332443237305,20.773332595825195,37070100
2002-03-06,13.115301132202148,20.299999237060547,20.49333381652832,20.100000381469727,20.323333740234375,30588600
2002-03-07,13.287590026855469,20.566667556762695,20.649999618530273,20.329999923706055,20.5,27877200
2002-03-08,13.46418571472168,20.84000015258789,20.96666717529297,20.666667938232422,20.726667404174805,31383600
2002-03-11,13.46634292602539,20.843332290649414,20.93666648864746,20.676666259765625,20.93666648864746,20094600
2002-03-12,13.401729583740234,20.74333381652832,20.799999237060547,20.6299991607666,20.633333206176758,20942700
2002-03-13,13.350048065185547,20.663333892822266,20.696666717529297,20.433332443237305,20.583332061767578,18534900
2002-03-14,13.41034984588623,20.75666618347168,20.863332748413086,20.636667251586914,20.649999618530273,15060600
2002-03-15,13.729080200195312,21.25,21.25,20.816667556762695,20.893333435058594,39907500
2002-03-18,13.68599796295166,21.183332443237305,21.31333351135254,20.899999618530273,21.30666732788086,19076400
2002-03-19,13.666621208190918,21.15333366394043,21.280000686645508,21.01333236694336,21.233333587646484,16634700
2002-03-20,13.622416496276855,21.059999465942383,21.14666748046875,20.976667404174805,20.983333587646484,21306300
2002-03-21,13.411125183105469,20.733333587646484,21.06333351135254,20.649999618530273,20.983333587646484,17407200
2002-03-22,13.37878131866455,20.683332443237305,20.746667861938477,20.523332595825195,20.733333587646484,16497600
2002-03-25,13.212756156921387,20.426666259765625,20.726667404174805,20.426666259765625,20.616666793823242,17753700
2002-03-26,13.40464973449707,20.72333335876465,20.796667098999023,20.450000762939453,20.450000762939453,18550500
2002-03-27,13.368002891540527,20.666667938232422,20.766666412353516,20.540000915527344,20.683332443237305,20792400
2002-03-28,13.217066764831543,20.433332443237305,20.72333335876465,20.426666259765625,20.670000076293945,17490000
2002-04-01,12.841899871826172,19.85333251953125,20.1200008392334,19.540000915527344,20.116666793823242,39746700
2002-04-02,12.70606803894043,19.643333435058594,19.836666107177734,19.583332061767578,19.833332061767578,23366400
2002-04-03,12.634918212890625,19.53333282470703,19.933332443237305,19.25,19.799999237060547,26798400
2002-04-04,12.781533241271973,19.760000228881836,19.866666793823242,19.573333740234375,19.600000381469727,20559900
2002-04-05,12.75133991241455,19.713333129882812,19.916667938232422,19.593332290649414,19.74333381652832,15964800
2002-04-08,12.889341354370117,19.926666259765625,19.983333587646484,19.50666618347168,19.666667938232422,18417900
2002-04-09,12.958338737487793,20.03333282470703,20.149999618530273,19.96666717529297,20.03333282470703,18689400
2002-04-10,13.059677124023438,20.190000534057617,20.233333587646484,19.956666946411133,20.083332061767578,21348000
2002-04-11,12.973427772521973,20.05666732788086,20.60333251953125,20.003332138061523,20.21666717529297,25701000
2002-04-12,13.201976776123047,20.40999984741211,20.616666793823242,20.09666633605957,20.233333587646484,19466700
2002-04-15,12.921676635742188,19.976667404174805,20.42333221435547,19.84000015258789,20.350000381469727,17310000
2002-04-16,12.936772346496582,20.0,20.23666763305664,19.866666793823242,20.066667556762695,21041400
2002-04-17,12.783693313598633,19.76333236694336,20.183332443237305,19.549999237060547,20.183332443237305,27423600
2002-04-18,12.53789234161377,19.383333206176758,19.80666732788086,18.913333892822266,19.516666412353516,35181900
2002-04-19,12.70606803894043,19.643333435058594,19.700000762939453,19.3799991607666,19.600000381469727,17544600
2002-04-22,12.40851879119873,19.183332443237305,19.700000762939453,19.0,19.643333435058594,19316700
2002-04-23,12.516334533691406,19.350000381469727,19.479999542236328,19.206666946411133,19.28333282470703,20753700
2002-04-24,12.386962890625,19.149999618530273,19.546667098999023,19.106666564941406,19.299999237060547,19582500
2002-04-25,12.289934158325195,19.0,19.036666870117188,18.74333381652832,18.933332443237305,21992400
2002-04-26,12.03119945526123,18.600000381469727,19.100000381469727,18.593332290649414,19.083332061767578,30108300
2002-04-29,12.117439270019531,18.733333587646484,19.133333206176758,18.600000381469727,18.633333206176758,30160200
2002-04-30,12.044136047363281,18.6200008392334,18.863332748413086,18.48666763305664,18.700000762939453,31233000
2002-05-01,12.246814727783203,18.933332443237305,18.933332443237305,18.273332595825195,18.53333282470703,25767300
2002-05-02,12.214472770690918,18.883333206176758,19.083332061767578,18.726667404174805,18.916667938232422,22977000
2002-05-03,11.912612915039062,18.416667938232422,18.82666778564453,18.360000610351562,18.816667556762695,23464800
2002-05-06,11.640941619873047,17.996667861938477,18.709999084472656,17.983333587646484,18.536666870117188,23941500
2002-05-07,11.86086368560791,18.336666107177734,18.5,18.0,18.206666946411133,26895300
2002-05-08,12.15841293334961,18.796667098999023,18.829999923706055,18.559999465942383,18.75,24952800
2002-05-09,11.856548309326172,18.329999923706055,18.583332061767578,17.906667709350586,18.549999237060547,35520600
2002-05-10,11.56978702545166,17.886667251586914,18.420000076293945,17.8700008392334,18.413333892822266,22308000
2002-05-13,11.867328643798828,18.34666633605957,18.426666259765625,17.946666717529297,17.946666717529297,19265100
2002-05-14,12.374028205871582,19.1299991607666,19.416667938232422,19.016666412353516,19.166667938232422,37517100
2002-05-15,12.240339279174805,18.92333221435547,19.39666748046875,18.8799991607666,19.213333129882812,31401000
2002-05-16,12.581015586853027,19.450000762939453,19.56333351135254,19.14666748046875,19.21666717529297,24048000
2002-05-17,12.576692581176758,19.44333267211914,19.766666412353516,19.31999969482422,19.450000762939453,22641300
2002-05-20,12.462420463562012,19.266666412353516,19.606666564941406,19.233333587646484,19.583332061767578,15095700
2002-05-21,12.203690528869629,18.866666793823242,19.373332977294922,18.866666793823242,19.299999237060547,19130400
2002-05-22,12.246814727783203,18.933332443237305,18.933332443237305,18.566667556762695,18.899999618530273,18080700
2002-05-23,12.141157150268555,18.770000457763672,18.920000076293945,18.59666633605957,18.833332061767578,17747700
2002-05-24,11.97082805633545,18.50666618347168,18.979999542236328,18.503332138061523,18.85333251953125,15033300
2002-05-28,11.813432693481445,18.26333236694336,18.543333053588867,17.976667404174805,18.46666717529297,20760900
2002-05-29,11.75737190246582,18.176666259765625,18.553333282470703,18.176666259765625,18.299999237060547,16282200
2002-05-30,11.640941619873047,17.996667861938477,18.28333282470703,17.916667938232422,18.03333282470703,24588900
2002-05-31,11.664657592773438,18.03333282470703,18.52666664123535,18.0,18.299999237060547,35121600
2002-06-03,11.459821701049805,17.71666717529297,18.22333335876465,17.649999618530273,18.059999465942383,24540000
2002-06-04,11.64309310913086,18.0,18.0,17.333332061767578,17.666667938232422,41345700
2002-06-05,11.850081443786621,18.31999969482422,18.59000015258789,18.17333221435547,18.316667556762695,30242700
2002-06-06,11.664657592773438,18.03333282470703,18.32666778564453,18.0,18.323333740234375,22663800
2002-06-07,11.735807418823242,18.143333435058594,18.239999771118164,17.920000076293945,17.950000762939453,23786700
2002-06-10,12.160564422607422,18.799999237060547,18.860000610351562,18.35333251953125,18.366666793823242,25677300
2002-06-11,12.171344757080078,18.816667556762695,19.209999084472656,18.793333053588867,18.950000762939453,34271100
2002-06-12,12.570235252380371,19.433332443237305,19.433332443237305,18.746667861938477,18.850000381469727,31685400
2002-06-13,12.182123184204102,18.833332061767578,19.253332138061523,18.75666618347168,19.25,28569000
2002-06-14,12.279150009155273,18.983333587646484,19.010000228881836,18.416667938232422,18.816667556762695,31534200
2002-06-17,12.572386741638184,19.43666648864746,19.479999542236328,18.899999618530273,19.03333282470703,25895400
2002-06-18,12.624134063720703,19.516666412353516,19.626667022705078,19.303333282470703,19.43666648864746,20991300
2002-06-19,12.394219398498535,19.136667251586914,19.583332061767578,18.99333381652832,19.333332061767578,22786200
2002-06-20,12.197750091552734,18.833332061767578,19.299999237060547,18.733333587646484,19.116666793823242,21491700
2002-06-21,11.869604110717773,18.32666778564453,18.833332061767578,18.299999237060547,18.5,45270600
2002-06-24,12.035832405090332,18.583332061767578,18.78333282470703,18.07666778564453,18.350000381469727,32966700
2002-06-25,11.895509719848633,18.366666793823242,19.073333740234375,18.34000015258789,18.666667938232422,25939500
2002-06-26,12.007773399353027,18.540000915527344,18.833332061767578,17.916667938232422,18.100000381469727,32736300
2002-06-27,12.45682430267334,19.233333587646484,19.233333587646484,18.350000381469727,18.600000381469727,25657200
2002-06-28,11.876082420349121,18.336666107177734,19.260000228881836,18.336666107177734,19.0,46196700
2002-07-01,11.744384765625,18.133333206176758,18.610000610351562,18.133333206176758,18.433332443237305,30549600
2002-07-02,11.532814025878906,17.80666732788086,18.309999465942383,17.766666412353516,18.136667251586914,30577500
2002-07-03,11.88255786895752,18.34666633605957,18.366666793823242,17.766666412353516,17.766666412353516,21729600
2002-07-05,12.089812278747559,18.666667938232422,18.670000076293945,18.40999984741211,18.483333587646484,9653100
2002-07-08,12.003450393676758,18.53333282470703,18.899999618530273,18.393333435058594,18.71666717529297,22919400
2002-07-09,11.798359870910645,18.21666717529297,18.690000534057617,18.15999984741211,18.553333282470703,24106500
2002-07-10,11.606220245361328,17.920000076293945,18.53333282470703,17.850000381469727,18.25,26892600
2002-07-11,11.69688606262207,18.059999465942383,18.329999923706055,17.666667938232422,17.92333221435547,38614800
2002-07-12,11.409753799438477,17.616666793823242,18.03333282470703,17.530000686645508,17.976667404174805,26757900
2002-07-15,11.537125587463379,17.81333351135254,17.82666778564453,16.700000762939453,17.46666717529297,38111100
2002-07-16,10.76856517791748,16.626667022705078,17.523332595825195,16.626667022705078,17.416667938232422,43493100
2002-07-17,10.416666984558105,16.083332061767578,17.163333892822266,15.833333015441895,17.0,56253300
2002-07-18,10.235320091247559,15.803333282470703,16.51333236694336,15.800000190734863,16.133333206176758,36059100
2002-07-19,10.038856506347656,15.5,15.899999618530273,15.203332901000977,15.733332633972168,39537900
2002-07-22,9.628665924072266,14.866666793823242,15.736666679382324,14.66333293914795,15.416666984558105,50502600
2002-07-23,9.736615180969238,15.033332824707031,15.633333206176758,14.916666984558105,15.0,45862200
2002-07-24,10.349738121032715,15.979999542236328,16.040000915527344,14.573332786560059,14.766667366027832,56964300
2002-07-25,10.146803855895996,15.666666984558105,16.023332595825195,15.0,15.899999618530273,43355700
2002-07-26,10.401552200317383,16.059999465942383,16.083332061767578,15.333333015441895,15.666666984558105,27248700
2002-07-29,10.693000793457031,16.510000228881836,16.549999237060547,15.866666793823242,16.06333351135254,32956500
2002-07-30,10.604488372802734,16.373332977294922,16.566667556762695,16.166667938232422,16.34000015258789,30306600
2002-07-31,10.61744499206543,16.393333435058594,16.433332443237305,15.783332824707031,16.433332443237305,38168100
2002-08-01,10.233160972595215,15.800000190734863,16.389999389648438,15.606666564941406,16.333332061767578,38488500
2002-08-02,9.952502250671387,15.366666793823242,15.800000190734863,15.063332557678223,15.733332633972168,29656200
2002-08-05,9.844555854797363,15.199999809265137,15.640000343322754,15.183333396911621,15.366666793823242,25266000
2002-08-06,10.207253456115723,15.760000228881836,16.166667938232422,15.466667175292969,15.966667175292969,30930900
2002-08-07,10.444731712341309,16.126667022705078,16.166667938232422,15.633333206176758,16.166667938232422,29048700
2002-08-08,10.619606971740723,16.39666748046875,16.450000762939453,15.5,16.183332443237305,40549800
2002-08-09,10.6217622756958,16.399999618530273,16.52666664123535,16.043333053588867,16.21666717529297,29975700
2002-08-12,10.451210975646973,16.136667251586914,16.309999465942383,15.883333206176758,16.066667556762695,21719700
2002-08-13,10.515972137451172,16.23666763305664,16.883333206176758,15.816666603088379,16.136667251586914,43350300
2002-08-14,11.360107421875,17.540000915527344,17.633333206176758,16.383333206176758,16.450000762939453,44871300
2002-08-15,11.811311721801758,18.23666763305664,18.26333236694336,17.670000076293945,17.683332443237305,41868600
2002-08-16,11.612691879272461,17.93000030517578,18.253332138061523,17.8700008392334,18.083332061767578,27729000
2002-08-19,11.806992530822754,18.229999542236328,18.26333236694336,17.573333740234375,17.666667938232422,33150000
2002-08-20,11.610532760620117,17.926666259765625,18.183332443237305,17.700000762939453,18.03333282470703,25199100
2002-08-21,11.67745590209961,18.030000686645508,18.100000381469727,17.583332061767578,18.0,26762100
2002-08-22,11.712005615234375,18.083332061767578,18.139999389648438,17.78333282470703,18.0,22626600
2002-08-23,11.48315715789795,17.729999542236328,17.96666717529297,17.623332977294922,17.899999618530273,19775400
2002-08-26,11.528493881225586,17.799999237060547,17.8799991607666,17.3700008392334,17.700000762939453,24121200
2002-08-27,11.468050003051758,17.706666946411133,17.799999237060547,17.350000381469727,17.799999237060547,25555500
2002-08-28,11.528493881225586,17.799999237060547,17.84000015258789,17.586666107177734,17.600000381469727,22674000
2002-08-29,11.48531436920166,17.733333587646484,17.899999618530273,17.50666618347168,17.553333282470703,25347000
2002-08-30,11.545774459838867,17.82666778564453,18.0,17.666667938232422,17.733333587646484,19780200
2002-09-03,11.1981840133667,17.290000915527344,17.71666717529297,17.163333892822266,17.616666793823242,27823200
2002-09-04,11.299652099609375,17.446666717529297,17.573333740234375,17.0,17.290000915527344,25869000
2002-09-05,10.997410774230957,16.979999542236328,17.1299991607666,16.67333221435547,17.0,34718100
2002-09-06,11.394645690917969,17.593332290649414,17.683332443237305,17.200000762939453,17.200000762939453,22242900
2002-09-09,11.502592086791992,17.760000228881836,17.899999618530273,17.416667938232422,17.549999237060547,19897800
2002-09-10,11.826420783996582,18.260000228881836,18.270000457763672,17.760000228881836,17.883333206176758,26544000
2002-09-11,11.701208114624023,18.066667556762695,19.0,17.93666648864746,18.46666717529297,22077600
2002-09-12,11.468050003051758,17.706666946411133,18.06999969482422,17.656667709350586,18.066667556762695,19825200
2002-09-13,11.744384765625,18.133333206176758,18.323333740234375,17.549999237060547,17.706666946411133,25065600
2002-09-16,11.8199462890625,18.25,18.416667938232422,18.0,18.166667938232422,17999400
2002-09-17,11.714159965515137,18.086666107177734,18.639999389648438,18.083332061767578,18.633333206176758,24504600
2002-09-18,11.756316184997559,18.126667022705078,18.376667022705078,17.873332977294922,17.883333206176758,24581400
2002-09-19,11.609307289123535,17.899999618530273,18.303333282470703,17.850000381469727,18.1299991607666,21488700
2002-09-20,11.825492858886719,18.233333587646484,18.299999237060547,17.85333251953125,17.90333366394043,51448200
2002-09-23,11.371501922607422,17.53333282470703,17.90333366394043,17.356666564941406,17.899999618530273,30937800
2002-09-24,11.131535530090332,17.163333892822266,17.46666717529297,16.956666946411133,17.299999237060547,34100100
2002-09-25,11.250436782836914,17.34666633605957,17.536666870117188,17.046667098999023,17.433332443237305,29759400
2002-09-26,11.611471176147461,17.90333366394043,17.906667709350586,17.360000610351562,17.5,24527700
2002-09-27,11.077486038208008,17.079999923706055,17.899999618530273,17.073333740234375,17.75,33439500
2002-09-30,10.64510726928711,16.413333892822266,17.083332061767578,16.03333282470703,17.083332061767578,51008100
2002-10-01,11.179095268249512,17.23666763305664,17.260000228881836,16.183332443237305,16.413333892822266,42431100
2002-10-02,11.094779968261719,17.106666564941406,17.503332138061523,16.893333435058594,17.23666763305664,34469400
2002-10-03,11.047220230102539,17.03333282470703,17.3799991607666,16.733333587646484,17.110000610351562,33891900
2002-10-04,11.187739372253418,17.25,17.426666259765625,16.583332061767578,17.036666870117188,44235300
2002-10-07,10.885075569152832,16.78333282470703,17.51333236694336,16.666667938232422,17.066667556762695,43292400
2002-10-08,11.371501922607422,17.53333282470703,17.816667556762695,16.920000076293945,16.983333587646484,49668600
2002-10-09,10.969388961791992,16.913333892822266,17.536666870117188,16.899999618530273,17.536666870117188,39925200
2002-10-10,11.163963317871094,17.213333129882812,17.39666748046875,16.333332061767578,16.916667938232422,50764800
2002-10-11,11.637410163879395,17.94333267211914,17.99333381652832,17.21666717529297,17.21666717529297,34439100
2002-10-14,11.70659065246582,18.049999237060547,18.333332061767578,17.856666564941406,17.94333267211914,30562800
2002-10-15,12.16923713684082,18.76333236694336,18.76333236694336,18.376667022705078,18.479999542236328,41558100
2002-10-16,12.270846366882324,18.920000076293945,18.933332443237305,18.616666793823242,18.76333236694336,38783400
2002-10-17,11.961697578430176,18.44333267211914,19.166667938232422,18.333332061767578,19.149999618530273,44777400
2002-10-18,12.167076110839844,18.760000228881836,18.833332061767578,18.266666412353516,18.333332061767578,34002600
2002-10-21,12.193024635314941,18.799999237060547,18.90999984741211,18.393333435058594,18.76333236694336,28638000
2002-10-22,12.128161430358887,18.700000762939453,18.803333282470703,18.266666412353516,18.803333282470703,30916500
2002-10-23,12.372457504272461,19.07666778564453,19.106666564941406,18.639999389648438,18.700000762939453,30641400
2002-10-24,12.20815372467041,18.823333740234375,19.34000015258789,18.726667404174805,19.079999923706055,29442900
2002-10-25,12.394074440002441,19.110000610351562,19.163333892822266,18.719999313354492,18.82666778564453,21375600
2002-10-28,12.121673583984375,18.690000534057617,19.163333892822266,18.559999465942383,19.143333435058594,23602800
2002-10-29,12.20815372467041,18.823333740234375,19.0,18.226667404174805,18.333332061767578,31259400
2002-10-30,11.630925178527832,17.933332443237305,18.366666793823242,17.860000610351562,18.363332748413086,50916300
2002-10-31,11.576881408691406,17.850000381469727,18.136667251586914,17.549999237060547,17.850000381469727,34521000
2002-11-01,11.793070793151855,18.183332443237305,18.26333236694336,17.559999465942383,17.863332748413086,26288400
2002-11-04,11.555257797241211,17.816667556762695,18.25666618347168,17.733333587646484,18.18666648864746,31148700
2002-11-05,11.764965057373047,18.139999389648438,18.200000762939453,17.75,17.81999969482422,22693800
2002-11-06,11.74767017364502,18.113332748413086,18.266666412353516,17.833332061767578,18.139999389648438,25432500
2002-11-07,11.674166679382324,18.0,18.296667098999023,17.850000381469727,18.116666793823242,22366800
2002-11-08,11.68065071105957,18.010000228881836,18.266666412353516,17.84000015258789,18.0,22359000
2002-11-11,11.45798110961914,17.666667938232422,18.01333236694336,17.666667938232422,18.01333236694336,17775600
2002-11-12,11.641739845275879,17.950000762939453,18.25,17.77666664123535,17.866666793823242,28113900
2002-11-13,11.88603401184082,18.32666778564453,18.32666778564453,17.75,17.953332901000977,34965000
2002-11-14,12.013577461242676,18.523332595825195,18.53333282470703,18.18000030517578,18.350000381469727,32213700
2002-11-15,11.996284484863281,18.496667861938477,18.733333587646484,18.333332061767578,18.523332595825195,34617900
2002-11-18,11.60498332977295,17.893333435058594,18.5,17.843332290649414,18.416667938232422,27120600
2002-11-19,11.440681457519531,17.639999389648438,17.89666748046875,17.523332595825195,17.89666748046875,31044900
2002-11-20,11.760641098022461,18.133333206176758,18.166667938232422,17.666667938232422,17.683332443237305,22390200
2002-11-21,11.66335391998291,17.983333587646484,18.266666412353516,17.93666648864746,18.133333206176758,25324200
2002-11-22,11.622284889221191,17.920000076293945,18.26333236694336,17.84000015258789,17.98666763305664,24373200
2002-11-25,11.635255813598633,17.940000534057617,18.03333282470703,17.67333221435547,17.816667556762695,28079700
2002-11-26,11.509862899780273,17.746667861938477,17.96666717529297,17.690000534057617,17.799999237060547,23690700
2002-11-27,11.855769157409668,18.280000686645508,18.336666107177734,17.75,17.75,24864000
2002-11-29,11.652544975280762,17.96666717529297,18.386667251586914,17.94333267211914,18.246667861938477,13260600
2002-12-02,11.756316184997559,18.126667022705078,18.913333892822266,18.083332061767578,18.65333366394043,41329800
2002-12-03,11.659035682678223,17.976667404174805,18.126667022705078,17.850000381469727,18.126667022705078,23556000
2002-12-04,11.769289016723633,18.14666748046875,18.376667022705078,17.803333282470703,17.96666717529297,25349400
2002-12-05,11.462302207946777,17.67333221435547,18.14666748046875,17.67333221435547,18.14666748046875,24774000
2002-12-06,11.466621398925781,17.68000030517578,17.829999923706055,17.343332290649414,17.583332061767578,26821200
2002-12-09,11.209364891052246,17.28333282470703,17.68000030517578,17.270000457763672,17.68000030517578,24263400
2002-12-10,11.347719192504883,17.496667861938477,17.530000686645508,17.183332443237305,17.286666870117188,19239000
2002-12-11,11.24178695678711,17.333332061767578,17.496667861938477,17.209999084472656,17.266666412353516,17484600
2002-12-12,11.10775375366211,17.126667022705078,17.47333335876465,17.086666107177734,17.416667938232422,26004900
2002-12-13,10.926148414611816,16.84666633605957,17.126667022705078,16.786666870117188,17.126667022705078,30021900
2002-12-16,11.228816986083984,17.31333351135254,17.356666564941406,16.786666870117188,16.850000381469727,27415200
2002-12-17,11.01263427734375,16.979999542236328,17.286666870117188,16.950000762939453,17.28333282470703,21729600
2002-12-18,10.90761947631836,16.793333053588867,16.983333587646484,16.649999618530273,16.983333587646484,23215800
2002-12-19,10.859989166259766,16.719999313354492,17.066667556762695,16.666667938232422,16.709999084472656,23252400
2002-12-20,10.9963960647583,16.93000030517578,17.083332061767578,16.72333335876465,16.72333335876465,39010200
2002-12-23,10.736584663391113,16.530000686645508,16.84666633605957,16.46666717529297,16.843332290649414,25618200
2002-12-24,10.760396003723145,16.566667556762695,16.623332977294922,16.413333892822266,16.433332443237305,12646800
2002-12-26,10.773392677307129,16.586666107177734,16.883333206176758,16.416667938232422,16.416667938232422,21927900
2002-12-27,10.643484115600586,16.386667251586914,16.65999984741211,16.316667556762695,16.510000228881836,17068800
2002-12-30,10.963912010192871,16.8799991607666,16.916667938232422,16.383333206176758,16.386667251586914,23658000
2002-12-31,10.935768127441406,16.836666107177734,16.873332977294922,16.583332061767578,16.866666793823242,23478900
2003-01-02,11.171760559082031,17.200000762939453,17.203332901000977,16.84000015258789,16.883333206176758,22636500
2003-01-03,10.82535171508789,16.666667938232422,17.203332901000977,16.616666793823242,17.203332901000977,25167900
2003-01-06,10.866486549377441,16.729999542236328,16.850000381469727,16.55666732788086,16.733333587646484,22315200
2003-01-07,10.924947738647461,16.81999969482422,16.920000076293945,16.700000762939453,16.773332595825195,20007000
2003-01-08,10.823185920715332,16.663333892822266,17.1200008392334,16.6200008392334,16.799999237060547,23390700
2003-01-09,11.241043090820312,17.30666732788086,17.333332061767578,16.916667938232422,16.916667938232422,29654400
2003-01-10,11.176090240478516,17.206666946411133,17.333332061767578,17.06999969482422,17.30666732788086,22279800
2003-01-13,11.102481842041016,17.093332290649414,17.393333435058594,17.0,17.206666946411133,20762400
2003-01-14,11.13062572479248,17.136667251586914,17.18000030517578,16.899999618530273,17.0,20278800
2003-01-15,10.953084945678711,16.863332748413086,17.226667404174805,16.843332290649414,17.149999618530273,19510500
2003-01-16,10.890303611755371,16.766666412353516,17.07666778564453,16.65999984741211,17.03333282470703,24260700
2003-01-17,10.818855285644531,16.656667709350586,16.809999465942383,16.566667556762695,16.766666412353516,25983600
2003-01-21,10.611007690429688,16.336666107177734,16.76333236694336,16.32666778564453,16.690000534057617,23482200
2003-01-22,10.407490730285645,16.023332595825195,16.530000686645508,15.916666984558105,16.34000015258789,33292800
2003-01-23,10.515748977661133,16.190000534057617,16.253332138061523,15.779999732971191,16.023332595825195,32689500
2003-01-24,10.240784645080566,15.766667366027832,16.229999542236328,15.729999542236328,16.133333206176758,25276500
2003-01-27,10.19748592376709,15.699999809265137,16.10333251953125,15.640000343322754,15.683333396911621,33767400
2003-01-28,10.431307792663574,16.059999465942383,16.100000381469727,15.699999809265137,15.699999809265137,28970700
2003-01-29,10.413984298706055,16.03333282470703,16.176666259765625,15.779999732971191,16.059999465942383,26901900
2003-01-30,10.299241065979004,15.856666564941406,16.363332748413086,15.833333015441895,16.036666870117188,24751200
2003-01-31,10.349035263061523,15.933333396911621,16.149999618530273,15.716667175292969,15.733332633972168,26233500
2003-02-03,10.407490730285645,16.023332595825195,16.163333892822266,15.903332710266113,15.923333168029785,22222800
2003-02-04,10.208303451538086,15.716667175292969,16.40333366394043,15.666666984558105,16.02666664123535,24055200
2003-02-05,10.119534492492676,15.579999923706055,15.923333168029785,15.550000190734863,15.866666793823242,22228800
2003-02-06,10.130365371704102,15.596667289733887,16.166667938232422,15.479999542236328,16.166667938232422,25090800
2003-02-07,10.130365371704102,15.596667289733887,15.866666793823242,15.583333015441895,15.833333015441895,24579300
2003-02-10,10.180156707763672,15.673333168029785,15.699999809265137,15.416666984558105,15.600000381469727,23274900
2003-02-11,10.229957580566406,15.75,15.873332977294922,15.673333168029785,15.716667175292969,22929900
2003-02-12,10.359864234924316,15.949999809265137,16.036666870117188,15.779999732971191,15.80666732788086,23217000
2003-02-13,10.314396858215332,15.880000114440918,15.983332633972168,15.720000267028809,15.883333206176758,24066900
2003-02-14,10.64132022857666,16.383333206176758,16.386667251586914,15.773332595825195,15.880000114440918,26207700
2003-02-18,10.6261625289917,16.360000610351562,16.59666633605957,16.25666618347168,16.549999237060547,27398700
2003-02-19,10.559045791625977,16.25666618347168,16.440000534057617,16.10333251953125,16.356666564941406,16569600
2003-02-20,10.409656524658203,16.02666664123535,16.293333053588867,15.989999771118164,16.25666618347168,18372300
2003-02-21,10.587194442749023,16.299999237060547,16.376667022705078,15.966667175292969,16.149999618530273,23510400
2003-02-24,10.314396858215332,15.880000114440918,16.31333351135254,15.880000114440918,16.233333587646484,20684400
2003-02-25,10.485434532165527,16.143333435058594,16.170000076293945,15.58666706085205,15.760000228881836,30217500
2003-02-26,10.355530738830566,15.94333267211914,16.18666648864746,15.933333396911621,16.143333435058594,20824800
2003-02-27,10.42697811126709,16.053333282470703,16.166667938232422,15.883333206176758,16.016666412353516,22133400
2003-02-28,10.405329704284668,16.020000457763672,16.25,15.90666675567627,16.100000381469727,23551500
2003-03-03,10.346869468688965,15.930000305175781,16.226667404174805,15.923333168029785,16.200000762939453,19990200
2003-03-04,10.154178619384766,15.633333206176758,16.0,15.633333206176758,16.0,19404300
2003-03-05,10.36635684967041,15.960000038146973,15.960000038146973,15.600000381469727,15.636667251586914,23835300
2003-03-06,10.262434005737305,15.800000190734863,16.17333221435547,15.699999809265137,15.816666603088379,27481200
2003-03-07,10.418313980102539,16.040000915527344,16.066667556762695,15.533332824707031,15.633333206176758,27548400
2003-03-10,10.203973770141602,15.710000038146973,16.079999923706055,15.683333396911621,15.930000305175781,19052400
2003-03-11,10.132526397705078,15.600000381469727,15.970000267028809,15.600000381469727,15.800000190734863,20966400
2003-03-12,10.28408432006836,15.833333015441895,15.833333015441895,15.5,15.603333473205566,25397400
2003-03-13,10.727925300598145,16.516666412353516,16.523332595825195,16.06999969482422,16.166667938232422,32435700
2003-03-14,10.686783790588379,16.453332901000977,16.73666763305664,16.34666633605957,16.5,26460000
2003-03-17,11.251870155334473,17.323333740234375,17.32666778564453,16.453332901000977,16.5,37141200
2003-03-18,11.31249713897705,17.416667938232422,17.47333335876465,17.163333892822266,17.23666763305664,32295300
2003-03-19,11.505515098571777,17.683332443237305,17.696666717529297,17.343332290649414,17.520000457763672,26828400
2003-03-20,11.518528938293457,17.703332901000977,17.780000686645508,17.399999618530273,17.573333740234375,23738100
2003-03-21,11.856864929199219,18.22333335876465,18.286666870117188,17.633333206176758,17.773332595825195,38313600
2003-03-24,11.39056396484375,17.50666618347168,18.1200008392334,17.50666618347168,18.1200008392334,25334100
2003-03-25,11.59660816192627,17.823333740234375,17.916667938232422,17.523332595825195,17.540000915527344,22386300
2003-03-26,11.566240310668945,17.77666664123535,17.989999771118164,17.72333335876465,17.770000457763672,19914300
2003-03-27,11.611785888671875,17.84666633605957,17.96666717529297,17.623332977294922,17.666667938232422,20917800
2003-03-28,11.52286434173584,17.709999084472656,17.84000015258789,17.559999465942383,17.676666259765625,18396000
2003-03-31,11.284296989440918,17.343332290649414,17.65333366394043,17.22333335876465,17.22333335876465,25554000
2003-04-01,11.368881225585938,17.47333335876465,17.53333282470703,17.17333221435547,17.366666793823242,26118600
2003-04-02,11.726734161376953,18.023332595825195,18.123332977294922,17.600000381469727,17.676666259765625,24999000
2003-04-03,11.722394943237305,18.016666412353516,18.190000534057617,17.933332443237305,17.933332443237305,21043500
2003-04-04,11.841676712036133,18.200000762939453,18.23666763305664,17.933332443237305,17.933332443237305,18418200
2003-04-07,11.780953407287598,18.106666564941406,18.56999969482422,18.093332290649414,18.56999969482422,25653000
2003-04-08,11.83300495147705,18.18666648864746,18.28333282470703,18.06333351135254,18.133333206176758,19868700
2003-04-09,11.64648723602295,17.899999618530273,18.35333251953125,17.836666107177734,18.183332443237305,22557300
2003-04-10,11.837339401245117,18.19333267211914,18.19333267211914,17.74333381652832,17.84666633605957,26255700
2003-04-11,11.490330696105957,17.65999984741211,18.149999618530273,17.656667709350586,18.03333282470703,32407800
2003-04-14,11.418758392333984,17.549999237060547,18.066667556762695,17.536666870117188,17.65999984741211,22876500
2003-04-15,11.991327285766602,18.43000030517578,18.49333381652832,18.023332595825195,18.100000381469727,26547600
2003-04-16,11.82866382598877,18.18000030517578,18.496667861938477,18.15999984741211,18.43000030517578,22386300
2003-04-17,12.017354011535645,18.469999313354492,18.5,18.123332977294922,18.18000030517578,21677400
2003-04-21,11.924093246459961,18.32666778564453,18.483333587646484,18.25666618347168,18.47333335876465,20014800
2003-04-22,12.143146514892578,18.663333892822266,18.666667938232422,18.133333206176758,18.15999984741211,26414400
2003-04-23,12.140983581542969,18.65999984741211,18.65999984741211,18.46666717529297,18.46666717529297,19563900
2003-04-24,11.952287673950195,18.3700008392334,18.65999984741211,18.260000228881836,18.65999984741211,19478700
2003-04-25,11.92842960357666,18.333332061767578,18.49333381652832,18.086666107177734,18.3700008392334,22233900
2003-04-28,12.164838790893555,18.696666717529297,18.803333282470703,18.166667938232422,18.333332061767578,27560400
2003-04-29,12.271105766296387,18.860000610351562,19.00666618347168,18.68000030517578,18.696666717529297,25303500
2003-04-30,12.214716911315918,18.773332595825195,19.170000076293945,18.6299991607666,19.170000076293945,37640400
2003-05-01,12.13229751586914,18.64666748046875,18.773332595825195,18.376667022705078,18.773332595825195,24271500
2003-05-02,12.177846908569336,18.71666717529297,18.803333282470703,18.3799991607666,18.383333206176758,21553800
2003-05-05,12.054224014282227,18.52666664123535,18.71666717529297,18.5,18.71666717529297,21947100
2003-05-06,12.125797271728516,18.636667251586914,18.746667861938477,18.516666412353516,18.52666664123535,22686600
2003-05-07,11.945781707763672,18.360000610351562,18.65333366394043,18.32666778564453,18.636667251586914,24627300
2003-05-08,11.930607795715332,18.336666107177734,18.483333587646484,18.209999084472656,18.209999084472656,27484200
2003-05-09,12.101940155029297,18.600000381469727,18.60333251953125,18.149999618530273,18.483333587646484,19495800
2003-05-12,12.29712963104248,18.899999618530273,18.983333587646484,18.476667404174805,18.56999969482422,22657500
2003-05-13,12.034707069396973,18.496667861938477,18.773332595825195,18.49333381652832,18.586666107177734,27647100
2003-05-14,11.689862251281738,17.96666717529297,18.65999984741211,17.96666717529297,18.626667022705078,36225900
2003-05-15,11.659505844116211,17.920000076293945,18.1299991607666,17.809999465942383,17.950000762939453,34739400
2003-05-16,11.477323532104492,17.639999389648438,18.016666412353516,17.639999389648438,17.700000762939453,31444800
2003-05-19,11.379724502563477,17.489999771118164,17.833332061767578,17.40333366394043,17.546667098999023,25887600
2003-05-20,11.453461647033691,17.60333251953125,17.75,17.49333381652832,17.49333381652832,28671900
2003-05-21,11.405750274658203,17.530000686645508,17.733333587646484,17.523332595825195,17.600000381469727,20813100
2003-05-22,11.472977638244629,17.633333206176758,17.746667861938477,17.52666664123535,17.549999237060547,22377600
2003-05-23,11.277792930603027,17.333332061767578,17.583332061767578,17.333332061767578,17.583332061767578,21462000
2003-05-27,11.386232376098633,17.5,17.53333282470703,17.209999084472656,17.333332061767578,47660400
2003-05-28,11.570579528808594,17.78333282470703,17.933332443237305,17.53333282470703,17.53333282470703,32211900
2003-05-29,11.453461647033691,17.60333251953125,17.979999542236328,17.520000457763672,17.78333282470703,24998400
2003-05-30,11.41008472442627,17.536666870117188,17.84000015258789,17.523332595825195,17.56999969482422,33368100
2003-06-02,11.377552032470703,17.48666763305664,17.81333351135254,17.46666717529297,17.65333366394043,28615800
2003-06-03,11.462138175964355,17.616666793823242,17.616666793823242,17.373332977294922,17.55666732788086,22188900
2003-06-04,11.681191444396973,17.953332901000977,17.996667861938477,17.656667709350586,17.656667709350586,27131100
2003-06-05,11.846020698547363,18.206666946411133,18.420000076293945,17.700000762939453,17.700000762939453,31813200
2003-06-06,11.629134178161621,17.873332977294922,18.43666648864746,17.873332977294922,18.31999969482422,28415100
2003-06-09,11.666008949279785,17.93000030517578,18.086666107177734,17.866666793823242,17.983333587646484,17940000
2003-06-10,11.87637996673584,18.253332138061523,18.299999237060547,18.100000381469727,18.133333206176758,24820500
2003-06-11,12.013016700744629,18.463333129882812,18.463333129882812,17.829999923706055,18.253332138061523,27555900
2003-06-12,11.934940338134766,18.343332290649414,18.530000686645508,18.15333366394043,18.52666664123535,21414900
2003-06-13,11.728903770446777,18.02666664123535,18.39666748046875,17.98666763305664,18.336666107177734,24796500
2003-06-16,11.982653617858887,18.416667938232422,18.416667938232422,18.066667556762695,18.156667709350586,26111100
2003-06-17,11.941441535949707,18.35333251953125,18.459999084472656,18.1299991607666,18.1299991607666,20163600
2003-06-18,12.000099182128906,18.413333892822266,18.413333892822266,18.206666946411133,18.28333282470703,17116800
2003-06-19,11.837174415588379,18.163333892822266,18.446666717529297,18.106666564941406,18.416667938232422,18525300
2003-06-20,11.787212371826172,18.086666107177734,18.270000457763672,17.933332443237305,18.25,38785500
2003-06-23,11.674248695373535,17.913333892822266,18.066667556762695,17.55666732788086,18.016666412353516,18756900
2003-06-24,11.861071586608887,18.200000762939453,18.32666778564453,17.983333587646484,18.0,22227600
2003-06-25,11.769828796386719,18.059999465942383,18.453332901000977,18.030000686645508,18.25,25632900
2003-06-26,11.815445899963379,18.1299991607666,18.133333206176758,17.933332443237305,17.933332443237305,17044800
2003-06-27,11.687277793884277,17.933332443237305,18.25666618347168,17.836666107177734,18.166667938232422,17120400
2003-06-30,11.659041404724121,17.889999389648438,18.190000534057617,17.889999389648438,18.0,23685900
2003-07-01,11.806758880615234,18.116666793823242,18.163333892822266,17.666667938232422,17.833332061767578,22321500
2003-07-02,12.106550216674805,18.57666778564453,18.583332061767578,18.253332138061523,18.253332138061523,30133800
2003-07-03,11.93927001953125,18.31999969482422,18.71666717529297,18.316667556762695,18.5,14606700
2003-07-07,12.284683227539062,18.850000381469727,18.886667251586914,18.51333236694336,18.53333282470703,32310900
2003-07-08,12.31726360321045,18.899999618530273,18.92333221435547,18.75,18.833332061767578,21525900
2003-07-09,12.113064765930176,18.586666107177734,18.899999618530273,18.553333282470703,18.899999618530273,21921900
2003-07-10,12.084817886352539,18.543333053588867,18.663333892822266,18.239999771118164,18.40999984741211,22558200
2003-07-11,12.2803316116333,18.843332290649414,19.00666618347168,18.489999771118164,18.583332061767578,21379800
2003-07-14,12.306403160095215,18.883333206176758,19.233333587646484,18.626667022705078,19.100000381469727,27064800
2003-07-15,12.451949119567871,19.106666564941406,19.233333587646484,18.979999542236328,19.02666664123535,23279400
2003-07-16,12.306403160095215,18.883333206176758,19.166667938232422,18.780000686645508,19.07666778564453,19446900
2003-07-17,12.121748924255371,18.600000381469727,19.02666664123535,18.56999969482422,18.866666793823242,18882900
2003-07-18,12.382431030273438,19.0,19.023332595825195,18.65333366394043,18.799999237060547,19905600
2003-07-21,12.156508445739746,18.65333366394043,18.98666763305664,18.57666778564453,18.950000762939453,18455700
2003-07-22,12.360715866088867,18.96666717529297,19.040000915527344,18.676666259765625,18.683332443237305,19610700
2003-07-23,12.273810386657715,18.833332061767578,18.99333381652832,18.656667709350586,18.97333335876465,15607800
2003-07-24,12.084817886352539,18.543333053588867,19.0,18.53333282470703,19.0,22257000
2003-07-25,12.20647144317627,18.729999542236328,18.76333236694336,18.333332061767578,18.50666618347168,18654300
2003-07-28,12.199957847595215,18.719999313354492,18.81999969482422,18.5,18.729999542236328,18539700
2003-07-29,12.054409980773926,18.496667861938477,18.760000228881836,18.416667938232422,18.719999313354492,22660800
2003-07-30,12.143475532531738,18.633333206176758,18.67333221435547,18.456666946411133,18.583332061767578,16079700
2003-07-31,12.145645141601562,18.636667251586914,19.083332061767578,18.636667251586914,18.75,26763900
2003-08-01,12.006617546081543,18.42333221435547,18.666667938232422,18.399999618530273,18.573333740234375,19120200
2003-08-04,12.128270149230957,18.610000610351562,18.700000762939453,18.260000228881836,18.260000228881836,19786800
2003-08-05,12.013132095336914,18.433332443237305,18.649999618530273,18.413333892822266,18.46666717529297,22274100
2003-08-06,12.108719825744629,18.579999923706055,18.746667861938477,18.336666107177734,18.336666107177734,19028400
2003-08-07,12.382431030273438,19.0,19.166667938232422,18.760000228881836,18.82666778564453,40163700
2003-08-08,12.549703598022461,19.25666618347168,19.26333236694336,19.053333282470703,19.106666564941406,19867800
2003-08-11,12.534496307373047,19.233333587646484,19.433332443237305,19.093332290649414,19.293333053588867,21129600
2003-08-12,12.773463249206543,19.600000381469727,19.600000381469727,19.299999237060547,19.350000381469727,20609700
2003-08-13,12.61487865447998,19.356666564941406,19.549999237060547,19.28333282470703,19.5,28214100
2003-08-14,12.584463119506836,19.309999465942383,19.49333381652832,19.25,19.356666564941406,20044200
2003-08-15,12.621397972106934,19.366666793823242,19.393333435058594,19.25,19.350000381469727,9706200
2003-08-18,12.799529075622559,19.639999389648438,19.71666717529297,19.459999084472656,19.5,20434800
2003-08-19,12.790836334228516,19.626667022705078,19.683332443237305,19.46666717529297,19.683332443237305,15981000
2003-08-20,12.769112586975098,19.593332290649414,19.700000762939453,19.469999313354492,19.483333587646484,11825700
2003-08-21,12.858180046081543,19.729999542236328,19.809999465942383,19.56999969482422,19.586666107177734,17719200
2003-08-22,12.686570167541504,19.46666717529297,19.82666778564453,19.463333129882812,19.81333351135254,20809500
2003-08-25,12.838634490966797,19.700000762939453,19.700000762939453,19.44333267211914,19.46666717529297,18136200
2003-08-26,12.838634490966797,19.700000762939453,19.78333282470703,19.456666946411133,19.57666778564453,20238000
2003-08-27,12.840795516967773,19.703332901000977,19.790000915527344,19.700000762939453,19.75,14978100
2003-08-28,12.882078170776367,19.766666412353516,19.816667556762695,19.6200008392334,19.75,14408400
2003-08-29,12.85383415222168,19.72333335876465,19.773332595825195,19.56999969482422,19.683332443237305,15532200
2003-09-02,13.016764640808105,19.97333335876465,19.983333587646484,19.639999389648438,19.65333366394043,20201400
2003-09-03,13.02979850769043,19.99333381652832,20.03333282470703,19.786666870117188,19.983333587646484,22884000
2003-09-04,13.051520347595215,20.02666664123535,20.066667556762695,19.913333892822266,20.016666412353516,29719200
2003-09-05,12.793007850646973,19.6299991607666,19.73666763305664,19.5,19.700000762939453,31780500
2003-09-08,12.727839469909668,19.530000686645508,19.546667098999023,19.350000381469727,19.516666412353516,25674000
2003-09-09,12.395467758178711,19.020000457763672,19.523332595825195,18.96666717529297,19.523332595825195,30322500
2003-09-10,12.349854469299316,18.950000762939453,19.15999984741211,18.85333251953125,18.85333251953125,32541600
2003-09-11,12.491052627563477,19.166667938232422,19.290000915527344,19.003332138061523,19.03333282470703,25185900
2003-09-12,12.486706733703613,19.15999984741211,19.176666259765625,18.906667709350586,19.059999465942383,23912400
2003-09-15,12.545361518859863,19.25,19.350000381469727,19.166667938232422,19.166667938232422,18231000
2003-09-16,12.690906524658203,19.47333335876465,19.50666618347168,19.233333587646484,19.323333740234375,18779400
2003-09-17,12.510603904724121,19.196666717529297,19.5,19.196666717529297,19.389999389648438,20104500
2003-09-18,12.7061128616333,19.496667861938477,19.496667861938477,19.203332901000977,19.203332901000977,22535700
2003-09-19,12.630081176757812,19.3799991607666,19.496667861938477,19.18000030517578,19.18000030517578,25095900
2003-09-22,12.397634506225586,19.023332595825195,19.25,18.916667938232422,19.229999542236328,27752700
2003-09-23,12.517121315002441,19.206666946411133,19.303333282470703,19.06333351135254,19.09666633605957,19807800
2003-09-24,12.299881935119629,18.873332977294922,19.166667938232422,18.850000381469727,19.073333740234375,23936400
2003-09-25,12.358537673950195,18.963333129882812,19.15999984741211,18.863332748413086,18.863332748413086,22629600
2003-09-26,12.338982582092285,18.933332443237305,19.030000686645508,18.8700008392334,18.899999618530273,19725600
2003-09-29,12.432400703430176,19.07666778564453,19.116666793823242,18.823333740234375,19.09000015258789,26007900
2003-09-30,12.132613182067871,18.616666793823242,19.116666793823242,18.600000381469727,18.959999084472656,38474100
2003-10-01,12.395467758178711,19.020000457763672,19.03333282470703,18.670000076293945,18.67333221435547,32798100
2003-10-02,12.415048599243164,19.020000457763672,19.046667098999023,18.84000015258789,18.989999771118164,18566100
2003-10-03,12.506431579589844,19.15999984741211,19.406667709350586,19.123332977294922,19.316667556762695,28898400
2003-10-06,12.61739730834961,19.329999923706055,19.483333587646484,19.163333892822266,19.190000534057617,12368100
2003-10-07,12.815398216247559,19.633333206176758,19.633333206176758,19.23666763305664,19.246667861938477,21436200
2003-10-08,12.73271369934082,19.50666618347168,19.67333221435547,19.413333892822266,19.666667938232422,16730100
2003-10-09,12.828448295593262,19.65333366394043,19.803333282470703,19.50666618347168,19.726667404174805,24380100
2003-10-10,12.710953712463379,19.47333335876465,19.663333892822266,19.456666946411133,19.483333587646484,14459700
2003-10-13,12.826272964477539,19.649999618530273,19.729999542236328,19.476667404174805,19.476667404174805,13698600
2003-10-14,12.908958435058594,19.77666664123535,19.850000381469727,19.559999465942383,19.623332977294922,15849000
2003-10-15,12.852383613586426,19.690000534057617,19.780000686645508,19.549999237060547,19.780000686645508,20181900
2003-10-16,12.922004699707031,19.796667098999023,19.8799991607666,19.649999618530273,19.72333335876465,20514000
2003-10-17,12.802338600158691,19.613332748413086,19.876667022705078,19.546667098999023,19.866666793823242,21579000
2003-10-20,12.837153434753418,19.666667938232422,19.713333129882812,19.516666412353516,19.666667938232422,20537700
2003-10-21,12.8306245803833,19.656667709350586,19.823333740234375,19.549999237060547,19.616666793823242,15818700
2003-10-22,12.671795845031738,19.413333892822266,19.656667709350586,19.350000381469727,19.656667709350586,16532400
2003-10-23,12.771879196166992,19.566667556762695,19.583332061767578,19.383333206176758,19.383333206176758,19254300
2003-10-24,12.643508911132812,19.3700008392334,19.56999969482422,19.0,19.56999969482422,25435200
2003-10-27,12.573885917663574,19.26333236694336,19.479999542236328,19.25,19.3700008392334,21044400
2003-10-28,12.784933090209961,19.586666107177734,19.59000015258789,19.260000228881836,19.26333236694336,24096600
2003-10-29,12.804518699645996,19.616666793823242,19.65333366394043,19.440000534057617,19.516666412353516,16159800
2003-10-30,12.79364013671875,19.600000381469727,19.71666717529297,19.51333236694336,19.616666793823242,18343500
2003-10-31,12.826272964477539,19.649999618530273,19.726667404174805,19.586666107177734,19.600000381469727,17739900
2003-11-03,12.845849990844727,19.68000030517578,19.976667404174805,19.50666618347168,19.59000015258789,16460400
2003-11-04,12.763177871704102,19.553333282470703,19.633333206176758,19.450000762939453,19.606666564941406,22938000
2003-11-05,12.602168083190918,19.30666732788086,19.55666732788086,19.253332138061523,19.553333282470703,23902500
2003-11-06,12.752294540405273,19.536666870117188,19.566667556762695,19.25,19.30666732788086,23989500
2003-11-07,12.710953712463379,19.47333335876465,19.600000381469727,19.40333366394043,19.583332061767578,19853100
2003-11-10,12.645683288574219,19.373332977294922,19.489999771118164,19.27666664123535,19.450000762939453,16737600
2003-11-11,12.680496215820312,19.426666259765625,19.489999771118164,19.31333351135254,19.376667022705078,14808600
2003-11-12,12.610869407653809,19.31999969482422,19.450000762939453,19.273332595825195,19.426666259765625,25839900
2003-11-13,12.079976081848145,18.50666618347168,18.799999237060547,18.46666717529297,18.78333282470703,83990700
2003-11-14,11.966832160949707,18.333332061767578,18.649999618530273,18.166667938232422,18.50666618347168,48505500
2003-11-17,11.966832160949707,18.333332061767578,18.336666107177734,18.1200008392334,18.333332061767578,31059300
2003-11-18,11.90591049194336,18.239999771118164,18.433332443237305,18.176666259765625,18.336666107177734,30298500
2003-11-19,12.012529373168945,18.40333366394043,18.446666717529297,18.183332443237305,18.200000762939453,21480600
2003-11-20,11.98206615447998,18.356666564941406,18.530000686645508,18.31999969482422,18.383333206176758,26223300
2003-11-21,11.925500869750977,18.270000457763672,18.40999984741211,18.22333335876465,18.399999618530273,25821600
2003-11-24,12.201824188232422,18.69333267211914,18.719999313354492,18.366666793823242,18.383333206176758,30434400
2003-11-25,12.193121910095215,18.68000030517578,18.753332138061523,18.586666107177734,18.666667938232422,24256800
2003-11-26,12.11914348602295,18.566667556762695,18.733333587646484,18.39666748046875,18.67333221435547,21051000
2003-11-28,12.106087684631348,18.546667098999023,18.666667938232422,18.503332138061523,18.53333282470703,9502800
2003-12-01,11.858047485351562,18.166667938232422,18.553333282470703,17.983333587646484,18.546667098999023,59235900
2003-12-02,11.536031723022461,17.67333221435547,18.183332443237305,17.663333892822266,18.110000610351562,65003100
2003-12-03,11.464228630065918,17.56333351135254,17.906667709350586,17.559999465942383,17.76333236694336,53107800
2003-12-04,11.536031723022461,17.67333221435547,17.74333381652832,17.3799991607666,17.713333129882812,52777500
2003-12-05,11.636119842529297,17.82666778564453,17.883333206176758,17.566667556762695,17.616666793823242,40616400
2003-12-08,11.618709564208984,17.799999237060547,17.866666793823242,17.666667938232422,17.82666778564453,31278900
2003-12-09,11.44682788848877,17.536666870117188,17.843332290649414,17.516666412353516,17.833332061767578,29950200
2003-12-10,11.52080249786377,17.649999618530273,17.75,17.520000457763672,17.633333206176758,29140800
2003-12-11,11.490342140197754,17.60333251953125,17.84666633605957,17.579999923706055,17.71666717529297,35053200
2003-12-12,11.422892570495605,17.5,17.666667938232422,17.336666107177734,17.65999984741211,34570500
2003-12-15,11.039950370788574,16.913333892822266,17.690000534057617,16.833332061767578,17.690000534057617,74129100
2003-12-16,11.181376457214355,17.1299991607666,17.163333892822266,16.866666793823242,17.0,50199900
2003-12-17,11.312150955200195,17.299999237060547,17.46666717529297,17.083332061767578,17.10333251953125,49095900
2003-12-18,11.464726448059082,17.53333282470703,17.73666763305664,17.510000228881836,17.6299991607666,46089300
2003-12-19,11.410234451293945,17.450000762939453,17.670000076293945,17.446666717529297,17.56333351135254,43464300
2003-12-22,11.567171096801758,17.690000534057617,17.733333587646484,17.360000610351562,17.366666793823242,34286100
2003-12-23,11.50178050994873,17.59000015258789,17.773332595825195,17.50666618347168,17.633333206176758,29736300
2003-12-24,11.429854393005371,17.479999542236328,17.649999618530273,17.420000076293945,17.610000610351562,10883700
2003-12-26,11.447293281555176,17.50666618347168,17.676666259765625,17.440000534057617,17.440000534057617,9357900
2003-12-29,11.53011417388916,17.633333206176758,17.633333206176758,17.42333221435547,17.559999465942383,23506800
2003-12-30,11.503955841064453,17.593332290649414,17.706666946411133,17.50666618347168,17.649999618530273,18420600
2003-12-31,11.562807083129883,17.683332443237305,17.72333335876465,17.566667556762695,17.649999618530273,20292600
2004-01-02,11.399338722229004,17.433332443237305,17.799999237060547,17.376667022705078,17.78333282470703,26381700
2004-01-05,11.360106468200684,17.373332977294922,17.600000381469727,17.19333267211914,17.600000381469727,40354200
2004-01-06,11.62601375579834,17.780000686645508,17.799999237060547,17.433332443237305,17.450000762939453,39943500
2004-01-07,11.656533241271973,17.82666778564453,17.836666107177734,17.60333251953125,17.780000686645508,36686700
2004-01-08,11.60858154296875,17.753332138061523,18.110000610351562,17.633333206176758,18.046667098999023,40300800
2004-01-09,11.421131134033203,17.46666717529297,17.71666717529297,17.42333221435547,17.71666717529297,33244500
2004-01-12,11.445111274719238,17.503332138061523,17.600000381469727,17.366666793823242,17.53333282470703,26848500
2004-01-13,11.499603271484375,17.586666107177734,17.586666107177734,17.3700008392334,17.463333129882812,25431300
2004-01-14,11.582426071166992,17.713333129882812,17.726667404174805,17.586666107177734,17.586666107177734,23437800
2004-01-15,11.658713340759277,17.829999923706055,17.8799991607666,17.53333282470703,17.72333335876465,30384000
2004-01-16,11.656533241271973,17.82666778564453,17.916667938232422,17.709999084472656,17.883333206176758,29158800
2004-01-20,11.541013717651367,17.649999618530273,17.816667556762695,17.59000015258789,17.760000228881836,23944500
2004-01-21,11.64999008178711,17.816667556762695,17.843332290649414,17.633333206176758,17.633333206176758,27183600
2004-01-22,11.591144561767578,17.726667404174805,17.889999389648438,17.649999618530273,17.829999923706055,22968000
2004-01-23,11.81563949584961,18.06999969482422,18.14666748046875,17.69333267211914,17.82666778564453,37678200
2004-01-26,11.902828216552734,18.203332901000977,18.226667404174805,17.92333221435547,18.073333740234375,27441900
2004-01-27,11.86359691619873,18.143333435058594,18.316667556762695,18.1200008392334,18.166667938232422,28581000
2004-01-28,11.610759735107422,17.75666618347168,18.196666717529297,17.709999084472656,18.14666748046875,30082500
2004-01-29,11.874495506286621,18.15999984741211,18.166667938232422,17.74333381652832,17.793333053588867,31503900
2004-01-30,11.737174987792969,17.950000762939453,18.233333587646484,17.946666717529297,18.083332061767578,23436000
2004-02-02,11.920265197753906,18.229999542236328,18.32666778564453,18.049999237060547,18.066667556762695,35349900
2004-02-03,11.990011215209961,18.336666107177734,18.383333206176758,18.166667938232422,18.229999542236328,24813300
2004-02-04,12.072831153869629,18.463333129882812,18.649999618530273,18.30666732788086,18.316667556762695,34924500
2004-02-05,12.260282516479492,18.75,18.84666633605957,18.59000015258789,18.613332748413086,37717200
2004-02-06,12.550165176391602,19.19333267211914,19.196666717529297,18.73666763305664,18.833332061767578,45306300
2004-02-09,12.493502616882324,19.106666564941406,19.18000030517578,19.01333236694336,19.016666412353516,25261800
2004-02-10,12.539266586303711,19.176666259765625,19.200000762939453,18.940000534057617,19.049999237060547,27599400
2004-02-11,12.439009666442871,19.023332595825195,19.433332443237305,18.969999313354492,19.233333587646484,31807500
2004-02-12,12.419392585754395,18.99333381652832,19.149999618530273,18.916667938232422,18.92333221435547,23928000
2004-02-13,12.275544166564941,18.773332595825195,19.110000610351562,18.729999542236328,19.110000610351562,21399600
2004-02-17,12.53709602355957,19.17333221435547,19.280000686645508,18.82666778564453,19.126667022705078,23084100
2004-02-18,12.467355728149414,19.066667556762695,19.21666717529297,18.89666748046875,19.200000762939453,23968200
2004-02-19,12.724538803100586,19.459999084472656,19.649999618530273,19.233333587646484,19.399999618530273,61849200
2004-02-20,12.953398704528809,19.809999465942383,19.850000381469727,19.536666870117188,19.566667556762695,50526000
2004-02-23,13.088530540466309,20.016666412353516,20.049999237060547,19.739999771118164,19.81333351135254,61199100
2004-02-24,13.066740036010742,19.983333587646484,20.0,19.816667556762695,19.983333587646484,41334900
2004-02-25,13.051477432250977,19.959999084472656,20.0,19.81333351135254,19.916667938232422,36898200
2004-02-26,12.946858406066895,19.799999237060547,19.90999984741211,19.709999084472656,19.84000015258789,31388700
2004-02-27,12.981732368469238,19.85333251953125,20.02666664123535,19.75,19.799999237060547,37901700
2004-03-01,13.175716400146484,20.149999618530273,20.17333221435547,19.850000381469727,19.889999389648438,32411700
2004-03-02,12.979558944702148,19.850000381469727,20.136667251586914,19.82666778564453,20.133333206176758,32315700
2004-03-03,13.156102180480957,20.1200008392334,20.196666717529297,19.823333740234375,19.850000381469727,30023400
2004-03-04,13.30649185180664,20.350000381469727,20.43666648864746,20.036666870117188,20.270000457763672,33478800
2004-03-05,13.129947662353516,20.079999923706055,20.270000457763672,20.066667556762695,20.266666412353516,29591400
2004-03-08,13.177895545959473,20.15333366394043,20.32666778564453,20.00666618347168,20.016666412353516,24233400
2004-03-09,13.13866901397705,20.093332290649414,20.28333282470703,20.020000457763672,20.066667556762695,29301900
2004-03-10,12.807363510131836,19.586666107177734,20.086666107177734,19.56333351135254,19.983333587646484,41255100
2004-03-11,12.619918823242188,19.299999237060547,19.610000610351562,19.200000762939453,19.43666648864746,44761800
2004-03-12,12.746337890625,19.49333381652832,19.50666618347168,19.299999237060547,19.329999923706055,27611100
2004-03-15,12.619918823242188,19.299999237060547,19.59666633605957,19.22333335876465,19.350000381469727,32399700
2004-03-16,12.635169982910156,19.323333740234375,19.459999084472656,19.09000015258789,19.399999618530273,23958000
2004-03-17,12.746583938598633,19.450000762939453,19.709999084472656,19.323333740234375,19.323333740234375,23943000
2004-03-18,12.875469207763672,19.64666748046875,19.729999542236328,19.31999969482422,19.383333206176758,27211200
2004-03-19,12.801196098327637,19.53333282470703,19.700000762939453,19.489999771118164,19.616666793823242,26895900
2004-03-22,12.691967964172363,19.366666793823242,19.5,19.183332443237305,19.433332443237305,27231600
2004-03-23,12.715995788574219,19.40333366394043,19.600000381469727,19.309999465942383,19.386667251586914,27975000
2004-03-24,12.79682445526123,19.52666664123535,19.80666732788086,19.389999389648438,19.43000030517578,28590900
2004-03-25,13.067707061767578,19.940000534057617,19.989999771118164,19.719999313354492,19.75,33131400
2004-03-26,12.97813892364502,19.803333282470703,19.98666763305664,19.766666412353516,19.899999618530273,20602800
2004-03-29,13.135427474975586,20.043333053588867,20.149999618530273,19.876667022705078,19.883333206176758,25261200
2004-03-30,13.107029914855957,20.0,20.079999923706055,19.93666648864746,19.96666717529297,19410900
2004-03-31,13.03930950164795,19.89666748046875,20.023332595825195,19.833332061767578,19.94333267211914,25416000
2004-04-01,12.746583938598633,19.450000762939453,19.89666748046875,19.366666793823242,19.583332061767578,43483200
2004-04-02,12.801196098327637,19.53333282470703,20.046667098999023,19.433332443237305,19.666667938232422,31875300
2004-04-05,12.809934616088867,19.546667098999023,19.760000228881836,19.3799991607666,19.520000457763672,25264200
2004-04-06,12.892942428588867,19.67333221435547,19.690000534057617,19.46666717529297,19.5,20706600
2004-04-07,12.665753364562988,19.32666778564453,19.59666633605957,19.316667556762695,19.566667556762695,31155600
2004-04-08,12.383955001831055,18.89666748046875,19.366666793823242,18.71666717529297,19.329999923706055,44177700
2004-04-12,12.52595043182373,19.113332748413086,19.143333435058594,18.933332443237305,18.933332443237305,21485400
2004-04-13,12.335902214050293,18.823333740234375,19.200000762939453,18.77666664123535,19.133333206176758,39443700
2004-04-14,12.543427467346191,19.139999389648438,19.163333892822266,18.796667098999023,18.82666778564453,30210600
2004-04-15,12.624250411987305,19.26333236694336,19.366666793823242,19.036666870117188,19.143333435058594,26047800
2004-04-16,12.76624584197998,19.479999542236328,19.566667556762695,19.24333381652832,19.399999618530273,26550600
2004-04-19,12.75095272064209,19.456666946411133,19.566667556762695,19.31333351135254,19.333332061767578,21797400
2004-04-20,12.691967964172363,19.366666793823242,19.71666717529297,19.366666793823242,19.5,24492900
2004-04-21,12.746583938598633,19.450000762939453,19.52666664123535,19.066667556762695,19.066667556762695,19621800
2004-04-22,12.801196098327637,19.53333282470703,19.566667556762695,19.239999771118164,19.416667938232422,30195300
2004-04-23,12.882020950317383,19.656667709350586,19.706666946411133,19.356666564941406,19.40999984741211,19189800
2004-04-26,12.700701713562012,19.3799991607666,19.713333129882812,19.31999969482422,19.59000015258789,21051300
2004-04-27,12.801196098327637,19.53333282470703,19.69333267211914,19.383333206176758,19.383333206176758,25839300
2004-04-28,12.665753364562988,19.32666778564453,19.573333740234375,19.293333053588867,19.40333366394043,25570200
2004-04-29,12.57619571685791,19.190000534057617,19.450000762939453,18.996667861938477,19.360000610351562,26069100
2004-04-30,12.451677322387695,19.0,19.350000381469727,18.956666946411133,19.25666618347168,25615200
2004-05-03,12.351183891296387,18.84666633605957,19.17333221435547,18.69333267211914,19.0,33582000
2004-05-04,12.233230590820312,18.666667938232422,18.920000076293945,18.516666412353516,18.866666793823242,38286300
2004-05-05,12.20263957977295,18.6200008392334,18.78333282470703,18.613332748413086,18.633333206176758,26296200
2004-05-06,11.923029899597168,18.19333267211914,18.600000381469727,18.139999389648438,18.600000381469727,48073800
2004-05-07,11.774481773376465,17.96666717529297,18.363332748413086,17.866666793823242,18.14666748046875,41790300
2004-05-10,12.062837600708008,18.406667709350586,18.450000762939453,17.833332061767578,17.833332061767578,42704700
2004-05-11,11.912103652954102,18.176666259765625,18.559999465942383,18.073333740234375,18.406667709350586,28943700
2004-05-12,12.027880668640137,18.35333251953125,18.363332748413086,17.816667556762695,18.03333282470703,36908700
2004-05-13,12.069384574890137,18.416667938232422,18.540000915527344,17.933332443237305,18.35333251953125,39663300
2004-05-14,12.027880668640137,18.35333251953125,18.566667556762695,18.219999313354492,18.433332443237305,25720800
2004-05-17,11.949243545532227,18.233333587646484,18.416667938232422,18.046667098999023,18.21666717529297,25296000
2004-05-18,12.060651779174805,18.40333366394043,18.546667098999023,18.336666107177734,18.350000381469727,26551800
2004-05-19,11.994959831237793,18.260000228881836,18.69333267211914,18.25,18.540000915527344,31620300
2004-05-20,12.008099555969238,18.280000686645508,18.34666633605957,18.016666412353516,18.260000228881836,22347000
2004-05-21,12.062843322753906,18.363332748413086,18.566667556762695,18.280000686645508,18.333332061767578,25756500
2004-05-24,12.040938377380371,18.329999923706055,18.559999465942383,18.14666748046875,18.42333221435547,28648500
2004-05-25,12.150425910949707,18.496667861938477,18.52666664123535,18.170000076293945,18.280000686645508,25702200
2004-05-26,12.104442596435547,18.426666259765625,18.49333381652832,18.299999237060547,18.399999618530273,20027700
2004-05-27,12.255532264709473,18.656667709350586,18.796667098999023,18.5,18.5,29602200
2004-05-28,12.202977180480957,18.57666778564453,18.683332443237305,18.566667556762695,18.656667709350586,18489300
2004-06-01,12.13947582244873,18.479999542236328,18.566667556762695,18.299999237060547,18.483333587646484,23985600
2004-06-02,12.338738441467285,18.78333282470703,18.89666748046875,18.39666748046875,18.479999542236328,30550500
2004-06-03,12.393475532531738,18.866666793823242,19.156667709350586,18.683332443237305,18.683332443237305,29258400
2004-06-04,12.391290664672852,18.863332748413086,19.116666793823242,18.793333053588867,19.016666412353516,21469800
2004-06-07,12.590543746948242,19.166667938232422,19.183332443237305,18.860000610351562,18.90333366394043,21041400
2004-06-08,12.629960060119629,19.226667404174805,19.27666664123535,19.040000915527344,19.083332061767578,20914200
2004-06-09,12.487632751464844,19.010000228881836,19.25,18.996667861938477,19.166667938232422,17322300
2004-06-10,12.524862289428711,19.066667556762695,19.203332901000977,18.883333206176758,19.143333435058594,18844500
2004-06-14,12.345305442810059,18.793333053588867,18.950000762939453,18.690000534057617,18.899999618530273,19055700
2004-06-15,12.417566299438477,18.90333366394043,19.0,18.84666633605957,18.883333206176758,26127600
2004-06-16,12.288381576538086,18.706666946411133,18.90333366394043,18.676666259765625,18.899999618530273,20578500
2004-06-17,12.229252815246582,18.616666793823242,18.76333236694336,18.559999465942383,18.666667938232422,15728400
2004-06-18,12.178887367248535,18.540000915527344,18.703332901000977,18.483333587646484,18.606666564941406,38807400
2004-06-21,12.027806282043457,18.309999465942383,18.623332977294922,18.290000915527344,18.399999618530273,24016500
2004-06-22,11.837306022644043,18.020000457763672,18.25,17.90999984741211,18.05666732788086,42725100
2004-06-23,11.725632667541504,17.850000381469727,18.023332595825195,17.530000686645508,18.020000457763672,69854400
2004-06-24,11.638045310974121,17.71666717529297,17.953332901000977,17.68000030517578,17.860000610351562,30446100
2004-06-25,11.497908592224121,17.503332138061523,18.030000686645508,17.503332138061523,17.89666748046875,40214400
2004-06-28,11.486957550048828,17.48666763305664,17.753332138061523,17.366666793823242,17.469999313354492,44419500
2004-06-29,11.381857872009277,17.32666778564453,17.503332138061523,17.309999465942383,17.40333366394043,45711900
2004-06-30,11.495718955993652,17.5,17.666667938232422,17.34000015258789,17.366666793823242,42381300
2004-07-01,11.333683013916016,17.253332138061523,17.733333587646484,17.183332443237305,17.700000762939453,50712900
2004-07-02,11.370904922485352,17.309999465942383,17.483333587646484,17.170000076293945,17.333332061767578,36544800
2004-07-06,11.403751373291016,17.360000610351562,17.47333335876465,17.19333267211914,17.266666412353516,31339500
2004-07-07,11.456302642822266,17.440000534057617,17.586666107177734,17.383333206176758,17.383333206176758,29254800
2004-07-08,11.425643920898438,17.393333435058594,17.50666618347168,17.270000457763672,17.299999237060547,35517600
2004-07-09,11.333683013916016,17.253332138061523,17.543333053588867,17.23666763305664,17.399999618530273,27537600
2004-07-12,11.432215690612793,17.40333366394043,17.440000534057617,17.166667938232422,17.239999771118164,25130400
2004-07-13,11.60738468170166,17.670000076293945,17.700000762939453,17.40999984741211,17.40999984741211,32054100
2004-07-14,11.51323413848877,17.52666664123535,17.766666412353516,17.453332901000977,17.543333053588867,27609000
2004-07-15,11.458491325378418,17.44333267211914,17.64666748046875,17.40333366394043,17.610000610351562,20363700
2004-07-16,11.528560638427734,17.549999237060547,17.649999618530273,17.416667938232422,17.583332061767578,34189200
2004-07-19,11.574548721313477,17.6200008392334,17.766666412353516,17.553333282470703,17.553333282470703,28873500
2004-07-20,11.659939765930176,17.75,17.803333282470703,17.5,17.5,26199900
2004-07-21,11.631482124328613,17.706666946411133,17.96666717529297,17.703332901000977,17.786666870117188,31221900
2004-07-22,11.585494995117188,17.636667251586914,17.71666717529297,17.386667251586914,17.583332061767578,30684900
2004-07-23,11.640235900878906,17.719999313354492,17.963333129882812,17.623332977294922,17.633333206176758,27360300
2004-07-26,11.528560638427734,17.549999237060547,17.713333129882812,17.389999389648438,17.700000762939453,23489400
2004-07-27,11.802268028259277,17.96666717529297,17.976667404174805,17.626667022705078,17.65999984741211,28904700
2004-07-28,11.804457664489746,17.969999313354492,18.020000457763672,17.586666107177734,17.959999084472656,29827800
2004-07-29,11.710304260253906,17.82666778564453,18.06333351135254,17.709999084472656,18.02666664123535,26333700
2004-07-30,11.60738468170166,17.670000076293945,17.793333053588867,17.510000228881836,17.78333282470703,26871300
2004-08-02,11.64461612701416,17.726667404174805,17.90999984741211,17.616666793823242,17.67333221435547,21395100
2004-08-03,11.576735496520996,17.623332977294922,17.703332901000977,17.510000228881836,17.670000076293945,26574900
2004-08-04,11.648993492126465,17.733333587646484,17.84666633605957,17.49333381652832,17.496667861938477,20719800
2004-08-05,11.397183418273926,17.350000381469727,17.75,17.333332061767578,17.666667938232422,29288700
2004-08-06,11.239530563354492,17.110000610351562,17.34000015258789,17.046667098999023,17.333332061767578,34180200
2004-08-09,11.248282432556152,17.123332977294922,17.25,17.02666664123535,17.066667556762695,21667200
2004-08-10,11.410317420959473,17.3700008392334,17.376667022705078,17.133333206176758,17.233333587646484,21409800
2004-08-11,11.305212020874023,17.209999084472656,17.39666748046875,17.17333221435547,17.316667556762695,25843500
2004-08-12,11.528560638427734,17.549999237060547,17.796667098999023,17.49333381652832,17.52666664123535,43057800
2004-08-13,11.692785263061523,17.799999237060547,17.833332061767578,17.616666793823242,17.65999984741211,29792700
2004-08-16,11.889859199523926,18.100000381469727,18.100000381469727,17.816667556762695,17.833332061767578,23275800
2004-08-17,12.03656005859375,18.323333740234375,18.323333740234375,17.906667709350586,18.1299991607666,34583700
2004-08-18,11.95315933227539,18.15333366394043,18.23666763305664,18.036666870117188,18.233333587646484,23047800
2004-08-19,12.040953636169434,18.286666870117188,18.316667556762695,18.010000228881836,18.079999923706055,31605600
2004-08-20,11.994860649108887,18.21666717529297,18.28333282470703,18.133333206176758,18.229999542236328,26385600
2004-08-23,11.808300971984863,17.933332443237305,17.989999771118164,17.746667861938477,17.940000534057617,33496200
2004-08-24,11.821470260620117,17.953332901000977,18.059999465942383,17.876667022705078,17.983333587646484,20029200
2004-08-25,11.8741455078125,18.03333282470703,18.09666633605957,17.856666564941406,17.983333587646484,21921600
2004-08-26,11.82585620880127,17.959999084472656,18.09666633605957,17.94333267211914,18.0,14243400
2004-08-27,11.755621910095215,17.85333251953125,18.00666618347168,17.843332290649414,17.940000534057617,13759200
2004-08-30,11.676609992980957,17.733333587646484,17.94333267211914,17.719999313354492,17.850000381469727,16520100
2004-08-31,11.560281753540039,17.55666732788086,17.8700008392334,17.483333587646484,17.73666763305664,25977000
2004-09-01,11.551499366760254,17.543333053588867,17.64666748046875,17.376667022705078,17.48666763305664,22307400
2004-09-02,11.659049987792969,17.706666946411133,17.726667404174805,17.366666793823242,17.366666793823242,36113100
2004-09-03,11.687580108642578,17.75,17.98666763305664,17.700000762939453,17.75,25120800
2004-09-07,11.696365356445312,17.76333236694336,17.809999465942383,17.536666870117188,17.71666717529297,28174800
2004-09-08,11.6502685546875,17.69333267211914,17.85333251953125,17.666667938232422,17.683332443237305,27295800
2004-09-09,11.53833293914795,17.523332595825195,17.78333282470703,17.503332138061523,17.69333267211914,27057900
2004-09-10,11.731478691101074,17.816667556762695,17.863332748413086,17.416667938232422,17.503332138061523,27536700
2004-09-13,11.70953369140625,17.78333282470703,17.969999313354492,17.719999313354492,17.873332977294922,26058300
2004-09-14,11.680997848510742,17.739999771118164,17.8700008392334,17.703332901000977,17.850000381469727,21404700
2004-09-15,11.612958908081055,17.636667251586914,17.78333282470703,17.52666664123535,17.753332138061523,20706900
2004-09-16,11.58222770690918,17.59000015258789,17.69333267211914,17.496667861938477,17.600000381469727,29202900
2004-09-17,11.518577575683594,17.49333381652832,17.656667709350586,17.3799991607666,17.593332290649414,50466300
2004-09-20,11.457123756408691,17.399999618530273,17.450000762939453,17.336666107177734,17.376667022705078,25144200
2004-09-21,11.47028923034668,17.420000076293945,17.600000381469727,17.399999618530273,17.540000915527344,30561600
2004-09-22,11.34079647064209,17.22333335876465,17.393333435058594,17.18666648864746,17.34000015258789,32281200
2004-09-23,11.53174877166748,17.51333236694336,17.633333206176758,17.03333282470703,17.420000076293945,40525500
2004-09-24,11.591005325317383,17.60333251953125,17.746667861938477,17.520000457763672,17.583332061767578,23806200
2004-09-27,11.527359962463379,17.50666618347168,17.780000686645508,17.503332138061523,17.670000076293945,26997300
2004-09-28,11.584428787231445,17.593332290649414,17.633333206176758,17.399999618530273,17.573333740234375,25408500
2004-09-29,11.632708549499512,17.666667938232422,17.676666259765625,17.43000030517578,17.53333282470703,36599400
2004-09-30,11.676609992980957,17.733333587646484,17.816667556762695,17.540000915527344,17.540000915527344,37151400
2004-10-01,11.661247253417969,17.709999084472656,17.92333221435547,17.639999389648438,17.833332061767578,27504000
2004-10-04,11.700750350952148,17.770000457763672,17.99333381652832,17.766666412353516,17.85333251953125,26326500
2004-10-05,11.722699165344238,17.803333282470703,17.873332977294922,17.639999389648438,17.733333587646484,29181900
2004-10-06,11.847805976867676,17.99333381652832,17.996667861938477,17.753332138061523,17.803333282470703,23418000
2004-10-07,11.753425598144531,17.850000381469727,18.126667022705078,17.82666778564453,17.82666778564453,24112500
2004-10-08,11.599787712097168,17.616666793823242,17.84666633605957,17.546667098999023,17.803333282470703,35414100
2004-10-11,11.610757827758789,17.633333206176758,17.696666717529297,17.5,17.690000534057617,19470900
2004-10-12,11.615147590637207,17.639999389648438,17.663333892822266,17.50666618347168,17.50666618347168,22573500
2004-10-13,11.53394603729248,17.516666412353516,17.773332595825195,17.450000762939453,17.666667938232422,23986200
2004-10-14,11.435172080993652,17.366666793823242,17.553333282470703,17.35333251953125,17.540000915527344,25951500
2004-10-15,11.52955150604248,17.510000228881836,17.69333267211914,17.416667938232422,17.51333236694336,29787600
2004-10-18,11.615147590637207,17.639999389648438,17.72333335876465,17.450000762939453,17.483333587646484,23532900
2004-10-19,11.562477111816406,17.559999465942383,17.786666870117188,17.536666870117188,17.67333221435547,23050500
2004-10-20,11.518577575683594,17.49333381652832,17.643333435058594,17.40333366394043,17.546667098999023,26025900
2004-10-21,11.437365531921387,17.3700008392334,17.536666870117188,17.336666107177734,17.47333335876465,29075700
2004-10-22,11.411031723022461,17.329999923706055,17.49333381652832,17.31333351135254,17.440000534057617,25887600
2004-10-25,11.479070663452148,17.433332443237305,17.469999313354492,17.303333282470703,17.383333206176758,25035600
2004-10-26,11.59320068359375,17.606666564941406,17.649999618530273,17.40999984741211,17.433332443237305,26754600
2004-10-27,11.790745735168457,17.906667709350586,17.93000030517578,17.5,17.503332138061523,35177700
2004-10-28,11.85000228881836,17.996667861938477,18.113332748413086,17.899999618530273,17.90333366394043,25229100
2004-10-29,11.834638595581055,17.97333335876465,18.10333251953125,17.866666793823242,17.940000534057617,30020400
2004-11-01,11.819268226623535,17.950000762939453,17.97333335876465,17.829999923706055,17.97333335876465,26923800
2004-11-02,11.88511848449707,18.049999237060547,18.22333335876465,17.683332443237305,17.683332443237305,32390100
2004-11-03,11.957551956176758,18.15999984741211,18.286666870117188,17.969999313354492,18.260000228881836,33328500
2004-11-04,12.348231315612793,18.753332138061523,18.78333282470703,18.059999465942383,18.100000381469727,49765200
2004-11-05,12.394326210021973,18.823333740234375,18.983333587646484,18.780000686645508,18.833332061767578,37169100
2004-11-08,12.407491683959961,18.843332290649414,18.989999771118164,18.73666763305664,18.823333740234375,27684900
2004-11-09,12.361401557922363,18.773332595825195,18.926666259765625,18.649999618530273,18.899999618530273,23914200
2004-11-10,12.302145004272461,18.683332443237305,18.90333366394043,18.683332443237305,18.799999237060547,18916200
2004-11-11,12.427248001098633,18.873332977294922,18.93666648864746,18.706666946411133,18.81333351135254,21255000
2004-11-12,12.4777250289917,18.950000762939453,18.976667404174805,18.803333282470703,18.84000015258789,19473300
2004-11-15,12.664290428161621,19.233333587646484,19.296667098999023,18.926666259765625,18.96666717529297,30958200
2004-11-16,12.48651123046875,18.963333129882812,19.049999237060547,18.886667251586914,19.0,36696600
2004-11-17,12.343846321105957,18.746667861938477,19.116666793823242,18.616666793823242,19.116666793823242,48500100
2004-11-18,12.247270584106445,18.600000381469727,18.809999465942383,18.483333587646484,18.746667861938477,33884100
2004-11-19,12.126555442810059,18.416667938232422,18.616666793823242,18.386667251586914,18.616666793823242,29541000
2004-11-22,12.220932960510254,18.559999465942383,18.6299991607666,18.27666664123535,18.49333381652832,26823000
2004-11-23,12.214346885681152,18.549999237060547,18.649999618530273,18.450000762939453,18.483333587646484,26912700
2004-11-24,12.181425094604492,18.5,18.649999618530273,18.39666748046875,18.649999618530273,21574800
2004-11-26,12.141915321350098,18.440000534057617,18.579999923706055,18.433332443237305,18.433332443237305,10665600
2004-11-29,11.665630340576172,17.71666717529297,17.96666717529297,17.700000762939453,17.916667938232422,75474000
2004-11-30,11.426390647888184,17.35333251953125,17.74333381652832,17.35333251953125,17.733333587646484,82952700
2004-12-01,11.59320068359375,17.606666564941406,17.663333892822266,17.450000762939453,17.5,59970900
2004-12-02,11.632708549499512,17.666667938232422,17.75666618347168,17.383333206176758,17.52666664123535,48463200
2004-12-03,11.617347717285156,17.643333435058594,17.82666778564453,17.59000015258789,17.636667251586914,33860400
2004-12-06,11.527359962463379,17.50666618347168,17.643333435058594,17.50666618347168,17.643333435058594,27216300
2004-12-07,11.522967338562012,17.5,17.700000762939453,17.44333267211914,17.503332138061523,28648500
2004-12-08,11.525165557861328,17.503332138061523,17.516666412353516,17.366666793823242,17.416667938232422,31724400
2004-12-09,11.58222770690918,17.59000015258789,17.6299991607666,17.373332977294922,17.373332977294922,34659900
2004-12-10,11.569061279296875,17.56999969482422,17.69333267211914,17.476667404174805,17.483333587646484,25317000
2004-12-13,11.621740341186523,17.649999618530273,17.726667404174805,17.5,17.573333740234375,29389500
2004-12-14,11.744649887084961,17.836666107177734,17.876667022705078,17.59000015258789,17.616666793823242,30631500
2004-12-15,11.667638778686523,17.676666259765625,17.883333206176758,17.600000381469727,17.793333053588867,35152800
2004-12-16,11.606033325195312,17.583332061767578,17.649999618530273,17.510000228881836,17.600000381469727,26548800
2004-12-17,11.445422172546387,17.34000015258789,17.613332748413086,17.333332061767578,17.3799991607666,53153700
2004-12-20,11.485024452209473,17.399999618530273,17.566667556762695,17.376667022705078,17.43000030517578,28431300
2004-12-21,11.573036193847656,17.53333282470703,17.53333282470703,17.393333435058594,17.399999618530273,27883200
2004-12-22,11.654438972473145,17.656667709350586,17.75,17.44333267211914,17.450000762939453,37518000
2004-12-23,11.562033653259277,17.516666412353516,17.719999313354492,17.516666412353516,17.636667251586914,25108500
2004-12-27,11.614835739135742,17.59666633605957,17.829999923706055,17.57666778564453,17.683332443237305,29076900
2004-12-28,11.71164321899414,17.74333381652832,17.799999237060547,17.613332748413086,17.616666793823242,19853100
2004-12-29,11.757852554321289,17.81333351135254,17.829999923706055,17.73666763305664,17.74333381652832,17346600
2004-12-30,11.674238204956055,17.68666648864746,17.876667022705078,17.67333221435547,17.876667022705078,19756800
2004-12-31,11.62143325805664,17.606666564941406,17.726667404174805,17.520000457763672,17.690000534057617,25220100
2005-01-03,11.738049507141113,17.78333282470703,18.100000381469727,17.766666412353516,17.916667938232422,48235200
2005-01-04,11.709446907043457,17.739999771118164,17.963333129882812,17.67333221435547,17.92333221435547,31790100
2005-01-05,11.724848747253418,17.76333236694336,17.8799991607666,17.703332901000977,17.833332061767578,24724500
2005-01-06,11.892060279846191,18.016666412353516,18.06333351135254,17.71666717529297,17.96666717529297,42086400
2005-01-07,11.878861427307129,17.996667861938477,18.110000610351562,17.916667938232422,18.016666412353516,28980900
2005-01-10,11.8194580078125,17.906667709350586,18.110000610351562,17.863332748413086,17.933332443237305,25962000
2005-01-11,11.790857315063477,17.863332748413086,17.916667938232422,17.80666732788086,17.860000610351562,19990200
2005-01-12,11.89865779876709,18.02666664123535,18.046667098999023,17.799999237060547,17.863332748413086,25010700
2005-01-13,11.801851272583008,17.8799991607666,18.066667556762695,17.84000015258789,18.03333282470703,28767300
2005-01-14,11.878861427307129,17.996667861938477,18.020000457763672,17.829999923706055,17.876667022705078,22460100
2005-01-18,11.988866806030273,18.163333892822266,18.166667938232422,17.843332290649414,17.866666793823242,29686800
2005-01-19,11.832659721374512,17.926666259765625,18.200000762939453,17.916667938232422,18.09666633605957,20841900
2005-01-20,11.742449760437012,17.790000915527344,18.05666732788086,17.766666412353516,17.906667709350586,27006000
2005-01-21,11.663243293762207,17.670000076293945,17.82666778564453,17.666667938232422,17.780000686645508,25743600
2005-01-24,11.67644214630127,17.690000534057617,17.760000228881836,17.59000015258789,17.67333221435547,25731300
2005-01-25,11.722646713256836,17.760000228881836,17.816667556762695,17.703332901000977,17.729999542236328,19257000
2005-01-26,11.722646713256836,17.760000228881836,17.89666748046875,17.739999771118164,17.78333282470703,21535800
2005-01-27,11.678642272949219,17.69333267211914,17.793333053588867,17.623332977294922,17.68666648864746,19902300
2005-01-28,11.535634994506836,17.476667404174805,17.639999389648438,17.433332443237305,17.633333206176758,33364500
2005-01-31,11.52902603149414,17.46666717529297,17.633333206176758,17.406667709350586,17.516666412353516,30694500
2005-02-01,11.575236320495605,17.536666870117188,17.649999618530273,17.450000762939453,17.46666717529297,30575100
2005-02-02,11.674238204956055,17.68666648864746,17.766666412353516,17.543333053588867,17.543333053588867,27631800
2005-02-03,11.753453254699707,17.80666732788086,17.81333351135254,17.67333221435547,17.676666259765625,23285400
2005-02-04,11.762251853942871,17.81999969482422,17.860000610351562,17.709999084472656,17.799999237060547,22341900
2005-02-07,11.773252487182617,17.836666107177734,17.913333892822266,17.816667556762695,17.899999618530273,18723000
2005-02-08,11.705041885375977,17.733333587646484,17.856666564941406,17.733333587646484,17.766666412353516,17280300
2005-02-09,11.555435180664062,17.50666618347168,17.696666717529297,17.42333221435547,17.6200008392334,25200600
2005-02-10,11.498224258422852,17.420000076293945,17.610000610351562,17.40999984741211,17.48666763305664,27395100
2005-02-11,11.463021278381348,17.366666793823242,17.543333053588867,17.366666793823242,17.3700008392334,31288800
2005-02-14,11.474024772644043,17.383333206176758,17.503332138061523,17.366666793823242,17.433332443237305,23398200
2005-02-15,11.595035552978516,17.566667556762695,17.65333366394043,17.456666946411133,17.530000686645508,28450500
2005-02-16,11.573036193847656,17.53333282470703,17.649999618530273,17.51333236694336,17.579999923706055,22716600
2005-02-17,11.595035552978516,17.566667556762695,17.68000030517578,17.44333267211914,17.6299991607666,44895900
2005-02-18,11.599431991577148,17.573333740234375,17.666667938232422,17.546667098999023,17.60333251953125,29292300
2005-02-22,11.441021919250488,17.333332061767578,17.559999465942383,17.323333740234375,17.53333282470703,34473600
2005-02-23,11.35301399230957,17.200000762939453,17.373332977294922,17.079999923706055,17.343332290649414,40937100
2005-02-24,11.322210311889648,17.15333366394043,17.270000457763672,17.09000015258789,17.25,29795400
2005-02-25,11.328810691833496,17.163333892822266,17.163333892822266,17.03333282470703,17.133333206176758,34404000
2005-02-28,11.355212211608887,17.203332901000977,17.43000030517578,17.200000762939453,17.266666412353516,32594700
2005-03-01,11.449824333190918,17.34666633605957,17.43666648864746,17.30666732788086,17.336666107177734,31388400
2005-03-02,11.430017471313477,17.316667556762695,17.469999313354492,17.266666412353516,17.34666633605957,27354600
2005-03-03,11.630236625671387,17.6200008392334,17.726667404174805,17.55666732788086,17.600000381469727,58427400
2005-03-04,11.683040618896484,17.700000762939453,17.829999923706055,17.649999618530273,17.73666763305664,34668900
2005-03-07,11.612639427185059,17.593332290649414,17.786666870117188,17.530000686645508,17.700000762939453,30805800
2005-03-08,11.533428192138672,17.47333335876465,17.583332061767578,17.416667938232422,17.53333282470703,28233300
2005-03-09,11.540033340454102,17.483333587646484,17.530000686645508,17.426666259765625,17.46666717529297,30324600
2005-03-10,11.474024772644043,17.383333206176758,17.520000457763672,17.356666564941406,17.483333587646484,24289500
2005-03-11,11.35301399230957,17.200000762939453,17.413333892822266,17.156667709350586,17.40999984741211,27745800
2005-03-14,11.287007331848145,17.100000381469727,17.31333351135254,17.046667098999023,17.260000228881836,45976500
2005-03-15,11.22760009765625,17.010000228881836,17.21666717529297,17.003332138061523,17.183332443237305,41982600
2005-03-16,11.32690143585205,17.110000610351562,17.183332443237305,16.953332901000977,16.97333335876465,52435800
2005-03-17,11.547571182250977,17.44333267211914,17.476667404174805,17.133333206176758,17.170000076293945,57102600
2005-03-18,11.353381156921387,17.149999618530273,17.446666717529297,17.149999618530273,17.446666717529297,260396100
2005-03-21,11.291598320007324,17.05666732788086,17.253332138061523,17.040000915527344,17.17333221435547,66091200
2005-03-22,11.232019424438477,16.96666717529297,17.113332748413086,16.950000762939453,17.05666732788086,54135000
2005-03-23,11.176843643188477,16.883333206176758,17.059999465942383,16.860000610351562,16.96666717529297,52748100
2005-03-24,11.179056167602539,16.886667251586914,17.010000228881836,16.84000015258789,17.00666618347168,37511100
2005-03-28,11.251876831054688,16.996667861938477,17.059999465942383,16.836666107177734,16.886667251586914,36732000
2005-03-29,11.203326225280762,16.92333221435547,17.09000015258789,16.90999984741211,16.96666717529297,41708700
2005-03-30,11.218772888183594,16.946666717529297,17.059999465942383,16.899999618530273,16.96666717529297,33451800
2005-03-31,11.05768871307373,16.703332901000977,16.963333129882812,16.68666648864746,16.916667938232422,47927700
2005-04-01,10.810537338256836,16.329999923706055,16.833332061767578,16.166667938232422,16.75,87483900
2005-04-04,10.903220176696777,16.469999313354492,16.536666870117188,16.239999771118164,16.44333267211914,52720800
2005-04-05,10.96059513092041,16.55666732788086,16.59666633605957,16.40999984741211,16.516666412353516,39249300
2005-04-06,10.923080444335938,16.5,16.649999618530273,16.450000762939453,16.626667022705078,43393500
2005-04-07,10.790677070617676,16.299999237060547,16.43000030517578,16.15333366394043,16.43000030517578,77376900
2005-04-08,10.717860221862793,16.190000534057617,16.34666633605957,16.17333221435547,16.299999237060547,39519900
2005-04-11,10.704618453979492,16.170000076293945,16.233333587646484,16.079999923706055,16.190000534057617,35324400
2005-04-12,10.731097221374512,16.209999084472656,16.27666664123535,15.923333168029785,16.066667556762695,60284700
2005-04-13,10.717860221862793,16.190000534057617,16.363332748413086,16.163333892822266,16.253332138061523,37494000
2005-04-14,10.583250045776367,15.986666679382324,16.5,15.973333358764648,16.133333206176758,59233500
2005-04-15,10.525874137878418,15.899999618530273,16.079999923706055,15.829999923706055,15.989999771118164,51633900
2005-04-18,10.565598487854004,15.960000038146973,15.986666679382324,15.850000381469727,15.970000267028809,45255600
2005-04-19,10.503809928894043,15.866666793823242,15.963333129882812,15.726667404174805,15.916666984558105,43911300
2005-04-20,10.448643684387207,15.783332824707031,15.983332633972168,15.766667366027832,15.800000190734863,41935200
2005-04-21,10.543526649475098,15.926667213439941,15.970000267028809,15.833333015441895,15.963333129882812,31309800
2005-04-22,10.329483985900879,15.603333473205566,15.856666564941406,15.550000190734863,15.826666831970215,69740700
2005-04-25,10.375823020935059,15.673333168029785,15.813332557678223,15.633333206176758,15.686667442321777,41223600
2005-04-26,10.371410369873047,15.666666984558105,15.726667404174805,15.633333206176758,15.666666984558105,35224800
2005-04-27,10.435403823852539,15.763333320617676,15.823332786560059,15.550000190734863,15.566666603088379,32698200
2005-04-28,10.382442474365234,15.683333396911621,15.863332748413086,15.643333435058594,15.673333168029785,36187500
2005-04-29,10.402304649353027,15.713333129882812,15.760000228881836,15.399999618530273,15.716667175292969,50989800
2005-05-02,10.547945022583008,15.933333396911621,15.966667175292969,15.773332595825195,15.826666831970215,35020500
2005-05-03,10.680346488952637,16.133333206176758,16.166667938232422,15.846667289733887,15.856666564941406,44000700
2005-05-04,10.691377639770508,16.149999618530273,16.203332901000977,16.079999923706055,16.133333206176758,36512700
2005-05-05,10.717860221862793,16.190000534057617,16.406667709350586,16.10333251953125,16.116666793823242,32510100
2005-05-06,10.80392074584961,16.31999969482422,16.383333206176758,16.21666717529297,16.28333282470703,30726900
2005-05-09,10.867915153503418,16.416667938232422,16.48666763305664,16.299999237060547,16.299999237060547,30574500
2005-05-10,10.750957489013672,16.239999771118164,16.34000015258789,16.18000030517578,16.333332061767578,28503900
2005-05-11,10.724477767944336,16.200000762939453,16.31333351135254,16.043333053588867,16.25,31038900
2005-05-12,10.514843940734863,15.883333206176758,15.956666946411133,15.533332824707031,15.600000381469727,97570500
2005-05-13,10.40009593963623,15.710000038146973,15.850000381469727,15.643333435058594,15.800000190734863,37634700
2005-05-16,10.419955253601074,15.739999771118164,15.829999923706055,15.569999694824219,15.710000038146973,34515900
2005-05-17,10.371410369873047,15.666666984558105,15.793333053588867,15.643333435058594,15.699999809265137,49677300
2005-05-18,10.533014297485352,15.859999656677246,15.890000343322754,15.65666675567627,15.696666717529297,55395300
2005-05-19,10.517518043518066,15.83666706085205,15.989999771118164,15.766667366027832,15.94333267211914,31256400
2005-05-20,10.444461822509766,15.726667404174805,15.813332557678223,15.676667213439941,15.800000190734863,30407700
2005-05-23,10.592782020568848,15.949999809265137,16.010000228881836,15.756667137145996,15.776666641235352,34975500
2005-05-24,10.548508644104004,15.883333206176758,15.949999809265137,15.853333473205566,15.91333293914795,23687400
2005-05-25,10.471026420593262,15.766667366027832,15.949999809265137,15.713333129882812,15.84000015258789,28449600
2005-05-26,10.473241806030273,15.770000457763672,15.833333015441895,15.739999771118164,15.816666603088379,21861900
2005-05-27,10.464387893676758,15.756667137145996,15.773332595825195,15.720000267028809,15.74666690826416,16855800
2005-05-31,10.45552921295166,15.743332862854004,15.823332786560059,15.710000038146973,15.816666603088379,34217400
2005-06-01,10.608283042907715,15.973333358764648,16.05666732788086,15.74666690826416,15.75,32808600
2005-06-02,10.674691200256348,16.073333740234375,16.14666748046875,15.94333267211914,15.946666717529297,28473600
2005-06-03,10.482093811035156,15.783332824707031,16.053333282470703,15.763333320617676,16.03333282470703,31570500
2005-06-06,10.5662202835083,15.90999984741211,16.046667098999023,15.736666679382324,15.783332824707031,26655000
2005-06-07,10.572861671447754,15.920000076293945,16.030000686645508,15.91333293914795,15.983332633972168,24965100
2005-06-08,10.53079891204834,15.856666564941406,15.960000038146973,15.766667366027832,15.960000038146973,24978000
2005-06-09,10.586137771606445,15.9399995803833,16.03333282470703,15.816666603088379,15.850000381469727,28455300
2005-06-10,10.621564865112305,15.993332862854004,16.010000228881836,15.880000114440918,15.933333396911621,26068200
2005-06-13,10.687975883483887,16.093332290649414,16.23666763305664,15.99666690826416,16.0,36819900
2005-06-14,10.997899055480957,16.559999465942383,16.56999969482422,16.133333206176758,16.139999389648438,48462300
2005-06-15,11.035533905029297,16.616666793823242,16.766666412353516,16.463333129882812,16.670000076293945,47348700
2005-06-16,10.924844741821289,16.450000762939453,16.649999618530273,16.40999984741211,16.566667556762695,30279600
2005-06-17,10.831866264343262,16.309999465942383,16.583332061767578,16.209999084472656,16.583332061767578,52748700
2005-06-20,10.81637191772461,16.286666870117188,16.31999969482422,16.183332443237305,16.18666648864746,22887600
2005-06-21,10.743318557739258,16.176666259765625,16.363332748413086,16.170000076293945,16.333332061767578,25502100
2005-06-22,10.800875663757324,16.26333236694336,16.309999465942383,16.100000381469727,16.233333587646484,31806300
2005-06-23,10.599420547485352,15.960000038146973,16.296667098999023,15.933333396911621,16.26333236694336,33543000
2005-06-24,10.486523628234863,15.789999961853027,15.949999809265137,15.74666690826416,15.9399995803833,47136600
2005-06-27,10.519732475280762,15.84000015258789,15.899999618530273,15.786666870117188,15.789999961853027,23942700
2005-06-28,10.721181869506836,16.143333435058594,16.213333129882812,15.886667251586914,15.899999618530273,28179600
2005-06-29,10.745532989501953,16.18000030517578,16.350000381469727,16.166667938232422,16.200000762939453,30888600
2005-06-30,10.670262336730957,16.066667556762695,16.333332061767578,16.023332595825195,16.113332748413086,31485600
2005-07-01,10.687975883483887,16.093332290649414,16.176666259765625,16.049999237060547,16.083332061767578,28598100
2005-07-05,11.024466514587402,16.600000381469727,16.633333206176758,16.420000076293945,16.46666717529297,46103400
2005-07-06,10.931485176086426,16.459999084472656,16.643333435058594,16.406667709350586,16.639999389648438,32560200
2005-07-07,10.9602632522583,16.503332138061523,16.626667022705078,16.333332061767578,16.350000381469727,35145000
2005-07-08,11.04660415649414,16.633333206176758,16.666667938232422,16.416667938232422,16.459999084472656,28125900
2005-07-11,11.024466514587402,16.600000381469727,16.69333267211914,16.53333282470703,16.616666793823242,26645400
2005-07-12,11.088664054870605,16.696666717529297,16.74333381652832,16.543333053588867,16.553333282470703,25957500
2005-07-13,11.099729537963867,16.713333129882812,16.746667861938477,16.6299991607666,16.649999618530273,26315700
2005-07-14,11.181639671325684,16.836666107177734,16.89666748046875,16.703332901000977,16.773332595825195,30251400
2005-07-15,11.12408447265625,16.75,16.80666732788086,16.65333366394043,16.786666870117188,27285000
2005-07-18,11.06652545928955,16.663333892822266,16.78333282470703,16.649999618530273,16.726667404174805,24127500
2005-07-19,11.015607833862305,16.586666107177734,16.71666717529297,16.520000457763672,16.663333892822266,28731000
2005-07-20,11.068744659423828,16.666667938232422,16.68666648864746,16.433332443237305,16.516666412353516,27474600
2005-07-21,10.933698654174805,16.463333129882812,16.566667556762695,16.333332061767578,16.566667556762695,37496100
2005-07-22,10.966906547546387,16.51333236694336,16.573333740234375,16.420000076293945,16.496667861938477,23209800
2005-07-25,10.946979522705078,16.483333587646484,16.623332977294922,16.43666648864746,16.51333236694336,19796100
2005-07-26,10.964693069458008,16.510000228881836,16.623332977294922,16.50666618347168,16.546667098999023,22295400
2005-07-27,11.024466514587402,16.600000381469727,16.670000076293945,16.483333587646484,16.503332138061523,20080500
2005-07-28,11.028891563415527,16.606666564941406,16.65999984741211,16.516666412353516,16.649999618530273,19548000
2005-07-29,10.924844741821289,16.450000762939453,16.663333892822266,16.44333267211914,16.566667556762695,20447100
2005-08-01,10.964693069458008,16.510000228881836,16.583332061767578,16.479999542236328,16.540000915527344,20832900
2005-08-02,11.024466514587402,16.600000381469727,16.623332977294922,16.483333587646484,16.549999237060547,18990600
2005-08-03,10.997899055480957,16.559999465942383,16.579999923706055,16.489999771118164,16.510000228881836,31755900
2005-08-04,10.911563873291016,16.43000030517578,16.613332748413086,16.413333892822266,16.56333351135254,27796800
2005-08-05,10.918201446533203,16.440000534057617,16.53333282470703,16.343332290649414,16.366666793823242,27855900
2005-08-08,10.880568504333496,16.383333206176758,16.51333236694336,16.366666793823242,16.49333381652832,21678600
2005-08-09,10.896068572998047,16.406667709350586,16.520000457763672,16.363332748413086,16.383333206176758,23391600
2005-08-10,10.811949729919434,16.280000686645508,16.583332061767578,16.253332138061523,16.43666648864746,32913300
2005-08-11,10.836296081542969,16.316667556762695,16.433332443237305,16.21666717529297,16.343332290649414,28682700
2005-08-12,10.780951499938965,16.233333587646484,16.366666793823242,16.18666648864746,16.273332595825195,30896400
2005-08-15,10.86950397491455,16.366666793823242,16.383333206176758,16.166667938232422,16.273332595825195,31035600
2005-08-16,10.53079891204834,15.856666564941406,16.066667556762695,15.716667175292969,16.020000457763672,89274900
2005-08-17,10.461956024169922,15.703332901000977,15.869999885559082,15.703332901000977,15.770000457763672,35434800
2005-08-18,10.490823745727539,15.74666690826416,15.819999694824219,15.5,15.726667404174805,25431600
2005-08-19,10.344255447387695,15.526666641235352,15.793333053588867,15.50333309173584,15.793333053588867,43331400
2005-08-22,10.364238739013672,15.55666732788086,15.729999542236328,15.44333267211914,15.619999885559082,30666600
2005-08-23,10.290958404541016,15.446666717529297,15.550000190734863,15.433333396911621,15.476667404174805,26470200
2005-08-24,10.115519523620605,15.183333396911621,15.486666679382324,15.15666675567627,15.449999809265137,46920300
2005-08-25,10.057780265808105,15.096667289733887,15.316666603088379,15.053333282470703,15.276666641235352,37700700
2005-08-26,10.148829460144043,15.233332633972168,15.350000381469727,15.069999694824219,15.106666564941406,43791000
2005-08-29,10.137724876403809,15.216667175292969,15.316666603088379,15.096667289733887,15.146666526794434,31727400
2005-08-30,10.035572052001953,15.063332557678223,15.166666984558105,14.916666984558105,15.119999885559082,68980500
2005-08-31,9.984495162963867,14.986666679382324,15.100000381469727,14.899999618530273,15.096667289733887,65643600
2005-09-01,9.993374824523926,15.0,15.046667098999023,14.90666675567627,14.983332633972168,50821800
2005-09-02,9.893440246582031,14.850000381469727,15.0600004196167,14.84333324432373,15.050000190734863,35389200
2005-09-06,10.146608352661133,15.229999542236328,15.243332862854004,14.933333396911621,14.949999809265137,50834400
2005-09-07,10.184361457824707,15.286666870117188,15.326666831970215,15.119999885559082,15.276666641235352,40037100
2005-09-08,10.184361457824707,15.286666870117188,15.286666870117188,15.106666564941406,15.199999809265137,31632900
2005-09-09,10.191025733947754,15.296667098999023,15.373332977294922,14.966667175292969,15.216667175292969,32341500
2005-09-12,10.191025733947754,15.296667098999023,15.376667022705078,15.183333396911621,15.239999771118164,34302900
2005-09-13,10.008920669555664,15.023332595825195,15.493332862854004,15.010000228881836,15.493332862854004,49302300
2005-09-14,9.926753044128418,14.899999618530273,15.100000381469727,14.856666564941406,15.0600004196167,46088700
2005-09-15,9.842366218566895,14.773332595825195,14.933333396911621,14.743332862854004,14.899999618530273,55333200
2005-09-16,9.742433547973633,14.623332977294922,14.823332786560059,14.609999656677246,14.736666679382324,290360400
2005-09-19,9.773523330688477,14.670000076293945,14.74666690826416,14.606666564941406,14.666666984558105,102286500
2005-09-20,9.595860481262207,14.403332710266113,14.716667175292969,14.363332748413086,14.69333267211914,78952500
2005-09-21,9.435969352722168,14.16333293914795,14.380000114440918,14.143333435058594,14.34000015258789,81564000
2005-09-22,9.59141731262207,14.396666526794434,14.510000228881836,14.103333473205566,14.149999618530273,66570000
2005-09-23,9.59364128112793,14.399999618530273,14.550000190734863,14.289999961853027,14.433333396911621,54646200
2005-09-26,9.57365608215332,14.369999885559082,14.609999656677246,14.34000015258789,14.59000015258789,46870500
2005-09-27,9.57143497467041,14.366666793823242,14.483332633972168,14.300000190734863,14.483332633972168,43078500
2005-09-28,9.57809829711914,14.376667022705078,14.466667175292969,14.25333309173584,14.350000381469727,55667700
2005-09-29,9.669148445129395,14.513333320617676,14.526666641235352,14.33666706085205,14.430000305175781,48048000
2005-09-30,9.731329917907715,14.606666564941406,14.623332977294922,14.449999809265137,14.493332862854004,40959900
2005-10-03,9.718006134033203,14.58666706085205,14.80666732788086,14.563332557678223,14.716667175292969,49841700
2005-10-04,9.737991333007812,14.616666793823242,14.763333320617676,14.58666706085205,14.58666706085205,41394600
2005-10-05,9.660264015197754,14.5,14.65666675567627,14.5,14.65666675567627,42729600
2005-10-06,9.755756378173828,14.643333435058594,14.816666603088379,14.433333396911621,14.649999618530273,61397100
2005-10-07,9.77796459197998,14.676667213439941,14.743332862854004,14.583333015441895,14.673333168029785,36778200
2005-10-10,9.891223907470703,14.846667289733887,15.0,14.816666603088379,14.890000343322754,56706300
2005-10-11,9.997819900512695,15.006667137145996,15.066666603088379,14.850000381469727,14.99666690826416,51459900
2005-10-12,9.980051040649414,14.979999542236328,15.050000190734863,14.866666793823242,15.020000457763672,47223900
2005-10-13,9.940078735351562,14.920000076293945,15.033332824707031,14.869999885559082,14.966667175292969,37367700
2005-10-14,10.0022611618042,15.013333320617676,15.08666706085205,14.866666793823242,15.0600004196167,35573400
2005-10-17,10.046679496765137,15.079999923706055,15.096667289733887,14.946666717529297,15.09333324432373,29382900
2005-10-18,10.022247314453125,15.043333053588867,15.166666984558105,15.013333320617676,15.066666603088379,35964300
2005-10-19,10.21323013305664,15.329999923706055,15.356666564941406,14.926667213439941,15.043333053588867,51174600
2005-10-20,10.126622200012207,15.199999809265137,15.523332595825195,15.133333206176758,15.383333206176758,56780400
2005-10-21,10.153264999389648,15.239999771118164,15.366666793823242,15.199999809265137,15.260000228881836,40101900
2005-10-24,10.262088775634766,15.403332710266113,15.449999809265137,15.236666679382324,15.363332748413086,31100400
2005-10-25,10.079987525939941,15.130000114440918,15.359999656677246,15.083333015441895,15.319999694824219,44937300
2005-10-26,10.12217903137207,15.19333267211914,15.326666831970215,15.020000457763672,15.05666732788086,35736300
2005-10-27,9.935636520385742,14.91333293914795,15.226667404174805,14.90666675567627,15.146666526794434,37290900
2005-10-28,10.104414939880371,15.166666984558105,15.183333396911621,14.920000076293945,14.99666690826416,37059000
2005-10-31,10.506367683410645,15.770000457763672,15.850000381469727,15.329999923706055,15.366666793823242,67505100
2005-11-01,10.435303688049316,15.66333293914795,15.743332862854004,15.609999656677246,15.706666946411133,35350500
2005-11-02,10.561888694763184,15.853333473205566,15.923333168029785,15.536666870117188,15.583333015441895,37675200
2005-11-03,10.537456512451172,15.816666603088379,16.043333053588867,15.710000038146973,16.0,48085500
2005-11-04,10.5907621383667,15.896666526794434,15.916666984558105,15.69333267211914,15.800000190734863,31394100
2005-11-07,10.670703887939453,16.016666412353516,16.06333351135254,15.916666984558105,15.973333358764648,36525300
2005-11-08,10.572994232177734,15.869999885559082,15.949999809265137,15.789999961853027,15.933333396911621,22518600
2005-11-09,10.70401668548584,16.066667556762695,16.123332977294922,15.773332595825195,15.84333324432373,40248600
2005-11-10,10.890556335449219,16.34666633605957,16.433332443237305,16.049999237060547,16.083332061767578,56812800
2005-11-11,10.881675720214844,16.333332061767578,16.49333381652832,16.25666618347168,16.386667251586914,36355800
2005-11-14,10.948298454284668,16.433332443237305,16.56333351135254,16.336666107177734,16.469999313354492,41502600
2005-11-15,10.832819938659668,16.260000228881836,16.373332977294922,16.10333251953125,16.266666412353516,50548800
2005-11-16,10.855025291442871,16.293333053588867,16.399999618530273,16.110000610351562,16.260000228881836,35256600
2005-11-17,10.934978485107422,16.413333892822266,16.433332443237305,16.286666870117188,16.34666633605957,20110500
2005-11-18,10.992712020874023,16.5,16.600000381469727,16.336666107177734,16.553333282470703,39458400
2005-11-21,11.019365310668945,16.540000915527344,16.600000381469727,16.469999313354492,16.51333236694336,29520600
2005-11-22,11.14816665649414,16.733333587646484,16.74333381652832,16.239999771118164,16.446666717529297,46448100
2005-11-23,11.230337142944336,16.856666564941406,16.906667709350586,16.690000534057617,16.766666412353516,35713800
2005-11-25,11.212568283081055,16.829999923706055,16.956666946411133,16.773332595825195,16.89666748046875,18951900
2005-11-28,11.103758811950684,16.666667938232422,16.886667251586914,16.610000610351562,16.873332977294922,50079300
2005-11-29,10.883896827697754,16.336666107177734,16.700000762939453,16.273332595825195,16.670000076293945,55448700
2005-11-30,10.783967971801758,16.18666648864746,16.393333435058594,16.176666259765625,16.373332977294922,35310000
2005-12-01,10.666264533996582,16.010000228881836,16.25,15.84333324432373,16.196666717529297,71648400
2005-12-02,10.652938842773438,15.989999771118164,16.15333366394043,15.83666706085205,15.94333267211914,32855100
2005-12-05,10.468618392944336,15.713333129882812,15.963333129882812,15.696666717529297,15.963333129882812,60200100
2005-12-06,10.575215339660645,15.873332977294922,15.973333358764648,15.773332595825195,15.803333282470703,61566000
2005-12-07,10.604084968566895,15.916666984558105,16.020000457763672,15.80666732788086,15.933333396911621,32310600
2005-12-08,10.592981338500977,15.899999618530273,15.960000038146973,15.833333015441895,15.920000076293945,37084200
2005-12-09,10.677366256713867,16.02666664123535,16.15333366394043,15.859999656677246,15.866666793823242,33551400
2005-12-12,10.810609817504883,16.226667404174805,16.293333053588867,16.100000381469727,16.116666793823242,46386000
2005-12-13,10.986052513122559,16.489999771118164,16.56999969482422,16.1200008392334,16.133333206176758,60882600
2005-12-14,11.028369903564453,16.503332138061523,16.56333351135254,16.3799991607666,16.48666763305664,36879600
2005-12-15,10.972688674926758,16.420000076293945,16.516666412353516,16.273332595825195,16.459999084472656,27640200
2005-12-16,10.97491455078125,16.42333221435547,16.543333053588867,16.350000381469727,16.52666664123535,37848000
2005-12-19,10.905862808227539,16.31999969482422,16.579999923706055,16.299999237060547,16.373332977294922,28374000
2005-12-20,10.82567310333252,16.200000762939453,16.316667556762695,16.14666748046875,16.280000686645508,28017600
2005-12-21,10.836809158325195,16.21666717529297,16.31333351135254,16.156667709350586,16.28333282470703,23397300
2005-12-22,10.82567310333252,16.200000762939453,16.266666412353516,16.1200008392334,16.21666717529297,20097000
2005-12-23,10.767755508422852,16.113332748413086,16.19333267211914,16.05666732788086,16.166667938232422,21472200
2005-12-27,10.631878852844238,15.90999984741211,16.149999618530273,15.786666870117188,16.136667251586914,39196500
2005-12-28,10.65638256072998,15.946666717529297,16.100000381469727,15.916666984558105,15.946666717529297,21787500
2005-12-29,10.576191902160645,15.826666831970215,16.00666618347168,15.80666732788086,15.956666946411133,23161800
2005-12-30,10.424722671508789,15.600000381469727,15.823332786560059,15.583333015441895,15.823332786560059,31269600
2006-01-03,10.29775333404541,15.40999984741211,15.553333282470703,15.1899995803833,15.453332901000977,70240500
2006-01-04,10.317800521850586,15.4399995803833,15.5,15.366666793823242,15.41333293914795,42261600
2006-01-05,10.177468299865723,15.229999542236328,15.466667175292969,15.096667289733887,15.333333015441895,62274600
2006-01-06,10.219789505004883,15.293333053588867,15.293333053588867,15.033332824707031,15.229999542236328,63389400
2006-01-09,10.181925773620605,15.236666679382324,15.383333206176758,15.186667442321777,15.296667098999023,44632200
2006-01-10,10.215337753295898,15.286666870117188,15.34333324432373,15.153332710266113,15.166666984558105,40266600
2006-01-11,10.373488426208496,15.523332595825195,15.533332824707031,15.25333309173584,15.353333473205566,42537900
2006-01-12,10.188603401184082,15.24666690826416,15.463333129882812,15.223333358764648,15.416666984558105,34275000
2006-01-13,10.112870216369629,15.133333206176758,15.296667098999023,15.103333473205566,15.226667404174805,30777900
2006-01-17,10.012633323669434,14.983332633972168,15.140000343322754,14.899999618530273,15.133333206176758,51353700
2006-01-18,10.063863754272461,15.0600004196167,15.130000114440918,14.869999885559082,14.883333206176758,39574800
2006-01-19,10.201972961425781,15.266667366027832,15.296667098999023,15.020000457763672,15.0600004196167,54424800
2006-01-20,10.02376937866211,15.0,15.233332633972168,14.936667442321777,15.213333129882812,58060800
2006-01-23,10.079459190368652,15.083333015441895,15.15666675567627,14.846667289733887,15.0,46833000
2006-01-24,10.184144020080566,15.239999771118164,15.303333282470703,15.166666984558105,15.183333396911621,54557400
2006-01-25,10.239838600158691,15.323332786560059,15.390000343322754,15.220000267028809,15.233332633972168,56959500
2006-01-26,10.317800521850586,15.4399995803833,15.50333309173584,15.276666641235352,15.403332710266113,50395500
2006-01-27,10.210881233215332,15.279999732971191,15.506667137145996,14.960000038146973,15.329999923706055,40157700
2006-01-30,10.337846755981445,15.470000267028809,15.649999618530273,15.403332710266113,15.466667175292969,45807000
2006-01-31,10.27102279663086,15.369999885559082,15.510000228881836,15.34333324432373,15.479999542236328,38776200
2006-02-01,10.27770709991455,15.380000114440918,15.460000038146973,15.1899995803833,15.350000381469727,45579000
2006-02-02,10.308894157409668,15.426667213439941,15.493332862854004,15.15666675567627,15.433333396911621,55539300
2006-02-03,10.132919311523438,15.16333293914795,15.403332710266113,15.146666526794434,15.329999923706055,33988500
2006-02-06,10.041590690612793,15.026666641235352,15.170000076293945,15.016667366027832,15.146666526794434,36554400
2006-02-07,9.96585464477539,14.91333293914795,15.15666675567627,14.893333435058594,15.0,48569400
2006-02-08,10.112870216369629,15.133333206176758,15.170000076293945,14.84000015258789,14.926667213439941,37033800
2006-02-09,10.179696083068848,15.233332633972168,15.323332786560059,15.109999656677246,15.15999984741211,39395400
2006-02-10,10.190834045410156,15.25,15.316666603088379,15.103333473205566,15.199999809265137,24113100
2006-02-13,10.137372970581055,15.170000076293945,15.273332595825195,15.15666675567627,15.15666675567627,21484200
2006-02-14,10.346756935119629,15.483332633972168,15.546667098999023,15.09333324432373,15.140000343322754,44617200
2006-02-15,10.444768905639648,15.630000114440918,15.643333435058594,15.296667098999023,15.430000305175781,35505900
2006-02-16,10.386853218078613,15.543333053588867,15.673333168029785,15.449999809265137,15.616666793823242,27223200
2006-02-17,10.268794059753418,15.366666793823242,15.543333053588867,15.266667366027832,15.543333053588867,46065600
2006-02-21,10.188603401184082,15.24666690826416,15.486666679382324,15.15666675567627,15.236666679382324,46122900
2006-02-22,10.13068675994873,15.15999984741211,15.329999923706055,15.146666526794434,15.3100004196167,29732100
2006-02-23,10.179696083068848,15.233332633972168,15.316666603088379,15.113332748413086,15.166666984558105,44479200
2006-02-24,10.124008178710938,15.149999618530273,15.25,15.08666706085205,15.233332633972168,28956600
2006-02-27,10.193058967590332,15.25333309173584,15.293333053588867,15.183333396911621,15.183333396911621,27155100
2006-02-28,10.103961944580078,15.119999885559082,15.270000457763672,15.073332786560059,15.1899995803833,36906900
2006-03-01,10.057184219360352,15.050000190734863,15.170000076293945,15.010000228881836,15.119999885559082,36126000
2006-03-02,10.037134170532227,15.020000457763672,15.15999984741211,14.976667404174805,15.00333309173584,37555800
2006-03-03,10.097275733947754,15.109999656677246,15.166666984558105,14.953332901000977,14.956666946411133,28525800
2006-03-06,10.05049991607666,15.039999961853027,15.180000305175781,14.989999771118164,15.16333293914795,29247900
2006-03-07,10.083911895751953,15.09000015258789,15.119999885559082,15.016667366027832,15.063332557678223,33739500
2006-03-08,10.083911895751953,15.09000015258789,15.210000038146973,15.053333282470703,15.066666603088379,43434300
2006-03-09,10.077234268188477,15.079999923706055,15.130000114440918,15.036666870117188,15.066666603088379,21701100
2006-03-10,10.097275733947754,15.109999656677246,15.15999984741211,15.069999694824219,15.146666526794434,27965700
2006-03-13,10.083911895751953,15.09000015258789,15.153332710266113,15.073332786560059,15.116666793823242,26513100
2006-03-14,10.144052505493164,15.180000305175781,15.19333267211914,15.053333282470703,15.063332557678223,41142900
2006-03-15,10.132430076599121,15.106666564941406,15.1899995803833,15.073332786560059,15.166666984558105,41972100
2006-03-16,10.364945411682129,15.453332901000977,15.479999542236328,15.140000343322754,15.186667442321777,55668300
2006-03-17,10.43872356414795,15.563332557678223,15.596667289733887,15.430000305175781,15.533332824707031,37314900
2006-03-20,10.67795467376709,15.920000076293945,16.023332595825195,15.66333293914795,15.676667213439941,59106000
2006-03-21,10.756209373474121,16.036666870117188,16.149999618530273,15.90666675567627,16.066667556762695,41670900
2006-03-22,10.753965377807617,16.03333282470703,16.073333740234375,15.91333293914795,15.970000267028809,27077400
2006-03-23,10.852339744567871,16.18000030517578,16.290000915527344,16.016666412353516,16.06333351135254,44199600
2006-03-24,10.774089813232422,16.06333351135254,16.239999771118164,16.00666618347168,16.233333587646484,29178900
2006-03-27,10.720431327819824,15.983332633972168,16.100000381469727,15.966667175292969,16.06333351135254,25991400
2006-03-28,10.675719261169434,15.916666984558105,16.106666564941406,15.886667251586914,15.983332633972168,30132900
2006-03-29,10.742791175842285,16.016666412353516,16.059999465942383,15.833333015441895,15.933333396911621,26045400
2006-03-30,10.655599594116211,15.886667251586914,16.059999465942383,15.770000457763672,16.016666412353516,29380800
2006-03-31,10.56169605255127,15.74666690826416,15.979999542236328,15.733332633972168,15.979999542236328,30273000
2006-04-03,10.456618309020996,15.59000015258789,15.770000457763672,15.510000228881836,15.756667137145996,42327000
2006-04-04,10.396251678466797,15.5,15.59000015258789,15.449999809265137,15.563332557678223,26145300
2006-04-05,10.478970527648926,15.623332977294922,15.65666675567627,15.5,15.526666641235352,23291100
2006-04-06,10.409664154052734,15.520000457763672,15.696666717529297,15.449999809265137,15.626667022705078,26291700
2006-04-07,10.288930892944336,15.34000015258789,15.59000015258789,15.270000457763672,15.5,37372500
2006-04-10,10.217386245727539,15.233332633972168,15.333333015441895,15.170000076293945,15.326666831970215,28747500
2006-04-11,10.172672271728516,15.166666984558105,15.25333309173584,15.09000015258789,15.199999809265137,28961100
2006-04-12,10.262102127075195,15.300000190734863,15.319999694824219,15.216667175292969,15.260000228881836,27855600
2006-04-13,10.233039855957031,15.256667137145996,15.33666706085205,15.206666946411133,15.319999694824219,21597000
2006-04-17,10.244216918945312,15.273332595825195,15.426667213439941,15.210000038146973,15.266667366027832,27675300
2006-04-18,10.373893737792969,15.466667175292969,15.506667137145996,15.356666564941406,15.380000114440918,31637700
2006-04-19,10.389542579650879,15.489999771118164,15.566666603088379,15.416666984558105,15.4399995803833,32229600
2006-04-20,10.373893737792969,15.466667175292969,15.569999694824219,15.420000076293945,15.456666946411133,26534700
2006-04-21,10.244216918945312,15.273332595825195,15.533332824707031,15.226667404174805,15.533332824707031,30354300
2006-04-24,10.18161678314209,15.180000305175781,15.24666690826416,15.133333206176758,15.206666946411133,36430800
2006-04-25,10.201737403869629,15.210000038146973,15.3100004196167,15.166666984558105,15.220000267028809,27617700
2006-04-26,10.279990196228027,15.326666831970215,15.34333324432373,15.223333358764648,15.25,31746900
2006-04-27,10.203975677490234,15.213333129882812,15.359999656677246,15.206666946411133,15.260000228881836,38375100
2006-04-28,10.067593574523926,15.010000228881836,15.223333358764648,14.99666690826416,15.19333267211914,46130400
2006-05-01,10.268811225891113,15.3100004196167,15.526666641235352,15.180000305175781,15.30666732788086,55640700
2006-05-02,10.320229530334473,15.386667251586914,15.420000076293945,15.300000190734863,15.373332977294922,28794900
2006-05-03,10.43872356414795,15.563332557678223,15.613332748413086,15.430000305175781,15.4399995803833,35379600
2006-05-04,10.373893737792969,15.466667175292969,15.65999984741211,15.373332977294922,15.640000343322754,31755900
2006-05-05,10.563934326171875,15.75,15.779999732971191,15.506667137145996,15.533332824707031,27241500
2006-05-08,10.635473251342773,15.856666564941406,15.966667175292969,15.699999809265137,15.75,29634900
2006-05-09,10.702544212341309,15.956666946411133,16.05666732788086,15.859999656677246,15.896666526794434,43520700
2006-05-10,10.682424545288086,15.926667213439941,16.030000686645508,15.859999656677246,15.903332710266113,28349400
2006-05-11,10.563934326171875,15.75,15.966667175292969,15.676667213439941,15.966667175292969,33613500
2006-05-12,10.405189514160156,15.513333320617676,15.816666603088379,15.510000228881836,15.75333309173584,34224300
2006-05-15,10.604174613952637,15.8100004196167,15.853333473205566,15.359999656677246,15.416666984558105,51152700
2006-05-16,10.747262954711914,16.023332595825195,16.10333251953125,15.896666526794434,15.956666946411133,53055000
2006-05-17,10.508994102478027,15.613332748413086,15.893333435058594,15.609999656677246,15.883333206176758,46541400
2006-05-18,10.594253540039062,15.739999771118164,15.796667098999023,15.550000190734863,15.673333168029785,32823600
2006-05-19,10.616683006286621,15.773332595825195,15.826666831970215,15.630000114440918,15.816666603088379,39083700
2006-05-22,10.6234130859375,15.783332824707031,15.923333168029785,15.699999809265137,15.763333320617676,29745900
2006-05-23,10.661558151245117,15.84000015258789,15.99666690826416,15.833333015441895,15.866666793823242,33067800
2006-05-24,10.775981903076172,16.010000228881836,16.046667098999023,15.789999961853027,15.84333324432373,48705000
2006-05-25,11.09456729888916,16.483333587646484,16.610000610351562,16.21666717529297,16.273332595825195,77421000
2006-05-26,11.139440536499023,16.549999237060547,16.666667938232422,16.483333587646484,16.53333282470703,52302900
2006-05-30,10.83655834197998,16.100000381469727,16.23666763305664,16.07666778564453,16.206666946411133,57822000
2006-05-31,10.870214462280273,16.149999618530273,16.239999771118164,16.03333282470703,16.15999984741211,36148800
2006-06-01,10.856745719909668,16.1299991607666,16.190000534057617,15.973333358764648,16.083332061767578,40404600
2006-06-02,10.731101036071777,15.94333267211914,16.116666793823242,15.773332595825195,16.05666732788086,41328000
2006-06-05,10.587518692016602,15.729999542236328,16.01333236694336,15.699999809265137,15.923333168029785,37337700
2006-06-06,10.55162239074707,15.676667213439941,15.829999923706055,15.516667366027832,15.779999732971191,49392900
2006-06-07,10.553864479064941,15.680000305175781,15.90999984741211,15.640000343322754,15.6899995803833,29064600
2006-06-08,10.612200736999512,15.766667366027832,15.846667289733887,15.613332748413086,15.696666717529297,48796200
2006-06-09,10.574057579040527,15.710000038146973,15.829999923706055,15.666666984558105,15.716667175292969,22483800
2006-06-12,10.542642593383789,15.66333293914795,15.80666732788086,15.640000343322754,15.699999809265137,22406700
2006-06-13,10.663803100585938,15.84333324432373,15.976667404174805,15.676667213439941,15.696666717529297,42543900
2006-06-14,10.704185485839844,15.903332710266113,15.966667175292969,15.789999961853027,15.853333473205566,31289400
2006-06-15,10.917325973510742,16.219999313354492,16.25,15.770000457763672,15.91333293914795,47199900
2006-06-16,10.838799476623535,16.10333251953125,16.386667251586914,16.066667556762695,16.18666648864746,50226900
2006-06-19,10.829827308654785,16.09000015258789,16.299999237060547,16.0,16.149999618530273,34856100
2006-06-20,10.865724563598633,16.143333435058594,16.196666717529297,16.06999969482422,16.083332061767578,26099100
2006-06-21,10.971170425415039,16.299999237060547,16.333332061767578,16.100000381469727,16.100000381469727,29909400
2006-06-22,10.87694263458252,16.15999984741211,16.39666748046875,16.09000015258789,16.23666763305664,25397700
2006-06-23,10.75578784942627,15.979999542236328,16.209999084472656,15.920000076293945,16.116666793823242,24741000
2006-06-26,10.784955024719238,16.023332595825195,16.066667556762695,15.933333396911621,16.030000686645508,20329200
2006-06-27,10.686238288879395,15.876667022705078,16.09000015258789,15.856666564941406,15.983332633972168,25269300
2006-06-28,10.751301765441895,15.973333358764648,15.976667404174805,15.786666870117188,15.883333206176758,21863100
2006-06-29,10.928545951843262,16.23666763305664,16.239999771118164,15.970000267028809,16.036666870117188,32900700
2006-06-30,10.80738639831543,16.05666732788086,16.28333282470703,16.053333282470703,16.233333587646484,33358800
2006-07-03,10.672775268554688,15.856666564941406,16.016666412353516,15.699999809265137,15.916666984558105,27291900
2006-07-05,10.549379348754883,15.673333168029785,15.779999732971191,15.58666706085205,15.736666679382324,34569000
2006-07-06,10.482068061828613,15.573332786560059,15.713333129882812,15.50333309173584,15.609999656677246,30522000
2006-07-07,10.320528984069824,15.333333015441895,15.543333053588867,15.293333053588867,15.493332862854004,31576200
2006-07-10,10.360915184020996,15.393333435058594,15.576666831970215,15.350000381469727,15.416666984558105,21926100
2006-07-11,10.34969711303711,15.376667022705078,15.403332710266113,15.136667251586914,15.333333015441895,39618300
2006-07-12,10.129825592041016,15.050000190734863,15.416666984558105,15.036666870117188,15.403332710266113,39775500
2006-07-13,9.907708168029785,14.720000267028809,14.873332977294922,14.569999694824219,14.850000381469727,78919500
2006-07-14,9.658670425415039,14.350000381469727,14.676667213439941,14.270000457763672,14.643333435058594,60216900
2006-07-17,9.651937484741211,14.34000015258789,14.643333435058594,14.239999771118164,14.40999984741211,53091900
2006-07-18,9.685592651367188,14.390000343322754,14.40999984741211,14.103333473205566,14.25333309173584,61125600
2006-07-19,9.916682243347168,14.733332633972168,14.776666641235352,14.40999984741211,14.426667213439941,52826100
2006-07-20,9.93687629699707,14.763333320617676,14.869999885559082,14.716667175292969,14.783332824707031,30757200
2006-07-21,9.808990478515625,14.573332786560059,14.83666706085205,14.520000457763672,14.83666706085205,38928900
2006-07-24,9.968284606933594,14.8100004196167,14.963333129882812,14.676667213439941,14.676667213439941,34950600
2006-07-25,10.022132873535156,14.890000343322754,14.933333396911621,14.646666526794434,14.736666679382324,32036700
2006-07-26,9.79777717590332,14.55666732788086,14.823332786560059,14.543333053588867,14.816666603088379,37042200
2006-07-27,9.766363143920898,14.510000228881836,14.666666984558105,14.489999771118164,14.65666675567627,26120400
2006-07-28,9.975018501281738,14.819999694824219,14.846667289733887,14.59000015258789,14.59000015258789,37083900
2006-07-31,9.983992576599121,14.833333015441895,15.039999961853027,14.776666641235352,15.006667137145996,40390200
2006-08-01,9.89200496673584,14.696666717529297,14.793333053588867,14.596667289733887,14.783332824707031,28932900
2006-08-02,9.954825401306152,14.789999961853027,14.8100004196167,14.666666984558105,14.766667366027832,23969100
2006-08-03,10.035594940185547,14.90999984741211,15.043333053588867,14.723333358764648,14.756667137145996,33106500
2006-08-04,10.067004203796387,14.956666946411133,15.149999618530273,14.883333206176758,15.050000190734863,29199000
2006-08-07,10.055788040161133,14.9399995803833,15.016667366027832,14.833333015441895,14.866666793823242,22005000
2006-08-08,9.975018501281738,14.819999694824219,14.99666690826416,14.789999961853027,14.9399995803833,23071500
2006-08-09,9.849376678466797,14.633333206176758,14.960000038146973,14.619999885559082,14.926667213439941,30838800
2006-08-10,10.071489334106445,14.963333129882812,14.979999542236328,14.583333015441895,14.633333206176758,36422400
2006-08-11,10.026618957519531,14.896666526794434,14.979999542236328,14.766667366027832,14.966667175292969,24733500
2006-08-14,10.118608474731445,15.033332824707031,15.143333435058594,14.90999984741211,14.946666717529297,32912700
2006-08-15,9.99521255493164,14.850000381469727,14.963333129882812,14.683333396911621,14.926667213439941,55768200
2006-08-16,10.006021499633789,14.8100004196167,14.893333435058594,14.683333396911621,14.850000381469727,49362300
2006-08-17,10.05106258392334,14.876667022705078,15.0,14.776666641235352,14.833333015441895,37104600
2006-08-18,10.019533157348633,14.829999923706055,14.91333293914795,14.766667366027832,14.90666675567627,27250800
2006-08-21,9.929449081420898,14.696666717529297,14.793333053588867,14.673333168029785,14.766667366027832,28446900
2006-08-22,9.924946784973145,14.6899995803833,14.789999961853027,14.65999984741211,14.733332633972168,24802200
2006-08-23,9.855130195617676,14.58666706085205,14.716667175292969,14.493332862854004,14.699999809265137,31738800
2006-08-24,9.841618537902832,14.566666603088379,14.653332710266113,14.553333282470703,14.646666526794434,22440300
2006-08-25,9.882155418395996,14.626667022705078,14.686667442321777,14.506667137145996,14.533332824707031,23162100
2006-08-28,10.006021499633789,14.8100004196167,14.883333206176758,14.720000267028809,14.733332633972168,33606600
2006-08-29,10.019533157348633,14.829999923706055,14.883333206176758,14.686667442321777,14.883333206176758,29574300
2006-08-30,10.048808097839355,14.873332977294922,14.979999542236328,14.733332633972168,14.876667022705078,36462900
2006-08-31,10.071330070495605,14.90666675567627,14.993332862854004,14.84000015258789,14.976667404174805,26354700
2006-09-01,10.235730171203613,15.149999618530273,15.266667366027832,14.673333168029785,15.0,34149600
2006-09-05,10.262757301330566,15.1899995803833,15.296667098999023,15.119999885559082,15.236666679382324,31680900
2006-09-06,10.224474906921387,15.133333206176758,15.216667175292969,15.050000190734863,15.146666526794434,30328800
2006-09-07,10.255997657775879,15.180000305175781,15.346667289733887,15.100000381469727,15.133333206176758,48023700
2006-09-08,10.521745681762695,15.573332786560059,15.603333473205566,15.183333396911621,15.229999542236328,42160500
2006-09-11,10.695159912109375,15.829999923706055,15.833333015441895,15.433333396911621,15.566666603088379,51446100
2006-09-12,10.825779914855957,16.023332595825195,16.213333129882812,15.823332786560059,15.883333206176758,55311300
2006-09-13,10.828033447265625,16.02666664123535,16.123332977294922,15.850000381469727,15.983332633972168,33506400
2006-09-14,10.893342018127441,16.123332977294922,16.136667251586914,15.859999656677246,15.946666717529297,30481500
2006-09-15,10.859561920166016,16.073333740234375,16.280000686645508,16.049999237060547,16.213333129882812,51441900
2006-09-18,10.832529067993164,16.03333282470703,16.176666259765625,15.886667251586914,16.00666618347168,32491500
2006-09-19,10.922621726989746,16.166667938232422,16.166667938232422,16.0,16.079999923706055,34267800
2006-09-20,11.005945205688477,16.290000915527344,16.34000015258789,16.139999389648438,16.25666618347168,41135700
2006-09-21,10.913610458374023,16.15333366394043,16.35333251953125,16.06999969482422,16.290000915527344,39155100
2006-09-22,10.875323295593262,16.09666633605957,16.206666946411133,15.866666793823242,15.94333267211914,35315400
2006-09-25,10.994684219360352,16.273332595825195,16.333332061767578,16.010000228881836,16.083332061767578,36589200
2006-09-26,11.091527938842773,16.416667938232422,16.616666793823242,16.266666412353516,16.309999465942383,44937000
2006-09-27,11.147829055786133,16.5,16.586666107177734,16.34666633605957,16.35333251953125,47144400
2006-09-28,11.217642784118652,16.60333251953125,16.613332748413086,16.343332290649414,16.5,38317500
2006-09-29,11.10728931427002,16.440000534057617,16.649999618530273,16.43666648864746,16.536666870117188,37746900
2006-10-02,10.90910530090332,16.14666748046875,16.286666870117188,16.010000228881836,16.206666946411133,54018000
2006-10-03,11.138821601867676,16.48666763305664,16.5,16.020000457763672,16.15333366394043,44959500
2006-10-04,11.159089088439941,16.516666412353516,16.536666870117188,16.043333053588867,16.10333251953125,74332800
2006-10-05,10.902353286743164,16.136667251586914,16.489999771118164,16.03333282470703,16.489999771118164,75213000
2006-10-06,10.882081031799316,16.106666564941406,16.32666778564453,16.079999923706055,16.139999389648438,46336800
2006-10-09,10.859561920166016,16.073333740234375,16.176666259765625,15.989999771118164,16.06333351135254,28935900
2006-10-10,10.837039947509766,16.040000915527344,16.163333892822266,15.960000038146973,16.163333892822266,28988700
2006-10-11,10.879830360412598,16.10333251953125,16.149999618530273,15.956666946411133,16.010000228881836,30018300
2006-10-12,10.882081031799316,16.106666564941406,16.22333335876465,16.02666664123535,16.163333892822266,37275000
2006-10-13,10.913610458374023,16.15333366394043,16.17333221435547,16.040000915527344,16.093332290649414,26406300
2006-10-16,10.882081031799316,16.106666564941406,16.15333366394043,16.036666870117188,16.10333251953125,19855800
2006-10-17,10.873071670532227,16.093332290649414,16.106666564941406,15.880000114440918,16.066667556762695,33348000
2006-10-18,10.888834953308105,16.116666793823242,16.190000534057617,16.053333282470703,16.143333435058594,30847800
2006-10-19,10.920368194580078,16.163333892822266,16.329999923706055,16.1299991607666,16.143333435058594,30279000
2006-10-20,11.118552207946777,16.456666946411133,16.57666778564453,16.21666717529297,16.24333381652832,56866800
2006-10-23,11.548697471618652,17.093332290649414,17.383333206176758,16.343332290649414,16.456666946411133,159304800
2006-10-24,11.553204536437988,17.100000381469727,17.299999237060547,17.016666412353516,17.100000381469727,56346900
2006-10-25,11.451857566833496,16.950000762939453,17.260000228881836,16.850000381469727,17.016666412353516,51850200
2006-10-26,11.654545783996582,17.25,17.25,16.883333206176758,16.92333221435547,42690000
2006-10-27,11.424835205078125,16.90999984741211,17.200000762939453,16.876667022705078,17.19333267211914,37599600
2006-10-30,11.154582023620605,16.510000228881836,16.573333740234375,16.366666793823242,16.406667709350586,78261900
2006-10-31,11.09827995300293,16.426666259765625,16.593332290649414,16.373332977294922,16.53333282470703,52747800
2006-11-01,11.001441955566406,16.28333282470703,16.566667556762695,16.21666717529297,16.459999084472656,50362500
2006-11-02,10.875323295593262,16.09666633605957,16.123332977294922,15.886667251586914,15.890000343322754,73147500
2006-11-03,10.704167366027832,15.84333324432373,16.156667709350586,15.733332633972168,16.100000381469727,54042300
2006-11-06,10.695159912109375,15.829999923706055,16.06999969482422,15.733332633972168,15.91333293914795,52292100
2006-11-07,10.731197357177734,15.883333206176758,15.99666690826416,15.803333282470703,15.896666526794434,53654100
2006-11-08,10.59156322479248,15.676667213439941,15.83666706085205,15.676667213439941,15.766667366027832,90334800
2006-11-09,10.447428703308105,15.463333129882812,15.736666679382324,15.436667442321777,15.703332901000977,81691800
2006-11-10,10.465445518493652,15.489999771118164,15.563332557678223,15.436667442321777,15.436667442321777,39597000
2006-11-13,10.431661605834961,15.4399995803833,15.613332748413086,15.323332786560059,15.489999771118164,72541800
2006-11-14,10.733444213867188,15.886667251586914,16.066667556762695,15.729999542236328,15.94333267211914,85865400
2006-11-15,10.737947463989258,15.893333435058594,16.02666664123535,15.859999656677246,15.923333168029785,49422900
2006-11-16,10.78974723815918,15.970000267028809,15.99666690826416,15.833333015441895,15.986666679382324,33229200
2006-11-17,10.697407722473145,15.833333015441895,15.9399995803833,15.803333282470703,15.916666984558105,47462700
2006-11-20,10.746957778930664,15.90666675567627,16.079999923706055,15.80666732788086,15.833333015441895,37007400
2006-11-21,10.767224311828613,15.936667442321777,15.993332862854004,15.866666793823242,15.920000076293945,26232600
2006-11-22,10.816766738891602,16.010000228881836,16.06999969482422,15.920000076293945,15.960000038146973,32466300
2006-11-24,10.787493705749512,15.966667175292969,16.016666412353516,15.850000381469727,15.920000076293945,15244200
2006-11-27,10.496973991394043,15.536666870117188,15.896666526794434,15.516667366027832,15.813332557678223,70507500
2006-11-28,10.519495964050293,15.569999694824219,15.630000114440918,15.493332862854004,15.510000228881836,40095600
2006-11-29,10.560032844543457,15.630000114440918,15.776666641235352,15.543333053588867,15.630000114440918,38019900
2006-11-30,10.382118225097656,15.366666793823242,15.576666831970215,15.34000015258789,15.5,72662100
2006-12-01,10.33031940460205,15.289999961853027,15.366666793823242,15.140000343322754,15.333333015441895,75074100
2006-12-04,10.424908638000488,15.430000305175781,15.50333309173584,15.289999961853027,15.416666984558105,43487700
2006-12-05,10.467696189880371,15.493332862854004,15.516667366027832,15.356666564941406,15.416666984558105,31411200
2006-12-06,10.481206893920898,15.513333320617676,15.583333015441895,15.453332901000977,15.49666690826416,29517300
2006-12-07,10.442927360534668,15.456666946411133,15.600000381469727,15.453332901000977,15.566666603088379,42616200
2006-12-08,10.438420295715332,15.449999809265137,15.539999961853027,15.416666984558105,15.433333396911621,31621800
2006-12-11,10.359598159790039,15.333333015441895,15.483332633972168,15.30666732788086,15.483332633972168,49509600
2006-12-12,10.280776023864746,15.216667175292969,15.390000343322754,15.19333267211914,15.30666732788086,54008700
2006-12-13,10.375258445739746,15.300000190734863,15.34333324432373,15.266667366027832,15.300000190734863,52116900
2006-12-14,10.51540470123291,15.506667137145996,15.536666870117188,15.303333282470703,15.373332977294922,55315200
2006-12-15,10.499579429626465,15.483332633972168,15.630000114440918,15.463333129882812,15.543333053588867,48263400
2006-12-18,10.481501579284668,15.456666946411133,15.600000381469727,15.426667213439941,15.5,38610600
2006-12-19,10.418204307556152,15.363332748413086,15.41333293914795,15.166666984558105,15.376667022705078,52049700
2006-12-20,10.368474960327148,15.289999961853027,15.376667022705078,15.289999961853027,15.333333015441895,41810400
2006-12-21,10.33231258392334,15.236666679382324,15.353333473205566,15.203332901000977,15.316666603088379,33844800
2006-12-22,10.293886184692383,15.180000305175781,15.266667366027832,15.0,15.166666984558105,33296100
2006-12-26,10.422725677490234,15.369999885559082,15.430000305175781,14.933333396911621,14.933333396911621,31479900
2006-12-27,10.434030532836914,15.386667251586914,15.416666984558105,15.25,15.25,36372300
2006-12-28,10.400124549865723,15.33666706085205,15.399999618530273,15.270000457763672,15.270000457763672,21301500
2006-12-29,10.438549995422363,15.393333435058594,15.536666870117188,15.34333324432373,15.399999618530273,32431500
2007-01-03,10.748226165771484,15.850000381469727,16.100000381469727,15.686667442321777,15.696666717529297,107061900
2007-01-04,10.800211906433105,15.926667213439941,15.99666690826416,15.773332595825195,15.933333396911621,51219000
2007-01-05,10.71205997467041,15.796667098999023,15.933333396911621,15.716667175292969,15.833333015441895,40670700
2007-01-08,10.6239013671875,15.666666984558105,15.770000457763672,15.633333206176758,15.636667251586914,49189200
2007-01-09,10.71205997467041,15.796667098999023,15.890000343322754,15.666666984558105,15.666666984558105,43929600
2007-01-10,10.687195777893066,15.760000228881836,15.873332977294922,15.50333309173584,15.683333396911621,40044300
2007-01-11,10.759531021118164,15.866666793823242,15.90999984741211,15.736666679382324,15.756667137145996,44469600
2007-01-12,10.84542179107666,15.993332862854004,16.036666870117188,15.736666679382324,15.873332977294922,41732400
2007-01-16,10.920019149780273,16.10333251953125,16.15999984741211,15.930000305175781,15.976667404174805,43447200
2007-01-17,10.89515209197998,16.066667556762695,16.136667251586914,16.030000686645508,16.106666564941406,33916200
2007-01-18,10.938097953796387,16.1299991607666,16.260000228881836,16.02666664123535,16.066667556762695,40968600
2007-01-19,10.920019149780273,16.10333251953125,16.246667861938477,16.06333351135254,16.163333892822266,35880900
2007-01-22,10.840902328491211,15.986666679382324,16.09000015258789,15.866666793823242,16.053333282470703,38159700
2007-01-23,10.806995391845703,15.936667442321777,16.049999237060547,15.819999694824219,15.926667213439941,33822900
2007-01-24,10.98782730102539,16.203332901000977,16.233333587646484,15.99666690826416,16.023332595825195,40474800
2007-01-25,10.88385009765625,16.049999237060547,16.213333129882812,16.030000686645508,16.203332901000977,29280300
2007-01-26,10.77535343170166,15.890000343322754,16.1200008392334,15.823332786560059,16.016666412353516,33175200
2007-01-29,10.766307830810547,15.876667022705078,16.049999237060547,15.833333015441895,16.049999237060547,28611000
2007-01-30,10.687195777893066,15.760000228881836,15.946666717529297,15.636667251586914,15.916666984558105,49027200
2007-01-31,10.77987289428711,15.896666526794434,15.986666679382324,15.680000305175781,15.733332633972168,44682900
2007-02-01,10.800211906433105,15.926667213439941,16.02666664123535,15.813332557678223,15.83666706085205,39706200
2007-02-02,10.868027687072754,16.02666664123535,16.139999389648438,15.880000114440918,15.916666984558105,37835100
2007-02-05,10.967486381530762,16.17333221435547,16.299999237060547,16.139999389648438,16.14666748046875,42644700
2007-02-06,10.981049537658691,16.19333267211914,16.25666618347168,16.106666564941406,16.203332901000977,26885700
2007-02-07,10.981049537658691,16.19333267211914,16.25,16.093332290649414,16.1299991607666,30252900
2007-02-08,10.920019149780273,16.10333251953125,16.200000762939453,16.043333053588867,16.1200008392334,32374800
2007-02-09,10.843160629272461,15.989999771118164,16.18000030517578,15.890000343322754,16.123332977294922,37218000
2007-02-12,10.791172981262207,15.91333293914795,16.079999923706055,15.893333435058594,16.049999237060547,30991200
2007-02-13,10.84542179107666,15.993332862854004,16.05666732788086,15.91333293914795,15.933333396911621,30205200
2007-02-14,10.820558547973633,15.956666946411133,16.043333053588867,15.916666984558105,16.02666664123535,36827100
2007-02-15,10.931320190429688,16.1200008392334,16.18000030517578,15.9399995803833,15.966667175292969,33889500
2007-02-16,10.958443641662598,16.15999984741211,16.28333282470703,16.083332061767578,16.116666793823242,51311100
2007-02-20,11.360794067382812,16.753332138061523,16.76333236694336,16.469999313354492,16.60333251953125,109508700
2007-02-21,11.295244216918945,16.656667709350586,16.80666732788086,16.623332977294922,16.636667251586914,71367300
2007-02-22,11.23194694519043,16.56333351135254,16.726667404174805,16.516666412353516,16.696666717529297,31898700
2007-02-23,11.20483112335205,16.523332595825195,16.6299991607666,16.43000030517578,16.553333282470703,33151800
2007-02-26,11.297507286071777,16.65999984741211,16.683332443237305,16.483333587646484,16.56999969482422,31988400
2007-02-27,10.89515209197998,16.066667556762695,16.593332290649414,16.066667556762695,16.53333282470703,61958100
2007-02-28,10.920019149780273,16.10333251953125,16.219999313354492,16.003332138061523,16.166667938232422,63995400
2007-03-01,10.825080871582031,15.963333129882812,16.066667556762695,15.729999542236328,15.926667213439941,61369800
2007-03-02,10.806995391845703,15.936667442321777,16.106666564941406,15.903332710266113,15.949999809265137,55079100
2007-03-05,10.730138778686523,15.823332786560059,16.09000015258789,15.813332557678223,15.883333206176758,42993900
2007-03-06,10.858985900878906,16.01333236694336,16.09666633605957,15.916666984558105,15.946666717529297,44755800
2007-03-07,10.834121704101562,15.976667404174805,16.083332061767578,15.869999885559082,16.016666412353516,39981000
2007-03-08,10.822819709777832,15.960000038146973,16.049999237060547,15.793333053588867,16.016666412353516,61187100
2007-03-09,10.71883773803711,15.80666732788086,16.043333053588867,15.716667175292969,15.926667213439941,41851500
2007-03-12,10.682673454284668,15.75333309173584,15.876667022705078,15.699999809265137,15.84333324432373,36591600
2007-03-13,10.438549995422363,15.393333435058594,15.710000038146973,15.34333324432373,15.65999984741211,71961000
2007-03-14,10.386313438415527,15.243332862854004,15.40666675567627,15.020000457763672,15.393333435058594,82756500
2007-03-15,10.447635650634766,15.333333015441895,15.386667251586914,15.16333293914795,15.25,39872400
2007-03-16,10.495329856872559,15.403332710266113,15.600000381469727,15.25,15.40666675567627,56977200
2007-03-19,10.581636428833008,15.529999732971191,15.606666564941406,15.460000038146973,15.5,36238500
2007-03-20,10.742897033691406,15.766667366027832,15.800000190734863,15.479999542236328,15.493332862854004,45801000
2007-03-21,10.849641799926758,15.923333168029785,15.949999809265137,15.649999618530273,15.739999771118164,40896000
2007-03-22,10.904150009155273,16.003332138061523,16.066667556762695,15.853333473205566,15.873332977294922,45351900
2007-03-23,10.881438255310059,15.970000267028809,16.049999237060547,15.916666984558105,16.003332138061523,23981700
2007-03-26,10.865540504455566,15.946666717529297,15.973333358764648,15.716667175292969,15.946666717529297,38118300
2007-03-27,10.786049842834473,15.829999923706055,15.933333396911621,15.676667213439941,15.856666564941406,38851500
2007-03-28,10.59299087524414,15.546667098999023,15.729999542236328,15.486666679382324,15.723333358764648,54241500
2007-03-29,10.611163139343262,15.573332786560059,15.680000305175781,15.453332901000977,15.643333435058594,37689300
2007-03-30,10.663406372070312,15.649999618530273,15.696666717529297,15.546667098999023,15.619999885559082,45561900
2007-04-02,10.765607833862305,15.800000190734863,15.84000015258789,15.616666793823242,15.686667442321777,41238900
2007-04-03,10.924592018127441,16.03333282470703,16.09666633605957,15.823332786560059,15.83666706085205,51485700
2007-04-04,10.913233757019043,16.016666412353516,16.106666564941406,15.966667175292969,16.0,32921700
2007-04-05,10.963201522827148,16.09000015258789,16.149999618530273,15.953332901000977,15.963333129882812,28546200
2007-04-09,11.008631706237793,16.156667709350586,16.183332443237305,15.963333129882812,16.09000015258789,25613400
2007-04-10,10.888251304626465,15.979999542236328,16.149999618530273,15.979999542236328,16.149999618530273,29252100
2007-04-11,10.736082077026367,15.756667137145996,16.036666870117188,15.686667442321777,15.983332633972168,53176200
2007-04-12,10.733807563781738,15.75333309173584,15.833333015441895,15.633333206176758,15.793333053588867,34715700
2007-04-13,10.767877578735352,15.803333282470703,15.80666732788086,15.609999656677246,15.800000190734863,37264200
2007-04-16,10.917778968811035,16.023332595825195,16.040000915527344,15.83666706085205,15.876667022705078,42750000
2007-04-17,10.940492630004883,16.05666732788086,16.143333435058594,15.963333129882812,16.06333351135254,37173900
2007-04-18,10.895066261291504,15.989999771118164,16.059999465942383,15.94333267211914,16.0,23980500
2007-04-19,10.97910213470459,16.113332748413086,16.126667022705078,15.883333206176758,15.916666984558105,24150900
2007-04-20,11.301613807678223,16.586666107177734,16.613332748413086,16.170000076293945,16.196666717529297,70264200
2007-04-23,11.113106727600098,16.309999465942383,16.649999618530273,16.280000686645508,16.57666778564453,42166500
2007-04-24,11.058592796325684,16.229999542236328,16.32666778564453,16.043333053588867,16.18666648864746,55658700
2007-04-25,11.085845947265625,16.270000457763672,16.366666793823242,16.209999084472656,16.25666618347168,43509000
2007-04-26,11.060866355895996,16.233333587646484,16.35333251953125,16.190000534057617,16.260000228881836,27693300
2007-04-27,10.97910213470459,16.113332748413086,16.229999542236328,16.106666564941406,16.17333221435547,27906300
2007-04-30,10.883708953857422,15.973333358764648,16.219999313354492,15.956666946411133,16.083332061767578,41966100
2007-05-01,10.976831436157227,16.110000610351562,16.18666648864746,15.83666706085205,15.973333358764648,44356800
2007-05-02,10.965474128723145,16.093332290649414,16.246667861938477,16.05666732788086,16.100000381469727,36355200
2007-05-03,10.98364543914795,16.1200008392334,16.25,16.066667556762695,16.17333221435547,32854800
2007-05-04,10.963201522827148,16.09000015258789,16.166667938232422,16.016666412353516,16.133333206176758,28817400
2007-05-07,11.040422439575195,16.203332901000977,16.293333053588867,16.093332290649414,16.143333435058594,26679900
2007-05-08,10.924592018127441,16.03333282470703,16.213333129882812,16.02666664123535,16.123332977294922,30517500
2007-05-09,10.885982513427734,15.976667404174805,16.093332290649414,15.946666717529297,16.023332595825195,45677400
2007-05-10,10.845102310180664,15.916666984558105,16.110000610351562,15.816666603088379,15.833333015441895,53550600
2007-05-11,10.851909637451172,15.926667213439941,15.970000267028809,15.803333282470703,15.946666717529297,47667900
2007-05-14,10.865540504455566,15.946666717529297,16.0,15.829999923706055,15.880000114440918,38914200
2007-05-15,10.815574645996094,15.873332977294922,16.03333282470703,15.803333282470703,15.986666679382324,58139400
2007-05-16,10.765372276306152,15.726667404174805,15.91333293914795,15.65999984741211,15.829999923706055,49549500
2007-05-17,10.74940299987793,15.703332901000977,15.823332786560059,15.673333168029785,15.823332786560059,37878000
2007-05-18,10.78591251373291,15.756667137145996,15.789999961853027,15.726667404174805,15.773332595825195,41229300
2007-05-21,10.637593269348145,15.539999961853027,15.800000190734863,15.539999961853027,15.710000038146973,63066900
2007-05-22,10.619343757629395,15.513333320617676,15.600000381469727,15.489999771118164,15.523332595825195,33590700
2007-05-23,10.571420669555664,15.44333267211914,15.713333129882812,15.4399995803833,15.626667022705078,42760800
2007-05-24,10.644441604614258,15.550000190734863,15.649999618530273,15.449999809265137,15.470000267028809,44194200
2007-05-25,10.703763008117676,15.636667251586914,15.666666984558105,15.546667098999023,15.600000381469727,26388000
2007-05-29,10.710611343383789,15.646666526794434,15.846667289733887,15.58666706085205,15.723333358764648,44844600
2007-05-30,10.751684188842773,15.706666946411133,15.716667175292969,15.489999771118164,15.550000190734863,48114900
2007-05-31,10.861207962036133,15.866666793823242,15.933333396911621,15.699999809265137,15.699999809265137,52451700
2007-06-01,11.287899017333984,16.489999771118164,16.64666748046875,15.90999984741211,15.966667175292969,147313200
2007-06-04,11.684927940368652,17.06999969482422,17.14666748046875,16.71666717529297,16.71666717529297,164037900
2007-06-05,11.527485847473145,16.84000015258789,17.066667556762695,16.786666870117188,16.969999313354492,98185500
2007-06-06,11.579964637756348,16.916667938232422,17.01333236694336,16.71666717529297,16.719999313354492,75783300
2007-06-07,11.3540678024292,16.586666107177734,16.916667938232422,16.536666870117188,16.796667098999023,74399400
2007-06-08,11.427090644836426,16.69333267211914,16.71666717529297,16.53333282470703,16.6299991607666,44208300
2007-06-11,11.365480422973633,16.60333251953125,16.706666946411133,16.516666412353516,16.633333206176758,37919100
2007-06-12,11.160118103027344,16.303333282470703,16.60333251953125,16.299999237060547,16.536666870117188,57197400
2007-06-13,11.294748306274414,16.5,16.51333236694336,16.323333740234375,16.393333435058594,42428400
2007-06-14,11.244546890258789,16.426666259765625,16.549999237060547,16.32666778564453,16.433332443237305,40100400
2007-06-15,11.258233070373535,16.446666717529297,16.559999465942383,16.40333366394043,16.446666717529297,68178900
2007-06-18,11.205755233764648,16.3700008392334,16.483333587646484,16.356666564941406,16.440000534057617,33091800
2007-06-19,11.137299537658691,16.270000457763672,16.323333740234375,15.923333168029785,16.309999465942383,44540700
2007-06-20,11.087102890014648,16.196666717529297,16.416667938232422,16.18666648864746,16.28333282470703,53974200
2007-06-21,11.041467666625977,16.1299991607666,16.26333236694336,16.02666664123535,16.23666763305664,49538100
2007-06-22,10.913686752319336,15.94333267211914,16.143333435058594,15.94333267211914,16.083332061767578,61351800
2007-06-25,10.911407470703125,15.9399995803833,16.040000915527344,15.896666526794434,16.0,53461800
2007-06-26,10.945632934570312,15.989999771118164,16.163333892822266,15.916666984558105,15.970000267028809,48224700
2007-06-27,11.057439804077148,16.15333366394043,16.163333892822266,15.920000076293945,15.94333267211914,53705400
2007-06-28,11.000396728515625,16.06999969482422,16.166667938232422,16.05666732788086,16.110000610351562,40659600
2007-06-29,10.977577209472656,16.036666870117188,16.21666717529297,15.956666946411133,16.166667938232422,42394500
2007-07-02,11.027779579162598,16.110000610351562,16.163333892822266,16.046667098999023,16.066667556762695,31632600
2007-07-03,11.05972671508789,16.156667709350586,16.156667709350586,16.043333053588867,16.113332748413086,18636300
2007-07-05,10.973015785217285,16.030000686645508,16.15333366394043,16.02666664123535,16.1200008392334,33595800
2007-07-06,11.041467666625977,16.1299991607666,16.163333892822266,15.99666690826416,16.030000686645508,39320100
2007-07-09,11.06656551361084,16.166667938232422,16.27666664123535,16.086666107177734,16.136667251586914,32103900
2007-07-10,10.856647491455078,15.859999656677246,16.1299991607666,15.829999923706055,16.1299991607666,50195100
2007-07-11,10.879464149475098,15.893333435058594,15.963333129882812,15.743332862854004,15.899999618530273,41057700
2007-07-12,11.141868591308594,16.27666664123535,16.413333892822266,15.893333435058594,16.299999237060547,74922300
2007-07-13,11.214883804321289,16.383333206176758,16.420000076293945,16.22333335876465,16.253332138061523,39303000
2007-07-16,11.166963577270508,16.31333351135254,16.3799991607666,16.233333587646484,16.3799991607666,35248500
2007-07-17,11.032341957092285,16.116666793823242,16.293333053588867,16.100000381469727,16.253332138061523,42296700
2007-07-18,10.961605072021484,16.01333236694336,16.246667861938477,15.986666679382324,16.143333435058594,58868400
2007-07-19,11.13273811340332,16.26333236694336,16.32666778564453,16.03333282470703,16.1200008392334,46246800
2007-07-20,10.966169357299805,16.020000457763672,16.290000915527344,15.973333358764648,16.166667938232422,56925600
2007-07-23,10.977577209472656,16.036666870117188,16.133333206176758,15.983332633972168,16.100000381469727,38086200
2007-07-24,10.957040786743164,16.00666618347168,16.219999313354492,15.90666675567627,15.90666675567627,65639700
2007-07-25,10.92281723022461,15.956666946411133,16.149999618530273,15.850000381469727,16.133333206176758,46463700
2007-07-26,10.683232307434082,15.606666564941406,15.923333168029785,15.510000228881836,15.83666706085205,79928400
2007-07-27,10.482434272766113,15.313332557678223,15.626667022705078,15.243332862854004,15.573332786560059,70263900
2007-07-30,10.544041633605957,15.403332710266113,15.486666679382324,15.266667366027832,15.399999618530273,53850000
2007-07-31,10.484715461730957,15.316666603088379,15.603333473205566,15.300000190734863,15.446666717529297,81560100
2007-08-01,10.546327590942383,15.40666675567627,15.416666984558105,15.15999984741211,15.350000381469727,66111000
2007-08-02,10.662697792053223,15.576666831970215,15.703332901000977,15.359999656677246,15.399999618530273,50003400
2007-08-03,10.3865966796875,15.173333168029785,15.666666984558105,15.166666984558105,15.566666603088379,61352400
2007-08-06,10.728866577148438,15.673333168029785,15.683333396911621,15.233332633972168,15.233332633972168,61953600
2007-08-07,10.737992286682129,15.686667442321777,15.826666831970215,15.516667366027832,15.600000381469727,57748800
2007-08-08,11.048315048217773,16.139999389648438,16.139999389648438,15.566666603088379,15.6899995803833,73293000
2007-08-09,10.598808288574219,15.483332633972168,16.0,15.463333129882812,15.833333015441895,70726800
2007-08-10,10.512099266052246,15.356666564941406,15.756667137145996,15.233332633972168,15.403332710266113,65011500
2007-08-13,10.534917831420898,15.390000343322754,15.576666831970215,15.359999656677246,15.563332557678223,46698600
2007-08-14,9.998701095581055,14.606666564941406,14.729999542236328,14.506667137145996,14.686667442321777,189981000
2007-08-15,9.925314903259277,14.426667213439941,14.65999984741211,14.363332748413086,14.65999984741211,86341500
2007-08-16,9.97576904296875,14.5,14.649999618530273,14.30666732788086,14.350000381469727,108804600
2007-08-17,9.973475456237793,14.49666690826416,14.899999618530273,14.396666526794434,14.896666526794434,91322400
2007-08-20,9.996404647827148,14.529999732971191,14.606666564941406,14.319999694824219,14.566666603088379,68875800
2007-08-21,10.021636962890625,14.566666603088379,14.583333015441895,14.396666526794434,14.526666641235352,58793100
2007-08-22,10.033102989196777,14.583333015441895,14.630000114440918,14.476667404174805,14.596667289733887,56742900
2007-08-23,9.9000883102417,14.390000343322754,14.609999656677246,14.34333324432373,14.583333015441895,71297100
2007-08-24,10.030805587768555,14.579999923706055,14.640000343322754,14.376667022705078,14.386667251586914,53884800
2007-08-27,10.049153327941895,14.606666564941406,14.676667213439941,14.520000457763672,14.59000015258789,59365200
2007-08-28,9.952834129333496,14.466667175292969,14.733332633972168,14.466667175292969,14.550000190734863,83790000
2007-08-29,10.134005546569824,14.729999542236328,14.773332595825195,14.483332633972168,14.523332595825195,67777500
2007-08-30,9.934483528137207,14.4399995803833,14.550000190734863,14.386667251586914,14.403332710266113,71853900
2007-08-31,10.005578994750977,14.543333053588867,14.646666526794434,14.449999809265137,14.516667366027832,62468700
2007-09-04,9.929905891418457,14.433333396911621,14.546667098999023,14.423333168029785,14.50333309173584,58165800
2007-09-05,9.734972953796387,14.149999618530273,14.40666675567627,14.116666793823242,14.40666675567627,92355300
2007-09-06,9.806062698364258,14.25333309173584,14.533332824707031,14.216667175292969,14.5,88295700
2007-09-07,9.721213340759277,14.130000114440918,14.293333053588867,14.103333473205566,14.146666526794434,76145400
2007-09-10,9.693696975708008,14.09000015258789,14.226667404174805,14.029999732971191,14.196666717529297,54646800
2007-09-11,9.847342491149902,14.313332557678223,14.34000015258789,14.103333473205566,14.130000114440918,56692200
2007-09-12,9.794599533081055,14.236666679382324,14.399999618530273,14.19333267211914,14.266667366027832,46953300
2007-09-13,9.874865531921387,14.353333473205566,14.489999771118164,14.256667137145996,14.286666870117188,51424500
2007-09-14,9.934483528137207,14.4399995803833,14.513333320617676,14.216667175292969,14.270000457763672,44528100
2007-09-17,9.934483528137207,14.4399995803833,14.513333320617676,14.329999923706055,14.40999984741211,42075600
2007-09-18,10.191336631774902,14.813332557678223,14.883333206176758,14.449999809265137,14.49666690826416,83757900
2007-09-19,10.262429237365723,14.916666984558105,15.016667366027832,14.803333282470703,14.856666564941406,66558600
2007-09-20,10.163814544677734,14.773332595825195,14.94333267211914,14.653332710266113,14.893333435058594,50306100
2007-09-21,10.143177032470703,14.743332862854004,14.930000305175781,14.716667175292969,14.856666564941406,63128700
2007-09-24,10.083549499511719,14.65666675567627,14.823332786560059,14.619999885559082,14.773332595825195,50254800
2007-09-25,9.897797584533691,14.386667251586914,14.433333396911621,14.226667404174805,14.430000305175781,63953400
2007-09-26,9.929905891418457,14.433333396911621,14.533332824707031,14.316666603088379,14.433333396911621,57439800
2007-09-27,10.000993728637695,14.536666870117188,14.673333168029785,14.493332862854004,14.520000457763672,42612900
2007-09-28,10.01016616821289,14.550000190734863,14.666666984558105,14.50333309173584,14.536666870117188,39167100
2007-10-01,10.19821548461914,14.823332786560059,14.890000343322754,14.553333282470703,14.609999656677246,45557700
2007-10-02,10.289945602416992,14.956666946411133,15.036666870117188,14.786666870117188,14.816666603088379,55058700
2007-10-03,10.34957504272461,15.043333053588867,15.199999809265137,14.829999923706055,14.896666526794434,51161100
2007-10-04,10.319758415222168,15.0,15.113332748413086,14.923333168029785,15.020000457763672,28660800
2007-10-05,10.404611587524414,15.123332977294922,15.293333053588867,14.989999771118164,15.149999618530273,39368100
2007-10-08,10.381675720214844,15.09000015258789,15.133333206176758,15.026666641235352,15.066666603088379,24210600
2007-10-09,10.36791706085205,15.069999694824219,15.16333293914795,14.876667022705078,15.010000228881836,36743400
2007-10-10,10.455062866210938,15.196666717529297,15.24666690826416,15.033332824707031,15.033332824707031,47490000
2007-10-11,10.75548267364502,15.633333206176758,15.899999618530273,15.573332786560059,15.783332824707031,123289800
2007-10-12,10.792174339294434,15.686667442321777,15.760000228881836,15.600000381469727,15.65999984741211,41990100
2007-10-15,10.652288436889648,15.483332633972168,15.6899995803833,15.420000076293945,15.670000076293945,49338000
2007-10-16,10.516983032226562,15.286666870117188,15.433333396911621,15.19333267211914,15.426667213439941,54055500
2007-10-17,10.546794891357422,15.329999923706055,15.453332901000977,15.09333324432373,15.380000114440918,71746800
2007-10-18,10.523862838745117,15.296667098999023,15.346667289733887,15.113332748413086,15.260000228881836,57064800
2007-10-19,10.31517219543457,14.993332862854004,15.34000015258789,14.986666679382324,15.279999732971191,68912400
2007-10-22,10.377091407775879,15.083333015441895,15.153332710266113,14.880000114440918,14.933333396911621,63655500
2007-10-23,10.074379920959473,14.643333435058594,15.19333267211914,14.5,15.170000076293945,114216000
2007-10-24,10.060620307922363,14.623332977294922,14.726667404174805,14.423333168029785,14.699999809265137,66849900
2007-10-25,10.062911033630371,14.626667022705078,14.75,14.426667213439941,14.653332710266113,63851400
2007-10-26,10.237203598022461,14.880000114440918,14.936667442321777,14.703332901000977,14.850000381469727,51100500
2007-10-29,10.322053909301758,15.00333309173584,15.046667098999023,14.873332977294922,14.90666675567627,41109000
2007-10-30,10.404611587524414,15.123332977294922,15.283332824707031,14.896666526794434,14.91333293914795,49287000
2007-10-31,10.36791706085205,15.069999694824219,15.270000457763672,14.84333324432373,15.236666679382324,66366900
2007-11-01,10.097311973571777,14.676667213439941,14.979999542236328,14.646666526794434,14.899999618530273,59600400
2007-11-02,10.134005546569824,14.729999542236328,14.793333053588867,14.553333282470703,14.720000267028809,54106200
2007-11-05,10.097311973571777,14.676667213439941,14.793333053588867,14.59333324432373,14.75,37737600
2007-11-06,10.156936645507812,14.763333320617676,14.800000190734863,14.603333473205566,14.670000076293945,37687200
2007-11-07,10.074379920959473,14.643333435058594,14.863332748413086,14.606666564941406,14.666666984558105,52828800
2007-11-08,10.003287315368652,14.539999961853027,14.793333053588867,14.273332595825195,14.729999542236328,62400600
2007-11-09,9.83816909790039,14.300000190734863,14.470000267028809,14.166666984558105,14.383333206176758,61294200
2007-11-12,9.934483528137207,14.4399995803833,14.856666564941406,14.220000267028809,14.326666831970215,76438500
2007-11-13,10.542204856872559,15.323332786560059,15.449999809265137,15.0,15.0,122207700
2007-11-14,10.666046142578125,15.50333309173584,15.69333267211914,15.373332977294922,15.41333293914795,87331200
2007-11-15,10.594954490661621,15.399999618530273,15.686667442321777,15.289999961853027,15.430000305175781,65489700
2007-11-16,10.627060890197754,15.446666717529297,15.533332824707031,15.206666946411133,15.473333358764648,56775600
2007-11-19,10.427545547485352,15.15666675567627,15.449999809265137,15.083333015441895,15.333333015441895,44969400
2007-11-20,10.434422492980957,15.166666984558105,15.403332710266113,14.899999618530273,15.149999618530273,76708500
2007-11-21,10.287653923034668,14.953332901000977,15.136667251586914,14.893333435058594,15.010000228881836,52436700
2007-11-23,10.487171173095703,15.243332862854004,15.416666984558105,14.956666946411133,15.076666831970215,40749300
2007-11-26,10.326640129089355,15.010000228881836,15.460000038146973,15.0,15.333333015441895,65968800
2007-11-27,10.510103225708008,15.276666641235352,15.393333435058594,15.050000190734863,15.09000015258789,63041400
2007-11-28,10.831158638000488,15.743332862854004,15.84000015258789,15.333333015441895,15.359999656677246,85763400
2007-11-29,10.90225887298584,15.846667289733887,15.949999809265137,15.58666706085205,15.600000381469727,44294400
2007-11-30,10.984809875488281,15.966667175292969,16.07666778564453,15.866666793823242,15.899999618530273,49191900
2007-12-03,10.97793197631836,15.956666946411133,16.10333251953125,15.856666564941406,15.903332710266113,36828300
2007-12-04,11.051315307617188,16.06333351135254,16.18666648864746,15.829999923706055,15.829999923706055,49381500
2007-12-05,11.214141845703125,16.299999237060547,16.373332977294922,16.170000076293945,16.18000030517578,52347600
2007-12-06,11.298992156982422,16.42333221435547,16.469999313354492,16.0,16.163333892822266,60868200
2007-12-07,11.241658210754395,16.34000015258789,16.463333129882812,16.266666412353516,16.420000076293945,43161000
2007-12-10,11.335688591003418,16.476667404174805,16.559999465942383,16.30666732788086,16.35333251953125,37674300
2007-12-11,11.243949890136719,16.343332290649414,16.683332443237305,16.206666946411133,16.469999313354492,78168000
2007-12-12,11.110343933105469,16.07666778564453,16.546667098999023,15.869999885559082,16.540000915527344,71838000
2007-12-13,11.133378028869629,16.110000610351562,16.15999984741211,15.916666984558105,15.936667442321777,49199700
2007-12-14,10.972127914428711,15.876667022705078,16.066667556762695,15.866666793823242,16.05666732788086,40764600
2007-12-17,11.018194198608398,15.94333267211914,16.053333282470703,15.75333309173584,15.866666793823242,49522500
2007-12-18,11.112646102905273,16.079999923706055,16.183332443237305,15.623332977294922,16.02666664123535,50591700
2007-12-19,11.075790405273438,16.02666664123535,16.163333892822266,15.949999809265137,16.049999237060547,39363300
2007-12-20,11.022802352905273,15.949999809265137,16.113332748413086,15.773332595825195,16.02666664123535,42476100
2007-12-21,11.105731964111328,16.06999969482422,16.166667938232422,15.933333396911621,15.9399995803833,69742800
2007-12-24,11.227826118469238,16.246667861938477,16.360000610351562,16.040000915527344,16.040000915527344,18975000
2007-12-26,11.144895553588867,16.126667022705078,16.166667938232422,15.973333358764648,16.066667556762695,28039800
2007-12-27,11.004377365112305,15.923333168029785,16.100000381469727,15.873332977294922,16.06999969482422,32275200
2007-12-28,11.075790405273438,16.02666664123535,16.156667709350586,15.923333168029785,16.0,25832700
2007-12-31,10.949090003967285,15.84333324432373,16.02666664123535,15.776666641235352,15.946666717529297,36529200
2008-01-02,10.803959846496582,15.633333206176758,15.876667022705078,15.486666679382324,15.803333282470703,59755800
2008-01-03,10.684173583984375,15.460000038146973,15.633333206176758,15.40999984741211,15.573332786560059,59403000
2008-01-04,10.532133102416992,15.239999771118164,15.456666946411133,15.123332977294922,15.303333282470703,61053600
2008-01-07,10.725635528564453,15.520000457763672,15.603333473205566,15.196666717529297,15.266667366027832,60979500
2008-01-08,10.589719772338867,15.323332786560059,15.69333267211914,15.293333053588867,15.529999732971191,57051300
2008-01-09,10.803959846496582,15.633333206176758,15.666666984558105,15.079999923706055,15.323332786560059,81592800
2008-01-10,11.149505615234375,16.133333206176758,16.25666618347168,15.699999809265137,15.699999809265137,107084400
2008-01-11,10.992859840393066,15.90666675567627,16.203332901000977,15.833333015441895,16.020000457763672,84555000
2008-01-14,10.981342315673828,15.890000343322754,15.993332862854004,14.369999885559082,15.993332862854004,61687800
2008-01-15,10.824695587158203,15.66333293914795,15.8100004196167,15.59000015258789,15.66333293914795,73440300
2008-01-16,10.9398775100708,15.829999923706055,16.016666412353516,15.5600004196167,15.5600004196167,75972900
2008-01-17,10.93757152557373,15.826666831970215,15.976667404174805,15.699999809265137,15.850000381469727,83734200
2008-01-18,10.960606575012207,15.859999656677246,16.170000076293945,15.80666732788086,15.963333129882812,101128200
2008-01-22,11.333795547485352,16.399999618530273,16.510000228881836,15.363332748413086,15.489999771118164,135385500
2008-01-23,11.554940223693848,16.719999313354492,16.786666870117188,16.10333251953125,16.166667938232422,151266600
2008-01-24,11.266989707946777,16.303333282470703,16.746667861938477,16.15999984741211,16.73666763305664,107149500
2008-01-25,11.078089714050293,16.030000686645508,16.420000076293945,15.99666690826416,16.363332748413086,74927100
2008-01-28,11.22091293334961,16.23666763305664,16.260000228881836,15.966667175292969,16.020000457763672,70322700
2008-01-29,11.290021896362305,16.336666107177734,16.39666748046875,16.043333053588867,16.366666793823242,65224500
2008-01-30,11.324580192565918,16.386667251586914,16.666667938232422,16.166667938232422,16.266666412353516,73460100
2008-01-31,11.688545227050781,16.913333892822266,17.100000381469727,16.24333381652832,16.28333282470703,138653700
2008-02-01,11.789905548095703,17.059999465942383,17.15999984741211,16.770000457763672,16.96666717529297,77237400
2008-02-04,11.534208297729492,16.690000534057617,17.083332061767578,16.610000610351562,17.0,60963900
2008-02-05,11.416720390319824,16.520000457763672,16.886667251586914,16.48666763305664,16.48666763305664,85211100
2008-02-06,11.248560905456543,16.27666664123535,16.676666259765625,16.170000076293945,16.53333282470703,85476900
2008-02-07,11.481225967407227,16.613332748413086,16.666667938232422,15.946666717529297,15.949999809265137,108858600
2008-02-08,11.232431411743164,16.253332138061523,16.700000762939453,16.213333129882812,16.55666732788086,67626900
2008-02-11,11.425939559936523,16.53333282470703,16.559999465942383,16.113332748413086,16.280000686645508,64658700
2008-02-12,11.575674057006836,16.75,16.906667709350586,16.49333381652832,16.49333381652832,70102200
2008-02-13,11.670122146606445,16.886667251586914,17.003332138061523,16.739999771118164,16.873332977294922,48235800
2008-02-14,11.5111722946167,16.656667709350586,16.96666717529297,16.586666107177734,16.860000610351562,54035700
2008-02-15,11.389077186584473,16.479999542236328,16.666667938232422,16.3700008392334,16.559999465942383,77497500
2008-02-19,11.439760208129883,16.553333282470703,16.773332595825195,16.433332443237305,16.700000762939453,66081600
2008-02-20,11.448975563049316,16.566667556762695,16.656667709350586,16.336666107177734,16.433332443237305,65030400
2008-02-21,11.46970272064209,16.59666633605957,16.74333381652832,16.53333282470703,16.616666793823242,67199100
2008-02-22,11.5111722946167,16.656667709350586,16.733333587646484,16.489999771118164,16.633333206176758,58556700
2008-02-25,11.594099044799805,16.77666664123535,16.799999237060547,16.566667556762695,16.729999542236328,76609200
2008-02-26,11.84058666229248,17.133333206176758,17.15999984741211,16.729999542236328,16.729999542236328,93085800
2008-02-27,11.847498893737793,17.143333435058594,17.190000534057617,16.97333335876465,16.996667861938477,87573900
2008-02-28,11.679337501525879,16.899999618530273,17.133333206176758,16.876667022705078,17.043333053588867,55191000
2008-02-29,11.42363166809082,16.530000686645508,16.889999389648438,16.510000228881836,16.793333053588867,60658200
2008-03-03,11.4927396774292,16.6299991607666,16.67333221435547,16.406667709350586,16.476667404174805,59256300
2008-03-04,11.488137245178223,16.623332977294922,16.67333221435547,16.540000915527344,16.57666778564453,74967300
2008-03-05,11.414422035217285,16.516666412353516,16.729999542236328,16.420000076293945,16.65333366394043,68984400
2008-03-06,11.513476371765137,16.65999984741211,16.799999237060547,16.616666793823242,16.746667861938477,82549200
2008-03-07,11.495048522949219,16.633333206176758,16.913333892822266,16.559999465942383,16.559999465942383,73038900
2008-03-10,11.253164291381836,16.28333282470703,16.666667938232422,16.213333129882812,16.666667938232422,72975900
2008-03-11,11.575674057006836,16.75,16.796667098999023,16.51333236694336,16.616666793823242,85064100
2008-03-12,11.6400146484375,16.76333236694336,16.906667709350586,16.64666748046875,16.67333221435547,78821100
2008-03-13,11.711770057678223,16.866666793823242,16.889999389648438,16.48666763305664,16.643333435058594,89558700
2008-03-14,11.531232833862305,16.606666564941406,16.90333366394043,16.389999389648438,16.90333366394043,82444200
2008-03-17,11.561318397521973,16.649999618530273,16.799999237060547,16.43000030517578,16.446666717529297,66378300
2008-03-18,11.799723625183105,16.99333381652832,17.003332138061523,16.739999771118164,16.753332138061523,79140000
2008-03-19,11.753427505493164,16.926666259765625,17.149999618530273,16.886667251586914,16.940000534057617,77489700
2008-03-20,12.320504188537598,17.74333381652832,17.829999923706055,16.933332443237305,16.950000762939453,133599900
2008-03-24,12.413086891174316,17.876667022705078,18.049999237060547,17.74333381652832,17.816667556762695,66739200
2008-03-25,12.278841018676758,17.683332443237305,17.90333366394043,17.636667251586914,17.843332290649414,60982500
2008-03-26,12.244123458862305,17.633333206176758,17.799999237060547,17.553333282470703,17.626667022705078,57679200
2008-03-27,12.12144660949707,17.456666946411133,17.739999771118164,17.426666259765625,17.670000076293945,56943900
2008-03-28,12.06358528137207,17.373332977294922,17.55666732788086,17.25666618347168,17.336666107177734,45144000
2008-03-31,12.193201065063477,17.559999465942383,17.703332901000977,17.209999084472656,17.399999618530273,58783200
2008-04-01,12.51723861694336,18.02666664123535,18.053333282470703,17.60333251953125,17.729999542236328,72697800
2008-04-02,12.605195999145508,18.15333366394043,18.296667098999023,18.0,18.10333251953125,65160900
2008-04-03,12.713979721069336,18.309999465942383,18.399999618530273,17.996667861938477,18.03333282470703,69571200
2008-04-04,12.591307640075684,18.133333206176758,18.316667556762695,18.073333740234375,18.303333282470703,62184300
2008-04-07,12.551965713500977,18.07666778564453,18.270000457763672,17.969999313354492,18.229999542236328,56574300
2008-04-08,12.602874755859375,18.149999618530273,18.28333282470703,17.996667861938477,18.003332138061523,47271000
2008-04-09,12.53113079071045,18.046667098999023,18.200000762939453,17.913333892822266,18.123332977294922,58592400
2008-04-10,12.651488304138184,18.219999313354492,18.44333267211914,18.136667251586914,18.183332443237305,86902800
2008-04-11,12.683894157409668,18.266666412353516,18.3799991607666,18.043333053588867,18.083332061767578,70383300
2008-04-14,12.764902114868164,18.383333206176758,18.446666717529297,18.286666870117188,18.296667098999023,52270500
2008-04-15,13.024129867553711,18.75666618347168,18.796667098999023,18.39666748046875,18.40333366394043,76900500
2008-04-16,13.20930290222168,19.023332595825195,19.040000915527344,18.78333282470703,18.816667556762695,84398400
2008-04-17,13.116717338562012,18.889999389648438,18.98666763305664,18.729999542236328,18.926666259765625,62940300
2008-04-18,13.033393859863281,18.770000457763672,19.1200008392334,18.713333129882812,19.0,59207100
2008-04-21,13.049596786499023,18.793333053588867,18.82666778564453,18.583332061767578,18.690000534057617,43120500
2008-04-22,13.088946342468262,18.850000381469727,18.85333251953125,18.613332748413086,18.75,43611900
2008-04-23,13.174579620361328,18.97333335876465,19.09000015258789,18.770000457763672,18.770000457763672,45650400
2008-04-24,13.297264099121094,19.149999618530273,19.226667404174805,19.003332138061523,19.00666618347168,58024500
2008-04-25,13.343549728393555,19.21666717529297,19.34666633605957,19.046667098999023,19.309999465942383,50947200
2008-04-28,13.274113655090332,19.116666793823242,19.31333351135254,19.066667556762695,19.166667938232422,37407300
2008-04-29,13.565749168395996,19.536666870117188,19.600000381469727,19.133333206176758,19.136667251586914,53074200
2008-04-30,13.419926643371582,19.32666778564453,19.68000030517578,19.293333053588867,19.566667556762695,60805200
2008-05-01,13.440762519836426,19.356666564941406,19.696666717529297,19.209999084472656,19.399999618530273,55959000
2008-05-02,13.308828353881836,19.166667938232422,19.6299991607666,18.96666717529297,19.6299991607666,58466400
2008-05-05,13.18616008758545,18.989999771118164,19.113332748413086,18.93666648864746,19.02666664123535,55494600
2008-05-06,13.04265308380127,18.78333282470703,19.079999923706055,18.676666259765625,18.996667861938477,63580200
2008-05-07,13.153752326965332,18.94333267211914,18.950000762939453,18.676666259765625,18.75666618347168,75089400
2008-05-08,13.230133056640625,19.053333282470703,19.200000762939453,18.916667938232422,19.1299991607666,79497000
2008-05-09,13.234755516052246,19.059999465942383,19.163333892822266,18.8700008392334,18.94333267211914,38976000
2008-05-12,13.429191589355469,19.34000015258789,19.456666946411133,19.213333129882812,19.229999542236328,54615300
2008-05-13,13.112093925476074,18.883333206176758,19.166667938232422,18.790000915527344,19.116666793823242,87001800
2008-05-14,13.353361129760742,19.149999618530273,19.200000762939453,18.883333206176758,18.959999084472656,52408200
2008-05-15,13.276654243469238,19.040000915527344,19.190000534057617,18.883333206176758,19.190000534057617,50018100
2008-05-16,13.25805377960205,19.01333236694336,19.143333435058594,18.863332748413086,19.1299991607666,43622700
2008-05-19,13.109302520751953,18.799999237060547,19.016666412353516,18.719999313354492,18.983333587646484,46667700
2008-05-20,13.004705429077148,18.649999618530273,18.796667098999023,18.49333381652832,18.71666717529297,65506800
2008-05-21,12.837347984313965,18.40999984741211,18.733333587646484,18.350000381469727,18.64666748046875,61101900
2008-05-22,13.027945518493652,18.683332443237305,18.73666763305664,18.363332748413086,18.399999618530273,45195600
2008-05-23,12.958216667175293,18.583332061767578,18.65999984741211,18.46666717529297,18.626667022705078,40674600
2008-05-27,13.109302520751953,18.799999237060547,18.893333435058594,18.600000381469727,18.600000381469727,51840600
2008-05-28,13.269680976867676,19.030000686645508,19.079999923706055,18.85333251953125,18.93666648864746,61251900
2008-05-29,13.46725082397461,19.31333351135254,19.383333206176758,18.976667404174805,18.976667404174805,55637400
2008-05-30,13.420768737792969,19.246667861938477,19.360000610351562,19.166667938232422,19.32666778564453,36368100
2008-06-02,13.295249938964844,19.066667556762695,19.329999923706055,18.84000015258789,19.136667251586914,51842400
2008-06-03,13.42773723602295,19.25666618347168,19.350000381469727,19.1200008392334,19.26333236694336,51219300
2008-06-04,13.406811714172363,19.226667404174805,19.34000015258789,19.113332748413086,19.163333892822266,44131800
2008-06-05,13.899577140808105,19.933332443237305,19.96666717529297,19.469999313354492,19.5,107220600
2008-06-06,13.567198753356934,19.456666946411133,19.856666564941406,19.44333267211914,19.77666664123535,70562700
2008-06-09,13.84611701965332,19.856666564941406,19.913333892822266,19.479999542236328,19.65999984741211,70035000
2008-06-10,13.894923210144043,19.926666259765625,19.983333587646484,19.683332443237305,19.753332138061523,63729600
2008-06-11,13.602058410644531,19.50666618347168,19.926666259765625,19.489999771118164,19.883333206176758,62267100
2008-06-12,13.73919677734375,19.703332901000977,19.94333267211914,19.57666778564453,19.639999389648438,57747300
2008-06-13,13.755468368530273,19.726667404174805,19.916667938232422,19.6200008392334,19.793333053588867,62651700
2008-06-16,13.78568172454834,19.770000457763672,19.796667098999023,19.5,19.633333206176758,54270300
2008-06-17,13.64157485961914,19.56333351135254,19.843332290649414,19.5,19.829999923706055,40677000
2008-06-18,13.404491424560547,19.22333335876465,19.803333282470703,19.196666717529297,19.399999618530273,66710100
2008-06-19,13.409144401550293,19.229999542236328,19.416667938232422,19.123332977294922,19.206666946411133,62031300
2008-06-20,13.076763153076172,18.753332138061523,19.233333587646484,18.733333587646484,19.133333206176758,81155700
2008-06-23,13.165083885192871,18.8799991607666,19.0,18.809999465942383,18.866666793823242,42887400
2008-06-24,13.323139190673828,19.106666564941406,19.28333282470703,18.75,18.773332595825195,58876800
2008-06-25,13.509087562561035,19.373332977294922,19.57666778564453,19.116666793823242,19.139999389648438,66186900
2008-06-26,13.209245681762695,18.94333267211914,19.42333221435547,18.94333267211914,19.25,63154800
2008-06-27,13.086057662963867,18.766666412353516,19.116666793823242,18.616666793823242,18.883333206176758,85960500
2008-06-30,13.062813758850098,18.733333587646484,19.273332595825195,18.67333221435547,18.90999984741211,66726600
2008-07-01,13.255733489990234,19.010000228881836,19.023332595825195,18.536666870117188,18.666667938232422,68144700
2008-07-02,13.13254451751709,18.833332061767578,19.266666412353516,18.816667556762695,19.083332061767578,62302500
2008-07-03,13.15578556060791,18.866666793823242,19.190000534057617,18.676666259765625,18.953332901000977,35380800
2008-07-07,13.227845191955566,18.969999313354492,19.290000915527344,18.733333587646484,18.916667938232422,66692700
2008-07-08,13.73919677734375,19.703332901000977,19.76333236694336,18.969999313354492,19.05666732788086,98142900
2008-07-09,13.404491424560547,19.22333335876465,19.76333236694336,19.200000762939453,19.76333236694336,76490100
2008-07-10,13.297575950622559,19.06999969482422,19.3799991607666,18.690000534057617,19.350000381469727,89661900
2008-07-11,13.083730697631836,18.76333236694336,19.113332748413086,18.546667098999023,18.893333435058594,83675100
2008-07-14,13.088380813598633,18.770000457763672,19.043333053588867,18.65999984741211,19.0,63148800
2008-07-15,13.07210922241211,18.746667861938477,18.933332443237305,18.446666717529297,18.65999984741211,79768800
2008-07-16,13.23946475982666,18.98666763305664,19.036666870117188,18.546667098999023,18.733333587646484,79238100
2008-07-17,13.406811714172363,19.226667404174805,19.303333282470703,18.47333335876465,18.99333381652832,74310900
2008-07-18,13.462602615356445,19.30666732788086,19.356666564941406,19.020000457763672,19.299999237060547,61952100
2008-07-21,13.320810317993164,19.10333251953125,19.543333053588867,19.0,19.360000610351562,49934100
2008-07-22,13.727577209472656,19.68666648864746,19.85333251953125,19.049999237060547,19.06999969482422,77735700
2008-07-23,13.502115249633789,19.363332748413086,19.663333892822266,18.89666748046875,19.166667938232422,93696900
2008-07-24,13.24179458618164,18.989999771118164,19.3700008392334,18.93000030517578,19.329999923706055,63706500
2008-07-25,13.209245681762695,18.94333267211914,19.200000762939453,18.860000610351562,19.03333282470703,49356600
2008-07-28,13.020975112915039,18.67333221435547,19.066667556762695,18.649999618530273,18.93000030517578,46301100
2008-07-29,13.353361129760742,19.149999618530273,19.166667938232422,18.696666717529297,18.799999237060547,52998300
2008-07-30,13.611361503601074,19.520000457763672,19.666667938232422,19.203332901000977,19.203332901000977,58251600
2008-07-31,13.625306129455566,19.540000915527344,19.790000915527344,19.303333282470703,19.356666564941406,55843500
2008-08-01,13.423090934753418,19.25,19.593332290649414,19.1200008392334,19.583332061767578,51886800
2008-08-04,13.581147193908691,19.476667404174805,19.690000534057617,19.183332443237305,19.19333267211914,41493300
2008-08-05,14.025091171264648,20.113332748413086,20.329999923706055,19.610000610351562,19.67333221435547,112725300
2008-08-06,14.122710227966309,20.253332138061523,20.333332061767578,19.899999618530273,20.05666732788086,71464500
2008-08-07,13.23946475982666,18.98666763305664,19.666667938232422,18.959999084472656,19.463333129882812,113628300
2008-08-08,13.448657989501953,19.286666870117188,19.496667861938477,18.93666648864746,19.020000457763672,71747400
2008-08-11,13.611361503601074,19.520000457763672,19.933332443237305,19.113332748413086,19.290000915527344,73047600
2008-08-12,13.771736145019531,19.75,19.913333892822266,19.46666717529297,19.56999969482422,60927000
2008-08-13,13.507555961608887,19.293333053588867,19.649999618530273,19.07666778564453,19.633333206176758,67919100
2008-08-14,13.558906555175781,19.366666793823242,19.633333206176758,18.963333129882812,19.17333221435547,80443500
2008-08-15,13.8552827835083,19.790000915527344,19.976667404174805,19.376667022705078,19.376667022705078,67695300
2008-08-18,13.729268074035645,19.610000610351562,19.866666793823242,19.543333053588867,19.833332061767578,38748600
2008-08-19,13.582245826721191,19.399999618530273,19.60333251953125,19.296667098999023,19.5,46013100
2008-08-20,13.619577407836914,19.453332901000977,19.549999237060547,19.226667404174805,19.50666618347168,38570700
2008-08-21,13.652252197265625,19.5,19.530000686645508,19.15999984741211,19.296667098999023,34145700
2008-08-22,13.871622085571289,19.81333351135254,19.836666107177734,19.56999969482422,19.56999969482422,38174700
2008-08-25,13.663921356201172,19.516666412353516,19.76333236694336,19.433332443237305,19.75666618347168,35895600
2008-08-26,13.768939971923828,19.666667938232422,19.726667404174805,19.34666633605957,19.516666412353516,32911800
2008-08-27,13.836614608764648,19.76333236694336,19.953332901000977,19.49333381652832,19.663333892822266,35181600
2008-08-28,13.974302291870117,19.959999084472656,20.01333236694336,19.67333221435547,19.80666732788086,36336000
2008-08-29,13.785280227661133,19.690000534057617,19.959999084472656,19.68666648864746,19.8700008392334,38561400
2008-09-02,13.920632362365723,19.883333206176758,20.329999923706055,19.833332061767578,19.96666717529297,69067800
2008-09-03,13.953300476074219,19.93000030517578,20.07666778564453,19.719999313354492,19.863332748413086,47470500
2008-09-04,13.950967788696289,19.926666259765625,20.296667098999023,19.899999618530273,20.0,82839000
2008-09-05,14.175007820129395,20.246667861938477,20.293333053588867,19.67333221435547,19.799999237060547,68471100
2008-09-08,14.46905517578125,20.666667938232422,20.670000076293945,20.083332061767578,20.463333129882812,85692300
2008-09-09,14.26601505279541,20.376667022705078,20.786666870117188,20.303333282470703,20.549999237060547,76103700
2008-09-10,14.473711013793945,20.67333221435547,20.82666778564453,20.40333366394043,20.483333587646484,70707000
2008-09-11,14.742097854614258,21.05666732788086,21.07666778564453,20.42333221435547,20.50666618347168,86970300
2008-09-12,14.56473445892334,20.803333282470703,20.956666946411133,20.52666664123535,20.90333366394043,57424800
2008-09-15,14.382704734802246,20.543333053588867,20.833332061767578,20.363332748413086,20.399999618530273,77406900
2008-09-16,14.501721382141113,20.713333129882812,21.059999465942383,20.333332061767578,20.333332061767578,100169700
2008-09-17,13.91829776763916,19.8799991607666,20.65999984741211,19.739999771118164,20.559999465942383,123751800
2008-09-18,14.347700119018555,20.49333381652832,20.553333282470703,19.700000762939453,20.18000030517578,125092200
2008-09-19,13.932297706604004,19.899999618530273,21.28333282470703,19.816667556762695,21.073333740234375,133640100
2008-09-22,13.743268966674805,19.6299991607666,19.97333335876465,19.583332061767578,19.816667556762695,66252900
2008-09-23,13.628912925720215,19.46666717529297,19.969999313354492,19.44333267211914,19.636667251586914,66529800
2008-09-24,13.750271797180176,19.639999389648438,19.793333053588867,19.383333206176758,19.633333206176758,51601200
2008-09-25,14.030317306518555,20.040000915527344,20.156667709350586,19.67333221435547,19.780000686645508,64288500
2008-09-26,14.168006896972656,20.23666763305664,20.299999237060547,19.69333267211914,19.69333267211914,63599400
2008-09-29,13.640586853027344,19.483333587646484,20.28333282470703,19.42333221435547,20.016666412353516,82605600
2008-09-30,13.976640701293945,19.963333129882812,20.003332138061523,19.246667861938477,19.726667404174805,80777100
2008-10-01,13.92296314239502,19.886667251586914,20.100000381469727,19.663333892822266,19.836666107177734,70091100
2008-10-02,13.733932495117188,19.616666793823242,19.950000762939453,19.40999984741211,19.886667251586914,63599700
2008-10-03,13.93929672241211,19.90999984741211,20.073333740234375,19.623332977294922,19.799999237060547,93355800
2008-10-06,13.51223087310791,19.299999237060547,19.850000381469727,18.183332443237305,19.56333351135254,119186400
2008-10-07,12.798115730285645,18.280000686645508,19.573333740234375,18.149999618530273,19.573333740234375,103654200
2008-10-08,12.730427742004395,18.183332443237305,18.92333221435547,17.583332061767578,17.90333366394043,143388300
2008-10-09,11.992980003356934,17.1299991607666,18.446666717529297,16.586666107177734,18.22333335876465,123553800
2008-10-10,11.89029312133789,16.983333587646484,18.07666778564453,15.800000190734863,16.343332290649414,154762500
2008-10-13,12.718764305114746,18.166667938232422,18.23666763305664,17.066667556762695,17.559999465942383,88662300
2008-10-14,12.704761505126953,18.14666748046875,18.690000534057617,17.573333740234375,18.676666259765625,85679700
2008-10-15,11.680258750915527,16.683332443237305,17.866666793823242,16.626667022705078,17.81333351135254,83835600
2008-10-16,12.746768951416016,18.206666946411133,18.34000015258789,16.24333381652832,16.856666564941406,142170300
2008-10-17,12.5484037399292,17.92333221435547,18.459999084472656,16.56999969482422,17.916667938232422,93669000
2008-10-20,12.702428817749023,18.143333435058594,18.229999542236328,17.459999084472656,18.21666717529297,85245000
2008-10-21,12.525063514709473,17.889999389648438,18.5,17.85333251953125,18.059999465942383,58332900
2008-10-22,12.198344230651855,17.42333221435547,17.856666564941406,17.046667098999023,17.69333267211914,84611100
2008-10-23,12.31269645690918,17.586666107177734,17.726667404174805,16.666667938232422,17.456666946411133,104835900
2008-10-24,11.99531078338623,17.133333206176758,17.656667709350586,16.663333892822266,16.666667938232422,89429400
2008-10-27,11.591582298278809,16.55666732788086,17.336666107177734,16.53333282470703,16.950000762939453,80234400
2008-10-28,12.87511920928955,18.389999389648438,18.573333740234375,16.933332443237305,16.979999542236328,126016200
2008-10-29,12.840119361877441,18.34000015258789,18.933332443237305,17.850000381469727,18.376667022705078,102701700
2008-10-30,12.777109146118164,18.25,18.666667938232422,17.93666648864746,18.65333366394043,69974100
2008-10-31,13.024481773376465,18.60333251953125,18.92333221435547,18.09000015258789,18.333332061767578,78094500
2008-11-03,13.061823844909668,18.656667709350586,19.066667556762695,18.586666107177734,18.920000076293945,56271300
2008-11-04,13.099161148071289,18.709999084472656,19.083332061767578,18.520000457763672,18.933332443237305,69164100
2008-11-05,12.632416725158691,18.043333053588867,18.666667938232422,18.0,18.626667022705078,66570000
2008-11-06,12.483059883117676,17.829999923706055,18.78333282470703,17.68666648864746,18.52666664123535,97344300
2008-11-07,12.693095207214355,18.1299991607666,18.233333587646484,17.799999237060547,17.953332901000977,58313100
2008-11-10,12.877457618713379,18.393333435058594,18.57666778564453,18.116666793823242,18.3700008392334,54605700
2008-11-11,12.777109146118164,18.25,18.546667098999023,17.706666946411133,18.329999923706055,71357400
2008-11-12,12.28002643585205,17.540000915527344,18.23666763305664,17.440000534057617,17.71666717529297,85122300
2008-11-13,12.81911563873291,18.309999465942383,18.316667556762695,17.020000457763672,17.656667709350586,113225700
2008-11-14,12.301030158996582,17.56999969482422,18.373332977294922,17.5,18.133333206176758,77255100
2008-11-17,12.090994834899902,17.270000457763672,17.690000534057617,17.059999465942383,17.59000015258789,80894700
2008-11-18,12.303359031677246,17.573333740234375,17.856666564941406,16.989999771118164,17.226667404174805,109886100
2008-11-19,11.901959419250488,17.0,17.933332443237305,16.90999984741211,17.5,89328600
2008-11-20,11.822617530822754,16.886667251586914,17.833332061767578,16.786666870117188,16.8700008392334,122490000
2008-11-21,12.350038528442383,17.639999389648438,17.68000030517578,16.733333587646484,17.133333206176758,120777600
2008-11-24,12.315032958984375,17.59000015258789,18.036666870117188,17.40999984741211,17.766666412353516,91222800
2008-11-25,12.760775566101074,18.226667404174805,18.383333206176758,17.78333282470703,17.916667938232422,82114200
2008-11-26,13.229849815368652,18.89666748046875,18.916667938232422,17.899999618530273,17.93666648864746,71235900
2008-11-28,13.040821075439453,18.626667022705078,19.0,18.503332138061523,18.860000610351562,27215400
2008-12-01,12.371040344238281,17.670000076293945,18.57666778564453,17.64666748046875,18.456666946411133,77836200
2008-12-02,12.473722457885742,17.816667556762695,18.086666107177734,17.406667709350586,17.92333221435547,73387500
2008-12-03,12.69075870513916,18.126667022705078,18.170000076293945,17.5,17.56333351135254,75645900
2008-12-04,12.861120223999023,18.3700008392334,18.733333587646484,18.0,18.3700008392334,86379000
2008-12-05,13.584576606750488,19.40333366394043,19.56999969482422,18.0,18.09666633605957,112969500
2008-12-08,13.432880401611328,19.18666648864746,19.74333381652832,18.836666107177734,19.52666664123535,81184800
2008-12-09,13.024481773376465,18.60333251953125,19.110000610351562,18.303333282470703,19.059999465942383,91214400
2008-12-10,12.89379596710205,18.416667938232422,18.709999084472656,18.059999465942383,18.65333366394043,63895800
2008-12-11,12.841763496398926,18.26333236694336,18.48666763305664,18.03333282470703,18.166667938232422,74848800
2008-12-12,12.804255485534668,18.209999084472656,18.293333053588867,17.916667938232422,17.916667938232422,70874400
2008-12-15,12.82301139831543,18.23666763305664,18.373332977294922,18.003332138061523,18.329999923706055,50157000
2008-12-16,12.94723129272461,18.413333892822266,18.656667709350586,18.046667098999023,18.336666107177734,68988000
2008-12-17,12.935514450073242,18.39666748046875,18.69333267211914,18.22333335876465,18.39666748046875,66586800
2008-12-18,12.987077713012695,18.469999313354492,18.73666763305664,18.260000228881836,18.48666763305664,80824200
2008-12-19,13.064425468444824,18.579999923706055,18.969999313354492,18.510000228881836,18.559999465942383,97314600
2008-12-22,13.12302303314209,18.663333892822266,18.833332061767578,18.49333381652832,18.663333892822266,51045900
2008-12-23,12.958948135375977,18.43000030517578,18.799999237060547,18.389999389648438,18.71666717529297,38562900
2008-12-24,12.994109153747559,18.479999542236328,18.606666564941406,18.42333221435547,18.543333053588867,13682100
2008-12-26,12.973010063171387,18.450000762939453,18.579999923706055,18.399999618530273,18.566667556762695,19121100
2008-12-29,12.916765213012695,18.3700008392334,18.46666717529297,18.17333221435547,18.450000762939453,30142800
2008-12-30,12.902697563171387,18.350000381469727,18.46666717529297,18.110000610351562,18.413333892822266,41927100
2008-12-31,13.139422416687012,18.68666648864746,18.77666664123535,18.25666618347168,18.42333221435547,41645700
2009-01-02,13.401937484741211,19.059999465942383,19.170000076293945,18.593332290649414,18.65999984741211,48164400
2009-01-05,13.247245788574219,18.84000015258789,19.116666793823242,18.559999465942383,18.98666763305664,48063900
2009-01-06,13.130051612854004,18.67333221435547,18.933332443237305,18.53333282470703,18.8700008392334,57438000
2009-01-07,13.017544746398926,18.51333236694336,18.73666763305664,18.35333251953125,18.496667861938477,50346000
2009-01-08,12.042516708374023,17.126667022705078,17.273332595825195,16.770000457763672,17.10333251953125,278516400
2009-01-09,12.089400291442871,17.19333267211914,17.469999313354492,17.083332061767578,17.19333267211914,86091900
2009-01-12,12.044862747192383,17.1299991607666,17.39666748046875,17.053333282470703,17.166667938232422,55306200
2009-01-13,12.215965270996094,17.373332977294922,17.566667556762695,17.18666648864746,17.196666717529297,74980200
2009-01-14,12.084712028503418,17.18666648864746,17.333332061767578,17.079999923706055,17.093332290649414,61431000
2009-01-15,12.035484313964844,17.116666793823242,17.280000686645508,16.77666664123535,17.18666648864746,84182100
2009-01-16,12.084712028503418,17.18666648864746,17.350000381469727,17.003332138061523,17.299999237060547,65023800
2009-01-20,11.850321769714355,16.85333251953125,17.213333129882812,16.81333351135254,17.136667251586914,67708200
2009-01-21,11.517502784729004,16.3799991607666,16.773332595825195,16.17333221435547,16.739999771118164,117235200
2009-01-22,11.454224586486816,16.290000915527344,16.53333282470703,15.923333168029785,16.31333351135254,93343200
2009-01-23,11.33234977722168,16.116666793823242,16.200000762939453,16.0,16.030000686645508,69273900
2009-01-26,11.39094066619873,16.200000762939453,16.329999923706055,16.010000228881836,16.213333129882812,56647200
2009-01-27,11.435470581054688,16.26333236694336,16.433332443237305,16.176666259765625,16.316667556762695,49435500
2009-01-28,11.421409606933594,16.24333381652832,16.546667098999023,16.170000076293945,16.503332138061523,73991100
2009-01-29,11.217498779296875,15.953332901000977,16.356666564941406,15.930000305175781,16.18666648864746,56619300
2009-01-30,11.044055938720703,15.706666946411133,16.100000381469727,15.640000343322754,16.0,61844100
2009-02-02,10.915143966674805,15.523332595825195,15.673333168029785,15.416666984558105,15.523332595825195,62583300
2009-02-03,11.205780029296875,15.936667442321777,16.0,15.523332595825195,15.676667213439941,67655400
2009-02-04,10.87999153137207,15.473333358764648,15.863332748413086,15.430000305175781,15.630000114440918,79518300
2009-02-05,11.381564140319824,16.18666648864746,16.32666778564453,15.720000267028809,15.723333358764648,99879300
2009-02-06,11.632355690002441,16.543333053588867,16.69333267211914,16.176666259765625,16.280000686645508,84891300
2009-02-09,11.550315856933594,16.426666259765625,16.520000457763672,16.25666618347168,16.520000457763672,48831900
2009-02-10,11.184682846069336,15.90666675567627,16.426666259765625,15.779999732971191,16.333332061767578,76822800
2009-02-11,11.304218292236328,16.07666778564453,16.17333221435547,15.916666984558105,15.993332862854004,53277900
2009-02-12,11.280781745910645,16.043333053588867,16.09666633605957,15.676667213439941,15.993332862854004,67178100
2009-02-13,10.905770301818848,15.510000228881836,16.036666870117188,15.493332862854004,15.916666984558105,77000700
2009-02-17,11.306561470031738,16.079999923706055,16.293333053588867,15.766667366027832,15.84333324432373,116757300
2009-02-18,11.719074249267578,16.666667938232422,16.666667938232422,16.17333221435547,16.31333351135254,142068000
2009-02-19,11.824545860290527,16.816667556762695,16.889999389648438,16.479999542236328,16.479999542236328,81933000
2009-02-20,11.723756790161133,16.67333221435547,16.883333206176758,16.510000228881836,16.663333892822266,88744200
2009-02-23,11.456568717956543,16.293333053588867,16.81333351135254,16.26333236694336,16.78333282470703,70857000
2009-02-24,11.721416473388672,16.670000076293945,16.786666870117188,16.229999542236328,16.260000228881836,78678900
2009-02-25,11.533910751342773,16.40333366394043,16.68666648864746,16.18666648864746,16.323333740234375,76429800
2009-02-26,11.308903694152832,16.083332061767578,16.546667098999023,16.046667098999023,16.503332138061523,69507300
2009-02-27,11.540943145751953,16.413333892822266,16.666667938232422,15.859999656677246,15.956666946411133,84485100
2009-03-02,11.259684562683105,16.01333236694336,16.496667861938477,15.986666679382324,16.270000457763672,76052400
2009-03-03,11.104992866516113,15.793333053588867,16.190000534057617,15.666666984558105,16.113332748413086,84125400
2009-03-04,11.365157127380371,16.163333892822266,16.399999618530273,15.716667175292969,15.986666679382324,95431200
2009-03-05,11.660479545593262,16.583332061767578,17.0,16.43000030517578,16.78333282470703,138795600
2009-03-06,11.46359634399414,16.303333282470703,16.71666717529297,16.03333282470703,16.71666717529297,101318400
2009-03-09,11.13546371459961,15.83666706085205,16.3700008392334,15.766667366027832,16.18666648864746,79526700
2009-03-10,11.4073486328125,16.22333335876465,16.30666732788086,15.756667137145996,15.869999885559082,97597500
2009-03-11,11.186491012573242,15.819999694824219,16.270000457763672,15.716667175292969,16.219999313354492,78197700
2009-03-12,11.535331726074219,16.31333351135254,16.373332977294922,15.773332595825195,15.956666946411133,75390000
2009-03-13,11.594261169433594,16.39666748046875,16.489999771118164,16.113332748413086,16.22333335876465,61714500
2009-03-16,11.502336502075195,16.266666412353516,16.516666412353516,16.219999313354492,16.446666717529297,49141500
2009-03-17,11.785181045532227,16.666667938232422,16.666667938232422,16.26333236694336,16.299999237060547,55867800
2009-03-18,11.888884544372559,16.81333351135254,17.03333282470703,16.316667556762695,16.316667556762695,60572700
2009-03-19,11.773392677307129,16.649999618530273,16.969999313354492,16.536666870117188,16.933332443237305,62254500
2009-03-20,11.68853759765625,16.530000686645508,16.796667098999023,16.329999923706055,16.713333129882812,78924900
2009-03-23,12.134023666381836,17.15999984741211,17.15999984741211,16.450000762939453,16.760000228881836,59039100
2009-03-24,12.039742469787598,17.02666664123535,17.200000762939453,16.863332748413086,17.0,61909800
2009-03-25,12.181160926818848,17.226667404174805,17.43000030517578,16.8799991607666,17.09000015258789,70334100
2009-03-26,12.43571949005127,17.586666107177734,17.666667938232422,17.316667556762695,17.35333251953125,75148500
2009-03-27,12.390937805175781,17.523332595825195,17.666667938232422,17.34666633605957,17.453332901000977,60853200
2009-03-30,12.200016021728516,17.253332138061523,17.386667251586914,17.086666107177734,17.333332061767578,50155200
2009-03-31,12.2801513671875,17.366666793823242,17.483333587646484,17.020000457763672,17.34666633605957,63535800
2009-04-01,12.449862480163574,17.606666564941406,17.683332443237305,17.073333740234375,17.126667022705078,67957200
2009-04-02,12.64314079284668,17.8799991607666,18.190000534057617,17.733333587646484,17.780000686645508,65542800
2009-04-03,12.680852890014648,17.933332443237305,18.100000381469727,17.649999618530273,17.899999618530273,49566900
2009-04-06,12.593643188476562,17.809999465942383,17.916667938232422,17.633333206176758,17.803333282470703,46532400
2009-04-07,12.348509788513184,17.463333129882812,17.67333221435547,17.333332061767578,17.65333366394043,42833100
2009-04-08,12.400364875793457,17.536666870117188,17.67333221435547,17.42333221435547,17.553333282470703,51762900
2009-04-09,11.940743446350098,16.886667251586914,17.113332748413086,16.549999237060547,16.68000030517578,126973500
2009-04-13,12.1458101272583,17.176666259765625,17.32666778564453,16.873332977294922,16.933332443237305,58039800
2009-04-14,12.04916763305664,17.040000915527344,17.100000381469727,16.850000381469727,17.066667556762695,53807100
2009-04-15,12.089238166809082,17.09666633605957,17.139999389648438,16.873332977294922,16.920000076293945,39026100
2009-04-16,11.969023704528809,16.926666259765625,17.163333892822266,16.75666618347168,17.100000381469727,63739500
2009-04-17,11.832322120666504,16.733333587646484,17.083332061767578,16.713333129882812,17.06333351135254,72072000
2009-04-20,11.613116264343262,16.42333221435547,16.81333351135254,16.39666748046875,16.696666717529297,60895200
2009-04-21,11.745109558105469,16.610000610351562,16.666667938232422,16.309999465942383,16.553333282470703,46714800
2009-04-22,11.540048599243164,16.31999969482422,16.74333381652832,16.273332595825195,16.530000686645508,61171500
2009-04-23,11.5164794921875,16.286666870117188,16.393333435058594,16.09000015258789,16.333332061767578,48756600
2009-04-24,11.28313159942627,15.956666946411133,16.520000457763672,15.90666675567627,16.273332595825195,80793000
2009-04-27,11.433981895446777,16.170000076293945,16.31333351135254,15.880000114440918,15.920000076293945,61824300
2009-04-28,11.424552917480469,16.156667709350586,16.456666946411133,16.010000228881836,16.093332290649414,81424800
2009-04-29,11.891246795654297,16.816667556762695,17.03333282470703,16.166667938232422,16.28333282470703,102965700
2009-04-30,11.879463195800781,16.799999237060547,16.950000762939453,16.643333435058594,16.946666717529297,69167100
2009-05-01,11.796964645385742,16.683332443237305,16.84000015258789,16.40999984741211,16.833332061767578,47331900
2009-05-04,11.983169555664062,16.946666717529297,17.116666793823242,16.729999542236328,16.73666763305664,63605700
2009-05-05,11.893607139587402,16.81999969482422,17.126667022705078,16.649999618530273,16.889999389648438,58946100
2009-05-06,11.669682502746582,16.503332138061523,17.030000686645508,16.356666564941406,16.889999389648438,78267900
2009-05-07,11.759246826171875,16.6299991607666,17.049999237060547,16.51333236694336,16.953332901000977,93789300
2009-05-08,11.818178176879883,16.713333129882812,16.799999237060547,16.583332061767578,16.799999237060547,55603800
2009-05-11,11.933670997619629,16.876667022705078,17.010000228881836,16.57666778564453,16.656667709350586,53983500
2009-05-12,11.99731159210205,16.96666717529297,17.110000610351562,16.886667251586914,16.959999084472656,51612300
2009-05-13,11.85583782196045,16.676666259765625,16.766666412353516,16.51333236694336,16.766666412353516,57554400
2009-05-14,11.635451316833496,16.366666793823242,16.790000915527344,16.25,16.700000762939453,78991500
2009-05-15,11.410326957702637,16.049999237060547,16.446666717529297,16.040000915527344,16.31999969482422,60168300
2009-05-18,11.8297700881958,16.639999389648438,16.65999984741211,16.229999542236328,16.266666412353516,56515200
2009-05-19,11.697065353393555,16.453332901000977,16.666667938232422,16.450000762939453,16.639999389648438,43863000
2009-05-20,11.597535133361816,16.31333351135254,16.766666412353516,16.28333282470703,16.586666107177734,60555900
2009-05-21,11.637822151184082,16.3700008392334,16.510000228881836,16.22333335876465,16.270000457763672,47151000
2009-05-22,11.671001434326172,16.416667938232422,16.59000015258789,16.3700008392334,16.456666946411133,34034100
2009-05-26,11.848731994628906,16.666667938232422,16.886667251586914,16.386667251586914,16.393333435058594,52041900
2009-05-27,11.687586784362793,16.440000534057617,16.940000534057617,16.416667938232422,16.746667861938477,52394400
2009-05-28,11.74208927154541,16.516666412353516,16.59666633605957,16.30666732788086,16.503332138061523,46216800
2009-05-29,11.787117004394531,16.579999923706055,16.656667709350586,16.356666564941406,16.633333206176758,38519700
2009-06-01,11.98853874206543,16.863332748413086,16.899999618530273,16.52666664123535,16.726667404174805,59977500
2009-06-02,11.832144737243652,16.643333435058594,16.950000762939453,16.623332977294922,16.793333053588867,52197900
2009-06-03,12.057267189025879,16.959999084472656,16.99333381652832,16.566667556762695,16.583332061767578,59210700
2009-06-04,12.05489730834961,16.956666946411133,17.0,16.75,16.94333267211914,45876000
2009-06-05,12.102293014526367,17.023332595825195,17.25,16.73666763305664,17.040000915527344,75981600
2009-06-08,12.04067611694336,16.93666648864746,17.020000457763672,16.799999237060547,16.996667861938477,56925600
2009-06-09,11.993284225463867,16.8700008392334,17.053333282470703,16.833332061767578,16.953332901000977,43213800
2009-06-10,11.862946510314941,16.68666648864746,16.950000762939453,16.57666778564453,16.93666648864746,59491500
2009-06-11,11.687586784362793,16.440000534057617,16.75,16.43000030517578,16.683332443237305,64824000
2009-06-12,11.81081485748291,16.613332748413086,16.6200008392334,16.40333366394043,16.450000762939453,46015200
2009-06-15,11.483786582946777,16.15333366394043,16.399999618530273,16.073333740234375,16.366666793823242,73821300
2009-06-16,11.4340238571167,16.083332061767578,16.206666946411133,16.016666412353516,16.170000076293945,62130300
2009-06-17,11.507486343383789,16.18666648864746,16.296667098999023,16.03333282470703,16.100000381469727,57816000
2009-06-18,11.535923957824707,16.226667404174805,16.296667098999023,16.133333206176758,16.21666717529297,41781300
2009-06-19,11.415063858032227,16.05666732788086,16.350000381469727,16.03333282470703,16.350000381469727,71303400
2009-06-22,11.514592170715332,16.196666717529297,16.299999237060547,16.00666618347168,16.03333282470703,60085200
2009-06-23,11.457722663879395,16.116666793823242,16.27666664123535,16.083332061767578,16.239999771118164,48711600
2009-06-24,11.495638847351074,16.170000076293945,16.25666618347168,16.036666870117188,16.166667938232422,50043900
2009-06-25,11.647299766540527,16.383333206176758,16.483333587646484,16.106666564941406,16.14666748046875,59588700
2009-06-26,11.524072647094727,16.209999084472656,16.35333251953125,16.143333435058594,16.34666633605957,61609800
2009-06-29,11.554878234863281,16.253332138061523,16.299999237060547,16.133333206176758,16.23666763305664,51972900
2009-06-30,11.479045867919922,16.14666748046875,16.360000610351562,16.100000381469727,16.286666870117188,50517300
2009-07-01,11.462458610534668,16.123332977294922,16.213333129882812,16.05666732788086,16.183332443237305,55294800
2009-07-02,11.325016021728516,15.930000305175781,16.133333206176758,15.920000076293945,16.086666107177734,59958600
2009-07-06,11.310799598693848,15.90999984741211,16.059999465942383,15.856666564941406,15.91333293914795,60765600
2009-07-07,11.336865425109863,15.946666717529297,16.016666412353516,15.90999984741211,15.966667175292969,45279300
2009-07-08,11.462458610534668,16.123332977294922,16.166667938232422,15.993332862854004,16.036666870117188,56639400
2009-07-09,11.39373779296875,16.02666664123535,16.28333282470703,15.960000038146973,16.266666412353516,45369600
2009-07-10,11.272882461547852,15.856666564941406,16.079999923706055,15.783332824707031,15.979999542236328,47913300
2009-07-13,11.334492683410645,15.94333267211914,15.979999542236328,15.80666732788086,15.866666793823242,48102900
2009-07-14,11.405585289001465,16.043333053588867,16.049999237060547,15.846667289733887,15.953332901000977,40399200
2009-07-15,11.505112648010254,16.183332443237305,16.190000534057617,15.986666679382324,16.116666793823242,56225100
2009-07-16,11.495638847351074,16.170000076293945,16.196666717529297,15.99666690826416,16.116666793823242,56589900
2009-07-17,11.490899085998535,16.163333892822266,16.23666763305664,16.00666618347168,16.203332901000977,43236900
2009-07-20,11.569097518920898,16.273332595825195,16.28333282470703,16.073333740234375,16.219999313354492,51321600
2009-07-21,11.578574180603027,16.286666870117188,16.316667556762695,16.149999618530273,16.303333282470703,51564300
2009-07-22,11.652040481567383,16.389999389648438,16.510000228881836,16.219999313354492,16.266666412353516,45115500
2009-07-23,11.554878234863281,16.253332138061523,16.496667861938477,16.213333129882812,16.393333435058594,79989000
2009-07-24,11.597535133361816,16.31333351135254,16.39666748046875,16.253332138061523,16.270000457763672,39274200
2009-07-27,11.604645729064941,16.323333740234375,16.366666793823242,16.176666259765625,16.366666793823242,42810600
2009-07-28,11.592796325683594,16.30666732788086,16.329999923706055,16.219999313354492,16.253332138061523,35418000
2009-07-29,11.699437141418457,16.456666946411133,16.523332595825195,16.266666412353516,16.30666732788086,49822500
2009-07-30,11.843990325927734,16.65999984741211,16.799999237060547,16.5,16.516666412353516,52130700
2009-07-31,11.820296287536621,16.626667022705078,16.809999465942383,16.59000015258789,16.683332443237305,43985700
2009-08-03,11.81081485748291,16.613332748413086,16.739999771118164,16.50666618347168,16.739999771118164,45601500
2009-08-04,11.813186645507812,16.616666793823242,16.760000228881836,16.5,16.536666870117188,54801600
2009-08-05,11.65915298461914,16.399999618530273,16.656667709350586,16.393333435058594,16.64666748046875,53149200
2009-08-06,11.607016563415527,16.32666778564453,16.459999084472656,16.25,16.416667938232422,48633000
2009-08-07,11.680479049682617,16.43000030517578,16.5,16.31333351135254,16.426666259765625,40184700
2009-08-10,11.782374382019043,16.573333740234375,16.57666778564453,16.336666107177734,16.459999084472656,39144300
2009-08-11,11.858208656311035,16.68000030517578,16.78333282470703,16.50666618347168,16.56999969482422,48754800
2009-08-12,12.035245895385742,16.836666107177734,16.946666717529297,16.700000762939453,16.700000762939453,54929400
2009-08-13,12.361684799194336,17.293333053588867,17.333332061767578,16.850000381469727,17.27666664123535,96432000
2009-08-14,12.340237617492676,17.26333236694336,17.416667938232422,17.18000030517578,17.290000915527344,51714000
2009-08-17,12.287812232971191,17.190000534057617,17.286666870117188,17.046667098999023,17.100000381469727,53142600
2009-08-18,12.237781524658203,17.1200008392334,17.28333282470703,17.079999923706055,17.213333129882812,36855300
2009-08-19,12.311640739440918,17.22333335876465,17.28333282470703,16.983333587646484,17.023332595825195,42990300
2009-08-20,12.32117748260498,17.23666763305664,17.273332595825195,17.083332061767578,17.200000762939453,27902700
2009-08-21,12.237781524658203,17.1200008392334,17.366666793823242,17.083332061767578,17.323333740234375,63281400
2009-08-24,12.283047676086426,17.183332443237305,17.233333587646484,17.049999237060547,17.17333221435547,34857300
2009-08-25,12.311640739440918,17.22333335876465,17.520000457763672,17.18666648864746,17.226667404174805,49747200
2009-08-26,12.342620849609375,17.266666412353516,17.413333892822266,17.18666648864746,17.246667861938477,42874800
2009-08-27,12.209188461303711,17.079999923706055,17.246667861938477,17.040000915527344,17.21666717529297,51652200
2009-08-28,12.182976722717285,17.043333053588867,17.133333206176758,16.8700008392334,17.1200008392334,44379900
2009-08-31,12.121024131774902,16.956666946411133,17.156667709350586,16.90999984741211,17.00666618347168,51727800
2009-09-01,12.144854545593262,16.989999771118164,17.126667022705078,16.8799991607666,16.93666648864746,49847100
2009-09-02,12.132939338684082,16.97333335876465,17.016666412353516,16.92333221435547,16.93000030517578,40324200
2009-09-03,12.328325271606445,17.246667861938477,17.28333282470703,16.996667861938477,17.049999237060547,48886800
2009-09-04,12.3140230178833,17.226667404174805,17.366666793823242,17.166667938232422,17.233333587646484,39809700
2009-09-08,12.247307777404785,17.133333206176758,17.266666412353516,17.110000610351562,17.239999771118164,42396600
2009-09-09,12.17821216583252,17.036666870117188,17.17333221435547,16.946666717529297,17.17333221435547,45269700
2009-09-10,12.159151077270508,17.010000228881836,17.09666633605957,16.90999984741211,16.969999313354492,68593200
2009-09-11,12.085285186767578,16.906667709350586,17.01333236694336,16.873332977294922,16.996667861938477,48269400
2009-09-14,12.00426959991455,16.793333053588867,16.843332290649414,16.733333587646484,16.790000915527344,49630500
2009-09-15,11.897049903869629,16.643333435058594,16.860000610351562,16.610000610351562,16.84000015258789,79187700
2009-09-16,11.923255920410156,16.68000030517578,16.726667404174805,16.583332061767578,16.65999984741211,52833600
2009-09-17,11.904193878173828,16.65333366394043,16.713333129882812,16.616666793823242,16.700000762939453,53304300
2009-09-18,11.939935684204102,16.703332901000977,16.799999237060547,16.64666748046875,16.666667938232422,100336800
2009-09-21,12.130558013916016,16.969999313354492,16.989999771118164,16.67333221435547,16.676666259765625,45849300
2009-09-22,12.14962100982666,16.996667861938477,17.100000381469727,16.97333335876465,17.010000228881836,43624500
2009-09-23,12.00903606414795,16.799999237060547,17.043333053588867,16.799999237060547,17.01333236694336,42050400
2009-09-24,12.08051586151123,16.899999618530273,16.946666717529297,16.780000686645508,16.886667251586914,35829000
2009-09-25,11.787440299987793,16.489999771118164,16.8799991607666,16.47333335876465,16.799999237060547,79026300
2009-09-28,11.794591903686523,16.5,16.566667556762695,16.44333267211914,16.53333282470703,44375700
2009-09-29,11.730255126953125,16.40999984741211,16.559999465942383,16.393333435058594,16.549999237060547,51301200
2009-09-30,11.696898460388184,16.363332748413086,16.43666648864746,16.24333381652832,16.426666259765625,66273900
2009-10-01,11.675450325012207,16.333332061767578,16.456666946411133,16.24333381652832,16.356666564941406,67401300
2009-10-02,11.694512367248535,16.360000610351562,16.446666717529297,16.280000686645508,16.296667098999023,45281400
2009-10-05,11.689746856689453,16.35333251953125,16.39666748046875,16.28333282470703,16.333332061767578,42652500
2009-10-06,11.789825439453125,16.49333381652832,16.546667098999023,16.376667022705078,16.40999984741211,52748400
2009-10-07,11.792205810546875,16.496667861938477,16.566667556762695,16.440000534057617,16.510000228881836,34860600
2009-10-08,11.851774215698242,16.579999923706055,16.623332977294922,16.46666717529297,16.510000228881836,44885400
2009-10-09,11.906573295593262,16.656667709350586,16.676666259765625,16.540000915527344,16.60333251953125,49148400
2009-10-12,11.820798873901367,16.536666870117188,16.73666763305664,16.489999771118164,16.676666259765625,49072800
2009-10-13,11.994742393493652,16.780000686645508,16.860000610351562,16.549999237060547,16.559999465942383,62561700
2009-10-14,11.958995819091797,16.729999542236328,16.8799991607666,16.700000762939453,16.876667022705078,48216600
2009-10-15,12.140084266662598,16.983333587646484,16.996667861938477,16.733333587646484,16.760000228881836,65054700
2009-10-16,12.204421997070312,17.073333740234375,17.136667251586914,16.873332977294922,16.933332443237305,49629900
2009-10-19,12.364066123962402,17.296667098999023,17.323333740234375,17.083332061767578,17.116666793823242,46234200
2009-10-20,12.318792343139648,17.233333587646484,17.333332061767578,17.166667938232422,17.32666778564453,39724200
2009-10-21,12.063836097717285,16.876667022705078,17.323333740234375,16.786666870117188,17.22333335876465,65711400
2009-10-22,12.028101921081543,16.82666778564453,16.916667938232422,16.676666259765625,16.873332977294922,73812600
2009-10-23,12.018564224243164,16.81333351135254,16.90333366394043,16.65999984741211,16.893333435058594,45340200
2009-10-26,11.875603675842285,16.613332748413086,16.8700008392334,16.606666564941406,16.860000610351562,45821100
2009-10-27,11.882752418518066,16.623332977294922,16.703332901000977,16.59000015258789,16.65333366394043,46772100
2009-10-28,11.88990306854248,16.633333206176758,16.790000915527344,16.57666778564453,16.60333251953125,51051300
2009-10-29,12.00903606414795,16.799999237060547,16.823333740234375,16.60333251953125,16.71666717529297,43167300
2009-10-30,11.837477684020996,16.559999465942383,16.816667556762695,16.540000915527344,16.796667098999023,52905300
2009-11-02,11.98044204711914,16.760000228881836,16.78333282470703,16.56333351135254,16.60333251953125,45113100
2009-11-03,11.88990306854248,16.633333206176758,16.856666564941406,16.50666618347168,16.719999313354492,48612900
2009-11-04,12.00426959991455,16.793333053588867,16.926666259765625,16.6200008392334,16.68000030517578,43565100
2009-11-05,12.218717575073242,17.093332290649414,17.116666793823242,16.829999923706055,16.836666107177734,50059200
2009-11-06,12.211570739746094,17.083332061767578,17.09000015258789,16.899999618530273,17.010000228881836,37095900
2009-11-09,12.390275955200195,17.333332061767578,17.343332290649414,17.136667251586914,17.219999313354492,45853500
2009-11-10,12.464138984680176,17.43666648864746,17.489999771118164,17.253332138061523,17.25666618347168,50464500
2009-11-11,12.6214017868042,17.656667709350586,17.666667938232422,17.393333435058594,17.530000686645508,69892200
2009-11-12,12.685739517211914,17.746667861938477,17.913333892822266,17.703332901000977,17.790000915527344,84795300
2009-11-13,12.676206588745117,17.733333587646484,17.850000381469727,17.68666648864746,17.760000228881836,52907100
2009-11-16,12.666670799255371,17.719999313354492,17.81999969482422,17.60333251953125,17.78333282470703,46039200
2009-11-17,12.785816192626953,17.886667251586914,17.933332443237305,17.700000762939453,17.799999237060547,53133900
2009-11-18,12.902565956115723,18.049999237060547,18.133333206176758,17.8700008392334,17.933332443237305,40082700
2009-11-19,12.995491981506348,18.18000030517578,18.21666717529297,17.920000076293945,18.0,52104900
2009-11-20,12.93354320526123,18.093332290649414,18.290000915527344,18.0,18.176666259765625,45151500
2009-11-23,13.028851509094238,18.226667404174805,18.28333282470703,18.17333221435547,18.260000228881836,35796600
2009-11-24,13.069355010986328,18.28333282470703,18.30666732788086,18.176666259765625,18.253332138061523,31799700
2009-11-25,13.095566749572754,18.31999969482422,18.363332748413086,18.260000228881836,18.286666870117188,27189600
2009-11-27,13.016934394836426,18.209999084472656,18.280000686645508,18.030000686645508,18.030000686645508,22586100
2009-11-30,12.997868537902832,18.183332443237305,18.233333587646484,18.03333282470703,18.176666259765625,35786100
2009-12-01,13.045530319213867,18.25,18.360000610351562,18.206666946411133,18.28333282470703,36022800
2009-12-02,13.002642631530762,18.190000534057617,18.293333053588867,18.15999984741211,18.22333335876465,30120900
2009-12-03,12.971667289733887,18.14666748046875,18.25666618347168,18.10333251953125,18.24333381652832,34223700
2009-12-04,12.924006462097168,18.079999923706055,18.266666412353516,17.983333587646484,18.23666763305664,33363600
2009-12-07,13.088418960571289,18.309999465942383,18.32666778564453,18.046667098999023,18.046667098999023,34088100
2009-12-08,12.964513778686523,18.136667251586914,18.28333282470703,18.020000457763672,18.273332595825195,47524800
2009-12-09,12.948466300964355,18.023332595825195,18.09000015258789,17.920000076293945,18.079999923706055,38048400
2009-12-10,13.096946716308594,18.229999542236328,18.290000915527344,18.06999969482422,18.093332290649414,30339300
2009-12-11,13.08736801147461,18.21666717529297,18.333332061767578,18.213333129882812,18.273332595825195,34198800
2009-12-14,12.948466300964355,18.023332595825195,18.200000762939453,17.93666648864746,18.19333267211914,44623200
2009-12-15,12.926919937133789,17.99333381652832,18.023332595825195,17.829999923706055,17.98666763305664,45641100
2009-12-16,12.768869400024414,17.773332595825195,18.07666778564453,17.709999084472656,18.06999969482422,51537600
2009-12-17,12.634757041931152,17.586666107177734,17.733333587646484,17.453332901000977,17.700000762939453,46921200
2009-12-18,12.656312942504883,17.616666793823242,17.68666648864746,17.43666648864746,17.68666648864746,78155700
2009-12-21,12.788019180297852,17.799999237060547,17.84666633605957,17.643333435058594,17.64666748046875,40296300
2009-12-22,12.773655891418457,17.780000686645508,17.916667938232422,17.75,17.81999969482422,35872200
2009-12-23,12.768869400024414,17.773332595825195,17.8700008392334,17.75,17.816667556762695,25893000
2009-12-24,12.835917472839355,17.866666793823242,17.913333892822266,17.790000915527344,17.80666732788086,13419300
2009-12-28,12.926919937133789,17.99333381652832,17.996667861938477,17.8700008392334,17.93000030517578,22275900
2009-12-29,12.958048820495605,18.036666870117188,18.066667556762695,17.96666717529297,17.989999771118164,21792600
2009-12-30,13.003552436828613,18.100000381469727,18.116666793823242,17.963333129882812,17.976667404174805,20391000
2009-12-31,12.799992561340332,17.816667556762695,18.123332977294922,17.80666732788086,18.083332061767578,29294400
2010-01-04,12.98679256439209,18.07666778564453,18.22333335876465,17.889999389648438,17.913333892822266,62259300
2010-01-05,12.857471466064453,17.89666748046875,18.06333351135254,17.856666564941406,18.030000686645508,46945200
2010-01-06,12.828733444213867,17.856666564941406,17.94333267211914,17.80666732788086,17.833332061767578,37551600
2010-01-07,12.835917472839355,17.866666793823242,17.916667938232422,17.753332138061523,17.906667709350586,31988100
2010-01-08,12.771260261535645,17.77666664123535,17.843332290649414,17.67333221435547,17.809999465942383,34089600
2010-01-11,12.982000350952148,18.06999969482422,18.14666748046875,17.700000762939453,17.77666664123535,41963100
2010-01-12,13.106528282165527,18.24333381652832,18.25,17.953332901000977,18.0,45351000
2010-01-13,13.173574447631836,18.336666107177734,18.399999618530273,18.136667251586914,18.26333236694336,39872100
2010-01-14,12.982000350952148,18.06999969482422,18.280000686645508,18.053333282470703,18.24333381652832,41316000
2010-01-15,12.855074882507324,17.893333435058594,18.183332443237305,17.866666793823242,18.113332748413086,57262500
2010-01-19,12.93889331817627,18.010000228881836,18.086666107177734,17.833332061767578,17.969999313354492,43855500
2010-01-20,12.898181915283203,17.953332901000977,17.979999542236328,17.74333381652832,17.97333335876465,39925800
2010-01-21,12.67307186126709,17.639999389648438,18.023332595825195,17.613332748413086,18.023332595825195,48086100
2010-01-22,12.677865982055664,17.64666748046875,17.823333740234375,17.56333351135254,17.65333366394043,58247700
2010-01-25,12.663496971130371,17.626667022705078,17.739999771118164,17.593332290649414,17.713333129882812,36009900
2010-01-26,12.838316917419434,17.8700008392334,17.953332901000977,17.57666778564453,17.606666564941406,46752000
2010-01-27,12.788019180297852,17.799999237060547,17.92333221435547,17.700000762939453,17.84000015258789,39576300
2010-01-28,12.598835945129395,17.536666870117188,17.816667556762695,17.503332138061523,17.793333053588867,50880300
2010-01-29,12.795209884643555,17.809999465942383,18.049999237060547,17.799999237060547,17.893333435058594,72842400
2010-02-01,12.807184219360352,17.82666778564453,17.926666259765625,17.770000457763672,17.873332977294922,33058500
2010-02-02,12.809576988220215,17.829999923706055,17.906667709350586,17.77666664123535,17.863332748413086,34163700
2010-02-03,12.996366500854492,18.09000015258789,18.166667938232422,17.8799991607666,17.90999984741211,53966700
2010-02-04,12.685049057006836,17.656667709350586,18.100000381469727,17.65333366394043,17.959999084472656,63089700
2010-02-05,12.799992561340332,17.816667556762695,17.843332290649414,17.586666107177734,17.59000015258789,46637400
2010-02-08,12.675469398498535,17.643333435058594,17.84666633605957,17.639999389648438,17.793333053588867,31517700
2010-02-09,12.752099990844727,17.75,17.873332977294922,17.606666564941406,17.73666763305664,32475000
2010-02-10,12.749711036682129,17.746667861938477,17.833332061767578,17.65333366394043,17.75666618347168,28225200
2010-02-11,12.711386680603027,17.69333267211914,17.816667556762695,17.636667251586914,17.709999084472656,34738800
2010-02-12,12.668283462524414,17.633333206176758,17.703332901000977,17.553333282470703,17.703332901000977,51115200
2010-02-16,12.826342582702637,17.85333251953125,17.906667709350586,17.633333206176758,17.746667861938477,47313600
2010-02-17,12.946075439453125,18.020000457763672,18.083332061767578,17.883333206176758,17.89666748046875,46602600
2010-02-18,12.80478572845459,17.823333740234375,17.833332061767578,17.636667251586914,17.733333587646484,88372500
2010-02-19,12.809576988220215,17.829999923706055,17.860000610351562,17.690000534057617,17.729999542236328,45271200
2010-02-22,12.890996932983398,17.94333267211914,17.97333335876465,17.780000686645508,17.84000015258789,36291600
2010-02-23,12.840707778930664,17.873332977294922,18.02666664123535,17.816667556762695,17.916667938232422,42414000
2010-02-24,12.91254997253418,17.97333335876465,17.983333587646484,17.82666778564453,17.913333892822266,31872600
2010-02-25,12.967630386352539,18.049999237060547,18.093332290649414,17.75,17.81999969482422,40530300
2010-02-26,12.948466300964355,18.023332595825195,18.079999923706055,17.833332061767578,18.073333740234375,47858700
2010-03-01,12.907760620117188,17.96666717529297,18.043333053588867,17.84666633605957,18.01333236694336,36386100
2010-03-02,12.833524703979492,17.863332748413086,17.963333129882812,17.823333740234375,17.94333267211914,42245100
2010-03-03,12.850293159484863,17.886667251586914,17.916667938232422,17.71666717529297,17.78333282470703,34893600
2010-03-04,12.92212963104248,17.98666763305664,18.030000686645508,17.916667938232422,18.00666618347168,33635400
2010-03-05,12.965234756469727,18.046667098999023,18.05666732788086,17.833332061767578,17.989999771118164,34125300
2010-03-08,12.967630386352539,18.049999237060547,18.093332290649414,17.976667404174805,18.003332138061523,22670100
2010-03-09,12.946075439453125,18.020000457763672,18.166667938232422,17.97333335876465,18.040000915527344,37753800
2010-03-10,12.915491104125977,17.876667022705078,18.00666618347168,17.843332290649414,17.889999389648438,38091000
2010-03-11,12.99737548828125,17.989999771118164,17.996667861938477,17.843332290649414,17.8799991607666,32021700
2010-03-12,12.980515480041504,17.96666717529297,18.079999923706055,17.93000030517578,18.053333282470703,31433700
2010-03-15,13.34657096862793,18.47333335876465,18.51333236694336,18.116666793823242,18.1299991607666,73121700
2010-03-16,13.483847618103027,18.663333892822266,18.75666618347168,18.53333282470703,18.626667022705078,55359000
2010-03-17,13.4669771194458,18.639999389648438,18.709999084472656,18.553333282470703,18.683332443237305,37485600
2010-03-18,13.47179889678955,18.64666748046875,18.649999618530273,18.51333236694336,18.6299991607666,28416600
2010-03-19,13.327309608459473,18.446666717529297,18.75666618347168,18.383333206176758,18.446666717529297,51552300
2010-03-22,13.394731521606445,18.540000915527344,18.64666748046875,18.376667022705078,18.43666648864746,29622300
2010-03-23,13.459759712219238,18.6299991607666,18.666667938232422,18.536666870117188,18.543333053588867,28107900
2010-03-24,13.385098457336426,18.52666664123535,18.666667938232422,18.476667404174805,18.57666778564453,26096700
2010-03-25,13.392325401306152,18.536666870117188,18.663333892822266,18.53333282470703,18.543333053588867,29379300
2010-03-26,13.36824893951416,18.503332138061523,18.65333366394043,18.489999771118164,18.536666870117188,29841900
2010-03-29,13.42363166809082,18.579999923706055,18.583332061767578,18.476667404174805,18.5,29329500
2010-03-30,13.464573860168457,18.636667251586914,18.683332443237305,18.553333282470703,18.593332290649414,20823900
2010-03-31,13.389918327331543,18.53333282470703,18.633333206176758,18.5,18.60333251953125,29900700
2010-04-01,13.363428115844727,18.496667861938477,18.616666793823242,18.389999389648438,18.583332061767578,35364300
2010-04-05,13.363428115844727,18.496667861938477,18.57666778564453,18.406667709350586,18.566667556762695,32246400
2010-04-06,13.373063087463379,18.510000228881836,18.543333053588867,18.43000030517578,18.479999542236328,28701600
2010-04-07,13.312849998474121,18.426666259765625,18.633333206176758,18.3799991607666,18.5,38805600
2010-04-08,13.336939811706543,18.459999084472656,18.566667556762695,18.386667251586914,18.43000030517578,33419100
2010-04-09,13.262284278869629,18.356666564941406,18.459999084472656,18.209999084472656,18.459999084472656,37605300
2010-04-12,13.250240325927734,18.34000015258789,18.366666793823242,18.19333267211914,18.34000015258789,35862900
2010-04-13,13.177984237670898,18.239999771118164,18.40333366394043,18.219999313354492,18.303333282470703,38553300
2010-04-14,13.158729553222656,18.213333129882812,18.303333282470703,18.113332748413086,18.209999084472656,44060700
2010-04-15,13.035906791687012,18.043333053588867,18.1200008392334,17.97333335876465,18.049999237060547,52977900
2010-04-16,13.031086921691895,18.036666870117188,18.196666717529297,17.946666717529297,18.036666870117188,57696000
2010-04-19,13.098520278930664,18.1299991607666,18.15999984741211,18.0,18.0,33946800
2010-04-20,13.129825592041016,18.17333221435547,18.273332595825195,18.126667022705078,18.163333892822266,27276900
2010-04-21,13.11778736114502,18.156667709350586,18.190000534057617,18.059999465942383,18.14666748046875,34497900
2010-04-22,13.122600555419922,18.163333892822266,18.21666717529297,18.049999237060547,18.123332977294922,32763600
2010-04-23,13.132235527038574,18.176666259765625,18.203332901000977,17.97333335876465,18.156667709350586,49787400
2010-04-26,13.014232635498047,18.01333236694336,18.233333587646484,18.003332138061523,18.176666259765625,44253000
2010-04-27,13.014232635498047,18.01333236694336,18.139999389648438,17.843332290649414,17.866666793823242,57523800
2010-04-28,12.910677909851074,17.8700008392334,18.03333282470703,17.84000015258789,17.97333335876465,44712600
2010-04-29,12.932350158691406,17.899999618530273,18.07666778564453,17.850000381469727,17.886667251586914,39960000
2010-04-30,12.917900085449219,17.8799991607666,18.049999237060547,17.8799991607666,17.940000534057617,48838200
2010-05-03,12.941981315612793,17.913333892822266,17.983333587646484,17.823333740234375,17.959999084472656,36903000
2010-05-04,13.009415626525879,18.00666618347168,18.190000534057617,17.850000381469727,17.863332748413086,56012700
2010-05-05,13.190032005310059,18.25666618347168,18.316667556762695,17.940000534057617,18.036666870117188,49829700
2010-05-06,12.819159507751465,17.74333381652832,18.260000228881836,17.176666259765625,18.116666793823242,72202500
2010-05-07,12.619275093078613,17.46666717529297,17.873332977294922,17.266666412353516,17.68000030517578,86835300
2010-05-10,12.662622451782227,17.52666664123535,17.746667861938477,17.27666664123535,17.68666648864746,81270900
2010-05-11,12.633723258972168,17.48666763305664,17.59000015258789,17.389999389648438,17.450000762939453,58869900
2010-05-12,12.711966514587402,17.49333381652832,17.520000457763672,17.376667022705078,17.5,40830300
2010-05-13,12.692583084106445,17.46666717529297,17.656667709350586,17.453332901000977,17.543333053588867,37374000
2010-05-14,12.624763488769531,17.373332977294922,17.566667556762695,17.34000015258789,17.469999313354492,55944900
2010-05-17,12.772523880004883,17.57666778564453,17.639999389648438,17.34666633605957,17.469999313354492,50836200
2010-05-18,13.009902954101562,17.90333366394043,18.149999618530273,17.733333587646484,17.773332595825195,96683100
2010-05-19,12.847610473632812,17.68000030517578,17.920000076293945,17.59666633605957,17.843332290649414,61256100
2010-05-20,12.426143646240234,17.100000381469727,17.65333366394043,17.100000381469727,17.456666946411133,81768000
2010-05-21,12.443090438842773,17.123332977294922,17.123332977294922,16.836666107177734,16.90999984741211,73645800
2010-05-24,12.35346794128418,17.0,17.18000030517578,16.96666717529297,17.01333236694336,40673400
2010-05-25,12.179068565368652,16.760000228881836,16.833332061767578,16.666667938232422,16.75,72187200
2010-05-26,12.116089820861816,16.67333221435547,16.866666793823242,16.670000076293945,16.786666870117188,57234300
2010-05-27,12.280801773071289,16.899999618530273,16.90999984741211,16.773332595825195,16.84000015258789,41941200
2010-05-28,12.2468900680542,16.85333251953125,16.976667404174805,16.833332061767578,16.916667938232422,42058500
2010-06-01,12.33409309387207,16.97333335876465,17.170000076293945,16.84000015258789,16.933332443237305,48160800
2010-06-02,12.527876853942871,17.239999771118164,17.246667861938477,17.00666618347168,17.07666778564453,40997400
2010-06-03,12.527876853942871,17.239999771118164,17.360000610351562,17.15999984741211,17.24333381652832,31527300
2010-06-04,12.208133697509766,16.799999237060547,17.233333587646484,16.739999771118164,17.136667251586914,72125700
2010-06-07,12.290489196777344,16.913333892822266,17.123332977294922,16.773332595825195,16.81999969482422,58501800
2010-06-08,12.300179481506348,16.926666259765625,16.99333381652832,16.843332290649414,16.93000030517578,60946500
2010-06-09,12.351052284240723,16.996667861938477,17.1200008392334,16.863332748413086,16.98666763305664,49592700
2010-06-10,12.406761169433594,17.073333740234375,17.226667404174805,17.020000457763672,17.06999969482422,47551500
2010-06-11,12.319560050964355,16.953332901000977,17.09000015258789,16.850000381469727,16.989999771118164,42082200
2010-06-14,12.411609649658203,17.079999923706055,17.15333366394043,16.963333129882812,17.036666870117188,41700300
2010-06-15,12.508495330810547,17.213333129882812,17.21666717529297,17.020000457763672,17.066667556762695,42932400
2010-06-16,12.348628044128418,16.99333381652832,17.19333267211914,16.97333335876465,17.166667938232422,47702100
2010-06-17,12.452784538269043,17.136667251586914,17.163333892822266,16.98666763305664,17.016666412353516,38001900
2010-06-18,12.486693382263184,17.183332443237305,17.303333282470703,17.136667251586914,17.136667251586914,76277400
2010-06-21,12.358316421508789,17.00666618347168,17.293333053588867,16.90333366394043,17.23666763305664,43965600
2010-06-22,12.275958061218262,16.893333435058594,17.156667709350586,16.866666793823242,17.023332595825195,40974600
2010-06-23,12.30744457244873,16.93666648864746,17.01333236694336,16.799999237060547,16.920000076293945,47837700
2010-06-24,12.118514060974121,16.676666259765625,16.94333267211914,16.649999618530273,16.90999984741211,44457600
2010-06-25,11.820574760437012,16.266666412353516,16.733333587646484,16.266666412353516,16.649999618530273,135999600
2010-06-28,12.007089614868164,16.523332595825195,16.59000015258789,16.336666107177734,16.35333251953125,44091600
2010-06-29,11.844797134399414,16.299999237060547,16.420000076293945,16.143333435058594,16.389999389648438,61052400
2010-06-30,11.643750190734863,16.023332595825195,16.323333740234375,16.003332138061523,16.31999969482422,55166400
2010-07-01,11.70915412902832,16.113332748413086,16.136667251586914,15.923333168029785,16.03333282470703,54343200
2010-07-02,11.62679386138916,16.0,16.14666748046875,15.946666717529297,16.14666748046875,40743900
2010-07-06,11.764863967895508,16.190000534057617,16.479999542236328,16.086666107177734,16.446666717529297,54676800
2010-07-07,11.849642753601074,16.30666732788086,16.323333740234375,16.053333282470703,16.219999313354492,48528600
2010-07-08,11.912618637084961,16.393333435058594,16.440000534057617,16.26333236694336,16.440000534057617,37950000
2010-07-09,11.97317886352539,16.476667404174805,16.516666412353516,16.383333206176758,16.416667938232422,34821600
2010-07-12,12.140314102172852,16.706666946411133,16.77666664123535,16.559999465942383,16.593332290649414,40322700
2010-07-13,12.242046356201172,16.84666633605957,16.89666748046875,16.700000762939453,16.78333282470703,39659400
2010-07-14,12.196024894714355,16.78333282470703,16.786666870117188,16.68000030517578,16.683332443237305,32124900
2010-07-15,12.210554122924805,16.803333282470703,16.81333351135254,16.636667251586914,16.780000686645508,36766800
2010-07-16,12.031316757202148,16.55666732788086,16.77666664123535,16.50666618347168,16.71666717529297,47766600
2010-07-19,11.994977951049805,16.50666618347168,16.60333251953125,16.363332748413086,16.573333740234375,35688000
2010-07-20,12.324402809143066,16.959999084472656,17.010000228881836,16.420000076293945,16.420000076293945,48851700
2010-07-21,12.196024894714355,16.78333282470703,17.0,16.703332901000977,17.0,36933300
2010-07-22,12.319560050964355,16.953332901000977,17.030000686645508,16.836666107177734,16.850000381469727,35952600
2010-07-23,12.515758514404297,17.22333335876465,17.270000457763672,16.96666717529297,16.969999313354492,39139200
2010-07-26,12.384963035583496,17.043333053588867,17.22333335876465,16.969999313354492,17.22333335876465,42336300
2010-07-27,12.343781471252441,16.98666763305664,17.100000381469727,16.886667251586914,16.933332443237305,36885600
2010-07-28,12.384963035583496,17.043333053588867,17.1299991607666,16.933332443237305,16.933332443237305,27985500
2010-07-29,12.368002891540527,17.020000457763672,17.260000228881836,16.933332443237305,17.07666778564453,28891500
2010-07-30,12.399493217468262,17.06333351135254,17.083332061767578,16.833332061767578,16.8700008392334,40654200
2010-08-02,12.452784538269043,17.136667251586914,17.233333587646484,16.983333587646484,17.183332443237305,41583000
2010-08-03,12.423718452453613,17.09666633605957,17.21666717529297,17.010000228881836,17.083332061767578,32005800
2010-08-04,12.49880599975586,17.200000762939453,17.23666763305664,17.003332138061523,17.01333236694336,24206700
2010-08-05,12.50365161895752,17.206666946411133,17.22333335876465,17.073333740234375,17.213333129882812,22317000
2010-08-06,12.544827461242676,17.26333236694336,17.26333236694336,17.036666870117188,17.139999389648438,24810900
2010-08-09,12.610230445861816,17.35333251953125,17.446666717529297,17.266666412353516,17.27666664123535,24796200
2010-08-10,12.6489896774292,17.406667709350586,17.49333381652832,17.229999542236328,17.303333282470703,26537400
2010-08-11,12.43044662475586,17.00666618347168,17.206666946411133,16.99333381652832,17.206666946411133,33918900
2010-08-12,12.28669261932373,16.809999465942383,16.926666259765625,16.670000076293945,16.85333251953125,38390700
2010-08-13,12.279387474060059,16.799999237060547,16.913333892822266,16.666667938232422,16.77666664123535,30285900
2010-08-16,12.28182601928711,16.803333282470703,16.856666564941406,16.68666648864746,16.72333335876465,28946100
2010-08-17,12.43044662475586,17.00666618347168,17.206666946411133,16.886667251586914,16.93000030517578,48946500
2010-08-18,12.391459465026855,16.953332901000977,17.106666564941406,16.873332977294922,17.0,47235000
2010-08-19,12.196547508239746,16.68666648864746,16.98666763305664,16.666667938232422,16.899999618530273,46902300
2010-08-20,12.235525131225586,16.739999771118164,16.823333740234375,16.676666259765625,16.72333335876465,35105100
2010-08-23,12.459678649902344,17.046667098999023,17.166667938232422,16.796667098999023,16.856666564941406,43973400
2010-08-24,12.498662948608398,17.100000381469727,17.239999771118164,16.866666793823242,16.889999389648438,50102400
2010-08-25,12.55956745147705,17.183332443237305,17.26333236694336,17.030000686645508,17.083332061767578,44527200
2010-08-26,12.41826343536377,16.989999771118164,17.206666946411133,16.916667938232422,17.206666946411133,35696100
2010-08-27,12.425564765930176,17.0,17.083332061767578,16.906667709350586,17.00666618347168,35805000
2010-08-30,12.315935134887695,16.850000381469727,17.083332061767578,16.843332290649414,17.00666618347168,25507500
2010-08-31,12.216042518615723,16.713333129882812,17.03333282470703,16.706666946411133,16.836666107177734,76078200
2010-09-01,12.474297523498535,17.066667556762695,17.143333435058594,16.81999969482422,16.829999923706055,40294500
2010-09-02,12.610735893249512,17.253332138061523,17.270000457763672,17.040000915527344,17.040000915527344,33618300
2010-09-03,12.678954124450684,17.34666633605957,17.363332748413086,17.183332443237305,17.286666870117188,28839300
2010-09-07,12.635098457336426,17.286666870117188,17.520000457763672,17.280000686645508,17.356666564941406,31751400
2010-09-08,12.627785682678223,17.27666664123535,17.32666778564453,17.17333221435547,17.296667098999023,26880000
2010-09-09,12.647281646728516,17.303333282470703,17.366666793823242,17.280000686645508,17.35333251953125,21869100
2010-09-10,12.661901473999023,17.323333740234375,17.356666564941406,17.239999771118164,17.299999237060547,24481200
2010-09-13,12.72037410736084,17.40333366394043,17.489999771118164,17.336666107177734,17.416667938232422,23604000
2010-09-14,12.830009460449219,17.553333282470703,17.676666259765625,17.383333206176758,17.386667251586914,33604200
2010-09-15,12.878734588623047,17.6200008392334,17.700000762939453,17.469999313354492,17.489999771118164,30594300
2010-09-16,12.949393272399902,17.71666717529297,17.760000228881836,17.516666412353516,17.553333282470703,32228100
2010-09-17,12.915282249450684,17.670000076293945,17.77666664123535,17.626667022705078,17.72333335876465,62399400
2010-09-20,13.044410705566406,17.84666633605957,17.889999389648438,17.696666717529297,17.700000762939453,27780300
2010-09-21,13.05172061920166,17.856666564941406,17.98666763305664,17.773332595825195,17.84000015258789,28275300
2010-09-22,13.112626075744629,17.940000534057617,18.0,17.816667556762695,17.84000015258789,29730000
2010-09-23,13.07121467590332,17.883333206176758,17.97333335876465,17.843332290649414,17.90999984741211,21873600
2010-09-24,13.175971031188965,18.02666664123535,18.1299991607666,17.946666717529297,17.983333587646484,29305200
2010-09-27,13.029791831970215,17.82666778564453,18.003332138061523,17.823333740234375,17.969999313354492,25986600
2010-09-28,13.112626075744629,17.940000534057617,17.996667861938477,17.683332443237305,17.843332290649414,33441900
2010-09-29,12.998119354248047,17.78333282470703,17.93666648864746,17.703332901000977,17.933332443237305,29592300
2010-09-30,13.039538383483887,17.84000015258789,17.996667861938477,17.713333129882812,17.843332290649414,32703000
2010-10-01,13.00055980682373,17.786666870117188,17.873332977294922,17.733333587646484,17.866666793823242,24688200
2010-10-04,13.05172061920166,17.856666564941406,17.899999618530273,17.713333129882812,17.780000686645508,21427500
2010-10-05,13.15648365020752,18.0,18.083332061767578,17.94333267211914,17.979999542236328,30648000
2010-10-06,13.292922973632812,18.18666648864746,18.209999084472656,17.96666717529297,17.97333335876465,31241400
2010-10-07,13.244194984436035,18.1200008392334,18.273332595825195,18.01333236694336,18.219999313354492,23309400
2010-10-08,13.256375312805176,18.136667251586914,18.196666717529297,18.00666618347168,18.116666793823242,26380800
2010-10-11,13.305106163024902,18.203332901000977,18.246667861938477,18.143333435058594,18.17333221435547,21111900
2010-10-12,13.13698959350586,17.97333335876465,18.149999618530273,17.916667938232422,18.149999618530273,45104400
2010-10-13,13.112626075744629,17.940000534057617,18.17333221435547,17.90999984741211,18.059999465942383,40840800
2010-10-14,12.97375774383545,17.75,17.956666946411133,17.643333435058594,17.956666946411133,46640700
2010-10-15,12.998119354248047,17.78333282470703,17.860000610351562,17.67333221435547,17.786666870117188,37677000
2010-10-18,13.09800910949707,17.920000076293945,17.96666717529297,17.75,17.75,27689700
2010-10-19,12.990814208984375,17.773332595825195,17.920000076293945,17.709999084472656,17.816667556762695,30675000
2010-10-20,13.027355194091797,17.823333740234375,17.946666717529297,17.75,17.76333236694336,29226900
2010-10-21,13.16379451751709,18.010000228881836,18.113332748413086,17.863332748413086,17.89666748046875,28806600
2010-10-22,13.171101570129395,18.020000457763672,18.03333282470703,17.953332901000977,17.98666763305664,17386500
2010-10-25,13.144308090209961,17.983333587646484,18.133333206176758,17.96666717529297,18.059999465942383,23889300
2010-10-26,13.292922973632812,18.18666648864746,18.24333381652832,17.94333267211914,17.946666717529297,30880800
2010-10-27,13.124810218811035,17.956666946411133,18.209999084472656,17.850000381469727,18.079999923706055,39060900
2010-10-28,13.175971031188965,18.02666664123535,18.07666778564453,17.863332748413086,18.06333351135254,24550800
2010-10-29,13.19790267944336,18.05666732788086,18.196666717529297,17.8700008392334,18.01333236694336,24098700
2010-11-01,13.232013702392578,18.10333251953125,18.166667938232422,18.00666618347168,18.016666412353516,24622500
2010-11-02,13.348958969116211,18.26333236694336,18.329999923706055,18.163333892822266,18.183332443237305,26547600
2010-11-03,13.37820053100586,18.303333282470703,18.316667556762695,18.073333740234375,18.25666618347168,27567600
2010-11-04,13.487833976745605,18.453332901000977,18.5,18.316667556762695,18.333332061767578,39740400
2010-11-05,13.448854446411133,18.399999618530273,18.573333740234375,18.299999237060547,18.483333587646484,30784200
2010-11-08,13.37820053100586,18.303333282470703,18.360000610351562,18.170000076293945,18.303333282470703,29823300
2010-11-09,13.41230583190918,18.350000381469727,18.40333366394043,18.27666664123535,18.360000610351562,30141300
2010-11-10,13.280738830566406,18.170000076293945,18.253332138061523,18.030000686645508,18.253332138061523,33710700
2010-11-11,13.239322662353516,18.113332748413086,18.17333221435547,17.98666763305664,18.17333221435547,37698300
2010-11-12,13.188161849975586,18.043333053588867,18.113332748413086,17.953332901000977,18.03333282470703,32033400
2010-11-15,13.144308090209961,17.983333587646484,18.116666793823242,17.956666946411133,18.05666732788086,34378500
2010-11-16,13.219830513000488,18.086666107177734,18.450000762939453,18.079999923706055,18.190000534057617,70665600
2010-11-17,13.100449562072754,17.92333221435547,18.14666748046875,17.85333251953125,18.116666793823242,43514100
2010-11-18,13.15161418914795,17.99333381652832,18.21666717529297,17.96666717529297,18.046667098999023,34761900
2010-11-19,13.251502990722656,18.1299991607666,18.149999618530273,17.983333587646484,18.03333282470703,30922500
2010-11-22,13.249065399169922,18.126667022705078,18.200000762939453,17.97333335876465,18.066667556762695,28505400
2010-11-23,13.07608699798584,17.889999389648438,18.086666107177734,17.85333251953125,18.066667556762695,41554200
2010-11-24,13.158918380737305,18.003332138061523,18.059999465942383,17.913333892822266,17.913333892822266,30937200
2010-11-26,13.093135833740234,17.913333892822266,17.976667404174805,17.856666564941406,17.89666748046875,12465000
2010-11-29,13.119941711425781,17.950000762939453,17.97333335876465,17.809999465942383,17.883333206176758,32362800
2010-11-30,13.178415298461914,18.030000686645508,18.143333435058594,17.866666793823242,17.920000076293945,52670700
2010-12-01,13.327035903930664,18.233333587646484,18.28333282470703,18.1299991607666,18.139999389648438,53648700
2010-12-02,13.339218139648438,18.25,18.299999237060547,18.126667022705078,18.23666763305664,47324700
2010-12-03,13.30754566192627,18.206666946411133,18.253332138061523,18.10333251953125,18.209999084472656,30290700
2010-12-06,13.275867462158203,18.163333892822266,18.31333351135254,18.156667709350586,18.293333053588867,25898700
2010-12-07,13.422049522399902,18.363332748413086,18.446666717529297,18.18000030517578,18.18000030517578,47679900
2010-12-08,13.349288940429688,18.163333892822266,18.316667556762695,18.149999618530273,18.286666870117188,37439100
2010-12-09,13.312541961669922,18.113332748413086,18.25666618347168,18.106666564941406,18.239999771118164,32198400
2010-12-10,13.297842025756836,18.093332290649414,18.133333206176758,18.046667098999023,18.10333251953125,36149700
2010-12-13,13.280694007873535,18.06999969482422,18.133333206176758,18.0,18.10333251953125,33975600
2010-12-14,13.339491844177246,18.149999618530273,18.19333267211914,18.00666618347168,18.03333282470703,32238600
2010-12-15,13.285594940185547,18.07666778564453,18.113332748413086,18.01333236694336,18.07666778564453,31650600
2010-12-16,13.383583068847656,18.209999084472656,18.209999084472656,18.0,18.030000686645508,37005900
2010-12-17,13.329689979553223,18.136667251586914,18.25,18.126667022705078,18.226667404174805,64686600
2010-12-20,13.172901153564453,17.92333221435547,18.18666648864746,17.8700008392334,18.18666648864746,40846800
2010-12-21,13.143503189086914,17.883333206176758,17.953332901000977,17.8799991607666,17.920000076293945,24875700
2010-12-22,13.060205459594727,17.770000457763672,17.883333206176758,17.719999313354492,17.863332748413086,34376400
2010-12-23,13.131253242492676,17.866666793823242,17.89666748046875,17.713333129882812,17.72333335876465,27185100
2010-12-27,13.123903274536133,17.856666564941406,17.90999984741211,17.74333381652832,17.85333251953125,17628600
2010-12-28,13.165548324584961,17.913333892822266,17.976667404174805,17.836666107177734,17.876667022705078,20367300
2010-12-29,13.24884033203125,18.02666664123535,18.086666107177734,17.856666564941406,17.856666564941406,22886100
2010-12-30,13.246393203735352,18.023332595825195,18.06333351135254,17.946666717529297,18.0,18911400
2010-12-31,13.212096214294434,17.976667404174805,18.083332061767578,17.93000030517578,17.989999771118164,21281700
2011-01-03,13.366439819335938,18.18666648864746,18.266666412353516,18.049999237060547,18.07666778564453,42894900
2011-01-04,13.417886734008789,18.25666618347168,18.293333053588867,18.093332290649414,18.203332901000977,36463200
2011-01-05,13.329689979553223,18.136667251586914,18.356666564941406,18.106666564941406,18.25,42646800
2011-01-06,13.219446182250977,17.98666763305664,18.126667022705078,17.926666259765625,18.10333251953125,46756500
2011-01-07,13.24884033203125,18.02666664123535,18.049999237060547,17.920000076293945,17.963333129882812,23905800
2011-01-10,13.163101196289062,17.90999984741211,18.036666870117188,17.84666633605957,17.883333206176758,31437900
2011-01-11,13.300291061401367,18.09666633605957,18.17333221435547,17.90999984741211,17.983333587646484,36070200
2011-01-12,13.437482833862305,18.28333282470703,18.440000534057617,18.113332748413086,18.17333221435547,40659900
2011-01-13,13.422783851623535,18.26333236694336,18.453332901000977,18.229999542236328,18.233333587646484,38596800
2011-01-14,13.427682876586914,18.270000457763672,18.329999923706055,18.139999389648438,18.24333381652832,27856800
2011-01-18,13.508533477783203,18.3799991607666,18.46666717529297,18.25,18.3700008392334,31602600
2011-01-19,13.481581687927246,18.343332290649414,18.383333206176758,18.23666763305664,18.34666633605957,29685000
2011-01-20,13.71677303314209,18.663333892822266,18.75666618347168,18.373332977294922,18.373332977294922,58837500
2011-01-21,13.653074264526367,18.57666778564453,18.746667861938477,18.459999084472656,18.71666717529297,38876400
2011-01-24,13.731466293334961,18.683332443237305,18.683332443237305,18.433332443237305,18.463333129882812,33222600
2011-01-25,14.027898788452148,19.086666107177734,19.09666633605957,18.600000381469727,18.706666946411133,61443300
2011-01-26,14.0426025390625,19.106666564941406,19.25,19.0,19.1299991607666,39633600
2011-01-27,14.10384750366211,19.190000534057617,19.26333236694336,19.00666618347168,19.15333366394043,30519600
2011-01-28,13.89071273803711,18.899999618530273,19.299999237060547,18.833332061767578,19.229999542236328,43794600
2011-01-31,13.736366271972656,18.690000534057617,18.85333251953125,18.566667556762695,18.816667556762695,47065500
2011-02-01,13.800066947937012,18.77666664123535,18.860000610351562,18.636667251586914,18.790000915527344,38554800
2011-02-02,13.684919357299805,18.6200008392334,18.726667404174805,18.549999237060547,18.719999313354492,42115800
2011-02-03,13.699621200561523,18.639999389648438,18.68000030517578,18.463333129882812,18.639999389648438,33850800
2011-02-04,13.726564407348633,18.676666259765625,18.700000762939453,18.55666732788086,18.68000030517578,21318000
2011-02-07,13.736366271972656,18.690000534057617,18.746667861938477,18.610000610351562,18.690000534057617,20162100
2011-02-08,13.812313079833984,18.793333053588867,18.823333740234375,18.649999618530273,18.700000762939453,26458200
2011-02-09,13.898059844970703,18.90999984741211,18.90999984741211,18.700000762939453,18.753332138061523,25743900
2011-02-10,13.618780136108398,18.530000686645508,18.719999313354492,18.433332443237305,18.71666717529297,47286000
2011-02-11,13.643270492553711,18.56333351135254,18.626667022705078,18.43666648864746,18.510000228881836,28747500
2011-02-14,13.425237655639648,18.266666412353516,18.43666648864746,18.22333335876465,18.420000076293945,48821700
2011-02-15,13.461983680725098,18.316667556762695,18.350000381469727,18.170000076293945,18.260000228881836,33992100
2011-02-16,13.363985061645508,18.183332443237305,18.399999618530273,18.143333435058594,18.299999237060547,46191300
2011-02-17,13.41299057006836,18.25,18.299999237060547,18.116666793823242,18.17333221435547,25617000
2011-02-18,13.567328453063965,18.459999084472656,18.523332595825195,18.166667938232422,18.226667404174805,59923800
2011-02-22,13.148404121398926,17.889999389648438,18.003332138061523,17.649999618530273,17.93666648864746,86089800
2011-02-23,12.991608619689941,17.676666259765625,17.866666793823242,17.633333206176758,17.81999969482422,60355800
2011-02-24,12.761322975158691,17.363332748413086,17.72333335876465,17.293333053588867,17.709999084472656,70616100
2011-02-25,12.678028106689453,17.25,17.389999389648438,17.17333221435547,17.363332748413086,60968400
2011-02-28,12.734376907348633,17.32666778564453,17.476667404174805,17.226667404174805,17.25,53704500
2011-03-01,12.756425857543945,17.356666564941406,17.53333282470703,17.316667556762695,17.386667251586914,52932000
2011-03-02,12.731928825378418,17.323333740234375,17.456666946411133,17.239999771118164,17.42333221435547,33432600
2011-03-03,12.741726875305176,17.336666107177734,17.42333221435547,17.233333587646484,17.39666748046875,37542000
2011-03-04,12.756425857543945,17.356666564941406,17.496667861938477,17.24333381652832,17.46666717529297,47178000
2011-03-07,12.744174003601074,17.34000015258789,17.43000030517578,17.25,17.420000076293945,39093600
2011-03-08,12.847065925598145,17.479999542236328,17.51333236694336,17.336666107177734,17.366666793823242,35746500
2011-03-09,12.993856430053711,17.55666732788086,17.613332748413086,17.406667709350586,17.42333221435547,34149000
2011-03-10,12.988924980163574,17.549999237060547,17.959999084472656,17.420000076293945,17.450000762939453,54933900
2011-03-11,12.974119186401367,17.530000686645508,17.649999618530273,17.3799991607666,17.546667098999023,43617900
2011-03-14,12.907508850097656,17.440000534057617,17.50666618347168,17.35333251953125,17.450000762939453,30649200
2011-03-15,12.843364715576172,17.35333251953125,17.450000762939453,17.126667022705078,17.25666618347168,41569800
2011-03-16,12.675609588623047,17.126667022705078,17.290000915527344,16.989999771118164,17.17333221435547,49214400
2011-03-17,12.67314338684082,17.123332977294922,17.290000915527344,17.01333236694336,17.246667861938477,32648100
2011-03-18,12.710152626037598,17.17333221435547,17.296667098999023,17.083332061767578,17.209999084472656,35415600
2011-03-21,12.808833122253418,17.30666732788086,17.333332061767578,17.226667404174805,17.24333381652832,26150100
2011-03-22,12.828566551208496,17.333332061767578,17.3799991607666,17.26333236694336,17.323333740234375,25284000
2011-03-23,12.739750862121582,17.213333129882812,17.293333053588867,17.126667022705078,17.28333282470703,40587000
2011-03-24,12.974119186401367,17.530000686645508,17.649999618530273,17.25666618347168,17.27666664123535,45207900
2011-03-25,12.91491413116455,17.450000762939453,17.55666732788086,17.426666259765625,17.520000457763672,22837800
2011-03-28,12.875439643859863,17.39666748046875,17.5,17.336666107177734,17.43666648864746,25064100
2011-03-29,12.892711639404297,17.420000076293945,17.459999084472656,17.34666633605957,17.350000381469727,26129100
2011-03-30,12.917384147644043,17.453332901000977,17.579999923706055,17.360000610351562,17.510000228881836,25660200
2011-03-31,12.840901374816895,17.350000381469727,17.440000534057617,17.296667098999023,17.383333206176758,32699100
2011-04-01,12.860640525817871,17.376667022705078,17.453332901000977,17.30666732788086,17.416667938232422,23879700
2011-04-04,12.988924980163574,17.549999237060547,17.610000610351562,17.35333251953125,17.43666648864746,27660300
2011-04-05,13.011123657226562,17.579999923706055,17.729999542236328,17.55666732788086,17.566667556762695,26605200
2011-04-06,13.070332527160645,17.65999984741211,17.73666763305664,17.55666732788086,17.55666732788086,25095300
2011-04-07,13.07526969909668,17.666667938232422,17.746667861938477,17.583332061767578,17.616666793823242,36501300
2011-04-08,12.961784362792969,17.51333236694336,17.71666717529297,17.42333221435547,17.670000076293945,29199900
2011-04-11,13.03085994720459,17.606666564941406,17.639999389648438,17.46666717529297,17.51333236694336,22400100
2011-04-12,13.203556060791016,17.84000015258789,17.916667938232422,17.55666732788086,17.56333351135254,40248900
2011-04-13,13.230693817138672,17.876667022705078,17.98666763305664,17.833332061767578,17.906667709350586,25788900
2011-04-14,13.198620796203613,17.833332061767578,17.913333892822266,17.739999771118164,17.82666778564453,22244400
2011-04-15,13.210952758789062,17.850000381469727,17.89666748046875,17.766666412353516,17.850000381469727,26143800
2011-04-18,13.151745796203613,17.770000457763672,17.883333206176758,17.636667251586914,17.69333267211914,28522200
2011-04-19,13.161616325378418,17.78333282470703,17.823333740234375,17.700000762939453,17.753332138061523,18443400
2011-04-20,13.24549388885498,17.89666748046875,17.983333587646484,17.8799991607666,17.916667938232422,22202400
2011-04-21,13.218358039855957,17.860000610351562,17.976667404174805,17.80666732788086,17.940000534057617,17559900
2011-04-25,13.166550636291504,17.790000915527344,17.886667251586914,17.74333381652832,17.866666793823242,17441400
2011-04-26,13.299765586853027,17.969999313354492,18.07666778564453,17.760000228881836,17.796667098999023,35973600
2011-04-27,13.425591468811035,18.139999389648438,18.203332901000977,17.959999084472656,17.959999084472656,29148300
2011-04-28,13.492195129394531,18.229999542236328,18.266666412353516,18.093332290649414,18.09666633605957,29473800
2011-04-29,13.56374454498291,18.32666778564453,18.386667251586914,18.110000610351562,18.136667251586914,29445600
2011-05-02,13.578543663024902,18.34666633605957,18.360000610351562,18.22333335876465,18.360000610351562,24530100
2011-05-03,13.682157516479492,18.48666763305664,18.59000015258789,18.31999969482422,18.360000610351562,33367800
2011-05-04,13.659960746765137,18.456666946411133,18.59666633605957,18.399999618530273,18.43666648864746,24491400
2011-05-05,13.585946083068848,18.356666564941406,18.53333282470703,18.296667098999023,18.383333206176758,33390300
2011-05-06,13.573614120483398,18.34000015258789,18.516666412353516,18.286666870117188,18.433332443237305,24127800
2011-05-09,13.593351364135742,18.366666793823242,18.453332901000977,18.233333587646484,18.323333740234375,19639500
2011-05-10,13.69942569732666,18.510000228881836,18.53333282470703,18.366666793823242,18.383333206176758,26265300
2011-05-11,13.700667381286621,18.389999389648438,18.536666870117188,18.34666633605957,18.3700008392334,28266600
2011-05-12,13.83725357055664,18.573333740234375,18.610000610351562,18.303333282470703,18.413333892822266,26850000
2011-05-13,13.83725357055664,18.573333740234375,18.676666259765625,18.446666717529297,18.59000015258789,26857500
2011-05-16,13.921685218811035,18.68666648864746,18.823333740234375,18.49333381652832,18.536666870117188,42520500
2011-05-17,13.792552947998047,18.51333236694336,18.76333236694336,18.413333892822266,18.520000457763672,43771500
2011-05-18,13.703152656555176,18.393333435058594,18.51333236694336,18.316667556762695,18.5,34248300
2011-05-19,13.777657508850098,18.49333381652832,18.53333282470703,18.34666633605957,18.40999984741211,23075400
2011-05-20,13.73046875,18.43000030517578,18.56333351135254,18.393333435058594,18.516666412353516,26396700
2011-05-23,13.71308422088623,18.406667709350586,18.5,18.329999923706055,18.329999923706055,22018200
2011-05-24,13.6038236618042,18.260000228881836,18.43666648864746,18.203332901000977,18.413333892822266,36721800
2011-05-25,13.549184799194336,18.18666648864746,18.233333587646484,18.066667556762695,18.209999084472656,30593400
2011-05-26,13.5640869140625,18.206666946411133,18.233333587646484,18.06333351135254,18.176666259765625,17315100
2011-05-27,13.583950996398926,18.233333587646484,18.363332748413086,18.206666946411133,18.25,15946500
2011-05-31,13.71308422088623,18.406667709350586,18.406667709350586,18.270000457763672,18.293333053588867,26703300
2011-06-01,13.484619140625,18.100000381469727,18.389999389648438,18.083332061767578,18.32666778564453,33544800
2011-06-02,13.298364639282227,17.850000381469727,18.06999969482422,17.71666717529297,18.06999969482422,44354700
2011-06-03,13.325685501098633,17.886667251586914,17.950000762939453,17.68000030517578,17.71666717529297,39862200
2011-06-06,13.350518226623535,17.920000076293945,18.06333351135254,17.833332061767578,17.953332901000977,33726900
2011-06-07,13.367903709411621,17.94333267211914,18.100000381469727,17.92333221435547,17.979999542236328,29724900
2011-06-08,13.33313274383545,17.89666748046875,17.97333335876465,17.809999465942383,17.8700008392334,34981800
2011-06-09,13.31574821472168,17.873332977294922,18.07666778564453,17.8700008392334,17.90999984741211,34022400
2011-06-10,13.092248916625977,17.573333740234375,17.946666717529297,17.56333351135254,17.889999389648438,43756200
2011-06-13,13.06741714477539,17.540000915527344,17.75,17.52666664123535,17.636667251586914,37635300
2011-06-14,13.139432907104492,17.636667251586914,17.753332138061523,17.59000015258789,17.6200008392334,26392200
2011-06-15,12.992911338806152,17.440000534057617,17.546667098999023,17.26333236694336,17.546667098999023,45972000
2011-06-16,13.119562149047852,17.610000610351562,17.656667709350586,17.399999618530273,17.48666763305664,35231100
2011-06-17,13.11707878112793,17.606666564941406,17.76333236694336,17.606666564941406,17.68666648864746,61692900
2011-06-20,13.171712875366211,17.68000030517578,17.833332061767578,17.566667556762695,17.566667556762695,45594300
2011-06-21,13.23380184173584,17.76333236694336,17.76333236694336,17.583332061767578,17.700000762939453,32673000
2011-06-22,13.164265632629395,17.670000076293945,17.76333236694336,17.610000610351562,17.700000762939453,31747500
2011-06-23,13.23380184173584,17.76333236694336,17.899999618530273,17.55666732788086,17.786666870117188,54463200
2011-06-24,13.01526165008545,17.469999313354492,17.80666732788086,17.450000762939453,17.729999542236328,62301300
2011-06-27,12.985467910766602,17.43000030517578,17.586666107177734,17.42333221435547,17.440000534057617,30501000
2011-06-28,13.045068740844727,17.510000228881836,17.510000228881836,17.3799991607666,17.479999542236328,32963100
2011-06-29,13.07238483428955,17.546667098999023,17.59666633605957,17.476667404174805,17.540000915527344,26600400
2011-06-30,13.196549415588379,17.713333129882812,17.719999313354492,17.516666412353516,17.553333282470703,29952900
2011-07-01,13.288430213928223,17.836666107177734,17.883333206176758,17.666667938232422,17.729999542236328,28439400
2011-07-05,13.258638381958008,17.796667098999023,17.85333251953125,17.67333221435547,17.780000686645508,27637500
2011-07-06,13.340579986572266,17.906667709350586,17.983333587646484,17.809999465942383,17.809999465942383,24234600
2011-07-07,13.531803131103516,18.163333892822266,18.270000457763672,18.06333351135254,18.190000534057617,38460900
2011-07-08,13.429985046386719,18.02666664123535,18.106666564941406,17.92333221435547,18.083332061767578,27399900
2011-07-11,13.377835273742676,17.956666946411133,18.02666664123535,17.899999618530273,17.940000534057617,22645200
2011-07-12,13.395219802856445,17.979999542236328,18.139999389648438,17.920000076293945,17.953332901000977,28457100
2011-07-13,13.415081024169922,18.00666618347168,18.09000015258789,17.946666717529297,18.023332595825195,30460200
2011-07-14,13.31823444366455,17.876667022705078,17.899999618530273,17.793333053588867,17.84000015258789,46566300
2011-07-15,13.31823444366455,17.876667022705078,17.989999771118164,17.81999969482422,17.90999984741211,30550500
2011-07-18,13.241249084472656,17.773332595825195,17.84666633605957,17.726667404174805,17.803333282470703,24658200
2011-07-19,13.402663230895996,17.989999771118164,18.010000228881836,17.780000686645508,17.799999237060547,25756200
2011-07-20,13.382801055908203,17.963333129882812,17.989999771118164,17.866666793823242,17.969999313354492,26573700
2011-07-21,13.526838302612305,18.156667709350586,18.229999542236328,17.969999313354492,18.0,31831800
2011-07-22,13.539246559143066,18.17333221435547,18.239999771118164,18.083332061767578,18.19333267211914,20407500
2011-07-25,13.402663230895996,17.989999771118164,18.133333206176758,17.983333587646484,18.010000228881836,24532800
2011-07-26,13.30830192565918,17.863332748413086,18.030000686645508,17.836666107177734,18.010000228881836,32794200
2011-07-27,13.223867416381836,17.75,17.916667938232422,17.72333335876465,17.81333351135254,36600300
2011-07-28,13.159296035766602,17.663333892822266,17.850000381469727,17.656667709350586,17.770000457763672,26725800
2011-07-29,13.089764595031738,17.56999969482422,17.71666717529297,17.55666732788086,17.593332290649414,39579600
2011-08-01,13.06741714477539,17.540000915527344,17.663333892822266,17.356666564941406,17.59666633605957,32064000
2011-08-02,12.833974838256836,17.226667404174805,17.516666412353516,17.22333335876465,17.413333892822266,45718800
2011-08-03,12.73464584350586,17.093332290649414,17.350000381469727,17.003332138061523,17.253332138061523,64366200
2011-08-04,12.441612243652344,16.700000762939453,16.996667861938477,16.690000534057617,16.996667861938477,78213600
2011-08-05,12.627861022949219,16.950000762939453,16.97333335876465,16.530000686645508,16.863332748413086,81896700
2011-08-08,12.14857006072998,16.30666732788086,17.110000610351562,16.25666618347168,16.933332443237305,99128700
2011-08-09,12.620412826538086,16.940000534057617,16.969999313354492,16.22333335876465,16.446666717529297,71966700
2011-08-10,12.10888957977295,16.136667251586914,16.68666648864746,16.10333251953125,16.67333221435547,81008700
2011-08-11,12.439068794250488,16.57666778564453,16.799999237060547,16.28333282470703,16.28333282470703,64798500
2011-08-12,12.44406795501709,16.583332061767578,16.770000457763672,16.426666259765625,16.700000762939453,45481200
2011-08-15,12.501596450805664,16.65999984741211,16.69333267211914,16.43000030517578,16.626667022705078,44489100
2011-08-16,12.98685359954834,17.30666732788086,17.49333381652832,17.040000915527344,17.14666748046875,76786500
2011-08-17,12.894304275512695,17.183332443237305,17.393333435058594,17.053333282470703,17.239999771118164,46540200
2011-08-18,12.954336166381836,17.26333236694336,17.316667556762695,16.770000457763672,16.836666107177734,75137100
2011-08-19,13.081905364990234,17.433332443237305,17.579999923706055,17.15999984741211,17.163333892822266,69107100
2011-08-22,13.054388999938965,17.39666748046875,17.546667098999023,17.360000610351562,17.413333892822266,41313900
2011-08-23,13.309526443481445,17.73666763305664,17.73666763305664,17.376667022705078,17.386667251586914,51510000
2011-08-24,13.349544525146484,17.790000915527344,17.80666732788086,17.60333251953125,17.67333221435547,34187100
2011-08-25,13.181961059570312,17.566667556762695,17.829999923706055,17.516666412353516,17.793333053588867,32912400
2011-08-26,13.231979370117188,17.633333206176758,17.746667861938477,17.316667556762695,17.59666633605957,31380600
2011-08-29,13.304521560668945,17.729999542236328,17.81333351135254,17.666667938232422,17.703332901000977,25431000
2011-08-30,13.211971282958984,17.606666564941406,17.709999084472656,17.469999313354492,17.6200008392334,40452600
2011-08-31,13.304521560668945,17.729999542236328,17.793333053588867,17.6200008392334,17.666667938232422,39690600
2011-09-01,13.169452667236328,17.549999237060547,17.850000381469727,17.549999237060547,17.733333587646484,37477800
2011-09-02,13.014366149902344,17.343332290649414,17.546667098999023,17.323333740234375,17.416667938232422,32428500
2011-09-06,12.926819801330566,17.226667404174805,17.26333236694336,16.956666946411133,17.15999984741211,51343200
2011-09-07,13.111920356750488,17.47333335876465,17.520000457763672,17.28333282470703,17.350000381469727,31210500
2011-09-08,13.0593900680542,17.40333366394043,17.583332061767578,17.35333251953125,17.360000610351562,34807500
2011-09-09,12.846781730651855,17.1200008392334,17.393333435058594,17.066667556762695,17.299999237060547,36083400
2011-09-12,12.96184253692627,17.273332595825195,17.27666664123535,16.940000534057617,16.950000762939453,33687900
2011-09-13,12.904311180114746,17.196666717529297,17.266666412353516,17.073333740234375,17.26333236694336,32312400
2011-09-14,13.056891441345215,17.399999618530273,17.59666633605957,17.19333267211914,17.23666763305664,37522800
2011-09-15,13.134429931640625,17.503332138061523,17.503332138061523,17.31333351135254,17.406667709350586,32997600
2011-09-16,13.169452667236328,17.549999237060547,17.71666717529297,17.516666412353516,17.583332061767578,107053800
2011-09-19,13.11942195892334,17.483333587646484,17.540000915527344,17.34666633605957,17.393333435058594,27086700
2011-09-20,13.079407691955566,17.43000030517578,17.639999389648438,17.389999389648438,17.479999542236328,25263600
2011-09-21,12.836776733398438,17.106666564941406,17.530000686645508,17.09666633605957,17.453332901000977,31421700
2011-09-22,12.576639175415039,16.760000228881836,17.07666778564453,16.64666748046875,16.883333206176758,63960900
2011-09-23,12.706705093383789,16.933332443237305,16.98666763305664,16.676666259765625,16.726667404174805,38109000
2011-09-26,12.96434211730957,17.27666664123535,17.28333282470703,16.933332443237305,16.979999542236328,34081800
2011-09-27,13.014366149902344,17.343332290649414,17.6200008392334,17.266666412353516,17.453332901000977,34477500
2011-09-28,12.834277153015137,17.10333251953125,17.47333335876465,17.09666633605957,17.373332977294922,34380600
2011-09-29,12.989358901977539,17.309999465942383,17.46666717529297,17.106666564941406,17.270000457763672,31033200
2011-09-30,12.981854438781738,17.299999237060547,17.530000686645508,17.23666763305664,17.28333282470703,40857900
2011-10-03,12.99686050415039,17.31999969482422,17.639999389648438,17.28333282470703,17.293333053588867,46500600
2011-10-04,13.226981163024902,17.626667022705078,17.65999984741211,17.209999084472656,17.246667861938477,56092500
2011-10-05,13.169452667236328,17.549999237060547,17.75,17.376667022705078,17.566667556762695,40813500
2011-10-06,13.194461822509766,17.583332061767578,17.633333206176758,17.44333267211914,17.579999923706055,30063600
2011-10-07,13.432088851928711,17.899999618530273,18.010000228881836,17.633333206176758,17.69333267211914,41738700
2011-10-10,13.709736824035645,18.270000457763672,18.393333435058594,18.06333351135254,18.06333351135254,36565200
2011-10-11,13.68722152709961,18.239999771118164,18.26333236694336,18.1299991607666,18.260000228881836,30640500
2011-10-12,13.80728530883789,18.399999618530273,18.796667098999023,18.333332061767578,18.350000381469727,66291900
2011-10-13,13.762266159057617,18.34000015258789,18.43666648864746,18.239999771118164,18.34666633605957,31503300
2011-10-14,13.872321128845215,18.48666763305664,18.489999771118164,18.209999084472656,18.426666259765625,32118000
2011-10-17,13.70223617553711,18.260000228881836,18.48666763305664,18.15999984741211,18.26333236694336,26910600
2011-10-18,13.979880332946777,18.6299991607666,18.729999542236328,18.270000457763672,18.31333351135254,42211200
2011-10-19,14.069928169250488,18.75,18.809999465942383,18.566667556762695,18.56999969482422,38955600
2011-10-20,14.09994125366211,18.790000915527344,18.959999084472656,18.683332443237305,18.733333587646484,37937400
2011-10-21,14.23751449584961,18.97333335876465,19.139999389648438,18.883333206176758,18.913333892822266,43495800
2011-10-24,14.202498435974121,18.926666259765625,19.0,18.866666793823242,18.959999084472656,27838500
2011-10-25,14.184986114501953,18.90333366394043,19.049999237060547,18.850000381469727,18.886667251586914,30312900
2011-10-26,14.350071907043457,19.123332977294922,19.14666748046875,18.866666793823242,19.03333282470703,38174100
2011-10-27,14.460129737854004,19.270000457763672,19.31999969482422,19.149999618530273,19.266666412353516,45976500
2011-10-28,14.2950439453125,19.049999237060547,19.290000915527344,18.98666763305664,19.28333282470703,33878400
2011-10-31,14.187499046325684,18.906667709350586,19.09666633605957,18.860000610351562,18.860000610351562,28442700
2011-11-01,14.064921379089355,18.74333381652832,18.913333892822266,18.559999465942383,18.606666564941406,41364300
2011-11-02,14.22250747680664,18.953332901000977,19.06333351135254,18.84666633605957,18.92333221435547,26760900
2011-11-03,14.362578392028809,19.139999389648438,19.176666259765625,18.866666793823242,19.016666412353516,28726800
2011-11-04,14.382590293884277,19.166667938232422,19.166667938232422,18.96666717529297,19.02666664123535,21018300
2011-11-07,14.492646217346191,19.31333351135254,19.31999969482422,19.016666412353516,19.113332748413086,25560300
2011-11-08,14.837833404541016,19.773332595825195,19.799999237060547,19.28333282470703,19.34000015258789,60312900
2011-11-09,14.520164489746094,19.350000381469727,19.643333435058594,19.200000762939453,19.510000228881836,41840400
2011-11-10,14.540175437927246,19.376667022705078,19.496667861938477,19.170000076293945,19.44333267211914,28230000
2011-11-11,14.807811737060547,19.733333587646484,19.75,19.459999084472656,19.503332138061523,25193700
2011-11-14,14.730274200439453,19.6299991607666,19.65999984741211,19.453332901000977,19.60333251953125,31656300
2011-11-15,14.372586250305176,19.15333366394043,19.350000381469727,19.07666778564453,19.323333740234375,48017700
2011-11-16,14.17747974395752,18.893333435058594,19.139999389648438,18.8799991607666,19.03333282470703,35342400
2011-11-17,14.189988136291504,18.90999984741211,19.06333351135254,18.753332138061523,18.84666633605957,30671400
2011-11-18,14.315051078796387,19.07666778564453,19.1200008392334,18.8700008392334,19.010000228881836,26946900
2011-11-21,14.172480583190918,18.886667251586914,19.09666633605957,18.793333053588867,18.976667404174805,29796600
2011-11-22,14.220005989074707,18.950000762939453,19.043333053588867,18.833332061767578,18.85333251953125,22491900
2011-11-23,14.16747760772705,18.8799991607666,19.0,18.773332595825195,18.883333206176758,24781200
2011-11-25,14.230009078979492,18.963333129882812,19.110000610351562,18.89666748046875,18.89666748046875,12776400
2011-11-28,14.320059776306152,19.083332061767578,19.333332061767578,19.0,19.176666259765625,27864300
2011-11-29,14.550175666809082,19.389999389648438,19.433332443237305,19.113332748413086,19.113332748413086,32451600
2011-11-30,14.732775688171387,19.633333206176758,19.666667938232422,19.43666648864746,19.586666107177734,44535600
2011-12-01,14.660240173339844,19.536666870117188,19.71666717529297,19.48666763305664,19.546667098999023,26361900
2011-12-02,14.530162811279297,19.363332748413086,19.656667709350586,19.34666633605957,19.626667022705078,33597300
2011-12-05,14.592702865600586,19.446666717529297,19.503332138061523,19.333332061767578,19.420000076293945,31545600
2011-12-06,14.702753067016602,19.593332290649414,19.670000076293945,19.46666717529297,19.523332595825195,34204800
2011-12-07,14.726664543151855,19.503332138061523,19.733333587646484,19.420000076293945,19.450000762939453,47263800
2011-12-08,14.59327220916748,19.32666778564453,19.516666412353516,19.290000915527344,19.463333129882812,31050900
2011-12-09,14.678853034973145,19.440000534057617,19.496667861938477,19.156667709350586,19.386667251586914,30176700
2011-12-12,14.62095832824707,19.363332748413086,19.479999542236328,19.253332138061523,19.290000915527344,30111300
2011-12-13,14.497633934020996,19.200000762939453,19.450000762939453,19.139999389648438,19.376667022705078,32916300
2011-12-14,14.51021957397461,19.21666717529297,19.373332977294922,19.17333221435547,19.239999771118164,26952600
2011-12-15,14.585724830627441,19.316667556762695,19.46666717529297,19.27666664123535,19.27666664123535,25672200
2011-12-16,14.666261672973633,19.42333221435547,19.496667861938477,19.363332748413086,19.433332443237305,44741700
2011-12-19,14.542932510375977,19.260000228881836,19.523332595825195,19.203332901000977,19.433332443237305,21706200
2011-12-20,14.897823333740234,19.729999542236328,19.75666618347168,19.413333892822266,19.456666946411133,33202200
2011-12-21,14.948161125183105,19.796667098999023,19.886667251586914,19.719999313354492,19.729999542236328,25723500
2011-12-22,14.897823333740234,19.729999542236328,19.84666633605957,19.683332443237305,19.803333282470703,23705100
2011-12-23,15.099181175231934,19.996667861938477,20.0,19.713333129882812,19.773332595825195,18571800
2011-12-27,15.058905601501465,19.94333267211914,19.99333381652832,19.886667251586914,19.983333587646484,14599200
2011-12-28,15.033742904663086,19.90999984741211,19.979999542236328,19.876667022705078,19.92333221435547,15725100
2011-12-29,15.099181175231934,19.996667861938477,19.996667861938477,19.780000686645508,19.906667709350586,18996600
2011-12-30,15.041295051574707,19.920000076293945,19.979999542236328,19.89666748046875,19.963333129882812,13995900
2012-01-03,15.184762001037598,20.110000610351562,20.35333251953125,19.956666946411133,19.989999771118164,38006400
2012-01-04,15.028706550598145,19.90333366394043,20.116666793823242,19.823333740234375,20.06999969482422,28779900
2012-01-05,14.955711364746094,19.80666732788086,19.873332977294922,19.456666946411133,19.78333282470703,38304600
2012-01-06,14.850006103515625,19.666667938232422,19.816667556762695,19.623332977294922,19.80666732788086,24208200
2012-01-09,14.89530086517334,19.726667404174805,19.850000381469727,19.639999389648438,19.676666259765625,20037900
2012-01-10,14.860066413879395,19.68000030517578,19.90333366394043,19.65999984741211,19.809999465942383,20721900
2012-01-11,14.950682640075684,19.799999237060547,19.843332290649414,19.68000030517578,19.68666648864746,19096800
2012-01-12,14.975852966308594,19.833332061767578,20.0,19.799999237060547,19.93000030517578,21709200
2012-01-13,14.985916137695312,19.84666633605957,19.8700008392334,19.670000076293945,19.726667404174805,23187900
2012-01-17,15.06394100189209,19.950000762939453,20.036666870117188,19.84000015258789,19.956666946411133,25500000
2012-01-18,15.104212760925293,20.003332138061523,20.010000228881836,19.883333206176758,19.93000030517578,17734200
2012-01-19,15.255233764648438,20.203332901000977,20.24333381652832,19.916667938232422,19.976667404174805,27703800
2012-01-20,15.355903625488281,20.336666107177734,20.416667938232422,20.22333335876465,20.25,31136400
2012-01-23,15.330737113952637,20.303333282470703,20.32666778564453,20.170000076293945,20.270000457763672,21402300
2012-01-24,15.451556205749512,20.463333129882812,20.666667938232422,20.25,20.25,22088400
2012-01-25,15.471687316894531,20.489999771118164,20.536666870117188,20.34666633605957,20.393333435058594,17747400
2012-01-26,15.345837593078613,20.323333740234375,20.613332748413086,20.25666618347168,20.600000381469727,22308600
2012-01-27,15.28039836883545,20.23666763305664,20.373332977294922,20.18000030517578,20.286666870117188,18861900
2012-01-30,15.428897857666016,20.433332443237305,20.440000534057617,20.116666793823242,20.156667709350586,22910700
2012-01-31,15.443997383117676,20.453332901000977,20.523332595825195,20.19333267211914,20.510000228881836,29284500
2012-02-01,15.650390625,20.726667404174805,20.876667022705078,20.59666633605957,20.59666633605957,36391800
2012-02-02,15.58998966217041,20.64666748046875,20.823333740234375,20.606666564941406,20.799999237060547,18633900
2012-02-03,15.612641334533691,20.676666259765625,20.809999465942383,20.566667556762695,20.773332595825195,23181600
2012-02-06,15.574884414672852,20.626667022705078,20.65999984741211,20.566667556762695,20.616666793823242,16441800
2012-02-07,15.527067184448242,20.56333351135254,20.633333206176758,20.540000915527344,20.540000915527344,18253200
2012-02-08,15.509442329406738,20.540000915527344,20.67333221435547,20.40999984741211,20.636667251586914,21780000
2012-02-09,15.595015525817871,20.65333366394043,20.719999313354492,20.52666664123535,20.52666664123535,19359300
2012-02-10,15.579913139343262,20.633333206176758,20.636667251586914,20.459999084472656,20.559999465942383,16503000
2012-02-13,15.552227973937988,20.59666633605957,20.69333267211914,20.57666778564453,20.670000076293945,12525000
2012-02-14,15.660465240478516,20.739999771118164,20.746667861938477,20.59666633605957,20.636667251586914,15519300
2012-02-15,15.544677734375,20.586666107177734,20.81333351135254,20.530000686645508,20.773332595825195,17501100
2012-02-16,15.615155220031738,20.68000030517578,20.729999542236328,20.566667556762695,20.59000015258789,21769200
2012-02-17,15.725899696350098,20.82666778564453,20.856666564941406,20.636667251586914,20.773332595825195,24575400
2012-02-21,15.119316101074219,20.023332595825195,20.166667938232422,19.889999389648438,20.110000610351562,71684400
2012-02-22,14.749319076538086,19.53333282470703,19.96666717529297,19.456666946411133,19.860000610351562,85890600
2012-02-23,14.734220504760742,19.51333236694336,19.633333206176758,19.40333366394043,19.530000686645508,44640900
2012-02-24,14.79714298248291,19.59666633605957,19.649999618530273,19.5,19.583332061767578,29777700
2012-02-27,14.71408748626709,19.48666763305664,19.593332290649414,19.43000030517578,19.566667556762695,36776400
2012-02-28,14.832387924194336,19.643333435058594,19.700000762939453,19.450000762939453,19.479999542236328,32285700
2012-02-29,14.870135307312012,19.69333267211914,19.77666664123535,19.573333740234375,19.613332748413086,34453200
2012-03-01,14.804703712463379,19.606666564941406,19.80666732788086,19.546667098999023,19.786666870117188,48851700
2012-03-02,14.852523803710938,19.670000076293945,19.760000228881836,19.600000381469727,19.663333892822266,29544300
2012-03-05,14.950682640075684,19.799999237060547,19.863332748413086,19.583332061767578,19.65333366394043,28953000
2012-03-06,14.842453002929688,19.656667709350586,19.739999771118164,19.583332061767578,19.68000030517578,27171300
2012-03-07,15.066458702087402,19.953332901000977,19.953332901000977,19.703332901000977,19.703332901000977,44750700
2012-03-08,15.144498825073242,19.92333221435547,19.983333587646484,19.816667556762695,19.946666717529297,23386800
2012-03-09,15.223050117492676,20.02666664123535,20.066667556762695,19.94333267211914,19.94333267211914,18878700
2012-03-12,15.37507438659668,20.226667404174805,20.299999237060547,20.030000686645508,20.05666732788086,22730400
2012-03-13,15.456151008605957,20.333332061767578,20.360000610351562,20.17333221435547,20.309999465942383,26203800
2012-03-14,15.47642993927002,20.360000610351562,20.383333206176758,20.229999542236328,20.280000686645508,19125000
2012-03-15,15.514436721801758,20.40999984741211,20.420000076293945,20.260000228881836,20.296667098999023,20265000
2012-03-16,15.415611267089844,20.280000686645508,20.489999771118164,20.25666618347168,20.469999313354492,36231300
2012-03-19,15.390277862548828,20.246667861938477,20.293333053588867,20.15333366394043,20.19333267211914,24755700
2012-03-20,15.354805946350098,20.200000762939453,20.286666870117188,20.09666633605957,20.110000610351562,23734500
2012-03-21,15.34466552734375,20.18666648864746,20.239999771118164,20.123332977294922,20.149999618530273,21908400
2012-03-22,15.367469787597656,20.21666717529297,20.25666618347168,20.07666778564453,20.07666778564453,17132400
2012-03-23,15.392809867858887,20.25,20.28333282470703,20.136667251586914,20.203332901000977,20873100
2012-03-26,15.506828308105469,20.399999618530273,20.440000534057617,20.253332138061523,20.299999237060547,18644400
2012-03-27,15.478962898254395,20.363332748413086,20.5,20.34000015258789,20.450000762939453,22054800
2012-03-28,15.504304885864258,20.39666748046875,20.49333381652832,20.32666778564453,20.383333206176758,21372000
2012-03-29,15.41054630279541,20.273332595825195,20.316667556762695,20.206666946411133,20.25666618347168,20075100
2012-03-30,15.506828308105469,20.399999618530273,20.47333335876465,20.30666732788086,20.356666564941406,20824200
2012-04-02,15.547369956970215,20.453332901000977,20.496667861938477,20.323333740234375,20.360000610351562,19397700
2012-04-03,15.367469787597656,20.21666717529297,20.469999313354492,20.079999923706055,20.3799991607666,33540300
2012-04-04,15.268651008605957,20.086666107177734,20.196666717529297,20.00666618347168,20.176666259765625,32555100
2012-04-05,15.372543334960938,20.22333335876465,20.229999542236328,20.023332595825195,20.066667556762695,19586100
2012-04-09,15.235713958740234,20.043333053588867,20.113332748413086,20.02666664123535,20.073333740234375,20495100
2012-04-10,15.185040473937988,19.976667404174805,20.1299991607666,19.850000381469727,20.010000228881836,28659300
2012-04-11,15.15210247039795,19.933332443237305,20.09666633605957,19.886667251586914,20.09666633605957,23243100
2012-04-12,15.238253593444824,20.046667098999023,20.066667556762695,19.85333251953125,19.933332443237305,22103100
2012-04-13,15.144498825073242,19.92333221435547,20.06999969482422,19.916667938232422,20.0,20077800
2012-04-16,15.349735260009766,20.19333267211914,20.270000457763672,19.956666946411133,19.979999542236328,20533800
2012-04-17,15.67659854888916,20.623332977294922,20.649999618530273,20.363332748413086,20.3700008392334,32029200
2012-04-18,15.724745750427246,20.68666648864746,20.75,20.516666412353516,20.516666412353516,23871900
2012-04-19,15.646198272705078,20.583332061767578,20.683332443237305,20.489999771118164,20.65333366394043,19138800
2012-04-20,15.823553085327148,20.816667556762695,20.829999923706055,20.553333282470703,20.566667556762695,26993100
2012-04-23,15.086222648620605,19.84666633605957,20.079999923706055,19.709999084472656,19.71666717529297,114021900
2012-04-24,14.637738227844238,19.25666618347168,19.78333282470703,19.21666717529297,19.753332138061523,90271800
2012-04-25,14.533853530883789,19.1200008392334,19.476667404174805,19.059999465942383,19.303333282470703,84035400
2012-04-26,14.936727523803711,19.649999618530273,19.809999465942383,19.190000534057617,19.196666717529297,75278700
2012-04-27,14.957000732421875,19.676666259765625,19.81999969482422,19.64666748046875,19.726667404174805,27083700
2012-04-30,14.926595687866211,19.636667251586914,19.663333892822266,19.510000228881836,19.606666564941406,22447800
2012-05-01,14.96713638305664,19.690000534057617,19.75666618347168,19.49333381652832,19.649999618530273,29747100
2012-05-02,14.951936721801758,19.670000076293945,19.773332595825195,19.606666564941406,19.65333366394043,22043100
2012-05-03,14.94686508178711,19.663333892822266,19.733333587646484,19.60333251953125,19.733333587646484,20675700
2012-05-04,14.873383522033691,19.566667556762695,19.726667404174805,19.559999465942383,19.6200008392334,20833500
2012-05-07,14.997537612915039,19.729999542236328,19.786666870117188,19.516666412353516,19.516666412353516,25974600
2012-05-08,14.962065696716309,19.683332443237305,19.790000915527344,19.543333053588867,19.68666648864746,30819900
2012-05-09,15.05849552154541,19.676666259765625,19.746667861938477,19.42333221435547,19.49333381652832,33472800
2012-05-10,15.099308013916016,19.729999542236328,19.8700008392334,19.696666717529297,19.78333282470703,23222100
2012-05-11,15.157983779907227,19.80666732788086,19.883333206176758,19.60333251953125,19.69333267211914,22420800
2012-05-14,15.06870174407959,19.690000534057617,19.850000381469727,19.639999389648438,19.696666717529297,18603000
2012-05-15,15.140121459960938,19.78333282470703,19.883333206176758,19.649999618530273,19.649999618530273,31684200
2012-05-16,15.099308013916016,19.729999542236328,19.886667251586914,19.71666717529297,19.843332290649414,32514300
2012-05-17,15.734504699707031,20.559999465942383,20.833332061767578,20.416667938232422,20.446666717529297,87877200
2012-05-18,15.925832748413086,20.809999465942383,20.876667022705078,20.586666107177734,20.623332977294922,49892100
2012-05-21,16.08144187927246,21.01333236694336,21.03333282470703,20.713333129882812,20.793333053588867,33449700
2012-05-22,16.257463455200195,21.24333381652832,21.316667556762695,20.96666717529297,20.996667861938477,36223200
2012-05-23,16.474292755126953,21.52666664123535,21.56333351135254,21.09666633605957,21.1299991607666,47046600
2012-05-24,16.599288940429688,21.690000534057617,21.726667404174805,21.48666763305664,21.56999969482422,33908100
2012-05-25,16.660518646240234,21.770000457763672,21.833332061767578,21.600000381469727,21.6200008392334,30539700
2012-05-29,16.754901885986328,21.893333435058594,21.920000076293945,21.73666763305664,21.799999237060547,30110700
2012-05-30,16.69367790222168,21.81333351135254,21.983333587646484,21.77666664123535,21.803333282470703,29939100
2012-05-31,16.790616989135742,21.940000534057617,22.219999313354492,21.793333053588867,21.799999237060547,50296500
2012-06-01,16.72174072265625,21.850000381469727,21.959999084472656,21.709999084472656,21.809999465942383,45902100
2012-06-04,16.833984375,21.996667861938477,22.043333053588867,21.799999237060547,21.96666717529297,41630400
2012-06-05,16.708984375,21.833332061767578,21.96666717529297,21.809999465942383,21.913333892822266,28023000
2012-06-06,16.81867790222168,21.976667404174805,21.989999771118164,21.81999969482422,21.866666793823242,32540700
2012-06-07,16.803375244140625,21.956666946411133,22.02666664123535,21.926666259765625,22.02666664123535,37640100
2012-06-08,17.402856826782227,22.739999771118164,22.74333381652832,22.02666664123535,22.06333351135254,54037800
2012-06-11,17.226839065551758,22.510000228881836,22.82666778564453,22.489999771118164,22.796667098999023,31474200
2012-06-12,17.275304794311523,22.573333740234375,22.616666793823242,22.433332443237305,22.55666732788086,26963400
2012-06-13,17.109493255615234,22.356666564941406,22.583332061767578,22.31999969482422,22.530000686645508,32246700
2012-06-14,17.252355575561523,22.543333053588867,22.59666633605957,22.363332748413086,22.366666793823242,29983200
2012-06-15,17.282955169677734,22.583332061767578,22.68666648864746,22.530000686645508,22.683332443237305,38226000
2012-06-18,17.37734603881836,22.706666946411133,22.760000228881836,22.476667404174805,22.489999771118164,22660500
2012-06-19,17.298259735107422,22.60333251953125,22.75,22.566667556762695,22.696666717529297,23718000
2012-06-20,17.479387283325195,22.84000015258789,22.84666633605957,22.593332290649414,22.6200008392334,26969400
2012-06-21,17.27020263671875,22.566667556762695,22.886667251586914,22.559999465942383,22.829999923706055,29530800
2012-06-22,17.16815948486328,22.433332443237305,22.78333282470703,22.39666748046875,22.696666717529297,34202100
2012-06-25,17.39265251159668,22.726667404174805,22.74333381652832,22.35333251953125,22.35333251953125,35491800
2012-06-26,17.494691848754883,22.860000610351562,22.97333335876465,22.75,22.82666778564453,32435400
2012-06-27,17.497241973876953,22.863332748413086,22.916667938232422,22.753332138061523,22.863332748413086,26393400
2012-06-28,17.42326545715332,22.766666412353516,22.78333282470703,22.496667861938477,22.639999389648438,25735200
2012-06-29,17.78550148010254,23.239999771118164,23.239999771118164,22.85333251953125,22.979999542236328,31990200
2012-07-02,17.691123962402344,23.116666793823242,23.316667556762695,23.049999237060547,23.200000762939453,31275600
2012-07-03,18.048255920410156,23.583332061767578,23.59000015258789,23.100000381469727,23.21666717529297,28184100
2012-07-05,18.132434844970703,23.69333267211914,23.766666412353516,23.456666946411133,23.456666946411133,37321500
2012-07-06,18.203866958618164,23.786666870117188,23.786666870117188,23.57666778564453,23.57666778564453,24027600
2012-07-09,18.305904388427734,23.920000076293945,23.920000076293945,23.67333221435547,23.753332138061523,33451200
2012-07-10,18.395187377929688,24.036666870117188,24.19333267211914,23.8799991607666,23.976667404174805,39984600
2012-07-11,18.43345069885254,24.086666107177734,24.14666748046875,23.926666259765625,24.043333053588867,36731700
2012-07-12,18.446212768554688,24.10333251953125,24.206666946411133,23.8799991607666,24.023332595825195,30587400
2012-07-13,18.66815185546875,24.393333435058594,24.413333892822266,24.049999237060547,24.09000015258789,24540300
2012-07-16,18.61712074279785,24.32666778564453,24.393333435058594,24.19333267211914,24.30666732788086,24241800
2012-07-17,18.647737503051758,24.366666793823242,24.366666793823242,24.10333251953125,24.299999237060547,36528900
2012-07-18,18.583969116210938,24.28333282470703,24.48666763305664,24.239999771118164,24.296667098999023,28485300
2012-07-19,18.24722671508789,23.843332290649414,24.286666870117188,23.40999984741211,24.28333282470703,50634000
2012-07-20,18.43090057373047,24.083332061767578,24.163333892822266,23.770000457763672,23.81999969482422,33156000
2012-07-23,18.328857421875,23.950000762939453,23.996667861938477,23.753332138061523,23.873332977294922,19969500
2012-07-24,18.40283966064453,24.046667098999023,24.079999923706055,23.816667556762695,23.893333435058594,22427100
2012-07-25,18.387540817260742,24.02666664123535,24.15333366394043,23.956666946411133,24.086666107177734,20945700
2012-07-26,18.793142318725586,24.55666732788086,24.649999618530273,24.229999542236328,24.233333587646484,24577200
2012-07-27,19.009984970092773,24.84000015258789,24.933332443237305,24.59666633605957,24.613332748413086,32584500
2012-07-30,19.127323150634766,24.99333381652832,25.079999923706055,24.816667556762695,24.81999969482422,27436800
2012-07-31,18.987018585205078,24.809999465942383,24.99333381652832,24.809999465942383,24.920000076293945,24968700
2012-08-01,18.7803897857666,24.540000915527344,24.93000030517578,24.47333335876465,24.899999618530273,29097000
2012-08-02,18.890079498291016,24.683332443237305,24.719999313354492,24.31333351135254,24.350000381469727,24279000
2012-08-03,19.017629623413086,24.850000381469727,24.98666763305664,24.75,24.913333892822266,26220000
2012-08-06,18.948755264282227,24.760000228881836,24.97333335876465,24.760000228881836,24.97333335876465,18352500
2012-08-07,18.87478256225586,24.663333892822266,24.866666793823242,24.656667709350586,24.803333282470703,22843500
2012-08-08,19.058921813964844,24.770000457763672,24.836666107177734,24.476667404174805,24.549999237060547,19734900
2012-08-09,18.94094467163086,24.616666793823242,24.84000015258789,24.586666107177734,24.760000228881836,15854100
2012-08-10,18.897350311279297,24.559999465942383,24.75,24.476667404174805,24.616666793823242,16932600
2012-08-13,18.825536727905273,24.46666717529297,24.56333351135254,24.393333435058594,24.469999313354492,18903000
2012-08-14,18.98198890686035,24.670000076293945,24.75666618347168,24.523332595825195,24.613332748413086,21726000
2012-08-15,19.094829559326172,24.816667556762695,24.84000015258789,24.606666564941406,24.636667251586914,23323200
2012-08-16,18.504928588867188,24.049999237060547,24.25,23.926666259765625,24.19333267211914,53439600
2012-08-17,18.46389389038086,23.996667861938477,24.229999542236328,23.946666717529297,24.136667251586914,29204700
2012-08-20,18.54340362548828,24.100000381469727,24.136667251586914,23.886667251586914,24.003332138061523,16646100
2012-08-21,18.320268630981445,23.809999465942383,24.113332748413086,23.809999465942383,24.100000381469727,22902600
2012-08-22,18.4074649810791,23.92333221435547,23.950000762939453,23.78333282470703,23.78333282470703,19983000
2012-08-23,18.353612899780273,23.85333251953125,23.979999542236328,23.799999237060547,23.933332443237305,18015300
2012-08-24,18.49467658996582,24.036666870117188,24.066667556762695,23.78333282470703,23.796667098999023,15570300
2012-08-27,18.594701766967773,24.166667938232422,24.26333236694336,24.023332595825195,24.05666732788086,17300700
2012-08-28,18.571624755859375,24.136667251586914,24.23666763305664,24.053333282470703,24.059999465942383,14468100
2012-08-29,18.663949966430664,24.25666618347168,24.34000015258789,24.143333435058594,24.203332901000977,12692400
2012-08-30,18.530582427978516,24.083332061767578,24.25,24.049999237060547,24.209999084472656,15711600
2012-08-31,18.620346069335938,24.200000762939453,24.316667556762695,24.1200008392334,24.196666717529297,17655300
2012-09-04,18.853742599487305,24.503332138061523,24.613332748413086,24.190000534057617,24.25666618347168,25572300
2012-09-05,18.86400604248047,24.516666412353516,24.649999618530273,24.456666946411133,24.6200008392334,23892300
2012-09-06,19.18716812133789,24.93666648864746,24.93666648864746,24.613332748413086,24.65999984741211,19525500
2012-09-07,18.93325424194336,24.606666564941406,24.933332443237305,24.5,24.899999618530273,19864200
2012-09-10,18.853742599487305,24.503332138061523,24.706666946411133,24.5,24.6299991607666,19500300
2012-09-11,18.99481773376465,24.68666648864746,24.80666732788086,24.516666412353516,24.573333740234375,15874200
2012-09-12,18.997379302978516,24.690000534057617,24.78333282470703,24.583332061767578,24.68666648864746,12893400
2012-09-13,19.271808624267578,25.046667098999023,25.06333351135254,24.649999618530273,24.649999618530273,22222200
2012-09-14,19.107664108276367,24.833332061767578,24.996667861938477,24.753332138061523,24.946666717529297,25607100
2012-09-17,18.976856231689453,24.663333892822266,24.893333435058594,24.623332977294922,24.786666870117188,20563800
2012-09-18,18.96659278869629,24.649999618530273,24.72333335876465,24.559999465942383,24.616666793823242,15912300
2012-09-19,19.074317932128906,24.790000915527344,24.876667022705078,24.663333892822266,24.75,16967700
2012-09-20,19.171772003173828,24.916667938232422,24.940000534057617,24.773332595825195,24.773332595825195,13569600
2012-09-21,19.094829559326172,24.816667556762695,25.030000686645508,24.77666664123535,24.98666763305664,31686900
2012-09-24,19.169208526611328,24.913333892822266,24.98666763305664,24.726667404174805,24.733333587646484,13241100
2012-09-25,19.04610824584961,24.753332138061523,25.016666412353516,24.753332138061523,24.969999313354492,19274100
2012-09-26,19.02814483642578,24.729999542236328,24.946666717529297,24.713333129882812,24.719999313354492,14414700
2012-09-27,18.97429084777832,24.65999984741211,24.833332061767578,24.610000610351562,24.790000915527344,16170300
2012-09-28,18.92812156677246,24.600000381469727,24.68666648864746,24.47333335876465,24.6200008392334,18063000
2012-10-01,18.992244720458984,24.683332443237305,24.829999923706055,24.600000381469727,24.600000381469727,13986900
2012-10-02,18.915298461914062,24.583332061767578,24.786666870117188,24.543333053588867,24.65999984741211,12709500
2012-10-03,19.030715942382812,24.733333587646484,24.916667938232422,24.583332061767578,24.676666259765625,24494100
2012-10-04,19.164077758789062,24.906667709350586,25.003332138061523,24.836666107177734,24.836666107177734,15002700
2012-10-05,19.269243240356445,25.043333053588867,25.166667938232422,24.963333129882812,24.979999542236328,15615300
2012-10-08,19.30000877380371,25.083332061767578,25.183332443237305,25.020000457763672,25.053333282470703,13637700
2012-10-09,19.01532745361328,24.713333129882812,25.126667022705078,24.709999084472656,25.053333282470703,24921900
2012-10-10,19.343616485595703,25.139999389648438,25.60333251953125,24.8799991607666,24.883333206176758,58094400
2012-10-11,19.23845863342285,25.003332138061523,25.536666870117188,24.983333587646484,25.53333282470703,24976500
2012-10-12,19.443645477294922,25.270000457763672,25.34666633605957,25.100000381469727,25.139999389648438,24087900
2012-10-15,19.787328720092773,25.71666717529297,25.78333282470703,25.18666648864746,25.290000915527344,29008800
2012-10-16,19.72577476501465,25.636667251586914,25.866666793823242,25.56333351135254,25.866666793823242,18930300
2012-10-17,19.756546020507812,25.676666259765625,25.833332061767578,25.49333381652832,25.77666664123535,22483500
2012-10-18,19.636011123657227,25.520000457763672,25.74333381652832,25.389999389648438,25.67333221435547,21977100
2012-10-19,19.394920349121094,25.206666946411133,25.56999969482422,25.143333435058594,25.52666664123535,20827500
2012-10-22,19.402610778808594,25.21666717529297,25.260000228881836,25.030000686645508,25.226667404174805,16276200
2012-10-23,19.17434310913086,24.920000076293945,25.163333892822266,24.836666107177734,25.016666412353516,17501700
2012-10-24,19.189729690551758,24.940000534057617,25.0,24.84000015258789,24.976667404174805,13749600
2012-10-25,19.317970275878906,25.106666564941406,25.166667938232422,24.963333129882812,25.100000381469727,13298700
2012-10-26,19.264110565185547,25.036666870117188,25.139999389648438,24.893333435058594,25.066667556762695,13340700
2012-10-31,19.241031646728516,25.00666618347168,25.226667404174805,24.709999084472656,25.083332061767578,19653600
2012-11-01,18.838356018066406,24.483333587646484,25.053333282470703,24.383333206176758,25.043333053588867,38830800
2012-11-02,18.663949966430664,24.25666618347168,24.523332595825195,24.23666763305664,24.48666763305664,25690500
2012-11-05,18.758840560913086,24.3799991607666,24.399999618530273,24.21666717529297,24.219999313354492,14303100
2012-11-06,18.91786003112793,24.586666107177734,24.760000228881836,24.376667022705078,24.389999389648438,16003200
2012-11-07,18.75115203857422,24.3700008392334,24.633333206176758,24.286666870117188,24.47333335876465,20429700
2012-11-08,18.58957290649414,24.15999984741211,24.65999984741211,24.15999984741211,24.336666107177734,21411300
2012-11-09,18.545970916748047,24.10333251953125,24.200000762939453,23.97333335876465,24.043333053588867,20674200
2012-11-12,18.58957290649414,24.15999984741211,24.200000762939453,23.96666717529297,24.09000015258789,13148400
2012-11-13,18.41773796081543,23.93666648864746,24.100000381469727,23.726667404174805,23.989999771118164,26932200
2012-11-14,18.289487838745117,23.770000457763672,24.0,23.69333267211914,23.953332901000977,27333900
2012-11-15,17.625207901000977,22.906667709350586,23.229999542236328,22.616666793823242,23.219999313354492,69146700
2012-11-16,17.4482479095459,22.676666259765625,22.89666748046875,22.626667022705078,22.863332748413086,36771300
2012-11-19,17.70215606689453,23.00666618347168,23.043333053588867,22.549999237060547,22.71666717529297,38507100
2012-11-20,17.697023391723633,23.0,23.079999923706055,22.816667556762695,23.079999923706055,28183800
2012-11-21,17.66880989074707,22.963333129882812,23.020000457763672,22.893333435058594,22.953332901000977,21118800
2012-11-23,18.00480079650879,23.399999618530273,23.413333892822266,22.959999084472656,23.113332748413086,15404700
2012-11-26,17.930421829223633,23.303333282470703,23.40999984741211,23.149999618530273,23.376667022705078,27219600
2012-11-27,17.825265884399414,23.166667938232422,23.389999389648438,23.149999618530273,23.299999237060547,22146900
2012-11-28,18.09713363647461,23.520000457763672,23.60333251953125,23.09666633605957,23.15333366394043,31489200
2012-11-29,18.166379928588867,23.610000610351562,23.68000030517578,23.376667022705078,23.49333381652832,28861500
2012-11-30,18.47159194946289,24.00666618347168,24.040000915527344,23.616666793823242,23.656667709350586,37455600
2012-12-03,18.29718780517578,23.780000686645508,24.113332748413086,23.780000686645508,24.036666870117188,27260400
2012-12-04,18.497238159179688,24.040000915527344,24.200000762939453,23.816667556762695,23.823333740234375,38461500
2012-12-05,18.478670120239258,23.883333206176758,24.00666618347168,23.74333381652832,23.979999542236328,28539600
2012-12-06,18.463197708129883,23.863332748413086,23.950000762939453,23.700000762939453,23.889999389648438,21498300
2012-12-07,18.64373016357422,24.09666633605957,24.196666717529297,23.950000762939453,23.96666717529297,21849000
2012-12-10,18.607622146606445,24.049999237060547,24.113332748413086,23.93000030517578,24.02666664123535,17704800
2012-12-11,18.282669067382812,23.6299991607666,24.233333587646484,23.606666564941406,24.083332061767578,43785000
2012-12-12,17.77975845336914,22.979999542236328,23.450000762939453,22.969999313354492,23.399999618530273,70205700
2012-12-13,17.8055477142334,23.01333236694336,23.1200008392334,23.0,23.01333236694336,42730500
2012-12-14,17.73076057434082,22.916667938232422,23.100000381469727,22.913333892822266,23.016666412353516,31506900
2012-12-17,17.846811294555664,23.066667556762695,23.170000076293945,22.963333129882812,22.98666763305664,31595100
2012-12-18,17.9241886138916,23.166667938232422,23.219999313354492,22.969999313354492,23.036666870117188,34769400
2012-12-19,17.67144012451172,22.84000015258789,23.166667938232422,22.84000015258789,23.143333435058594,29919600
2012-12-20,17.795228958129883,23.0,23.020000457763672,22.72333335876465,22.77666664123535,29058900
2012-12-21,17.704971313476562,22.883333206176758,23.053333282470703,22.75666618347168,22.956666946411133,39693000
2012-12-24,17.684335708618164,22.856666564941406,22.93666648864746,22.770000457763672,22.836666107177734,8714400
2012-12-26,17.534748077392578,22.663333892822266,22.883333206176758,22.57666778564453,22.85333251953125,18278700
2012-12-27,17.586334228515625,22.729999542236328,22.80666732788086,22.59666633605957,22.676666259765625,22152600
2012-12-28,17.436748504638672,22.536666870117188,22.78333282470703,22.51333236694336,22.636667251586914,16540200
2012-12-31,17.59663963317871,22.74333381652832,22.766666412353516,22.456666946411133,22.496667861938477,21037500
2013-01-02,17.857126235961914,23.079999923706055,23.079999923706055,22.816667556762695,22.976667404174805,31172400
2013-01-03,17.743648529052734,22.933332443237305,23.116666793823242,22.793333053588867,23.083332061767578,26730300
2013-01-04,17.810705184936523,23.020000457763672,23.059999465942383,22.780000686645508,22.90999984741211,19314000
2013-01-07,17.64048957824707,22.799999237060547,22.97333335876465,22.709999084472656,22.94333267211914,18604200
2013-01-08,17.689489364624023,22.863332748413086,22.963333129882812,22.73666763305664,22.760000228881836,17600700
2013-01-09,17.684335708618164,22.856666564941406,22.90333366394043,22.739999771118164,22.886667251586914,15165600
2013-01-10,17.630176544189453,22.786666870117188,23.010000228881836,22.573333740234375,22.886667251586914,34361400
2013-01-11,17.699810028076172,22.876667022705078,22.93000030517578,22.73666763305664,22.866666793823242,18673500
2013-01-14,17.614700317382812,22.766666412353516,22.889999389648438,22.703332901000977,22.829999923706055,16471200
2013-01-15,17.790075302124023,22.99333381652832,23.079999923706055,22.700000762939453,22.729999542236328,18421200
2013-01-16,17.849390029907227,23.06999969482422,23.123332977294922,22.963333129882812,22.979999542236328,14753700
2013-01-17,17.756547927856445,22.950000762939453,23.106666564941406,22.90333366394043,23.100000381469727,21697800
2013-01-18,17.846811294555664,23.066667556762695,23.066667556762695,22.950000762939453,22.950000762939453,23440200
2013-01-22,17.94481086730957,23.19333267211914,23.21666717529297,22.98666763305664,23.016666412353516,17243700
2013-01-23,17.921606063842773,23.163333892822266,23.213333129882812,23.049999237060547,23.1299991607666,19096200
2013-01-24,17.998979568481445,23.26333236694336,23.329999923706055,23.116666793823242,23.21666717529297,27417000
2013-01-25,17.795228958129883,23.0,23.333332061767578,22.976667404174805,23.303333282470703,23903100
2013-01-28,17.8854923248291,23.116666793823242,23.166667938232422,22.933332443237305,23.02666664123535,21164400
2013-01-29,18.02475929260254,23.296667098999023,23.399999618530273,23.066667556762695,23.06999969482422,28682700
2013-01-30,17.988664627075195,23.25,23.373332977294922,23.166667938232422,23.373332977294922,21061800
2013-01-31,18.040239334106445,23.316667556762695,23.479999542236328,23.229999542236328,23.229999542236328,21048600
2013-02-01,18.179500579833984,23.496667861938477,23.51333236694336,23.316667556762695,23.3700008392334,19349400
2013-02-04,17.957706451416016,23.209999084472656,23.299999237060547,23.043333053588867,23.14666748046875,32277900
2013-02-05,18.2517147064209,23.59000015258789,23.690000534057617,23.253332138061523,23.290000915527344,31576500
2013-02-06,18.390981674194336,23.770000457763672,23.773332595825195,23.433332443237305,23.49333381652832,29273400
2013-02-07,18.37034797668457,23.74333381652832,23.8799991607666,23.633333206176758,23.81333351135254,24920700
2013-02-08,18.434833526611328,23.82666778564453,23.8799991607666,23.690000534057617,23.733333587646484,17719800
2013-02-11,18.414201736450195,23.799999237060547,23.836666107177734,23.510000228881836,23.75,18607800
2013-02-12,18.414201736450195,23.799999237060547,23.886667251586914,23.700000762939453,23.829999923706055,14286000
2013-02-13,18.411619186401367,23.796667098999023,23.899999618530273,23.73666763305664,23.76333236694336,11905800
2013-02-14,18.264612197875977,23.606666564941406,23.74333381652832,23.583332061767578,23.700000762939453,20463000
2013-02-15,17.87259864807129,23.100000381469727,23.333332061767578,22.709999084472656,23.18000030517578,77051100
2013-02-19,17.733335494995117,22.920000076293945,23.149999618530273,22.84666633605957,23.06333351135254,44046900
2013-02-20,17.849390029907227,23.06999969482422,23.28333282470703,22.766666412353516,22.906667709350586,35920800
2013-02-21,18.120193481445312,23.420000076293945,23.823333740234375,23.239999771118164,23.333332061767578,61239300
2013-02-22,18.156295776367188,23.46666717529297,23.51333236694336,23.296667098999023,23.406667709350586,27495600
2013-02-25,18.166610717773438,23.479999542236328,23.780000686645508,23.479999542236328,23.5,35452800
2013-02-26,18.339406967163086,23.703332901000977,23.796667098999023,23.536666870117188,23.56333351135254,31672800
2013-02-27,18.48124885559082,23.886667251586914,23.98666763305664,23.52666664123535,23.639999389648438,26457000
2013-02-28,18.25429344177246,23.593332290649414,23.959999084472656,23.593332290649414,23.863332748413086,56650800
2013-03-01,18.501882553100586,23.913333892822266,23.96666717529297,23.593332290649414,23.593332290649414,26706900
2013-03-04,18.893892288208008,24.420000076293945,24.420000076293945,23.836666107177734,23.84000015258789,31701600
2013-03-05,19.012529373168945,24.573333740234375,24.68000030517578,24.329999923706055,24.489999771118164,27426000
2013-03-06,18.92483901977539,24.459999084472656,24.709999084472656,24.416667938232422,24.583332061767578,21448800
2013-03-07,18.909358978271484,24.440000534057617,24.536666870117188,24.399999618530273,24.496667861938477,20040000
2013-03-08,18.956090927124023,24.343332290649414,24.463333129882812,24.280000686645508,24.433332443237305,17233800
2013-03-11,18.943111419677734,24.32666778564453,24.413333892822266,24.270000457763672,24.363332748413086,15446100
2013-03-12,19.104042053222656,24.53333282470703,24.633333206176758,24.280000686645508,24.316667556762695,24460200
2013-03-13,19.117013931274414,24.549999237060547,24.733333587646484,24.51333236694336,24.6299991607666,15978300
2013-03-14,19.005403518676758,24.406667709350586,24.666667938232422,24.376667022705078,24.623332977294922,19059600
2013-03-15,18.818517684936523,24.166667938232422,24.5,24.143333435058594,24.336666107177734,51585300
2013-03-18,18.753629684448242,24.083332061767578,24.24333381652832,24.003332138061523,24.09666633605957,17313000
2013-03-19,18.805538177490234,24.149999618530273,24.290000915527344,24.06333351135254,24.139999389648438,17258400
2013-03-20,18.945707321166992,24.329999923706055,24.459999084472656,24.246667861938477,24.270000457763672,18960900
2013-03-21,18.98204803466797,24.376667022705078,24.489999771118164,24.28333282470703,24.290000915527344,16520100
2013-03-22,19.280550003051758,24.760000228881836,24.76333236694336,24.43000030517578,24.450000762939453,21971400
2013-03-25,19.428497314453125,24.950000762939453,25.036666870117188,24.706666946411133,24.713333129882812,31316100
2013-03-26,19.40772819519043,24.92333221435547,25.030000686645508,24.809999465942383,24.976667404174805,19927200
2013-03-27,19.410324096679688,24.926666259765625,24.98666763305664,24.746667861938477,24.770000457763672,17910900
2013-03-28,19.423311233520508,24.94333267211914,24.989999771118164,24.793333053588867,24.946666717529297,22104900
2013-04-01,19.57904815673828,25.143333435058594,25.309999465942383,24.96666717529297,25.0,25246200
2013-04-02,19.732189178466797,25.34000015258789,25.350000381469727,25.139999389648438,25.183332443237305,19928400
2013-04-03,19.72699546813965,25.333332061767578,25.559999465942383,25.239999771118164,25.43666648864746,22361700
2013-04-04,19.778913497924805,25.399999618530273,25.52666664123535,25.31999969482422,25.31999969482422,22524600
2013-04-05,19.828227996826172,25.463333129882812,25.469999313354492,25.143333435058594,25.183332443237305,17640900
2013-04-08,20.061840057373047,25.76333236694336,25.816667556762695,25.27666664123535,25.366666793823242,24225300
2013-04-09,20.277278900146484,26.040000915527344,26.15333366394043,25.67333221435547,25.746667861938477,26009700
2013-04-10,20.08260726928711,25.790000915527344,26.126667022705078,25.790000915527344,26.093332290649414,25797000
2013-04-11,20.191621780395508,25.93000030517578,26.123332977294922,25.75666618347168,25.786666870117188,21387300
2013-04-12,20.391494750976562,26.18666648864746,26.28333282470703,25.860000610351562,25.876667022705078,19010400
2013-04-15,20.368125915527344,26.156667709350586,26.426666259765625,26.143333435058594,26.14666748046875,25636500
2013-04-16,20.422639846801758,26.226667404174805,26.286666870117188,26.010000228881836,26.07666778564453,20563200
2013-04-17,20.378515243530273,26.170000076293945,26.356666564941406,26.036666870117188,26.176666259765625,21745800
2013-04-18,20.028091430664062,25.719999313354492,26.350000381469727,25.536666870117188,26.253332138061523,42656700
2013-04-19,20.3214054107666,26.09666633605957,26.14666748046875,25.799999237060547,25.833332061767578,23521500
2013-04-22,20.23834800720215,25.989999771118164,26.14666748046875,25.833332061767578,26.09666633605957,15464700
2013-04-23,20.529056549072266,26.363332748413086,26.406667709350586,26.016666412353516,26.036666870117188,19960800
2013-04-24,20.25391960144043,26.010000228881836,26.5,25.97333335876465,26.40999984741211,24250800
2013-04-25,20.414852142333984,26.21666717529297,26.27666664123535,25.959999084472656,26.059999465942383,17187300
2013-04-26,20.516082763671875,26.34666633605957,26.383333206176758,26.190000534057617,26.19333267211914,17770800
2013-04-29,20.347354888916016,26.1299991607666,26.416667938232422,26.049999237060547,26.360000610351562,18470400
2013-04-30,20.17345428466797,25.906667709350586,26.100000381469727,25.790000915527344,26.093332290649414,23897400
2013-05-01,20.261707305908203,26.020000457763672,26.219999313354492,25.89666748046875,25.950000762939453,18780900
2013-05-02,20.365537643432617,26.15333366394043,26.163333892822266,25.933332443237305,25.969999313354492,13558800
2013-05-03,20.57059097290039,26.416667938232422,26.446666717529297,26.299999237060547,26.30666732788086,16812300
2013-05-06,20.461565017700195,26.27666664123535,26.386667251586914,26.25666618347168,26.366666793823242,14417100
2013-05-07,20.461565017700195,26.27666664123535,26.3799991607666,26.25666618347168,26.366666793823242,19713300
2013-05-08,20.432846069335938,26.083332061767578,26.219999313354492,25.926666259765625,26.18666648864746,24025500
2013-05-09,20.472013473510742,26.133333206176758,26.31999969482422,25.96666717529297,26.10333251953125,19550400
2013-05-10,20.599964141845703,26.296667098999023,26.303333282470703,26.093332290649414,26.156667709350586,17493600
2013-05-13,20.498130798339844,26.166667938232422,26.31333351135254,25.97333335876465,26.266666412353516,23141700
2013-05-14,20.571237564086914,26.260000228881836,26.286666870117188,25.889999389648438,25.99333381652832,30041100
2013-05-15,20.853256225585938,26.6200008392334,26.65333366394043,26.21666717529297,26.266666412353516,24003300
2013-05-16,20.498130798339844,26.166667938232422,26.286666870117188,25.780000686645508,26.03333282470703,36385800
2013-05-17,20.3336181640625,25.956666946411133,26.196666717529297,25.799999237060547,26.100000381469727,32007900
2013-05-20,20.210895538330078,25.799999237060547,25.96666717529297,25.786666870117188,25.959999084472656,16747800
2013-05-21,20.208280563354492,25.796667098999023,26.059999465942383,25.75,25.873332977294922,22452900
2013-05-22,20.114273071289062,25.676666259765625,25.933332443237305,25.583332061767578,25.729999542236328,27093900
2013-05-23,19.931486129760742,25.44333267211914,25.64666748046875,25.416667938232422,25.610000610351562,24144600
2013-05-24,20.18738555908203,25.770000457763672,25.803333282470703,25.383333206176758,25.440000534057617,22768800
2013-05-28,20.189998626708984,25.773332595825195,26.01333236694336,25.68666648864746,25.84000015258789,18177600
2013-05-29,19.90538215637207,25.40999984741211,25.683332443237305,25.35333251953125,25.683332443237305,17646900
2013-05-30,19.748706817626953,25.209999084472656,25.51333236694336,25.203332901000977,25.496667861938477,18684000
2013-05-31,19.54241943359375,24.946666717529297,25.209999084472656,24.940000534057617,25.1200008392334,29237100
2013-06-03,19.764379501342773,25.229999542236328,25.266666412353516,24.8799991607666,25.020000457763672,25321500
2013-06-04,19.82965087890625,25.31333351135254,25.459999084472656,25.156667709350586,25.25666618347168,28032000
2013-06-05,19.64947509765625,25.083332061767578,25.316667556762695,25.023332595825195,25.239999771118164,20335800
2013-06-06,19.748706817626953,25.209999084472656,25.246667861938477,24.946666717529297,25.09000015258789,28275300
2013-06-07,19.931486129760742,25.44333267211914,25.623332977294922,25.39666748046875,25.459999084472656,25041600
2013-06-10,19.780046463012695,25.25,25.549999237060547,25.219999313354492,25.426666259765625,20194500
2013-06-11,19.64947509765625,25.083332061767578,25.27666664123535,24.996667861938477,25.139999389648438,18019200
2013-06-12,19.54241943359375,24.946666717529297,25.23666763305664,24.883333206176758,25.156667709350586,14193300
2013-06-13,19.58419418334961,25.0,25.110000610351562,24.85333251953125,24.926666259765625,21718500
2013-06-14,19.550256729125977,24.956666946411133,25.09000015258789,24.933332443237305,24.946666717529297,19054500
2013-06-17,19.57114601135254,24.983333587646484,25.149999618530273,24.836666107177734,25.0,19441800
2013-06-18,19.774818420410156,25.24333381652832,25.293333053588867,24.933332443237305,25.0,20219100
2013-06-19,19.443195343017578,24.81999969482422,25.31999969482422,24.780000686645508,25.246667861938477,24987300
2013-06-20,19.069782257080078,24.343332290649414,24.886667251586914,24.336666107177734,24.833332061767578,27209100
2013-06-21,19.19512176513672,24.503332138061523,24.733333587646484,24.416667938232422,24.50666618347168,43693500
2013-06-24,19.375303268432617,24.733333587646484,24.93000030517578,24.299999237060547,24.350000381469727,29091900
2013-06-25,19.419692993164062,24.790000915527344,24.916667938232422,24.613332748413086,24.75666618347168,21653400
2013-06-26,19.58680534362793,25.003332138061523,25.059999465942383,24.84666633605957,24.873332977294922,16435200
2013-06-27,19.65208625793457,25.086666107177734,25.3700008392334,25.079999923706055,25.15999984741211,21263400
2013-06-28,19.451019287109375,24.829999923706055,25.219999313354492,24.816667556762695,25.036666870117188,43644900
2013-07-01,19.477142333984375,24.863332748413086,25.093332290649414,24.700000762939453,24.996667861938477,20093100
2013-07-02,19.508474349975586,24.90333366394043,25.226667404174805,24.73666763305664,24.770000457763672,20179200
2013-07-03,19.52153205871582,24.920000076293945,25.040000915527344,24.696666717529297,24.803333282470703,6949200
2013-07-05,19.639041900634766,25.06999969482422,25.086666107177734,24.803333282470703,25.049999237060547,16331700
2013-07-08,20.030719757080078,25.56999969482422,25.59000015258789,25.226667404174805,25.226667404174805,20140200
2013-07-09,20.114273071289062,25.676666259765625,25.81333351135254,25.579999923706055,25.65333366394043,15819300
2013-07-10,20.04638671875,25.59000015258789,25.833332061767578,25.483333587646484,25.65333366394043,15432900
2013-07-11,20.270950317382812,25.876667022705078,25.916667938232422,25.77666664123535,25.816667556762695,14042100
2013-07-12,20.270950317382812,25.876667022705078,25.889999389648438,25.77666664123535,25.8700008392334,13373100
2013-07-15,20.114273071289062,25.676666259765625,25.766666412353516,25.566667556762695,25.766666412353516,14661600
2013-07-16,20.203062057495117,25.790000915527344,25.816667556762695,25.633333206176758,25.65999984741211,14122800
2013-07-17,20.15867042541504,25.733333587646484,25.93000030517578,25.696666717529297,25.873332977294922,16053900
2013-07-18,20.195228576660156,25.780000686645508,25.850000381469727,25.670000076293945,25.739999771118164,12449700
2013-07-19,20.38845443725586,26.02666664123535,26.05666732788086,25.780000686645508,25.816667556762695,20477700
2013-07-22,20.3336181640625,25.956666946411133,26.083332061767578,25.90999984741211,25.963333129882812,12474600
2013-07-23,20.511184692382812,26.183332443237305,26.209999084472656,25.933332443237305,25.98666763305664,15758700
2013-07-24,20.427627563476562,26.07666778564453,26.229999542236328,25.906667709350586,26.226667404174805,14790000
2013-07-25,20.370180130004883,26.003332138061523,26.15333366394043,25.876667022705078,26.016666412353516,17760600
2013-07-26,20.367568969726562,26.0,26.010000228881836,25.700000762939453,25.976667404174805,16047300
2013-07-29,20.364957809448242,25.996667861938477,26.083332061767578,25.926666259765625,25.94333267211914,10395000
2013-07-30,20.338842391967773,25.963333129882812,26.1200008392334,25.89666748046875,26.06999969482422,13601100
2013-07-31,20.351898193359375,25.979999542236328,26.15999984741211,25.90999984741211,25.97333335876465,18122400
2013-08-01,20.42501449584961,26.073333740234375,26.22333335876465,26.036666870117188,26.139999389648438,15506100
2013-08-02,20.563413619995117,26.25,26.25,26.0,26.083332061767578,18371700
2013-08-05,20.568628311157227,26.25666618347168,26.333332061767578,26.143333435058594,26.206666946411133,11718300
2013-08-06,20.3336181640625,25.956666946411133,26.190000534057617,25.85333251953125,26.18666648864746,20102700
2013-08-07,20.325740814208984,25.790000915527344,25.876667022705078,25.540000915527344,25.719999313354492,17459100
2013-08-08,20.29421615600586,25.75,25.963333129882812,25.643333435058594,25.836666107177734,13424100
2013-08-09,20.202260971069336,25.633333206176758,25.773332595825195,25.59000015258789,25.73666763305664,17293800
2013-08-12,20.249561309814453,25.69333267211914,25.796667098999023,25.496667861938477,25.520000457763672,17361000
2013-08-13,20.19175910949707,25.6200008392334,25.75,25.406667709350586,25.72333335876465,19143000
2013-08-14,20.0709171295166,25.46666717529297,25.739999771118164,25.40999984741211,25.60333251953125,20460300
2013-08-15,19.548126220703125,24.803333282470703,25.02666664123535,24.676666259765625,24.81999969482422,39664500
2013-08-16,19.469310760498047,24.703332901000977,24.833332061767578,24.566667556762695,24.706666946411133,21763500
2013-08-19,19.3300724029541,24.52666664123535,24.643333435058594,24.40333366394043,24.626667022705078,16094700
2013-08-20,19.23812484741211,24.40999984741211,24.540000915527344,24.399999618530273,24.516666412353516,19989300
2013-08-21,19.32219886779785,24.516666412353516,24.709999084472656,24.309999465942383,24.386667251586914,24233700
2013-08-22,19.298551559448242,24.48666763305664,24.676666259765625,24.413333892822266,24.60333251953125,11842200
2013-08-23,19.293296813964844,24.479999542236328,24.583332061767578,24.343332290649414,24.549999237060547,16422300
2013-08-26,19.185583114624023,24.343332290649414,24.583332061767578,24.343332290649414,24.546667098999023,16044600
2013-08-27,19.140918731689453,24.286666870117188,24.3700008392334,24.170000076293945,24.226667404174805,17362800
2013-08-28,19.01482391357422,24.126667022705078,24.286666870117188,24.09000015258789,24.219999313354492,16825800
2013-08-29,19.027963638305664,24.143333435058594,24.293333053588867,24.07666778564453,24.116666793823242,12264600
2013-08-30,19.172452926635742,24.32666778564453,24.356666564941406,24.19333267211914,24.213333129882812,18198600
2013-09-03,19.093639373779297,24.226667404174805,24.52666664123535,24.18000030517578,24.49333381652832,21471000
2013-09-04,19.1540584564209,24.303333282470703,24.373332977294922,24.149999618530273,24.233333587646484,14002500
2013-09-05,19.09100341796875,24.22333335876465,24.49333381652832,24.206666946411133,24.280000686645508,14041500
2013-09-06,19.06998634338379,24.196666717529297,24.386667251586914,24.06333351135254,24.233333587646484,17370600
2013-09-09,19.311683654785156,24.503332138061523,24.549999237060547,24.233333587646484,24.28333282470703,16569000
2013-09-10,19.429901123046875,24.65333366394043,24.73666763305664,24.523332595825195,24.553333282470703,20535900
2013-09-11,19.453540802001953,24.683332443237305,24.746667861938477,24.553333282470703,24.666667938232422,16007400
2013-09-12,19.41676902770996,24.636667251586914,24.84000015258789,24.59000015258789,24.726667404174805,15785400
2013-09-13,19.534984588623047,24.786666870117188,24.799999237060547,24.65999984741211,24.709999084472656,12061200
2013-09-16,19.645313262939453,24.926666259765625,25.06333351135254,24.89666748046875,24.96666717529297,12601800
2013-09-17,19.74252700805664,25.049999237060547,25.156667709350586,24.93000030517578,24.946666717529297,12875400
2013-09-18,20.076168060302734,25.47333335876465,25.510000228881836,24.96666717529297,25.053333282470703,20645100
2013-09-19,20.020998001098633,25.40333366394043,25.510000228881836,25.206666946411133,25.5,21328500
2013-09-20,19.921167373657227,25.27666664123535,25.483333587646484,25.27666664123535,25.440000534057617,26542800
2013-09-23,20.076168060302734,25.47333335876465,25.476667404174805,25.066667556762695,25.1299991607666,16814100
2013-09-24,19.90015983581543,25.25,25.57666778564453,25.229999542236328,25.46666717529297,20624400
2013-09-25,19.611175537109375,24.883333206176758,25.31333351135254,24.520000457763672,25.303333282470703,44916900
2013-09-26,19.603288650512695,24.873332977294922,24.99333381652832,24.739999771118164,24.926666259765625,15234300
2013-09-27,19.534984588623047,24.786666870117188,24.81999969482422,24.690000534057617,24.793333053588867,12643800
2013-09-30,19.429901123046875,24.65333366394043,24.866666793823242,24.579999923706055,24.760000228881836,20257500
2013-10-01,19.332700729370117,24.530000686645508,24.6299991607666,24.440000534057617,24.623332977294922,17026500
2013-10-02,19.366857528686523,24.573333740234375,24.573333740234375,24.34666633605957,24.463333129882812,22128300
2013-10-03,19.21973991394043,24.386667251586914,24.510000228881836,24.316667556762695,24.510000228881836,21538800
2013-10-04,19.125160217285156,24.266666412353516,24.459999084472656,24.26333236694336,24.336666107177734,17243100
2013-10-07,18.88084602355957,23.956666946411133,24.139999389648438,23.836666107177734,24.139999389648438,20659200
2013-10-08,19.151432037353516,24.299999237060547,24.39666748046875,23.933332443237305,23.950000762939453,27672600
2013-10-09,19.177696228027344,24.333332061767578,24.446666717529297,24.190000534057617,24.27666664123535,19402200
2013-10-10,19.647951126098633,24.93000030517578,24.956666946411133,24.42333221435547,24.49333381652832,23040600
2013-10-11,19.655838012695312,24.940000534057617,24.94333267211914,24.610000610351562,24.8700008392334,19587600
2013-10-14,19.619049072265625,24.893333435058594,24.90333366394043,24.583332061767578,24.780000686645508,17712000
2013-10-15,19.537614822387695,24.790000915527344,25.123332977294922,24.663333892822266,24.809999465942383,26979900
2013-10-16,19.860746383666992,25.200000762939453,25.206666946411133,24.856666564941406,24.93666648864746,17743500
2013-10-17,19.908035278320312,25.260000228881836,25.373332977294922,23.89666748046875,25.163333892822266,19185300
2013-10-18,19.889644622802734,25.23666763305664,25.309999465942383,25.15999984741211,25.266666412353516,20365500
2013-10-21,19.74252700805664,25.049999237060547,25.273332595825195,24.940000534057617,25.239999771118164,16092300
2013-10-22,20.049903869628906,25.440000534057617,25.496667861938477,25.06999969482422,25.143333435058594,20845500
2013-10-23,19.939556121826172,25.299999237060547,25.450000762939453,25.270000457763672,25.393333435058594,17610300
2013-10-24,20.076168060302734,25.47333335876465,25.503332138061523,25.273332595825195,25.343332290649414,17592900
2013-10-25,19.986846923828125,25.360000610351562,25.586666107177734,25.260000228881836,25.456666946411133,19376400
2013-10-28,20.26531410217285,25.713333129882812,25.73666763305664,25.350000381469727,25.386667251586914,21097200
2013-10-29,20.244300842285156,25.68666648864746,25.876667022705078,25.583332061767578,25.75,22312800
2013-10-30,20.204891204833984,25.636667251586914,25.843332290649414,25.520000457763672,25.75666618347168,13938000
2013-10-31,20.162858963012695,25.583332061767578,25.71666717529297,25.53333282470703,25.626667022705078,13837200
2013-11-01,20.246929168701172,25.690000534057617,25.799999237060547,25.530000686645508,25.656667709350586,15348300
2013-11-04,20.315229415893555,25.77666664123535,25.883333206176758,25.733333587646484,25.739999771118164,14112300
2013-11-05,20.33887481689453,25.80666732788086,25.8700008392334,25.573333740234375,25.60333251953125,15256500
2013-11-06,20.53327751159668,26.053333282470703,26.093332290649414,25.766666412353516,25.8799991607666,14487600
2013-11-07,20.362518310546875,25.836666107177734,26.073333740234375,25.746667861938477,26.06333351135254,25042800
2013-11-08,20.480737686157227,25.98666763305664,25.98666763305664,25.59666633605957,25.829999923706055,17381400
2013-11-11,20.756582260131836,26.336666107177734,26.356666564941406,25.93000030517578,25.953332901000977,22351500
2013-11-12,20.677764892578125,26.23666763305664,26.323333740234375,26.083332061767578,26.28333282470703,15798300
2013-11-13,20.72768783569336,26.299999237060547,26.329999923706055,26.116666793823242,26.139999389648438,24860100
2013-11-14,20.774980545043945,26.360000610351562,26.510000228881836,25.893333435058594,25.916667938232422,27906300
2013-11-15,20.811752319335938,26.406667709350586,26.43000030517578,26.25,26.309999465942383,17733300
2013-11-18,20.811752319335938,26.406667709350586,26.440000534057617,26.303333282470703,26.40999984741211,17888100
2013-11-19,20.819631576538086,26.416667938232422,26.450000762939453,26.293333053588867,26.433332443237305,13365000
2013-11-20,20.72768783569336,26.299999237060547,26.463333129882812,26.163333892822266,26.43666648864746,13533900
2013-11-21,20.717178344726562,26.286666870117188,26.399999618530273,26.183332443237305,26.246667861938477,11523000
2013-11-22,20.96674919128418,26.60333251953125,26.623332977294922,26.25,26.290000915527344,14436300
2013-11-25,21.12962532043457,26.809999465942383,26.856666564941406,26.636667251586914,26.68666648864746,17011200
2013-11-26,21.195301055908203,26.893333435058594,26.893333435058594,26.703332901000977,26.81333351135254,16613400
2013-11-27,21.260984420776367,26.976667404174805,27.0,26.793333053588867,26.850000381469727,14439900
2013-11-29,21.282001495361328,27.003332138061523,27.116666793823242,26.940000534057617,27.05666732788086,10341600
2013-12-02,21.308271408081055,27.036666870117188,27.093332290649414,26.790000915527344,26.963333129882812,18535200
2013-12-03,21.33454132080078,27.06999969482422,27.110000610351562,26.899999618530273,27.06999969482422,22519200
2013-12-04,21.19713592529297,26.739999771118164,27.123332977294922,26.636667251586914,26.8799991607666,22923600
2013-12-05,20.991031646728516,26.479999542236328,26.59000015258789,26.290000915527344,26.573333740234375,19350000
2013-12-06,21.123153686523438,26.64666748046875,26.74333381652832,26.546667098999023,26.56999969482422,15264300
2013-12-09,21.12579345703125,26.649999618530273,26.809999465942383,26.566667556762695,26.746667861938477,13474800
2013-12-10,20.895906448364258,26.360000610351562,26.600000381469727,26.350000381469727,26.573333740234375,18857100
2013-12-11,20.89854621887207,26.363332748413086,26.573333740234375,26.350000381469727,26.366666793823242,17996400
2013-12-12,20.742650985717773,26.166667938232422,26.420000076293945,26.133333206176758,26.3700008392334,17074800
2013-12-13,20.63166618347168,26.02666664123535,26.25666618347168,25.976667404174805,26.24333381652832,14943600
2013-12-16,20.54183006286621,25.913333892822266,26.166667938232422,25.866666793823242,26.083332061767578,18440700
2013-12-17,20.412353515625,25.75,25.963333129882812,25.739999771118164,25.913333892822266,17296200
2013-12-18,20.59467124938965,25.979999542236328,25.99333381652832,25.60333251953125,25.760000228881836,31901100
2013-12-19,20.409711837768555,25.746667861938477,25.94333267211914,25.733333587646484,25.889999389648438,17866200
2013-12-20,20.459915161132812,25.809999465942383,25.959999084472656,25.75,25.760000228881836,28706400
2013-12-23,20.576175689697266,25.956666946411133,25.996667861938477,25.790000915527344,25.90999984741211,13475700
2013-12-24,20.613174438476562,26.003332138061523,26.079999923706055,25.876667022705078,25.983333587646484,6284700
2013-12-26,20.713573455810547,26.1299991607666,26.17333221435547,25.989999771118164,26.020000457763672,8334600
2013-12-27,20.734718322753906,26.156667709350586,26.309999465942383,26.100000381469727,26.200000762939453,9150000
2013-12-30,20.777000427246094,26.209999084472656,26.293333053588867,26.143333435058594,26.203332901000977,9259500
2013-12-31,20.7928466796875,26.229999542236328,26.290000915527344,26.116666793823242,26.219999313354492,11577300
2014-01-02,20.850980758666992,26.303333282470703,26.489999771118164,26.166667938232422,26.239999771118164,20634000
2014-01-03,20.78228187561035,26.21666717529297,26.376667022705078,26.17333221435547,26.270000457763672,14872200
2014-01-06,20.6660213470459,26.06999969482422,26.303333282470703,25.93000030517578,26.286666870117188,21840600
2014-01-07,20.729429244995117,26.149999618530273,26.28333282470703,25.97333335876465,26.05666732788086,15036900
2014-01-08,20.56560516357422,25.94333267211914,26.170000076293945,25.866666793823242,26.166667938232422,17865600
2014-01-09,20.634307861328125,26.030000686645508,26.133333206176758,25.829999923706055,26.1299991607666,17748900
2014-01-10,20.621103286743164,26.01333236694336,26.239999771118164,25.84666633605957,26.10333251953125,15543900
2014-01-13,20.475767135620117,25.829999923706055,25.989999771118164,25.746667861938477,25.866666793823242,18473700
2014-01-14,20.59996223449707,25.98666763305664,26.0,25.793333053588867,25.81999969482422,12264600
2014-01-15,20.52068328857422,25.886667251586914,26.03333282470703,25.856666564941406,25.98666763305664,14977200
2014-01-16,20.28287696838379,25.586666107177734,25.823333740234375,25.450000762939453,25.796667098999023,21604500
2014-01-17,20.132251739501953,25.39666748046875,25.606666564941406,25.343332290649414,25.57666778564453,34322100
2014-01-21,20.039777755737305,25.280000686645508,25.463333129882812,24.953332901000977,25.416667938232422,26913300
2014-01-22,19.910303115844727,25.116666793823242,25.360000610351562,25.010000228881836,25.360000610351562,17561100
2014-01-23,19.8072566986084,24.98666763305664,25.040000915527344,24.823333740234375,24.946666717529297,18018900
2014-01-24,19.66456413269043,24.80666732788086,25.040000915527344,24.74333381652832,24.90999984741211,27998400
2014-01-27,19.59321403503418,24.71666717529297,24.790000915527344,24.610000610351562,24.709999084472656,27266100
2014-01-28,19.730615615844727,24.889999389648438,25.133333206176758,24.700000762939453,24.753332138061523,18070200
2014-01-29,19.580005645751953,24.700000762939453,25.123332977294922,24.690000534057617,25.09666633605957,25301100
2014-01-30,19.75175666809082,24.916667938232422,25.030000686645508,24.786666870117188,24.84666633605957,20198700
2014-01-31,19.733261108398438,24.893333435058594,25.06333351135254,24.546667098999023,24.639999389648438,31634400
2014-02-03,19.199501037597656,24.219999313354492,24.833332061767578,24.18000030517578,24.729999542236328,31292100
2014-02-04,19.21799659729004,24.24333381652832,24.366666793823242,24.100000381469727,24.22333335876465,23266500
2014-02-05,19.254985809326172,24.290000915527344,24.386667251586914,24.09000015258789,24.09000015258789,14322900
2014-02-06,19.24178123474121,24.273332595825195,24.40333366394043,24.166667938232422,24.323333740234375,22059300
2014-02-07,19.487520217895508,24.583332061767578,24.600000381469727,24.166667938232422,24.350000381469727,21862800
2014-02-10,19.490163803100586,24.586666107177734,24.586666107177734,24.31999969482422,24.530000686645508,18612300
2014-02-11,19.76496696472168,24.933332443237305,24.950000762939453,24.55666732788086,24.633333206176758,19533600
2014-02-12,19.8072566986084,24.98666763305664,25.059999465942383,24.739999771118164,24.739999771118164,16019400
2014-02-13,19.91294288635254,25.1200008392334,25.163333892822266,24.85333251953125,24.893333435058594,15750600
2014-02-14,20.02656364440918,25.26333236694336,25.329999923706055,25.03333282470703,25.133333206176758,14726700
2014-02-18,19.905012130737305,25.110000610351562,25.21666717529297,24.953332901000977,25.163333892822266,17981400
2014-02-19,19.778179168701172,24.950000762939453,25.106666564941406,24.803333282470703,25.003332138061523,24390900
2014-02-20,19.426742553710938,24.50666618347168,24.666667938232422,24.270000457763672,24.350000381469727,39237300
2014-02-21,19.32105255126953,24.373332977294922,24.46666717529297,24.273332595825195,24.39666748046875,26913000
2014-02-24,19.38182258605957,24.450000762939453,24.606666564941406,24.3799991607666,24.413333892822266,21964500
2014-02-25,19.38182258605957,24.450000762939453,24.579999923706055,24.363332748413086,24.393333435058594,28448100
2014-02-26,19.759675979614258,24.926666259765625,25.03333282470703,24.59666633605957,24.64666748046875,27066600
2014-02-27,19.70155143737793,24.85333251953125,24.926666259765625,24.696666717529297,24.926666259765625,16344600
2014-02-28,19.738544464111328,24.899999618530273,25.06333351135254,24.733333587646484,24.82666778564453,22333800
2014-03-03,19.58528709411621,24.706666946411133,24.889999389648438,24.610000610351562,24.829999923706055,16042800
2014-03-04,19.8521671295166,25.043333053588867,25.163333892822266,24.886667251586914,24.92333221435547,22631400
2014-03-05,19.76496696472168,24.933332443237305,25.110000610351562,24.860000610351562,25.106666564941406,16574400
2014-03-06,19.786104202270508,24.959999084472656,25.036666870117188,24.836666107177734,24.953332901000977,15319800
2014-03-07,19.83397102355957,24.860000610351562,24.98666763305664,24.786666870117188,24.98666763305664,15163800
2014-03-10,19.79408073425293,24.809999465942383,24.866666793823242,24.683332443237305,24.84000015258789,14481000
2014-03-11,19.924396514892578,24.97333335876465,24.989999771118164,24.733333587646484,24.906667709350586,27016800
2014-03-12,20.086618423461914,25.176666259765625,25.25,24.940000534057617,24.950000762939453,25882800
2014-03-13,19.92704963684082,24.976667404174805,25.393333435058594,24.969999313354492,25.23666763305664,17473500
2014-03-14,19.754192352294922,24.760000228881836,25.023332595825195,24.75666618347168,24.889999389648438,19857000
2014-03-17,19.860570907592773,24.893333435058594,24.950000762939453,24.670000076293945,24.766666412353516,17341200
2014-03-18,19.884502410888672,24.92333221435547,24.996667861938477,24.816667556762695,24.886667251586914,11831400
2014-03-19,19.78078842163086,24.793333053588867,25.036666870117188,24.67333221435547,24.85333251953125,17283300
2014-03-20,20.046730041503906,25.126667022705078,25.226667404174805,24.6200008392334,24.67333221435547,25912500
2014-03-21,20.238210678100586,25.366666793823242,25.67333221435547,25.149999618530273,25.296667098999023,51480600
2014-03-24,20.413732528686523,25.586666107177734,25.600000381469727,25.3700008392334,25.40333366394043,21838500
2014-03-25,20.4429874420166,25.623332977294922,25.713333129882812,25.386667251586914,25.626667022705078,22146600
2014-03-26,20.27278709411621,25.40999984741211,25.843332290649414,25.40999984741211,25.69333267211914,23183400
2014-03-27,20.24884605407715,25.3799991607666,25.606666564941406,25.34666633605957,25.459999084472656,16789800
2014-03-28,20.214277267456055,25.336666107177734,25.53333282470703,25.25666618347168,25.420000076293945,17613300
2014-03-31,20.325977325439453,25.476667404174805,25.593332290649414,25.34000015258789,25.450000762939453,14086800
2014-04-01,20.41638946533203,25.59000015258789,25.75,25.51333236694336,25.586666107177734,17310000
2014-04-02,20.525421142578125,25.726667404174805,25.729999542236328,25.446666717529297,25.52666664123535,18234300
2014-04-03,20.599891662597656,25.81999969482422,25.850000381469727,25.666667938232422,25.733333587646484,18121500
2014-04-04,20.559995651245117,25.770000457763672,25.96666717529297,25.75,25.860000610351562,20280600
2014-04-07,20.559995651245117,25.770000457763672,25.906667709350586,25.696666717529297,25.74333381652832,23027100
2014-04-08,20.79136848449707,26.059999465942383,26.10333251953125,25.600000381469727,25.696666717529297,22496100
2014-04-09,20.735519409179688,25.989999771118164,26.073333740234375,25.760000228881836,26.066667556762695,20633400
2014-04-10,20.44830322265625,25.6299991607666,26.046667098999023,25.549999237060547,25.983333587646484,22798800
2014-04-11,20.344589233398438,25.5,25.74333381652832,25.43000030517578,25.593332290649414,23937000
2014-04-14,20.57861328125,25.793333053588867,25.850000381469727,25.59666633605957,25.64666748046875,16127700
2014-04-15,20.44564437866211,25.626667022705078,25.770000457763672,25.479999542236328,25.676666259765625,20785800
2014-04-16,20.53605842590332,25.739999771118164,25.823333740234375,25.676666259765625,25.770000457763672,15110400
2014-04-17,20.653085708618164,25.886667251586914,25.916667938232422,25.69333267211914,25.69333267211914,20894100
2014-04-21,20.63712501525879,25.866666793823242,25.90999984741211,25.726667404174805,25.803333282470703,13785300
2014-04-22,20.626480102539062,25.85333251953125,25.94333267211914,25.796667098999023,25.84000015258789,19396500
2014-04-23,20.754138946533203,26.01333236694336,26.093332290649414,25.856666564941406,25.940000534057617,17418600
2014-04-24,20.825939178466797,26.10333251953125,26.156667709350586,25.899999618530273,26.05666732788086,13042500
2014-04-25,20.908376693725586,26.206666946411133,26.260000228881836,26.00666618347168,26.10333251953125,16177800
2014-04-28,21.21156120300293,26.586666107177734,26.663333892822266,26.27666664123535,26.286666870117188,28796100
2014-04-29,21.1876220703125,26.55666732788086,26.623332977294922,26.523332595825195,26.613332748413086,14087100
2014-04-30,21.19826316833496,26.56999969482422,26.643333435058594,26.503332138061523,26.530000686645508,18335100
2014-05-01,21.195598602294922,26.566667556762695,26.57666778564453,26.386667251586914,26.57666778564453,15294000
2014-05-02,21.04135513305664,26.373332977294922,26.586666107177734,26.336666107177734,26.53333282470703,16860000
2014-05-05,20.908376693725586,26.206666946411133,26.316667556762695,26.170000076293945,26.286666870117188,13773000
2014-05-06,20.74616050720215,26.003332138061523,26.1299991607666,25.989999771118164,26.110000610351562,16916700
2014-05-07,20.861221313476562,25.98666763305664,26.03333282470703,25.843332290649414,25.950000762939453,18258600
2014-05-08,21.05655860900879,26.229999542236328,26.27666664123535,26.0,26.0,14461800
2014-05-09,21.193035125732422,26.399999618530273,26.426666259765625,26.17333221435547,26.17333221435547,14689200
2014-05-12,21.179655075073242,26.383333206176758,26.40999984741211,26.21666717529297,26.316667556762695,17999400
2014-05-13,21.176977157592773,26.3799991607666,26.456666946411133,26.329999923706055,26.389999389648438,13091100
2014-05-14,21.069942474365234,26.246667861938477,26.350000381469727,26.023332595825195,26.350000381469727,16824900
2014-05-15,20.558853149414062,25.610000610351562,25.81333351135254,25.416667938232422,25.426666259765625,39107400
2014-05-16,20.60700798034668,25.670000076293945,25.793333053588867,25.549999237060547,25.666667938232422,21731400
2014-05-19,20.499975204467773,25.536666870117188,25.709999084472656,25.5,25.703332901000977,18393900
2014-05-20,20.253799438476562,25.229999542236328,25.456666946411133,25.17333221435547,25.453332901000977,22310100
2014-05-21,20.245771408081055,25.219999313354492,25.31999969482422,25.09000015258789,25.31333351135254,17112300
2014-05-22,20.17351531982422,25.1299991607666,25.30666732788086,25.079999923706055,25.26333236694336,15731100
2014-05-23,20.23238754272461,25.203332901000977,25.25,25.143333435058594,25.18666648864746,11110800
2014-05-27,20.227035522460938,25.196666717529297,25.270000457763672,25.09666633605957,25.23666763305664,16112400
2014-05-28,20.210983276367188,25.176666259765625,25.31333351135254,25.113332748413086,25.126667022705078,15110700
2014-05-29,20.331390380859375,25.32666778564453,25.39666748046875,25.190000534057617,25.22333335876465,12010500
2014-05-30,20.54279136657715,25.59000015258789,25.60333251953125,25.336666107177734,25.35333251953125,17894400
2014-06-02,20.54011344909668,25.586666107177734,25.703332901000977,25.489999771118164,25.52666664123535,13171200
2014-06-03,20.5267333984375,25.56999969482422,25.656667709350586,25.453332901000977,25.579999923706055,21640800
2014-06-04,20.63912582397461,25.709999084472656,25.766666412353516,25.510000228881836,25.53333282470703,18599700
2014-06-05,20.689964294433594,25.773332595825195,25.81333351135254,25.623332977294922,25.683332443237305,14087400
2014-06-06,20.6605281829834,25.73666763305664,25.863332748413086,25.690000534057617,25.81999969482422,12566700
2014-06-09,20.60700798034668,25.670000076293945,25.920000076293945,25.566667556762695,25.690000534057617,16642800
2014-06-10,20.502656936645508,25.540000915527344,25.64666748046875,25.503332138061523,25.60333251953125,10097100
2014-06-11,20.379562377929688,25.386667251586914,25.579999923706055,25.350000381469727,25.516666412353516,13389900
2014-06-12,20.264497756958008,25.24333381652832,25.39666748046875,25.19333267211914,25.350000381469727,16009800
2014-06-13,20.14407730102539,25.093332290649414,25.253332138061523,25.040000915527344,25.22333335876465,14944500
2014-06-16,20.160137176513672,25.113332748413086,25.15999984741211,25.00666618347168,25.036666870117188,11540700
2014-06-17,20.066484451293945,24.996667861938477,25.139999389648438,24.97333335876465,25.09666633605957,19632600
2014-06-18,20.256467819213867,25.233333587646484,25.31999969482422,24.97333335876465,25.01333236694336,20222100
2014-06-19,20.30196189880371,25.290000915527344,25.426666259765625,25.266666412353516,25.293333053588867,15765900
2014-06-20,20.251121520996094,25.226667404174805,25.389999389648438,25.040000915527344,25.386667251586914,33992100
2014-06-23,20.280550003051758,25.26333236694336,25.31333351135254,25.100000381469727,25.18666648864746,12802200
2014-06-24,20.328720092773438,25.323333740234375,25.40333366394043,25.226667404174805,25.343332290649414,16956900
2014-06-25,20.23506736755371,25.206666946411133,25.280000686645508,25.093332290649414,25.253332138061523,12954600
2014-06-26,20.045072555541992,24.969999313354492,25.203332901000977,24.899999618530273,25.17333221435547,20766300
2014-06-27,20.160137176513672,25.113332748413086,25.126667022705078,24.889999389648438,24.933332443237305,41882400
2014-06-30,20.087894439697266,25.023332595825195,25.229999542236328,24.979999542236328,25.133333206176758,19961400
2014-07-01,20.14407730102539,25.093332290649414,25.139999389648438,24.916667938232422,25.09000015258789,19813500
2014-07-02,20.23506736755371,25.206666946411133,25.299999237060547,25.083332061767578,25.086666107177734,13100400
2014-07-03,20.26984977722168,25.25,25.350000381469727,25.17333221435547,25.203332901000977,8622000
2014-07-07,20.35547637939453,25.356666564941406,25.40333366394043,25.183332443237305,25.229999542236328,15084000
2014-07-08,20.51068115234375,25.549999237060547,25.65999984741211,25.343332290649414,25.363332748413086,23881500
2014-07-09,20.6605281829834,25.73666763305664,25.77666664123535,25.540000915527344,25.59000015258789,18720300
2014-07-10,20.620397567749023,25.68666648864746,25.856666564941406,25.636667251586914,25.636667251586914,16117500
2014-07-11,20.556171417236328,25.606666564941406,25.656667709350586,25.520000457763672,25.623332977294922,13642500
2014-07-14,20.483919143676758,25.516666412353516,25.75,25.49333381652832,25.709999084472656,14468700
2014-07-15,20.561521530151367,25.613332748413086,25.643333435058594,25.520000457763672,25.520000457763672,13970700
2014-07-16,20.566877365112305,25.6200008392334,25.683332443237305,25.566667556762695,25.633333206176758,11172600
2014-07-17,20.499975204467773,25.536666870117188,25.683332443237305,25.479999542236328,25.52666664123535,13890900
2014-07-18,20.62841796875,25.696666717529297,25.700000762939453,25.503332138061523,25.540000915527344,14739900
2014-07-21,20.54279136657715,25.59000015258789,25.636667251586914,25.49333381652832,25.586666107177734,10372800
2014-07-22,20.508010864257812,25.546667098999023,25.6299991607666,25.46666717529297,25.613332748413086,13149600
2014-07-23,20.60166358947754,25.663333892822266,25.68666648864746,25.530000686645508,25.543333053588867,11982900
2014-07-24,20.430404663085938,25.450000762939453,25.59666633605957,25.39666748046875,25.559999465942383,21684900
2014-07-25,20.328720092773438,25.323333740234375,25.453332901000977,25.266666412353516,25.39666748046875,11845200
2014-07-28,20.259153366088867,25.23666763305664,25.309999465942383,25.1200008392334,25.143333435058594,16529700
2014-07-29,20.18690299987793,25.14666748046875,25.336666107177734,25.049999237060547,25.06999969482422,18880500
2014-07-30,20.010286331176758,24.926666259765625,25.30666732788086,24.889999389648438,25.293333053588867,29931600
2014-07-31,19.689180374145508,24.52666664123535,24.75,24.51333236694336,24.663333892822266,28894800
2014-08-01,19.67848014831543,24.51333236694336,24.626667022705078,24.406667709350586,24.440000534057617,24671700
2014-08-04,19.67848014831543,24.51333236694336,24.543333053588867,24.35333251953125,24.459999084472656,16206300
2014-08-05,19.624961853027344,24.446666717529297,24.50666618347168,24.25666618347168,24.43666648864746,31739700
2014-08-06,19.98589324951172,24.733333587646484,24.76333236694336,24.393333435058594,24.39666748046875,23804400
2014-08-07,19.91855239868164,24.649999618530273,24.93666648864746,24.586666107177734,24.780000686645508,21147000
2014-08-08,20.112489700317383,24.889999389648438,24.90999984741211,24.616666793823242,24.68666648864746,14988900
2014-08-11,20.02898597717285,24.786666870117188,24.866666793823242,24.67333221435547,24.76333236694336,14164200
2014-08-12,19.99127960205078,24.739999771118164,24.81333351135254,24.670000076293945,24.770000457763672,11784600
2014-08-13,19.940101623535156,24.676666259765625,24.803333282470703,24.503332138061523,24.75666618347168,19857300
2014-08-14,20.03706932067871,24.796667098999023,24.809999465942383,24.536666870117188,24.6299991607666,18408900
2014-08-15,19.905088424682617,24.633333206176758,24.883333206176758,24.496667861938477,24.883333206176758,20828100
2014-08-18,20.064006805419922,24.829999923706055,24.893333435058594,24.683332443237305,24.71666717529297,12047100
2014-08-19,20.169055938720703,24.959999084472656,24.979999542236328,24.713333129882812,24.93666648864746,15143700
2014-08-20,20.190601348876953,24.98666763305664,25.016666412353516,24.836666107177734,24.94333267211914,14694900
2014-08-21,20.349519729614258,25.183332443237305,25.303333282470703,25.0,25.020000457763672,15781800
2014-08-22,20.39800262451172,25.24333381652832,25.399999618530273,25.213333129882812,25.260000228881836,12413400
2014-08-25,20.387229919433594,25.229999542236328,25.34000015258789,25.170000076293945,25.309999465942383,10180800
2014-08-26,20.3414363861084,25.17333221435547,25.383333206176758,25.14666748046875,25.27666664123535,12668700
2014-08-27,20.430316925048828,25.28333282470703,25.286666870117188,25.14666748046875,25.170000076293945,9601200
2014-08-28,20.44379425048828,25.299999237060547,25.31333351135254,25.156667709350586,25.156667709350586,8771100
2014-08-29,20.336050033569336,25.166667938232422,25.293333053588867,25.09666633605957,25.25,15241500
2014-09-02,20.403390884399414,25.25,25.31333351135254,25.136667251586914,25.139999389648438,13597200
2014-09-03,20.473419189453125,25.336666107177734,25.44333267211914,25.293333053588867,25.316667556762695,14128200
2014-09-04,20.621562957763672,25.520000457763672,25.53333282470703,25.3700008392334,25.386667251586914,15846900
2014-09-05,20.877445220947266,25.836666107177734,25.90999984741211,25.49333381652832,25.50666618347168,23525400
2014-09-08,20.613487243652344,25.510000228881836,25.773332595825195,25.476667404174805,25.709999084472656,17816700
2014-09-09,20.670045852661133,25.579999923706055,25.666667938232422,25.389999389648438,25.520000457763672,16896000
2014-09-10,20.608095169067383,25.503332138061523,25.69333267211914,25.456666946411133,25.59666633605957,20091300
2014-09-11,20.497657775878906,25.366666793823242,25.479999542236328,25.363332748413086,25.450000762939453,14859900
2014-09-12,20.408775329589844,25.25666618347168,25.350000381469727,25.219999313354492,25.323333740234375,16956900
2014-09-15,20.419559478759766,25.270000457763672,25.296667098999023,25.203332901000977,25.260000228881836,11245500
2014-09-16,20.556921005249023,25.440000534057617,25.523332595825195,25.200000762939453,25.213333129882812,12328500
2014-09-17,20.535369873046875,25.413333892822266,25.489999771118164,25.336666107177734,25.453332901000977,12717000
2014-09-18,20.529983520507812,25.406667709350586,25.52666664123535,25.303333282470703,25.43666648864746,14255100
2014-09-19,20.696977615356445,25.613332748413086,25.690000534057617,25.459999084472656,25.483333587646484,39970500
2014-09-22,20.554227828979492,25.43666648864746,25.6200008392334,25.416667938232422,25.59666633605957,13352100
2014-09-23,20.362993240356445,25.200000762939453,25.406667709350586,25.190000534057617,25.333332061767578,20124000
2014-09-24,20.761625289916992,25.69333267211914,25.770000457763672,25.233333587646484,25.24333381652832,25303800
2014-09-25,20.5030460357666,25.373332977294922,25.683332443237305,25.373332977294922,25.643333435058594,14890500
2014-09-26,20.602706909179688,25.496667861938477,25.523332595825195,25.286666870117188,25.416667938232422,11258700
2014-09-29,20.492273330688477,25.360000610351562,25.416667938232422,25.21666717529297,25.35333251953125,14877900
2014-09-30,20.597328186035156,25.489999771118164,25.573333740234375,25.25666618347168,25.34666633605957,16922100
2014-10-01,20.5030460357666,25.373332977294922,25.6200008392334,25.303333282470703,25.503332138061523,19574700
2014-10-02,20.532676696777344,25.40999984741211,25.636667251586914,25.31999969482422,25.40333366394043,14763600
2014-10-03,20.826265335083008,25.773332595825195,25.82666778564453,25.510000228881836,25.523332595825195,17459100
2014-10-06,20.834348678588867,25.78333282470703,25.97333335876465,25.663333892822266,25.683332443237305,16289100
2014-10-07,20.820884704589844,25.766666412353516,25.89666748046875,25.573333740234375,25.676666259765625,21179700
2014-10-08,21.074073791503906,26.079999923706055,26.163333892822266,25.60333251953125,25.803333282470703,24321300
2014-10-09,20.97171974182129,25.953332901000977,26.27666664123535,25.886667251586914,26.036666870117188,21218100
2014-10-10,21.087541580200195,26.09666633605957,26.456666946411133,25.976667404174805,25.976667404174805,30234000
2014-10-13,20.890913009643555,25.85333251953125,26.19333267211914,25.816667556762695,26.010000228881836,24603600
2014-10-14,21.004045486450195,25.99333381652832,26.209999084472656,25.889999389648438,25.94333267211914,23703300
2014-10-15,20.2552490234375,25.066667556762695,25.89666748046875,24.786666870117188,25.860000610351562,63173100
2014-10-16,19.883543014526367,24.606666564941406,24.690000534057617,24.203332901000977,24.40999984741211,43039800
2014-10-17,19.958959579467773,24.700000762939453,24.833332061767578,24.343332290649414,24.726667404174805,34386900
2014-10-20,20.23908805847168,25.046667098999023,25.073333740234375,24.639999389648438,24.713333129882812,21122100
2014-10-21,20.476116180419922,25.34000015258789,25.399999618530273,25.003332138061523,25.059999465942383,24899100
2014-10-22,20.47880744934082,25.343332290649414,25.553333282470703,25.336666107177734,25.489999771118164,17782800
2014-10-23,20.53806495666504,25.416667938232422,25.549999237060547,25.260000228881836,25.456666946411133,19101300
2014-10-24,20.573078155517578,25.459999084472656,25.5,25.166667938232422,25.376667022705078,13438800
2014-10-27,20.629642486572266,25.530000686645508,25.65999984741211,25.43666648864746,25.44333267211914,12322200
2014-10-28,20.565000534057617,25.450000762939453,25.600000381469727,25.333332061767578,25.543333053588867,14938800
2014-10-29,20.575769424438477,25.463333129882812,25.546667098999023,25.323333740234375,25.516666412353516,17279100
2014-10-30,20.591941833496094,25.483333587646484,25.53333282470703,25.32666778564453,25.389999389648438,14617200
2014-10-31,20.54344940185547,25.42333221435547,25.799999237060547,25.336666107177734,25.6299991607666,22712100
2014-11-03,20.546144485473633,25.426666259765625,25.459999084472656,25.196666717529297,25.450000762939453,20683200
2014-11-04,20.81011199951172,25.753332138061523,25.790000915527344,25.426666259765625,25.496667861938477,20714700
2014-11-05,20.92862319946289,25.899999618530273,26.07666778564453,25.766666412353516,25.956666946411133,17021400
2014-11-06,20.958255767822266,25.93666648864746,26.059999465942383,25.72333335876465,26.049999237060547,13865700
2014-11-07,21.216825485229492,26.25666618347168,26.360000610351562,25.8700008392334,25.946666717529297,28496400
2014-11-10,21.397296905517578,26.479999542236328,26.709999084472656,26.139999389648438,26.200000762939453,37921500
2014-11-11,21.281475067138672,26.336666107177734,26.47333335876465,26.28333282470703,26.46666717529297,16807200
2014-11-12,21.332653045654297,26.399999618530273,26.479999542236328,26.21666717529297,26.27666664123535,20373600
2014-11-13,22.34002685546875,27.64666748046875,27.68666648864746,26.953332901000977,26.98666763305664,68437200
2014-11-14,22.345417022705078,27.65333366394043,27.71666717529297,27.366666793823242,27.52666664123535,31909800
2014-11-17,22.509721755981445,27.856666564941406,27.906667709350586,27.510000228881836,27.52666664123535,23980200
2014-11-18,22.568971633911133,27.93000030517578,27.97333335876465,27.780000686645508,27.833332061767578,18289200
2014-11-19,22.892202377319336,28.329999923706055,28.546667098999023,27.97333335876465,27.98666763305664,36569400
2014-11-20,22.781763076782227,28.19333267211914,28.43000030517578,28.01333236694336,28.270000457763672,23438100
2014-11-21,22.800626754760742,28.21666717529297,28.479999542236328,28.19333267211914,28.446666717529297,19948800
2014-11-24,23.002634048461914,28.46666717529297,28.536666870117188,28.25666618347168,28.28333282470703,23986500
2014-11-25,22.881423950195312,28.316667556762695,28.503332138061523,28.1299991607666,28.5,20026500
2014-11-26,22.88949966430664,28.32666778564453,28.3700008392334,28.15999984741211,28.299999237060547,11828400
2014-11-28,23.579042434692383,29.18000030517578,29.363332748413086,28.633333206176758,28.726667404174805,23461800
2014-12-01,23.223501205444336,28.739999771118164,29.023332595825195,28.583332061767578,28.906667709350586,27422700
2014-12-02,23.27198600769043,28.799999237060547,28.899999618530273,28.643333435058594,28.75666618347168,20298900
2014-12-03,23.00654411315918,28.31333351135254,28.666667938232422,28.226667404174805,28.649999618530273,19122900
2014-12-04,22.957792282104492,28.253332138061523,28.273332595825195,27.883333206176758,28.043333053588867,20704200
2014-12-05,22.784446716308594,28.040000915527344,28.273332595825195,27.836666107177734,28.270000457763672,19710300
2014-12-08,22.814245223999023,28.07666778564453,28.22333335876465,27.950000762939453,28.049999237060547,18798000
2014-12-09,22.63276481628418,27.85333251953125,28.06999969482422,27.549999237060547,27.883333206176758,19900800
2014-12-10,22.47566795349121,27.65999984741211,28.10333251953125,27.633333206176758,27.976667404174805,20920800
2014-12-11,22.705894470214844,27.94333267211914,28.166667938232422,27.719999313354492,27.733333587646484,24098400
2014-12-12,22.700477600097656,27.93666648864746,28.333332061767578,27.84000015258789,27.84000015258789,21852300
2014-12-15,22.73569107055664,27.979999542236328,28.233333587646484,27.683332443237305,28.086666107177734,18953100
2014-12-16,22.47024917602539,27.65333366394043,28.253332138061523,27.64666748046875,27.873332977294922,22312200
2014-12-17,22.814245223999023,28.07666778564453,28.086666107177734,27.649999618530273,27.760000228881836,19923000
2014-12-18,23.277402877807617,28.64666748046875,28.649999618530273,28.093332290649414,28.266666412353516,25937700
2014-12-19,23.06613540649414,28.386667251586914,28.780000686645508,28.386667251586914,28.753332138061523,36206400
2014-12-22,23.396577835083008,28.793333053588867,28.799999237060547,28.43000030517578,28.440000534057617,13727400
2014-12-23,23.472421646118164,28.886667251586914,29.02666664123535,28.786666870117188,28.89666748046875,16657800
2014-12-24,23.41012191772461,28.809999465942383,29.023332595825195,28.796667098999023,28.989999771118164,7475400
2014-12-26,23.540132522583008,28.969999313354492,29.046667098999023,28.670000076293945,28.726667404174805,9747900
2014-12-29,23.46700096130371,28.8799991607666,29.023332595825195,28.799999237060547,28.81999969482422,10816800
2014-12-30,23.507631301879883,28.93000030517578,29.043333053588867,28.82666778564453,28.84000015258789,9796200
2014-12-31,23.261154174804688,28.626667022705078,29.14666748046875,28.6200008392334,29.02666664123535,12454200
2015-01-02,23.266571044921875,28.633333206176758,28.906667709350586,28.516666412353516,28.75666618347168,13505400
2015-01-05,23.198850631713867,28.549999237060547,28.773332595825195,28.503332138061523,28.573333740234375,20937000
2015-01-06,23.37761878967285,28.770000457763672,28.916667938232422,28.59666633605957,28.65999984741211,24615300
2015-01-07,23.997879028320312,29.53333282470703,29.559999465942383,28.889999389648438,28.926666259765625,25495200
2015-01-08,24.50438117980957,30.156667709350586,30.22333335876465,29.690000534057617,29.73666763305664,38140800
2015-01-09,24.201017379760742,29.78333282470703,30.1299991607666,29.75,30.106666564941406,25567500
2015-01-12,24.38249969482422,30.00666618347168,30.10333251953125,29.739999771118164,29.786666870117188,22117500
2015-01-13,24.190187454223633,29.770000457763672,30.323333740234375,29.643333435058594,30.266666412353516,24646200
2015-01-14,23.458877563476562,28.8700008392334,29.50666618347168,28.833332061767578,29.21666717529297,35862900
2015-01-15,23.667438507080078,29.126667022705078,29.260000228881836,28.899999618530273,29.0,28238100
2015-01-16,23.502214431762695,28.92333221435547,29.15333366394043,28.74333381652832,29.066667556762695,25226700
2015-01-20,23.48054313659668,28.89666748046875,29.233333587646484,28.516666412353516,28.940000534057617,23559300
2015-01-21,23.46700096130371,28.8799991607666,28.969999313354492,28.56999969482422,28.700000762939453,24521400
2015-01-22,23.916624069213867,29.433332443237305,29.46666717529297,28.953332901000977,29.07666778564453,21371400
2015-01-23,23.9735050201416,29.503332138061523,29.753332138061523,29.296667098999023,29.47333335876465,22697400
2015-01-26,24.00600242614746,29.543333053588867,29.719999313354492,29.373332977294922,29.43666648864746,14000100
2015-01-27,23.70806121826172,29.176666259765625,29.48666763305664,29.086666107177734,29.426666259765625,18061500
2015-01-28,23.515758514404297,28.940000534057617,29.40999984741211,28.92333221435547,29.34000015258789,17810400
2015-01-29,23.759523391723633,29.239999771118164,29.239999771118164,28.75666618347168,29.023332595825195,19568400
2015-01-30,23.017375946044922,28.32666778564453,29.1200008392334,28.299999237060547,28.926666259765625,30840600
2015-02-02,23.21510887145996,28.56999969482422,28.623332977294922,27.976667404174805,28.26333236694336,20781600
2015-02-03,23.345109939575195,28.729999542236328,28.843332290649414,28.553333282470703,28.610000610351562,24850500
2015-02-04,23.46971321105957,28.883333206176758,29.01333236694336,28.666667938232422,28.703332901000977,26796900
2015-02-05,23.64034652709961,29.093332290649414,29.1200008392334,28.85333251953125,29.036666870117188,15272400
2015-02-06,23.653888702392578,29.110000610351562,29.333332061767578,28.926666259765625,29.086666107177734,16852800
2015-02-09,23.26927947998047,28.636667251586914,29.06333351135254,28.546667098999023,28.989999771118164,16368600
2015-02-10,23.643056869506836,29.09666633605957,29.136667251586914,28.80666732788086,28.873332977294922,17196300
2015-02-11,23.385744094848633,28.780000686645508,29.040000915527344,28.639999389648438,28.876667022705078,17559300
2015-02-12,23.263858795166016,28.6299991607666,28.893333435058594,28.40999984741211,28.85333251953125,20824800
2015-02-13,23.2421932220459,28.60333251953125,28.719999313354492,28.440000534057617,28.613332748413086,16791000
2015-02-17,23.282821655273438,28.65333366394043,28.656667709350586,28.323333740234375,28.476667404174805,15261600
2015-02-18,23.372203826904297,28.76333236694336,28.766666412353516,28.50666618347168,28.65333366394043,18098100
2015-02-19,22.62192726135254,27.84000015258789,28.266666412353516,27.796667098999023,28.166667938232422,55940400
2015-02-20,22.83319854736328,28.100000381469727,28.126667022705078,27.516666412353516,27.57666778564453,41521200
2015-02-23,22.91445541381836,28.200000762939453,28.286666870117188,28.07666778564453,28.1299991607666,20191200
2015-02-24,22.906328201293945,28.190000534057617,28.273332595825195,27.97333335876465,28.17333221435547,15593100
2015-02-25,22.635473251342773,27.856666564941406,28.239999771118164,27.84000015258789,28.209999084472656,20425200
2015-02-26,22.697769165039062,27.933332443237305,27.953332901000977,27.75666618347168,27.950000762939453,17664300
2015-02-27,22.732973098754883,27.976667404174805,28.053333282470703,27.799999237060547,27.906667709350586,17632200
2015-03-02,22.741104125976562,27.98666763305664,28.0,27.733333587646484,27.976667404174805,18184500
2015-03-03,22.58130645751953,27.790000915527344,27.940000534057617,27.72333335876465,27.886667251586914,19382400
2015-03-04,22.36732292175293,27.52666664123535,27.73666763305664,27.399999618530273,27.73666763305664,18643200
2015-03-05,22.635473251342773,27.856666564941406,27.956666946411133,27.65333366394043,27.71666717529297,17992500
2015-03-06,22.37002944946289,27.530000686645508,27.700000762939453,27.459999084472656,27.60333251953125,17193000
2015-03-09,22.448585510253906,27.626667022705078,27.780000686645508,27.51333236694336,27.530000686645508,14014500
2015-03-10,22.229183197021484,27.356666564941406,27.5,27.356666564941406,27.42333221435547,18933300
2015-03-11,21.986677169799805,26.89666748046875,27.323333740234375,26.84666633605957,27.273332595825195,18482700
2015-03-12,22.316377639770508,27.299999237060547,27.373332977294922,26.926666259765625,26.93666648864746,15677400
2015-03-13,22.316377639770508,27.299999237060547,27.416667938232422,27.09666633605957,27.316667556762695,14286600
2015-03-16,22.69512939453125,27.76333236694336,27.790000915527344,27.479999542236328,27.483333587646484,19557300
2015-03-17,22.5125789642334,27.540000915527344,27.670000076293945,27.413333892822266,27.65999984741211,14406000
2015-03-18,22.48805046081543,27.510000228881836,27.65333366394043,27.053333282470703,27.32666778564453,30756900
2015-03-19,22.21283531188965,27.17333221435547,27.479999542236328,27.123332977294922,27.44333267211914,21638700
2015-03-20,22.681520462036133,27.746667861938477,27.829999923706055,27.23666763305664,27.27666664123535,37095900
2015-03-23,22.700580596923828,27.770000457763672,27.96666717529297,27.706666946411133,27.726667404174805,19517100
2015-03-24,22.629737854003906,27.683332443237305,27.90333366394043,27.65333366394043,27.729999542236328,16077300
2015-03-25,22.158340454101562,27.106666564941406,27.75,27.10333251953125,27.696666717529297,19937700
2015-03-26,22.313657760620117,27.296667098999023,27.43666648864746,26.883333206176758,26.976667404174805,24801600
2015-03-27,22.16651153564453,27.116666793823242,27.393333435058594,27.083332061767578,27.28333282470703,17152200
2015-03-30,22.48805046081543,27.510000228881836,27.600000381469727,27.143333435058594,27.233333587646484,17105100
2015-03-31,22.411752700805664,27.416667938232422,27.68000030517578,27.416667938232422,27.463333129882812,16763100
2015-04-01,21.992130279541016,26.90333366394043,27.426666259765625,26.809999465942383,27.426666259765625,24920100
2015-04-02,21.997575759887695,26.90999984741211,27.106666564941406,26.850000381469727,26.90999984741211,17387100
2015-04-06,22.068422317504883,26.996667861938477,27.110000610351562,26.71666717529297,26.81999969482422,19142100
2015-04-07,21.93490219116211,26.833332061767578,27.09666633605957,26.81999969482422,27.030000686645508,19818300
2015-04-08,22.07931900024414,27.010000228881836,27.07666778564453,26.786666870117188,26.796667098999023,20084100
2015-04-09,22.02755355834961,26.946666717529297,27.1299991607666,26.860000610351562,26.946666717529297,11770800
2015-04-10,21.97577476501465,26.883333206176758,27.0,26.850000381469727,26.953332901000977,16440900
2015-04-13,21.877687454223633,26.76333236694336,26.97333335876465,26.75666618347168,26.799999237060547,14094300
2015-04-14,21.839534759521484,26.71666717529297,26.80666732788086,26.559999465942383,26.76333236694336,16595100
2015-04-15,21.72780990600586,26.579999923706055,26.99333381652832,26.549999237060547,26.860000610351562,18601200
2015-04-16,21.591571807861328,26.413333892822266,26.6299991607666,26.376667022705078,26.5,24045300
2015-04-17,21.22099494934082,25.959999084472656,26.383333206176758,25.850000381469727,26.31333351135254,35468400
2015-04-20,21.29184341430664,26.046667098999023,26.27666664123535,26.00666618347168,26.1299991607666,26542800
2015-04-21,21.261873245239258,26.010000228881836,26.280000686645508,25.969999313354492,26.203332901000977,18600600
2015-04-22,21.370861053466797,26.143333435058594,26.213333129882812,25.850000381469727,25.90999984741211,22784100
2015-04-23,21.575223922729492,26.393333435058594,26.51333236694336,26.066667556762695,26.126667022705078,22406700
2015-04-24,21.755064010620117,26.613332748413086,26.976667404174805,26.413333892822266,26.459999084472656,20603400
2015-04-27,21.626995086669922,26.456666946411133,26.6200008392334,26.43000030517578,26.59000015258789,19349400
2015-04-28,21.553430557250977,26.366666793823242,26.49333381652832,26.25666618347168,26.48666763305664,14687700
2015-04-29,21.22099494934082,25.959999084472656,26.26333236694336,25.93000030517578,26.233333587646484,21325200
2015-04-30,21.26731300354004,26.016666412353516,26.15999984741211,25.863332748413086,25.94333267211914,26387700
2015-05-01,21.417186737060547,26.200000762939453,26.253332138061523,26.05666732788086,26.066667556762695,14999100
2015-05-04,21.575223922729492,26.393333435058594,26.516666412353516,26.15333366394043,26.32666778564453,20007600
2015-05-05,21.289119720458984,26.043333053588867,26.336666107177734,26.020000457763672,26.336666107177734,17566200
2015-05-06,21.291858673095703,25.883333206176758,26.040000915527344,25.72333335876465,25.97333335876465,16440300
2015-05-07,21.39605712890625,26.010000228881836,26.113332748413086,25.766666412353516,25.90999984741211,16614300
2015-05-08,21.533153533935547,26.176666259765625,26.416667938232422,26.133333206176758,26.200000762939453,16042200
2015-05-11,21.415252685546875,26.03333282470703,26.203332901000977,26.010000228881836,26.106666564941406,11234700
2015-05-12,21.651065826416016,26.31999969482422,26.49333381652832,25.956666946411133,26.00666618347168,25347000
2015-05-13,21.431703567504883,26.053333282470703,26.476667404174805,25.99333381652832,26.393333435058594,25263600
2015-05-14,21.585256576538086,26.239999771118164,26.25666618347168,26.00666618347168,26.123332977294922,18510600
2015-05-15,21.727842330932617,26.413333892822266,26.416667938232422,26.190000534057617,26.23666763305664,19851600
2015-05-18,21.914304733276367,26.639999389648438,26.64666748046875,26.386667251586914,26.456666946411133,24900900
2015-05-19,20.957334518432617,25.476667404174805,26.1200008392334,25.40999984741211,26.059999465942383,67375800
2015-05-20,20.812009811401367,25.299999237060547,25.5,25.27666664123535,25.49333381652832,31625700
2015-05-21,20.869583129882812,25.3700008392334,25.47333335876465,25.18666648864746,25.266666412353516,20268600
2015-05-22,20.801040649414062,25.286666870117188,25.459999084472656,25.286666870117188,25.399999618530273,20445000
2015-05-26,20.537803649902344,24.96666717529297,25.27666664123535,24.940000534057617,25.25666618347168,31720800
2015-05-27,20.617324829101562,25.06333351135254,25.170000076293945,25.0,25.003332138061523,20961300
2015-05-28,20.521347045898438,24.946666717529297,25.053333282470703,24.883333206176758,25.023332595825195,15076500
2015-05-29,20.365049362182617,24.75666618347168,24.959999084472656,24.71666717529297,24.940000534057617,19125300
2015-06-01,20.491191864013672,24.90999984741211,25.02666664123535,24.803333282470703,24.89666748046875,16938000
2015-06-02,20.436342239379883,24.843332290649414,25.0,24.80666732788086,24.84666633605957,17393400
2015-06-03,20.535057067871094,24.963333129882812,25.066667556762695,24.823333740234375,24.899999618530273,18281400
2015-06-04,20.3321590423584,24.71666717529297,24.99333381652832,24.649999618530273,24.81999969482422,26948400
2015-06-05,20.03327178955078,24.35333251953125,24.75666618347168,24.32666778564453,24.72333335876465,31905300
2015-06-08,19.909873962402344,24.203332901000977,24.496667861938477,24.200000762939453,24.476667404174805,28779000
2015-06-09,19.87149429321289,24.156667709350586,24.28333282470703,24.1200008392334,24.233333587646484,25006800
2015-06-10,19.997623443603516,24.309999465942383,24.44333267211914,24.113332748413086,24.23666763305664,33647400
2015-06-11,20.0003662109375,24.31333351135254,24.55666732788086,24.280000686645508,24.40999984741211,22260000
2015-06-12,19.860523223876953,24.143333435058594,24.299999237060547,24.133333206176758,24.246667861938477,21739800
2015-06-15,19.72342300415039,23.976667404174805,24.133333206176758,23.899999618530273,24.066667556762695,22700400
2015-06-16,19.83858299255371,24.116666793823242,24.19333267211914,23.906667709350586,24.073333740234375,18646800
2015-06-17,19.942785263061523,24.24333381652832,24.299999237060547,24.113332748413086,24.209999084472656,17111700
2015-06-18,20.011337280273438,24.32666778564453,24.49333381652832,24.246667861938477,24.246667861938477,25129800
2015-06-19,19.94552230834961,24.246667861938477,24.406667709350586,24.233333587646484,24.266666412353516,43652100
2015-06-22,19.959232330322266,24.26333236694336,24.39666748046875,24.229999542236328,24.32666778564453,19468500
2015-06-23,19.898914337158203,24.190000534057617,24.31333351135254,24.113332748413086,24.296667098999023,23628900
2015-06-24,19.84680938720703,24.126667022705078,24.21666717529297,24.046667098999023,24.18666648864746,22015200
2015-06-25,19.7042236328125,23.953332901000977,24.209999084472656,23.94333267211914,24.149999618530273,15879600
2015-06-26,19.77552032470703,24.040000915527344,24.15333366394043,23.956666946411133,23.98666763305664,20693400
2015-06-29,19.583581924438477,23.80666732788086,24.0,23.803333282470703,23.933332443237305,24563400
2015-06-30,19.44921875,23.643333435058594,23.93666648864746,23.593332290649414,23.93666648864746,33307800
2015-07-01,19.709707260131836,23.959999084472656,23.983333587646484,23.453332901000977,23.866666793823242,32321700
2015-07-02,19.7042236328125,23.953332901000977,24.18666648864746,23.886667251586914,24.00666618347168,19758300
2015-07-06,19.887943267822266,24.176666259765625,24.229999542236328,23.793333053588867,23.793333053588867,31609500
2015-07-07,20.23343276977539,24.59666633605957,24.6200008392334,24.0,24.219999313354492,37263900
2015-07-08,20.03327178955078,24.35333251953125,24.530000686645508,24.299999237060547,24.433332443237305,23373000
2015-07-09,19.956491470336914,24.260000228881836,24.57666778564453,24.23666763305664,24.55666732788086,26087400
2015-07-10,20.049718856811523,24.373332977294922,24.516666412353516,24.360000610351562,24.360000610351562,16737900
2015-07-13,20.25811195373535,24.626667022705078,24.703332901000977,24.503332138061523,24.503332138061523,18253500
2015-07-14,20.23343276977539,24.59666633605957,24.696666717529297,24.49333381652832,24.65999984741211,16554600
2015-07-15,20.195053100585938,24.549999237060547,24.633333206176758,24.39666748046875,24.530000686645508,13700100
2015-07-16,20.24440574645996,24.610000610351562,24.713333129882812,24.586666107177734,24.656667709350586,15695100
2015-07-17,20.12375259399414,24.463333129882812,24.690000534057617,24.43666648864746,24.579999923706055,17041800
2015-07-20,20.04424476623535,24.366666793823242,24.479999542236328,24.35333251953125,24.450000762939453,15256800
2015-07-21,19.94552230834961,24.246667861938477,24.43000030517578,24.176666259765625,24.366666793823242,19323300
2015-07-22,20.060691833496094,24.386667251586914,24.606666564941406,24.260000228881836,24.260000228881836,20884800
2015-07-23,19.882455825805664,24.170000076293945,24.406667709350586,24.139999389648438,24.356666564941406,12758700
2015-07-24,19.6274471282959,23.860000610351562,24.18666648864746,23.833332061767578,24.176666259765625,17853300
2015-07-27,19.57260513305664,23.793333053588867,23.883333206176758,23.670000076293945,23.793333053588867,18592800
2015-07-28,19.770036697387695,24.03333282470703,24.1299991607666,23.74333381652832,23.843332290649414,25776900
2015-07-29,19.805683135986328,24.07666778564453,24.209999084472656,24.030000686645508,24.083332061767578,14819100
2015-07-30,19.786487579345703,24.053333282470703,24.176666259765625,23.926666259765625,24.010000228881836,13813500
2015-07-31,19.737131118774414,23.99333381652832,24.163333892822266,23.886667251586914,24.14666748046875,23785200
2015-08-03,19.79197120666504,24.059999465942383,24.126667022705078,23.946666717529297,23.946666717529297,15395400
2015-08-04,19.811166763305664,24.083332061767578,24.266666412353516,23.976667404174805,24.139999389648438,17620200
2015-08-05,20.294292449951172,24.503332138061523,24.56333351135254,24.083332061767578,24.1299991607666,26147400
2015-08-06,20.09552574157715,24.26333236694336,24.459999084472656,24.219999313354492,24.450000762939453,19103100
2015-08-07,19.670366287231445,23.75,24.27666664123535,23.72333335876465,24.23666763305664,23392500
2015-08-10,19.733861923217773,23.82666778564453,23.916667938232422,23.780000686645508,23.833332061767578,18060300
2015-08-11,19.858097076416016,23.976667404174805,24.123332977294922,23.71666717529297,23.75,20487600
2015-08-12,20.037546157836914,24.19333267211914,24.219999313354492,23.75666618347168,23.843332290649414,26524200
2015-08-13,19.907793045043945,24.036666870117188,24.25666618347168,23.989999771118164,24.133333206176758,22957200
2015-08-14,19.982328414916992,24.126667022705078,24.200000762939453,24.01333236694336,24.100000381469727,17737500
2015-08-17,19.852575302124023,23.969999313354492,24.07666778564453,23.920000076293945,23.94333267211914,22813200
2015-08-18,19.181720733642578,23.15999984741211,23.5,23.079999923706055,23.333332061767578,63945000
2015-08-19,18.930490493774414,22.856666564941406,23.1299991607666,22.59000015258789,22.956666946411133,49000200
2015-08-20,18.891828536987305,22.809999465942383,23.100000381469727,22.64666748046875,22.69333267211914,29580300
2015-08-21,18.37005615234375,22.18000030517578,22.770000457763672,22.18000030517578,22.636667251586914,47239500
2015-08-24,17.655012130737305,21.316667556762695,22.053333282470703,20.5,21.246667861938477,66718800
2015-08-25,17.420351028442383,21.03333282470703,21.90333366394043,21.0,21.816667556762695,44403000
2015-08-26,17.897964477539062,21.610000610351562,21.616666793823242,21.00666618347168,21.40999984741211,41784900
2015-08-27,18.243059158325195,22.02666664123535,22.059999465942383,21.649999618530273,21.773332595825195,41738400
2015-08-28,17.92833137512207,21.64666748046875,22.040000915527344,21.483333587646484,22.030000686645508,42909000
2015-08-31,17.8703556060791,21.57666778564453,21.666667938232422,21.43000030517578,21.606666564941406,24525600
2015-09-01,17.61912727355957,21.273332595825195,21.440000534057617,21.09000015258789,21.266666412353516,40181700
2015-09-02,17.790292739868164,21.479999542236328,21.64666748046875,21.35333251953125,21.530000686645508,28543800
2015-09-03,17.9062442779541,21.6200008392334,21.670000076293945,21.463333129882812,21.573333740234375,25571400
2015-09-04,17.638456344604492,21.296667098999023,21.433332443237305,21.170000076293945,21.356666564941406,27697200
2015-09-08,18.325878143310547,22.126667022705078,22.166667938232422,21.726667404174805,21.74333381652832,53120400
2015-09-09,17.978025436401367,21.706666946411133,22.336666107177734,21.670000076293945,22.286666870117188,28392600
2015-09-10,17.70194435119629,21.373332977294922,21.549999237060547,21.27666664123535,21.356666564941406,43574400
2015-09-11,17.848270416259766,21.549999237060547,21.559999465942383,21.329999923706055,21.393333435058594,24187200
2015-09-14,17.746122360229492,21.426666259765625,21.55666732788086,21.273332595825195,21.549999237060547,20870100
2015-09-15,17.75716209411621,21.440000534057617,21.566667556762695,21.350000381469727,21.49333381652832,20582400
2015-09-16,17.85930633544922,21.56333351135254,21.59000015258789,21.350000381469727,21.53333282470703,16876200
2015-09-17,17.79857635498047,21.489999771118164,21.76333236694336,21.386667251586914,21.566667556762695,21399300
2015-09-18,17.486610412597656,21.113332748413086,21.40999984741211,21.086666107177734,21.25,38655600
2015-09-21,17.591524124145508,21.239999771118164,21.333332061767578,21.123332977294922,21.25,21358800
2015-09-22,17.555627822875977,21.196666717529297,21.273332595825195,20.97333335876465,21.07666778564453,26402400
2015-09-23,17.591524124145508,21.239999771118164,21.309999465942383,21.040000915527344,21.239999771118164,17629800
2015-09-24,17.621889114379883,21.27666664123535,21.32666778564453,21.100000381469727,21.1200008392334,20868600
2015-09-25,17.60808563232422,21.260000228881836,21.48666763305664,21.206666946411133,21.356666564941406,21489000
2015-09-28,17.574954986572266,21.219999313354492,21.316667556762695,21.15999984741211,21.200000762939453,28183200
2015-09-29,17.60808563232422,21.260000228881836,21.34666633605957,21.07666778564453,21.25,22920300
2015-09-30,17.90072250366211,21.613332748413086,21.64666748046875,21.309999465942383,21.476667404174805,23937600
2015-10-01,17.743358612060547,21.42333221435547,21.64666748046875,21.293333053588867,21.586666107177734,23511600
2015-10-02,17.939373016357422,21.65999984741211,21.65999984741211,21.136667251586914,21.253332138061523,21252000
2015-10-05,18.185077667236328,21.956666946411133,21.97333335876465,21.713333129882812,21.73666763305664,18900900
2015-10-06,18.13262367248535,21.893333435058594,21.983333587646484,21.726667404174805,21.84666633605957,22232700
2015-10-07,18.320363998413086,22.1200008392334,22.1200008392334,21.92333221435547,21.946666717529297,21408000
2015-10-08,18.463911056518555,22.293333053588867,22.329999923706055,22.049999237060547,22.07666778564453,17923500
2015-10-09,18.41146469116211,22.229999542236328,22.34000015258789,22.170000076293945,22.31333351135254,20262000
2015-10-12,18.477718353271484,22.309999465942383,22.333332061767578,22.19333267211914,22.22333335876465,16931700
2015-10-13,18.422508239746094,22.24333381652832,22.31333351135254,22.086666107177734,22.206666946411133,26575200
2015-10-14,16.572803497314453,20.010000228881836,22.649999618530273,20.00666618347168,22.203332901000977,242694300
2015-10-15,16.379547119140625,19.77666664123535,20.156667709350586,19.536666870117188,19.899999618530273,138760500
2015-10-16,16.258071899414062,19.6299991607666,19.829999923706055,19.456666946411133,19.823333740234375,78585300
2015-10-19,16.24703025817871,19.616666793823242,19.766666412353516,19.5,19.59666633605957,53417400
2015-10-20,16.219425201416016,19.583332061767578,19.666667938232422,19.523332595825195,19.6200008392334,31271100
2015-10-21,16.189050674438477,19.546667098999023,19.68000030517578,19.523332595825195,19.600000381469727,39352800
2015-10-22,16.260835647583008,19.633333206176758,19.98666763305664,19.546667098999023,19.64666748046875,43765500
2015-10-23,16.09518814086914,19.433332443237305,19.760000228881836,19.406667709350586,19.729999542236328,39121800
2015-10-26,16.017894744873047,19.34000015258789,19.483333587646484,19.323333740234375,19.46666717529297,32519400
2015-10-27,15.868810653686523,19.15999984741211,19.34666633605957,19.126667022705078,19.336666107177734,31534200
2015-10-28,15.912978172302246,19.213333129882812,19.239999771118164,19.053333282470703,19.219999313354492,35504100
2015-10-29,16.001323699951172,19.31999969482422,19.373332977294922,19.15999984741211,19.239999771118164,38566500
2015-10-30,15.80255126953125,19.079999923706055,19.373332977294922,19.079999923706055,19.24333381652832,47416500
2015-11-02,15.904694557189941,19.203332901000977,19.203332901000977,18.92333221435547,19.09666633605957,32157600
2015-11-03,16.04273796081543,19.3700008392334,19.44333267211914,19.176666259765625,19.190000534057617,30761700
2015-11-04,16.11452293395996,19.456666946411133,19.586666107177734,19.39666748046875,19.52666664123535,30169500
2015-11-05,16.180774688720703,19.536666870117188,19.65999984741211,19.47333335876465,19.503332138061523,26581500
2015-11-06,16.227705001831055,19.593332290649414,19.733333587646484,19.43666648864746,19.639999389648438,29931900
2015-11-09,16.147645950317383,19.496667861938477,19.593332290649414,19.34000015258789,19.5,25321200
2015-11-10,16.200098037719727,19.559999465942383,19.56999969482422,19.43666648864746,19.43666648864746,22844700
2015-11-11,15.896417617797852,19.19333267211914,19.57666778564453,19.156667709350586,19.5,26069700
2015-11-12,15.722488403320312,18.983333587646484,19.25666618347168,18.97333335876465,19.213333129882812,28654500
2015-11-13,15.576172828674316,18.80666732788086,19.020000457763672,18.766666412353516,18.913333892822266,37544700
2015-11-16,15.976480484008789,19.290000915527344,19.343332290649414,18.786666870117188,18.796667098999023,39964800
2015-11-17,16.542434692382812,19.97333335876465,20.299999237060547,19.733333587646484,19.780000686645508,74037900
2015-11-18,16.821271896362305,20.309999465942383,20.356666564941406,19.850000381469727,20.01333236694336,44633100
2015-11-19,16.75777244567871,20.233333587646484,20.453332901000977,20.143333435058594,20.373332977294922,34698300
2015-11-20,16.583843231201172,20.023332595825195,20.489999771118164,20.00666618347168,20.32666778564453,37113300
2015-11-23,16.636293411254883,20.086666107177734,20.246667861938477,19.959999084472656,20.09666633605957,31731000
2015-11-24,16.542434692382812,19.97333335876465,20.139999389648438,19.953332901000977,19.983333587646484,37361700
2015-11-25,16.630773544311523,20.079999923706055,20.23666763305664,19.959999084472656,20.0,23460600
2015-11-27,16.53414535522461,19.963333129882812,20.229999542236328,19.956666946411133,20.14666748046875,16022700
2015-11-30,16.244272232055664,19.613332748413086,20.020000457763672,19.57666778564453,19.956666946411133,44827800
2015-12-01,16.28568458557129,19.663333892822266,19.76333236694336,19.549999237060547,19.709999084472656,36612300
2015-12-02,16.243932723999023,19.450000762939453,19.76333236694336,19.440000534057617,19.536666870117188,40760700
2015-12-03,16.436010360717773,19.68000030517578,19.886667251586914,19.53333282470703,19.56333351135254,47532300
2015-12-04,16.608612060546875,19.886667251586914,19.950000762939453,19.676666259765625,19.683332443237305,31305900
2015-12-07,16.84246253967285,20.166667938232422,20.24333381652832,19.856666564941406,19.856666564941406,34787700
2015-12-08,16.59469223022461,19.8700008392334,20.163333892822266,19.833332061767578,20.023332595825195,31132800
2015-12-09,16.461069107055664,19.709999084472656,20.036666870117188,19.633333206176758,19.753332138061523,26945100
2015-12-10,16.580772399902344,19.85333251953125,20.030000686645508,19.696666717529297,19.709999084472656,34078200
2015-12-11,16.525096893310547,19.786666870117188,19.843332290649414,19.60333251953125,19.683332443237305,29235000
2015-12-14,16.81183624267578,20.1299991607666,20.14666748046875,19.690000534057617,19.766666412353516,43574700
2015-12-15,16.603050231933594,19.8799991607666,20.280000686645508,19.856666564941406,20.213333129882812,43846200
2015-12-16,16.786785125732422,20.100000381469727,20.21666717529297,19.899999618530273,20.036666870117188,29881500
2015-12-17,16.419313430786133,19.65999984741211,20.110000610351562,19.656667709350586,20.110000610351562,38928300
2015-12-18,16.383113861083984,19.616666793823242,19.799999237060547,19.583332061767578,19.643333435058594,48770100
2015-12-21,16.577987670898438,19.850000381469727,19.860000610351562,19.55666732788086,19.606666564941406,28936500
2015-12-22,16.853595733642578,20.18000030517578,20.233333587646484,19.8700008392334,19.93000030517578,27798900
2015-12-23,17.006702423095703,20.363332748413086,20.373332977294922,20.14666748046875,20.333332061767578,22559400
2015-12-24,16.934328079223633,20.27666664123535,20.366666793823242,20.226667404174805,20.260000228881836,7448400
2015-12-28,16.91205596923828,20.25,20.323333740234375,20.166667938232422,20.19333267211914,16265100
2015-12-29,17.151470184326172,20.536666870117188,20.583332061767578,20.32666778564453,20.333332061767578,23650800
2015-12-30,17.17095947265625,20.559999465942383,20.623332977294922,20.496667861938477,20.553333282470703,17150100
2015-12-31,17.065162658691406,20.433332443237305,20.573333740234375,20.389999389648438,20.44333267211914,19725300
2016-01-04,17.109710693359375,20.48666763305664,20.496667861938477,20.1200008392334,20.166667938232422,35967600
2016-01-05,17.51616096496582,20.97333335876465,21.016666412353516,20.616666793823242,20.676666259765625,39978000
2016-01-06,17.69154167175293,21.183332443237305,21.316667556762695,20.823333740234375,20.82666778564453,49693800
2016-01-07,18.10354995727539,21.676666259765625,21.74333381652832,20.97333335876465,20.989999771118164,79290000
2016-01-08,17.688758850097656,21.18000030517578,21.803333282470703,21.136667251586914,21.69333267211914,53303700
2016-01-11,17.878061294555664,21.406667709350586,21.489999771118164,21.209999084472656,21.253332138061523,37961400
2016-01-12,17.711029052734375,21.206666946411133,21.57666778564453,21.143333435058594,21.459999084472656,36587700
2016-01-13,17.237768173217773,20.639999389648438,21.24333381652832,20.610000610351562,21.24333381652832,41177100
2016-01-14,17.555131912231445,21.020000457763672,21.206666946411133,20.606666564941406,20.666667938232422,38804700
2016-01-15,17.240554809570312,20.643333435058594,20.823333740234375,20.420000076293945,20.516666412353516,45523200
2016-01-19,17.415939331054688,20.85333251953125,20.933332443237305,20.670000076293945,20.75,39153900
2016-01-20,16.937108993530273,20.280000686645508,20.77666664123535,20.066667556762695,20.600000381469727,52107300
2016-01-21,17.226633071899414,20.626667022705078,20.93000030517578,20.303333282470703,20.32666778564453,36267600
2016-01-22,17.452129364013672,20.89666748046875,21.086666107177734,20.709999084472656,20.81333351135254,27592500
2016-01-25,17.663698196411133,21.149999618530273,21.273332595825195,20.850000381469727,20.926666259765625,38470200
2016-01-26,17.816814422607422,21.333332061767578,21.489999771118164,21.086666107177734,21.1200008392334,28323600
2016-01-27,17.802900314331055,21.316667556762695,21.726667404174805,21.296667098999023,21.366666793823242,30642900
2016-01-28,17.878061294555664,21.406667709350586,21.503332138061523,21.143333435058594,21.343332290649414,33834900
2016-01-29,18.47381019592285,22.1200008392334,22.176666259765625,21.579999923706055,21.583332061767578,49317300
2016-02-01,18.79117202758789,22.5,22.643333435058594,21.963333129882812,21.969999313354492,44185200
2016-02-02,18.61301040649414,22.286666870117188,22.613332748413086,22.093332290649414,22.433332443237305,40757700
2016-02-03,18.44875717163086,22.09000015258789,22.5,21.690000534057617,22.43666648864746,36946800
2016-02-04,18.49051284790039,22.139999389648438,22.183332443237305,21.670000076293945,21.920000076293945,38500200
2016-02-05,18.6519775390625,22.333332061767578,22.510000228881836,21.959999084472656,22.286666870117188,42589500
2016-02-08,18.624143600463867,22.299999237060547,22.383333206176758,21.719999313354492,22.166667938232422,62230800
2016-02-09,18.320697784423828,21.93666648864746,22.136667251586914,21.559999465942383,21.829999923706055,43927200
2016-02-10,18.315126419067383,21.93000030517578,22.196666717529297,21.883333206176758,22.06333351135254,29127900
2016-02-11,18.18429183959961,21.773332595825195,21.920000076293945,21.593332290649414,21.67333221435547,33560100
2016-02-12,18.4237003326416,22.059999465942383,22.083332061767578,21.623332977294922,21.84000015258789,29086500
2016-02-16,18.34575843811035,21.96666717529297,22.266666412353516,21.833332061767578,22.203332901000977,34081500
2016-02-17,18.404211044311523,22.036666870117188,22.203332901000977,21.93666648864746,22.03333282470703,37280100
2016-02-18,17.8502254486084,21.373332977294922,21.593332290649414,20.78333282470703,21.246667861938477,83683800
2016-02-19,18.000545501708984,21.553333282470703,21.59000015258789,21.14666748046875,21.296667098999023,46686900
2016-02-22,18.270584106445312,21.876667022705078,22.046667098999023,21.553333282470703,21.553333282470703,31761900
2016-02-23,18.507221221923828,22.15999984741211,22.200000762939453,21.760000228881836,21.946666717529297,34296000
2016-02-24,18.685386657714844,22.373332977294922,22.44333267211914,21.906667709350586,22.06333351135254,30873600
2016-02-25,18.941505432128906,22.68000030517578,22.709999084472656,22.44333267211914,22.483333587646484,28743900
2016-02-26,18.51557159423828,22.170000076293945,22.733333587646484,22.100000381469727,22.69333267211914,32952900
2016-02-29,18.468242645263672,22.113332748413086,22.316667556762695,22.073333740234375,22.209999084472656,28035600
2016-03-01,18.50165367126465,22.15333366394043,22.296667098999023,22.0,22.21666717529297,31288500
2016-03-02,18.432052612304688,22.06999969482422,22.22333335876465,22.0,22.06999969482422,27496800
2016-03-03,18.41256332397461,22.046667098999023,22.066667556762695,21.626667022705078,21.983333587646484,35540400
2016-03-04,18.590730667114258,22.260000228881836,22.426666259765625,22.030000686645508,22.046667098999023,30031500
2016-03-07,18.89974594116211,22.6299991607666,22.82666778564453,22.09000015258789,22.206666946411133,38476200
2016-03-08,18.941505432128906,22.68000030517578,22.823333740234375,22.496667861938477,22.57666778564453,30203700
2016-03-09,18.938697814941406,22.510000228881836,22.663333892822266,22.373332977294922,22.59666633605957,23474400
2016-03-10,18.905048370361328,22.469999313354492,22.68000030517578,22.133333206176758,22.516666412353516,30677400
2016-03-11,18.837738037109375,22.389999389648438,22.64666748046875,22.266666412353516,22.59000015258789,24872700
2016-03-14,18.891021728515625,22.453332901000977,22.55666732788086,22.31999969482422,22.383333206176758,20137500
2016-03-15,19.095748901367188,22.696666717529297,22.78333282470703,22.333332061767578,22.333332061767578,22700700
2016-03-16,19.06770896911621,22.663333892822266,22.780000686645508,22.416667938232422,22.64666748046875,24654000
2016-03-17,18.916261672973633,22.483333587646484,22.97333335876465,22.420000076293945,22.606666564941406,35514300
2016-03-18,18.776037216186523,22.316667556762695,22.676666259765625,22.25,22.49333381652832,69459300
2016-03-21,19.06209373474121,22.656667709350586,22.793333053588867,22.323333740234375,22.343332290649414,28247400
2016-03-22,19.034048080444336,22.623332977294922,22.893333435058594,22.59666633605957,22.666667938232422,22543500
2016-03-23,18.919071197509766,22.48666763305664,22.700000762939453,22.479999542236328,22.670000076293945,18331800
2016-03-24,19.07050895690918,22.666667938232422,22.68000030517578,22.459999084472656,22.476667404174805,18914100
2016-03-28,19.10416603088379,22.706666946411133,22.860000610351562,22.643333435058594,22.643333435058594,16810500
2016-03-29,19.078920364379883,22.676666259765625,22.73666763305664,22.476667404174805,22.71666717529297,19473000
2016-03-30,19.29486656188965,22.933332443237305,23.0,22.76333236694336,22.77666664123535,21625500
2016-03-31,19.20792579650879,22.829999923706055,23.06333351135254,22.823333740234375,22.916667938232422,18850500
2016-04-01,19.367782592773438,23.020000457763672,23.066667556762695,22.67333221435547,22.67333221435547,19807200
2016-04-04,19.37900161743164,23.03333282470703,23.123332977294922,22.97333335876465,23.0,20470200
2016-04-05,19.249998092651367,22.8799991607666,23.083332061767578,22.75666618347168,23.010000228881836,17337000
2016-04-06,19.36217498779297,23.01333236694336,23.020000457763672,22.84000015258789,22.899999618530273,16088100
2016-04-07,19.132211685180664,22.739999771118164,22.976667404174805,22.64666748046875,22.94333267211914,18331500
2016-04-08,19.08733367919922,22.68666648864746,22.796667098999023,22.6200008392334,22.770000457763672,19548000
2016-04-11,18.902246475219727,22.46666717529297,22.790000915527344,22.459999084472656,22.670000076293945,23596200
2016-04-12,19.29486656188965,22.933332443237305,22.956666946411133,22.483333587646484,22.523332595825195,23203800
2016-04-13,19.39301872253418,23.049999237060547,23.139999389648438,22.956666946411133,23.003332138061523,18788100
2016-04-14,19.29486656188965,22.933332443237305,23.079999923706055,22.71666717529297,23.049999237060547,20931300
2016-04-15,19.367782592773438,23.020000457763672,23.136667251586914,22.979999542236328,22.979999542236328,22753500
2016-04-18,19.592147827148438,23.286666870117188,23.299999237060547,22.950000762939453,23.016666412353516,19868700
2016-04-19,19.566898345947266,23.25666618347168,23.360000610351562,23.166667938232422,23.26333236694336,24598200
2016-04-20,19.409852981567383,23.06999969482422,23.329999923706055,23.043333053588867,23.253332138061523,16237500
2016-04-21,19.20231819152832,22.823333740234375,23.226667404174805,22.746667861938477,23.156667709350586,19852800
2016-04-22,19.272441864013672,22.906667709350586,22.979999542236328,22.760000228881836,22.940000534057617,18645300
2016-04-25,19.482769012451172,23.156667709350586,23.166667938232422,22.68666648864746,22.850000381469727,17688600
2016-04-26,19.435096740722656,23.100000381469727,23.296667098999023,23.03333282470703,23.233333587646484,19945200
2016-04-27,19.4687442779541,23.139999389648438,23.260000228881836,22.996667861938477,23.163333892822266,15441900
2016-04-28,19.325716018676758,22.969999313354492,23.206666946411133,22.916667938232422,23.023332595825195,14330700
2016-04-29,18.753602981567383,22.290000915527344,22.940000534057617,22.1200008392334,22.90999984741211,36297000
2016-05-02,18.955528259277344,22.530000686645508,22.566667556762695,22.176666259765625,22.206666946411133,22829100
2016-05-03,18.790058135986328,22.333332061767578,22.5,22.25,22.286666870117188,17767800
2016-05-04,18.84334945678711,22.39666748046875,22.496667861938477,22.14666748046875,22.28333282470703,18088500
2016-05-05,18.84895896911621,22.40333366394043,22.416667938232422,22.19333267211914,22.323333740234375,24273000
2016-05-06,19.140615463256836,22.75,22.753332138061523,22.266666412353516,22.303333282470703,29476200
2016-05-09,19.336933135986328,22.983333587646484,23.03333282470703,22.719999313354492,22.75,25968600
2016-05-10,19.292057037353516,22.93000030517578,23.043333053588867,22.816667556762695,22.97333335876465,19208700
2016-05-11,18.760963439941406,22.136667251586914,22.5,21.8700008392334,22.489999771118164,43792500
2016-05-12,18.885257720947266,22.28333282470703,22.350000381469727,22.126667022705078,22.183332443237305,28600500
2016-05-13,18.345684051513672,21.64666748046875,22.183332443237305,21.549999237060547,22.15999984741211,41234100
2016-05-16,18.65078353881836,22.00666618347168,22.116666793823242,21.559999465942383,21.6200008392334,30545400
2016-05-17,18.390886306762695,21.700000762939453,22.09000015258789,21.626667022705078,22.020000457763672,27758100
2016-05-18,17.840002059936523,21.049999237060547,21.260000228881836,20.906667709350586,21.00666618347168,66767700
2016-05-19,19.54913902282715,23.066667556762695,23.110000610351562,22.5,22.700000762939453,105230100
2016-05-20,19.735591888427734,23.286666870117188,23.3799991607666,22.950000762939453,23.110000610351562,50239800
2016-05-23,19.633893966674805,23.166667938232422,23.35333251953125,23.14666748046875,23.200000762939453,30299400
2016-05-24,19.84294319152832,23.413333892822266,23.47333335876465,23.183332443237305,23.21666717529297,26484000
2016-05-25,19.910743713378906,23.49333381652832,23.666667938232422,23.413333892822266,23.416667938232422,21791700
2016-05-26,20.015268325805664,23.616666793823242,23.793333053588867,23.53333282470703,23.56333351135254,26081700
2016-05-27,19.987016677856445,23.583332061767578,23.6299991607666,23.496667861938477,23.6200008392334,17321100
2016-05-31,19.99549102783203,23.593332290649414,23.666667938232422,23.49333381652832,23.52666664123535,25170600
2016-06-01,19.916391372680664,23.5,23.636667251586914,23.469999313354492,23.5,21662700
2016-06-02,20.04351806640625,23.649999618530273,23.666667938232422,23.383333206176758,23.5,19526100
2016-06-03,20.020919799804688,23.623332977294922,23.683332443237305,23.50666618347168,23.523332595825195,19123500
2016-06-06,20.071767807006836,23.683332443237305,23.850000381469727,23.666667938232422,23.84000015258789,27054000
2016-06-07,20.066120147705078,23.676666259765625,23.770000457763672,23.616666793823242,23.700000762939453,22090200
2016-06-08,20.13673973083496,23.760000228881836,23.816667556762695,23.600000381469727,23.616666793823242,18417000
2016-06-09,20.08306884765625,23.696666717529297,23.863332748413086,23.616666793823242,23.786666870117188,18209700
2016-06-10,20.09719467163086,23.713333129882812,23.803333282470703,23.559999465942383,23.666667938232422,22534200
2016-06-13,19.92487144470215,23.510000228881836,23.726667404174805,23.496667861938477,23.666667938232422,23722800
2016-06-14,20.04351806640625,23.649999618530273,23.72333335876465,23.399999618530273,23.553333282470703,27199200
2016-06-15,20.091543197631836,23.706666946411133,23.8700008392334,23.666667938232422,23.733333587646484,24051000
2016-06-16,20.142398834228516,23.766666412353516,23.81999969482422,23.600000381469727,23.666667938232422,20115600
2016-06-17,20.04351806640625,23.649999618530273,23.770000457763672,23.46666717529297,23.683332443237305,54177900
2016-06-20,20.085899353027344,23.700000762939453,23.926666259765625,23.683332443237305,23.770000457763672,21427500
2016-06-21,20.187597274780273,23.81999969482422,23.906667709350586,23.649999618530273,23.649999618530273,20024400
2016-06-22,20.269514083862305,23.916667938232422,24.083332061767578,23.856666564941406,23.866666793823242,25372500
2016-06-23,20.368392944335938,24.03333282470703,24.079999923706055,23.93000030517578,24.066667556762695,20910600
2016-06-24,20.3288516998291,23.98666763305664,24.239999771118164,23.503332138061523,23.516666412353516,45361200
2016-06-27,20.198894500732422,23.833332061767578,23.92333221435547,23.626667022705078,23.8799991607666,33910200
2016-06-28,20.201717376708984,23.836666107177734,23.956666946411133,23.55666732788086,23.920000076293945,25683600
2016-06-29,20.470094680786133,24.15333366394043,24.163333892822266,23.85333251953125,23.876667022705078,21044100
2016-06-30,20.6282958984375,24.34000015258789,24.39666748046875,24.106666564941406,24.190000534057617,26140800
2016-07-01,20.568973541259766,24.270000457763672,24.389999389648438,24.139999389648438,24.376667022705078,22916400
2016-07-05,20.66219711303711,24.3799991607666,24.540000915527344,24.226667404174805,24.25,32245800
2016-07-06,20.85429573059082,24.606666564941406,24.65999984741211,24.389999389648438,24.420000076293945,33188100
2016-07-07,20.772375106811523,24.510000228881836,24.643333435058594,24.383333206176758,24.57666778564453,23378400
2016-07-08,20.859947204589844,24.613332748413086,24.616666793823242,24.413333892822266,24.606666564941406,27382800
2016-07-11,20.922100067138672,24.68666648864746,24.78333282470703,24.5,24.55666732788086,27120300
2016-07-12,20.69892120361328,24.42333221435547,24.57666778564453,24.333332061767578,24.520000457763672,37083600
2016-07-13,20.797800064086914,24.540000915527344,24.543333053588867,24.31333351135254,24.416667938232422,19197000
2016-07-14,20.82040023803711,24.566667556762695,24.703332901000977,24.536666870117188,24.59666633605957,19939200
2016-07-15,20.811918258666992,24.55666732788086,24.670000076293945,24.479999542236328,24.65999984741211,17984400
2016-07-18,20.859947204589844,24.613332748413086,24.726667404174805,24.510000228881836,24.546667098999023,16371900
2016-07-19,20.80910301208496,24.553333282470703,24.65333366394043,24.52666664123535,24.546667098999023,14394300
2016-07-20,20.845829010009766,24.59666633605957,24.703332901000977,24.543333053588867,24.626667022705078,15846000
2016-07-21,20.769548416137695,24.50666618347168,24.553333282470703,24.3799991607666,24.476667404174805,13175700
2016-07-22,20.778024673461914,24.516666412353516,24.636667251586914,24.47333335876465,24.586666107177734,12949800
2016-07-25,20.83452606201172,24.583332061767578,24.610000610351562,24.469999313354492,24.516666412353516,14202000
2016-07-26,20.828874588012695,24.57666778564453,24.690000534057617,24.469999313354492,24.56999969482422,15744900
2016-07-27,20.713054656982422,24.440000534057617,24.606666564941406,24.3799991607666,24.553333282470703,17333700
2016-07-28,20.690446853637695,24.413333892822266,24.440000534057617,24.156667709350586,24.3799991607666,13809600
2016-07-29,20.614173889160156,24.323333740234375,24.416667938232422,24.253332138061523,24.389999389648438,18906600
2016-08-01,20.84299659729004,24.593332290649414,24.663333892822266,24.270000457763672,24.270000457763672,17605200
2016-08-02,20.659378051757812,24.376667022705078,24.573333740234375,24.209999084472656,24.566667556762695,19539300
2016-08-03,20.605693817138672,24.31333351135254,24.46666717529297,24.170000076293945,24.333332061767578,19704300
2016-08-04,20.7073974609375,24.433332443237305,24.496667861938477,24.196666717529297,24.266666412353516,14834700
2016-08-05,20.837352752685547,24.586666107177734,24.649999618530273,24.48666763305664,24.48666763305664,16246200
2016-08-08,20.718698501586914,24.446666717529297,24.690000534057617,24.34666633605957,24.666667938232422,19731600
2016-08-09,20.775197982788086,24.51333236694336,24.626667022705078,24.360000610351562,24.453332901000977,19283700
2016-08-10,21.034040451049805,24.649999618530273,24.836666107177734,24.463333129882812,24.523332595825195,24156900
2016-08-11,20.991369247436523,24.600000381469727,24.933332443237305,24.510000228881836,24.833332061767578,18870900
2016-08-12,21.01697540283203,24.6299991607666,24.706666946411133,24.520000457763672,24.600000381469727,29982600
2016-08-15,20.85483741760254,24.440000534057617,24.670000076293945,24.3700008392334,24.60333251953125,28908300
2016-08-16,20.73253059387207,24.296667098999023,24.43666648864746,24.06999969482422,24.196666717529297,29289900
2016-08-17,20.743911743164062,24.309999465942383,24.316667556762695,23.996667861938477,23.996667861938477,43029900
2016-08-18,21.13358497619629,24.766666412353516,25.06333351135254,24.309999465942383,24.309999465942383,80574900
2016-08-19,20.709779739379883,24.270000457763672,24.76333236694336,24.22333335876465,24.700000762939453,46039200
2016-08-22,20.678495407104492,24.233333587646484,24.3799991607666,24.149999618530273,24.35333251953125,30936300
2016-08-23,20.47085189819336,23.989999771118164,24.356666564941406,23.98666763305664,24.296667098999023,28174200
2016-08-24,20.544811248779297,24.07666778564453,24.25,23.920000076293945,23.989999771118164,30152100
2016-08-25,20.257524490356445,23.739999771118164,24.19333267211914,23.683332443237305,24.123332977294922,31542600
2016-08-26,20.234771728515625,23.713333129882812,23.89666748046875,23.6299991607666,23.803333282470703,30115500
2016-08-29,20.308727264404297,23.799999237060547,23.886667251586914,23.700000762939453,23.713333129882812,22404300
2016-08-30,20.28312110900879,23.770000457763672,23.920000076293945,23.71666717529297,23.799999237060547,17322600
2016-08-31,20.320106506347656,23.81333351135254,23.8799991607666,23.71666717529297,23.81999969482422,18934800
2016-09-01,20.718311309814453,24.280000686645508,24.286666870117188,23.803333282470703,23.856666564941406,35284200
2016-09-02,20.621606826782227,24.166667938232422,24.39666748046875,24.139999389648438,24.329999923706055,24248700
2016-09-06,20.763824462890625,24.333332061767578,24.360000610351562,24.066667556762695,24.253332138061523,28712700
2016-09-07,20.496456146240234,24.020000457763672,24.350000381469727,24.003332138061523,24.333332061767578,28854900
2016-09-08,20.431032180786133,23.94333267211914,24.106666564941406,23.90333366394043,23.963333129882812,28983600
2016-09-09,19.9958438873291,23.433332443237305,23.836666107177734,23.433332443237305,23.773332595825195,36517800
2016-09-12,20.462324142456055,23.979999542236328,24.079999923706055,23.573333740234375,23.59666633605957,32592000
2016-09-13,20.32579231262207,23.81999969482422,23.969999313354492,23.71666717529297,23.946666717529297,22523700
2016-09-14,20.34286117553711,23.84000015258789,24.020000457763672,23.799999237060547,23.873332977294922,20941500
2016-09-15,20.593162536621094,24.133333206176758,24.18666648864746,23.753332138061523,23.82666778564453,21886800
2016-09-16,20.72684669494629,24.290000915527344,24.31999969482422,24.073333740234375,24.106666564941406,41807100
2016-09-19,20.50498390197754,24.030000686645508,24.290000915527344,24.030000686645508,24.213333129882812,20762100
2016-09-20,20.47085189819336,23.989999771118164,24.183332443237305,23.96666717529297,24.049999237060547,17731800
2016-09-21,20.533432006835938,24.06333351135254,24.18000030517578,23.836666107177734,24.059999465942383,20027700
2016-09-22,20.55618667602539,24.09000015258789,24.18000030517578,23.996667861938477,24.143333435058594,17615700
2016-09-23,20.578937530517578,24.116666793823242,24.25666618347168,24.113332748413086,24.200000762939453,23089200
2016-09-26,20.371301651000977,23.873332977294922,24.110000610351562,23.84000015258789,24.10333251953125,17846100
2016-09-27,20.573251724243164,24.110000610351562,24.163333892822266,23.860000610351562,23.976667404174805,19033200
2016-09-28,20.41965103149414,23.93000030517578,24.106666564941406,23.793333053588867,24.073333740234375,18554700
2016-09-29,20.11815643310547,23.57666778564453,23.90333366394043,23.540000915527344,23.856666564941406,23990400
2016-09-30,20.513521194458008,24.040000915527344,24.15333366394043,23.799999237060547,23.833332061767578,29947800
2016-10-03,20.482234954833984,24.003332138061523,24.049999237060547,23.866666793823242,23.94333267211914,17573100
2016-10-04,20.40827178955078,23.916667938232422,24.190000534057617,23.850000381469727,24.0,19707900
2016-10-05,20.385522842407227,23.889999389648438,24.09000015258789,23.866666793823242,23.956666946411133,19393200
2016-10-06,19.728473663330078,23.1200008392334,23.889999389648438,22.963333129882812,23.889999389648438,60330900
2016-10-07,19.54074478149414,22.899999618530273,23.156667709350586,22.72333335876465,23.086666107177734,37961400
2016-10-10,19.335952758789062,22.65999984741211,22.98666763305664,22.583332061767578,22.916667938232422,26965200
2016-10-11,19.168134689331055,22.463333129882812,22.65333366394043,22.433332443237305,22.649999618530273,25774500
2016-10-12,19.188051223754883,22.48666763305664,22.636667251586914,22.456666946411133,22.579999923706055,26822100
2016-10-13,19.40706443786621,22.74333381652832,22.84666633605957,22.356666564941406,22.39666748046875,27581400
2016-10-14,19.46963882446289,22.816667556762695,22.93666648864746,22.73666763305664,22.80666732788086,19248000
2016-10-17,19.404212951660156,22.739999771118164,22.883333206176758,22.600000381469727,22.883333206176758,22480200
2016-10-18,19.589101791381836,22.956666946411133,22.99333381652832,22.74333381652832,22.856666564941406,23573100
2016-10-19,19.59479331970215,22.963333129882812,23.113332748413086,22.89666748046875,23.073333740234375,21369900
2016-10-20,19.549283981323242,22.90999984741211,23.02666664123535,22.856666564941406,22.99333381652832,18882000
2016-10-21,19.43834686279297,22.780000686645508,22.876667022705078,22.663333892822266,22.780000686645508,23533800
2016-10-24,19.680124282836914,23.06333351135254,23.123332977294922,22.796667098999023,22.873332977294922,21490800
2016-10-25,19.728473663330078,23.1200008392334,23.290000915527344,23.0,23.003332138061523,22889100
2016-10-26,19.79389190673828,23.196666717529297,23.270000457763672,23.046667098999023,23.100000381469727,15151500
2016-10-27,19.86215591430664,23.27666664123535,23.333332061767578,23.1299991607666,23.200000762939453,21394800
2016-10-28,19.907672882080078,23.329999923706055,23.40333366394043,23.24333381652832,23.266666412353516,20858700
2016-10-31,19.916200637817383,23.34000015258789,23.389999389648438,23.28333282470703,23.35333251953125,19167000
2016-11-01,19.711410522460938,23.100000381469727,23.35333251953125,23.046667098999023,23.32666778564453,26515800
2016-11-02,19.754077911376953,23.149999618530273,23.323333740234375,23.066667556762695,23.066667556762695,22935900
2016-11-03,19.80527114868164,23.209999084472656,23.360000610351562,23.116666793823242,23.209999084472656,20411700
2016-11-04,19.671585083007812,23.053333282470703,23.31333351135254,23.043333053588867,23.23666763305664,21786300
2016-11-07,19.847938537597656,23.260000228881836,23.280000686645508,23.053333282470703,23.206666946411133,29266200
2016-11-08,19.85078239440918,23.26333236694336,23.34666633605957,23.156667709350586,23.23666763305664,22863900
2016-11-09,20.2233943939209,23.700000762939453,23.833332061767578,23.09666633605957,23.100000381469727,50338500
2016-11-10,20.305883407592773,23.796667098999023,24.030000686645508,23.666667938232422,23.75,42963900
2016-11-11,20.260374069213867,23.74333381652832,23.760000228881836,23.53333282470703,23.703332901000977,24671700
2016-11-14,20.049898147583008,23.496667861938477,23.770000457763672,23.39666748046875,23.719999313354492,38752500
2016-11-15,20.31441879272461,23.80666732788086,23.80666732788086,23.450000762939453,23.59666633605957,29175300
2016-11-16,20.305883407592773,23.796667098999023,24.020000457763672,23.77666664123535,23.916667938232422,33577200
2016-11-17,19.680124282836914,23.06333351135254,23.17333221435547,22.706666946411133,23.02666664123535,70320900
2016-11-18,19.4952392578125,22.84666633605957,23.133333206176758,22.81333351135254,22.976667404174805,33405900
2016-11-21,19.731321334838867,23.123332977294922,23.133333206176758,22.80666732788086,22.84666633605957,25068000
2016-11-22,19.94464874267578,23.373332977294922,23.47333335876465,23.24333381652832,23.24333381652832,32952000
2016-11-23,20.14659881591797,23.610000610351562,23.6299991607666,23.393333435058594,23.406667709350586,22196700
2016-11-25,20.260374069213867,23.74333381652832,23.883333206176758,23.65999984741211,23.703332901000977,12703200
2016-11-28,20.24899673461914,23.729999542236328,23.84000015258789,23.600000381469727,23.643333435058594,21297600
2016-11-29,20.30019187927246,23.790000915527344,23.93000030517578,23.733333587646484,23.793333053588867,21930300
2016-11-30,20.032825469970703,23.476667404174805,23.719999313354492,23.389999389648438,23.639999389648438,27978300
2016-12-01,20.101083755493164,23.55666732788086,23.57666778564453,23.350000381469727,23.416667938232422,20549400
2016-12-02,20.160816192626953,23.626667022705078,23.649999618530273,23.483333587646484,23.52666664123535,20022600
2016-12-05,19.893442153930664,23.31333351135254,23.663333892822266,23.270000457763672,23.633333206176758,31583700
2016-12-06,20.012908935546875,23.453332901000977,23.463333129882812,23.166667938232422,23.336666107177734,23334000
2016-12-07,20.224899291992188,23.53333282470703,23.549999237060547,23.299999237060547,23.309999465942383,20898600
2016-12-08,20.150413513183594,23.446666717529297,23.633333206176758,23.440000534057617,23.49333381652832,20532600
2016-12-09,20.07593536376953,23.360000610351562,23.476667404174805,23.246667861938477,23.42333221435547,32270100
2016-12-12,20.53142547607422,23.889999389648438,23.926666259765625,23.34000015258789,23.356666564941406,27252300
2016-12-13,20.568666458129883,23.933332443237305,24.07666778564453,23.8700008392334,23.889999389648438,26662500
2016-12-14,20.436891555786133,23.780000686645508,24.15999984741211,23.726667404174805,23.96666717529297,26008200
2016-12-15,20.36240577697754,23.69333267211914,23.933332443237305,23.676666259765625,23.739999771118164,21408900
2016-12-16,20.333763122558594,23.65999984741211,23.8799991607666,23.53333282470703,23.690000534057617,53534400
2016-12-19,20.50564193725586,23.860000610351562,23.916667938232422,23.613332748413086,23.613332748413086,17667900
2016-12-20,20.57439613342285,23.940000534057617,23.976667404174805,23.836666107177734,23.90999984741211,18324300
2016-12-21,20.408245086669922,23.746667861938477,24.0,23.746667861938477,23.886667251586914,15303000
2016-12-22,19.935564041137695,23.196666717529297,23.746667861938477,23.06999969482422,23.746667861938477,36320400
2016-12-23,19.921241760253906,23.18000030517578,23.25,23.1200008392334,23.143333435058594,14411700
2016-12-27,19.96707534790039,23.233333587646484,23.273332595825195,23.083332061767578,23.100000381469727,13307100
2016-12-28,19.855358123779297,23.10333251953125,23.333332061767578,23.086666107177734,23.31333351135254,14627100
2016-12-29,19.84103012084961,23.086666107177734,23.17333221435547,23.040000915527344,23.06999969482422,12895200
2016-12-30,19.800922393798828,23.040000915527344,23.143333435058594,22.94333267211914,23.040000915527344,20668500
2017-01-03,19.669145584106445,22.886667251586914,23.079999923706055,22.683332443237305,23.079999923706055,31419600
2017-01-04,19.783735275268555,23.020000457763672,23.209999084472656,22.866666793823242,22.886667251586914,23754000
2017-01-05,19.826704025268555,23.06999969482422,23.110000610351562,22.706666946411133,22.809999465942383,21297600
2017-01-06,19.554550170898438,22.753332138061523,22.833332061767578,22.670000076293945,22.803333282470703,28473300
2017-01-09,19.6834659576416,22.90333366394043,22.933332443237305,22.773332595825195,22.77666664123535,26055600
2017-01-10,19.54596519470215,22.74333381652832,23.09000015258789,22.739999771118164,22.8799991607666,30769500
2017-01-11,19.631898880004883,22.843332290649414,22.873332977294922,22.729999542236328,22.733333587646484,20092800
2017-01-12,19.471481323242188,22.656667709350586,22.85333251953125,22.639999389648438,22.786666870117188,19634700
2017-01-13,19.2308406829834,22.376667022705078,22.67333221435547,22.360000610351562,22.65999984741211,30037500
2017-01-17,19.600391387939453,22.80666732788086,23.09666633605957,22.68666648864746,22.700000762939453,39502500
2017-01-18,19.511585235595703,22.703332901000977,22.703332901000977,22.51333236694336,22.626667022705078,21964500
2017-01-19,19.371217727661133,22.540000915527344,22.729999542236328,22.49333381652832,22.709999084472656,20463300
2017-01-20,19.24517059326172,22.393333435058594,22.610000610351562,22.34000015258789,22.579999923706055,36164100
2017-01-23,19.093334197998047,22.21666717529297,22.393333435058594,22.18666648864746,22.336666107177734,23854200
2017-01-24,19.308191299438477,22.46666717529297,22.469999313354492,22.219999313354492,22.296667098999023,32131800
2017-01-25,19.162090301513672,22.296667098999023,22.57666778564453,22.26333236694336,22.50666618347168,26168700
2017-01-26,19.116254806518555,22.24333381652832,22.406667709350586,22.206666946411133,22.376667022705078,19512300
2017-01-27,18.809728622436523,21.886667251586914,22.323333740234375,21.760000228881836,22.286666870117188,40300800
2017-01-30,19.027450561523438,22.139999389648438,22.15999984741211,21.876667022705078,21.876667022705078,25924500
2017-01-31,19.119123458862305,22.246667861938477,22.296667098999023,21.959999084472656,22.06999969482422,27962700
2017-02-01,18.973026275634766,22.07666778564453,22.23666763305664,22.01333236694336,22.15333366394043,27150000
2017-02-02,19.1076602935791,22.233333587646484,22.3799991607666,22.113332748413086,22.113332748413086,26996100
2017-02-03,19.05036163330078,22.166667938232422,22.309999465942383,22.14666748046875,22.273332595825195,22875900
2017-02-06,19.021718978881836,22.133333206176758,22.286666870117188,22.123332977294922,22.123332977294922,27291600
2017-02-07,19.162090301513672,22.296667098999023,22.333332061767578,22.170000076293945,22.18666648864746,17417100
2017-02-08,19.425642013549805,22.60333251953125,22.606666564941406,22.296667098999023,22.296667098999023,22982400
2017-02-09,19.789466857910156,23.02666664123535,23.046667098999023,22.583332061767578,22.60333251953125,33241500
2017-02-10,19.485803604125977,22.67333221435547,22.866666793823242,22.586666107177734,22.75,37336800
2017-02-13,19.414180755615234,22.59000015258789,22.883333206176758,22.520000457763672,22.773332595825195,25122900
2017-02-14,19.669145584106445,22.886667251586914,22.893333435058594,22.56999969482422,22.626667022705078,25386900
2017-02-15,19.67774200439453,22.89666748046875,22.90333366394043,22.586666107177734,22.600000381469727,25689900
2017-02-16,19.729305267333984,22.956666946411133,23.079999923706055,22.8700008392334,22.889999389648438,25241400
2017-02-17,19.87253761291504,23.123332977294922,23.26333236694336,22.89666748046875,22.94333267211914,38512200
2017-02-21,20.468400955200195,23.816667556762695,24.093332290649414,23.566667556762695,23.73666763305664,67238700
2017-02-22,20.542888641357422,23.90333366394043,24.123332977294922,23.82666778564453,24.083332061767578,45728100
2017-02-23,20.42828941345215,23.770000457763672,24.166667938232422,23.719999313354492,24.0,38399100
2017-02-24,20.737682342529297,24.1299991607666,24.266666412353516,23.766666412353516,23.780000686645508,41669700
2017-02-27,20.551477432250977,23.913333892822266,24.139999389648438,23.843332290649414,24.093332290649414,27764100
2017-02-28,20.319435119628906,23.643333435058594,23.666667938232422,23.333332061767578,23.623332977294922,47857800
2017-03-01,20.181936264038086,23.483333587646484,23.69333267211914,23.383333206176758,23.656667709350586,40568100
2017-03-02,20.270740509033203,23.586666107177734,23.633333206176758,23.389999389648438,23.47333335876465,26748900
2017-03-03,20.061613082885742,23.343332290649414,23.67333221435547,23.293333053588867,23.586666107177734,27893700
2017-03-06,20.018640518188477,23.293333053588867,23.479999542236328,23.260000228881836,23.333332061767578,27547800
2017-03-07,20.015777587890625,23.290000915527344,23.40333366394043,23.286666870117188,23.299999237060547,21848700
2017-03-08,20.142744064331055,23.266666412353516,23.343332290649414,23.18000030517578,23.229999542236328,23939400
2017-03-09,20.160064697265625,23.286666870117188,23.34666633605957,23.18666648864746,23.25,22693500
2017-03-10,20.229324340820312,23.366666793823242,23.453332901000977,23.266666412353516,23.333332061767578,21296400
2017-03-13,20.1860408782959,23.316667556762695,23.483333587646484,23.23666763305664,23.329999923706055,20407500
2017-03-14,20.408241271972656,23.573333740234375,23.73666763305664,23.573333740234375,23.606666564941406,29875200
2017-03-15,20.367835998535156,23.52666664123535,23.566667556762695,23.34000015258789,23.5,26441400
2017-03-16,20.327438354492188,23.479999542236328,23.566667556762695,23.356666564941406,23.3700008392334,21183000
2017-03-17,20.168720245361328,23.296667098999023,23.583332061767578,23.270000457763672,23.52666664123535,42235200
2017-03-20,20.194698333740234,23.32666778564453,23.483333587646484,23.23666763305664,23.3799991607666,22398600
2017-03-21,20.17160415649414,23.299999237060547,23.46666717529297,23.229999542236328,23.389999389648438,26240400
2017-03-22,20.272611618041992,23.416667938232422,23.446666717529297,23.239999771118164,23.343332290649414,19366800
2017-03-23,20.160064697265625,23.286666870117188,23.43666648864746,23.25,23.399999618530273,20696400
2017-03-24,20.087921142578125,23.203332901000977,23.389999389648438,23.176666259765625,23.329999923706055,17577000
2017-03-27,20.10234832763672,23.219999313354492,23.356666564941406,23.1200008392334,23.17333221435547,17377800
2017-03-28,20.292808532714844,23.440000534057617,23.456666946411133,23.110000610351562,23.110000610351562,21756600
2017-03-29,20.41400909423828,23.579999923706055,23.726667404174805,23.43666648864746,23.450000762939453,20973000
2017-03-30,20.6593074798584,23.863332748413086,23.906667709350586,23.546667098999023,23.56333351135254,24424500
2017-03-31,20.800704956054688,24.02666664123535,24.18666648864746,23.74333381652832,23.773332595825195,29819400
2017-04-03,20.72856330871582,23.94333267211914,24.176666259765625,23.926666259765625,24.02666664123535,24873900
2017-04-04,20.78050994873047,24.003332138061523,24.020000457763672,23.843332290649414,23.913333892822266,16701900
2017-04-05,20.676620483398438,23.883333206176758,24.10333251953125,23.85333251953125,23.8799991607666,19063500
2017-04-06,20.61313247680664,23.809999465942383,24.03333282470703,23.793333053588867,23.899999618530273,17823300
2017-04-07,21.037342071533203,24.299999237060547,24.329999923706055,23.933332443237305,24.03333282470703,32304000
2017-04-10,21.083515167236328,24.35333251953125,24.49333381652832,24.24333381652832,24.329999923706055,22487700
2017-04-11,21.190288543701172,24.476667404174805,24.483333587646484,24.309999465942383,24.333332061767578,17431500
2017-04-12,21.19316864013672,24.479999542236328,24.610000610351562,24.416667938232422,24.516666412353516,19881900
2017-04-13,21.1094913482666,24.383333206176758,24.553333282470703,24.383333206176758,24.456666946411133,16009200
2017-04-17,21.207599639892578,24.496667861938477,24.52666664123535,24.383333206176758,24.386667251586914,16396200
2017-04-18,21.32303810119629,24.6299991607666,24.700000762939453,24.49333381652832,24.51333236694336,19883700
2017-04-19,21.374977111816406,24.690000534057617,24.793333053588867,24.6200008392334,24.700000762939453,17821800
2017-04-20,21.585636138916016,24.933332443237305,25.036666870117188,24.703332901000977,24.713333129882812,23043900
2017-04-21,21.62603759765625,24.979999542236328,25.036666870117188,24.866666793823242,24.913333892822266,17267100
2017-04-24,21.57986831665039,24.926666259765625,25.133333206176758,24.80666732788086,25.02666664123535,23437500
2017-04-25,21.65778350830078,25.016666412353516,25.05666732788086,24.953332901000977,24.989999771118164,17161200
2017-04-26,21.767444610595703,25.143333435058594,25.25666618347168,25.05666732788086,25.09000015258789,20845500
2017-04-27,21.770336151123047,25.14666748046875,25.233333587646484,25.00666618347168,25.18000030517578,18156600
2017-04-28,21.695297241210938,25.059999465942383,25.14666748046875,24.976667404174805,25.079999923706055,21991200
2017-05-01,21.709735870361328,25.07666778564453,25.239999771118164,25.030000686645508,25.030000686645508,18497700
2017-05-02,21.793418884277344,25.17333221435547,25.23666763305664,25.083332061767578,25.100000381469727,21955200
2017-05-03,21.862674713134766,25.253332138061523,25.293333053588867,25.059999465942383,25.133333206176758,16570800
2017-05-04,22.03005027770996,25.446666717529297,25.46666717529297,25.27666664123535,25.309999465942383,16502400
2017-05-05,22.07622528076172,25.5,25.53333282470703,25.393333435058594,25.47333335876465,16793400
2017-05-08,21.966562271118164,25.373332977294922,25.50666618347168,25.356666564941406,25.5,19536600
2017-05-09,22.13970947265625,25.573333740234375,25.683332443237305,25.44333267211914,25.479999542236328,24765900
2017-05-10,22.282060623168945,25.566667556762695,25.593332290649414,25.39666748046875,25.44333267211914,22535700
2017-05-11,22.11646842956543,25.376667022705078,25.573333740234375,25.309999465942383,25.450000762939453,25048200
2017-05-12,21.994455337524414,25.23666763305664,25.416667938232422,25.123332977294922,25.316667556762695,17678700
2017-05-15,22.162952423095703,25.43000030517578,25.489999771118164,25.266666412353516,25.266666412353516,26531700
2017-05-16,21.820148468017578,25.036666870117188,25.42333221435547,25.02666664123535,25.39666748046875,25115400
2017-05-17,21.82305145263672,25.040000915527344,25.24333381652832,24.98666763305664,25.036666870117188,32913000
2017-05-18,22.526086807250977,25.84666633605957,25.886667251586914,25.376667022705078,25.6299991607666,57500400
2017-05-19,22.883411407470703,26.25666618347168,26.479999542236328,25.92333221435547,25.989999771118164,55745100
2017-05-22,22.819501876831055,26.183332443237305,26.333332061767578,26.100000381469727,26.21666717529297,26692800
2017-05-23,22.802074432373047,26.163333892822266,26.323333740234375,26.14666748046875,26.19333267211914,22754700
2017-05-24,22.703298568725586,26.049999237060547,26.203332901000977,26.046667098999023,26.18666648864746,22281000
2017-05-25,22.749778747558594,26.10333251953125,26.28333282470703,26.049999237060547,26.1200008392334,18405000
2017-05-26,22.697486877441406,26.043333053588867,26.18000030517578,25.93000030517578,26.123332977294922,18377400
2017-05-30,22.703298568725586,26.049999237060547,26.133333206176758,25.976667404174805,26.0,16231200
2017-05-31,22.834030151367188,26.200000762939453,26.30666732788086,26.073333740234375,26.116666793823242,24605100
2017-06-01,23.18553924560547,26.60333251953125,26.60333251953125,26.200000762939453,26.213333129882812,24459300
2017-06-02,23.130352020263672,26.540000915527344,26.643333435058594,26.406667709350586,26.600000381469727,23989500
2017-06-05,23.316274642944336,26.753332138061523,26.823333740234375,26.49333381652832,26.53333282470703,30437100
2017-06-06,22.929895401000977,26.309999465942383,26.520000457763672,26.086666107177734,26.476667404174805,34577700
2017-06-07,22.993804931640625,26.383333206176758,26.5,26.24333381652832,26.360000610351562,25533600
2017-06-08,22.929895401000977,26.309999465942383,26.709999084472656,26.07666778564453,26.383333206176758,32799000
2017-06-09,23.072242736816406,26.47333335876465,26.520000457763672,26.239999771118164,26.343332290649414,28215300
2017-06-12,23.01995086669922,26.413333892822266,26.790000915527344,26.280000686645508,26.46666717529297,31231800
2017-06-13,23.10129737854004,26.50666618347168,26.523332595825195,26.296667098999023,26.40333366394043,16584000
2017-06-14,23.211692810058594,26.633333206176758,26.68000030517578,26.420000076293945,26.50666618347168,15019500
2017-06-15,22.924081802368164,26.303333282470703,26.433332443237305,25.920000076293945,26.393333435058594,33891600
2017-06-16,21.85792350769043,25.079999923706055,25.166667938232422,24.43000030517578,24.649999618530273,168699000
2017-06-19,21.933452606201172,25.166667938232422,25.336666107177734,24.84000015258789,25.126667022705078,48285300
2017-06-20,21.945070266723633,25.18000030517578,25.30666732788086,25.106666564941406,25.293333053588867,30057600
2017-06-21,22.148426055908203,25.413333892822266,25.536666870117188,25.19333267211914,25.200000762939453,27034200
2017-06-22,21.939254760742188,25.17333221435547,25.35333251953125,25.100000381469727,25.343332290649414,24333900
2017-06-23,21.741710662841797,24.946666717529297,25.260000228881836,24.850000381469727,25.200000762939453,39240900
2017-06-26,21.933452606201172,25.166667938232422,25.309999465942383,24.97333335876465,24.983333587646484,25762500
2017-06-27,22.08160400390625,25.336666107177734,25.456666946411133,25.149999618530273,25.166667938232422,19363200
2017-06-28,22.226869583129883,25.503332138061523,25.600000381469727,25.3799991607666,25.416667938232422,20966700
2017-06-29,22.058366775512695,25.309999465942383,25.440000534057617,25.163333892822266,25.416667938232422,21190500
2017-06-30,21.985740661621094,25.226667404174805,25.42333221435547,25.22333335876465,25.360000610351562,20889900
2017-07-03,21.892772674560547,25.1200008392334,25.446666717529297,25.02666664123535,25.280000686645508,14545800
2017-07-05,21.88115882873535,25.106666564941406,25.316667556762695,25.05666732788086,25.183332443237305,18110700
2017-07-06,21.92473602294922,25.156667709350586,25.323333740234375,25.079999923706055,25.116666793823242,18485400
2017-07-07,21.88405990600586,25.110000610351562,25.273332595825195,25.016666412353516,25.21666717529297,15921300
2017-07-10,21.27399444580078,24.40999984741211,25.10333251953125,24.376667022705078,25.049999237060547,45200100
2017-07-11,21.343717575073242,24.489999771118164,24.683332443237305,24.44333267211914,24.459999084472656,22597800
2017-07-12,21.480253219604492,24.64666748046875,24.73666763305664,24.553333282470703,24.553333282470703,17100600
2017-07-13,21.802717208862305,25.016666412353516,25.083332061767578,24.836666107177734,24.889999389648438,24481500
2017-07-14,22.17747688293457,25.446666717529297,25.520000457763672,25.303333282470703,25.42333221435547,27455700
2017-07-17,22.18618392944336,25.456666946411133,25.623332977294922,25.39666748046875,25.43000030517578,26506800
2017-07-18,22.136810302734375,25.399999618530273,25.51333236694336,25.333332061767578,25.416667938232422,12944700
2017-07-19,22.04093360900879,25.290000915527344,25.406667709350586,25.200000762939453,25.360000610351562,15940800
2017-07-20,22.084510803222656,25.34000015258789,25.416667938232422,25.233333587646484,25.32666778564453,14896200
2017-07-21,22.122276306152344,25.383333206176758,25.40999984741211,25.183332443237305,25.280000686645508,21459900
2017-07-24,22.33725357055664,25.6299991607666,25.719999313354492,25.343332290649414,25.343332290649414,22164000
2017-07-25,22.8107852935791,26.17333221435547,26.286666870117188,25.796667098999023,25.8700008392334,34512000
2017-07-26,22.921175003051758,26.299999237060547,26.389999389648438,25.979999542236328,26.183332443237305,20148300
2017-07-27,23.176822662353516,26.593332290649414,26.6200008392334,26.15999984741211,26.239999771118164,24157500
2017-07-28,23.18553924560547,26.60333251953125,26.65333366394043,26.51333236694336,26.600000381469727,14925600
2017-07-31,23.237836837768555,26.663333892822266,26.780000686645508,26.56333351135254,26.606666564941406,18789600
2017-08-01,23.3859920501709,26.833332061767578,26.90999984741211,26.666667938232422,26.75,17179500
2017-08-02,23.394712448120117,26.843332290649414,27.036666870117188,26.766666412353516,26.780000686645508,26019000
2017-08-03,23.493480682373047,26.956666946411133,27.253332138061523,26.889999389648438,27.113332748413086,29840700
2017-08-04,23.380186080932617,26.82666778564453,27.133333206176758,26.73666763305664,27.020000457763672,21425400
2017-08-07,23.612594604492188,27.093332290649414,27.149999618530273,26.84666633605957,26.856666564941406,16453500
2017-08-08,23.70265007019043,27.196666717529297,27.286666870117188,26.96666717529297,27.05666732788086,22144200
2017-08-09,23.857587814331055,27.203332901000977,27.329999923706055,26.96666717529297,27.036666870117188,19819500
2017-08-10,23.579866409301758,26.886667251586914,27.133333206176758,26.850000381469727,27.023332595825195,24135000
2017-08-11,23.503854751586914,26.799999237060547,27.083332061767578,26.786666870117188,26.90999984741211,23716500
2017-08-14,23.59156608581543,26.899999618530273,27.079999923706055,26.833332061767578,26.863332748413086,23376000
2017-08-15,23.612024307250977,26.92333221435547,27.133333206176758,26.84666633605957,26.94333267211914,21198300
2017-08-16,23.673416137695312,26.99333381652832,27.14666748046875,26.84666633605957,27.09000015258789,34608000
2017-08-17,23.299222946166992,26.566667556762695,26.60333251953125,26.110000610351562,26.28333282470703,51881100
2017-08-18,23.185209274291992,26.43666648864746,26.78333282470703,26.426666259765625,26.540000915527344,29259000
2017-08-21,23.302146911621094,26.56999969482422,26.690000534057617,26.26333236694336,26.373332977294922,28841700
2017-08-22,23.39277458190918,26.67333221435547,26.719999313354492,26.56999969482422,26.600000381469727,19638300
2017-08-23,23.375232696533203,26.65333366394043,26.85333251953125,26.626667022705078,26.78333282470703,23397900
2017-08-24,22.901643753051758,26.113332748413086,26.959999084472656,25.950000762939453,26.8700008392334,57384000
2017-08-25,22.986421585083008,26.209999084472656,26.363332748413086,26.15999984741211,26.166667938232422,29706600
2017-08-28,22.811025619506836,26.010000228881836,26.15333366394043,25.953332901000977,26.136667251586914,25864500
2017-08-29,23.0273494720459,26.25666618347168,26.32666778564453,25.833332061767578,25.889999389648438,22995600
2017-08-30,22.960111618041992,26.18000030517578,26.366666793823242,26.17333221435547,26.273332595825195,17489400
2017-08-31,22.822715759277344,26.023332595825195,26.25,26.020000457763672,26.200000762939453,24584400
2017-09-01,22.910415649414062,26.123332977294922,26.166667938232422,26.06999969482422,26.10333251953125,19423200
2017-09-05,23.328454971313477,26.600000381469727,26.6299991607666,25.96666717529297,25.983333587646484,36205500
2017-09-06,23.410310745239258,26.69333267211914,26.799999237060547,26.573333740234375,26.626667022705078,25278300
2017-09-07,23.42200469970703,26.706666946411133,26.920000076293945,26.666667938232422,26.773332595825195,20462400
2017-09-08,23.059505462646484,26.293333053588867,26.626667022705078,25.90999984741211,26.579999923706055,29998800
2017-09-11,23.117982864379883,26.360000610351562,26.450000762939453,26.219999313354492,26.383333206176758,21000600
2017-09-12,23.272912979125977,26.536666870117188,26.636667251586914,26.389999389648438,26.433332443237305,18015000
2017-09-13,23.346004486083984,26.6200008392334,26.893333435058594,26.530000686645508,26.536666870117188,26471100
2017-09-14,23.293371200561523,26.559999465942383,26.606666564941406,26.406667709350586,26.59666633605957,20817900
2017-09-15,23.498008728027344,26.793333053588867,26.916667938232422,26.42333221435547,26.60333251953125,39953400
2017-09-18,23.386926651000977,26.666667938232422,27.040000915527344,26.649999618530273,26.73666763305664,24528300
2017-09-19,23.401540756225586,26.683332443237305,26.81999969482422,26.566667556762695,26.726667404174805,18523200
2017-09-20,23.53309440612793,26.833332061767578,26.85333251953125,26.623332977294922,26.72333335876465,15954600
2017-09-21,23.38984489440918,26.670000076293945,26.856666564941406,26.573333740234375,26.856666564941406,19290900
2017-09-22,23.249526977539062,26.510000228881836,26.69333267211914,26.416667938232422,26.6299991607666,17265900
2017-09-25,23.13844108581543,26.383333206176758,26.700000762939453,26.286666870117188,26.30666732788086,25643400
2017-09-26,23.208600997924805,26.463333129882812,26.51333236694336,26.30666732788086,26.34666633605957,17505900
2017-09-27,23.179370880126953,26.43000030517578,26.523332595825195,26.22333335876465,26.47333335876465,18943800
2017-09-28,23.079971313476562,26.316667556762695,26.360000610351562,26.040000915527344,26.333332061767578,37118400
2017-09-29,22.843177795410156,26.046667098999023,26.333332061767578,25.99333381652832,26.28333282470703,31060200
2017-10-02,22.933805465698242,26.149999618530273,26.27666664123535,25.833332061767578,25.96666717529297,23127600
2017-10-03,23.158903121948242,26.406667709350586,26.553333282470703,26.25,26.27666664123535,23810100
2017-10-04,23.120899200439453,26.363332748413086,26.593332290649414,26.356666564941406,26.42333221435547,18520200
2017-10-05,23.21444320678711,26.469999313354492,26.60333251953125,26.360000610351562,26.389999389648438,15416100
2017-10-06,23.09459114074707,26.333332061767578,26.389999389648438,26.083332061767578,26.260000228881836,18740100
2017-10-09,23.54186248779297,26.843332290649414,27.126667022705078,26.46666717529297,26.5,40479000
2017-10-10,24.59427261352539,28.043333053588867,28.293333053588867,27.536666870117188,27.559999465942383,75372000
2017-10-11,25.062021255493164,28.57666778564453,28.76333236694336,28.03333282470703,28.19333267211914,55683000
2017-10-12,25.17017936706543,28.700000762939453,28.790000915527344,28.35333251953125,28.566667556762695,38631000
2017-10-13,25.322195053100586,28.873332977294922,28.983333587646484,28.746667861938477,28.746667861938477,28167000
2017-10-16,25.064937591552734,28.579999923706055,28.873332977294922,28.34000015258789,28.860000610351562,27900900
2017-10-17,25.135103225708008,28.65999984741211,28.786666870117188,28.440000534057617,28.5,17554500
2017-10-18,25.20526123046875,28.739999771118164,28.790000915527344,28.670000076293945,28.71666717529297,16416300
2017-10-19,25.257875442504883,28.799999237060547,28.886667251586914,28.59000015258789,28.71666717529297,21087000
2017-10-20,25.56191062927246,29.14666748046875,29.149999618530273,28.760000228881836,28.866666793823242,22853400
2017-10-23,25.91563606262207,29.549999237060547,29.639999389648438,29.086666107177734,29.113332748413086,31758000
2017-10-24,25.719770431518555,29.32666778564453,29.600000381469727,29.303333282470703,29.56333351135254,23102700
2017-10-25,25.865943908691406,29.49333381652832,29.53333282470703,29.143333435058594,29.28333282470703,19224000
2017-10-26,25.906864166259766,29.540000915527344,29.703332901000977,29.34000015258789,29.553333282470703,19454700
2017-10-27,25.775312423706055,29.389999389648438,29.463333129882812,29.049999237060547,29.3799991607666,19851000
2017-10-30,25.418663024902344,28.983333587646484,29.316667556762695,28.796667098999023,29.31333351135254,21156000
2017-10-31,25.523906707763672,29.10333251953125,29.15333366394043,28.866666793823242,28.953332901000977,18020700
2017-11-01,25.70807647705078,29.31333351135254,29.46666717529297,29.0,29.023332595825195,18528300
2017-11-02,25.959487915039062,29.600000381469727,29.72333335876465,29.266666412353516,29.426666259765625,15549300
2017-11-03,26.216737747192383,29.893333435058594,29.959999084472656,29.586666107177734,29.67333221435547,19536300
2017-11-06,25.930255889892578,29.566667556762695,29.893333435058594,29.559999465942383,29.80666732788086,15772200
2017-11-07,26.003339767456055,29.649999618530273,29.68666648864746,29.43666648864746,29.623332977294922,16047900
2017-11-08,26.386295318603516,30.086666107177734,30.139999389648438,29.700000762939453,29.703332901000977,20302500
2017-11-09,26.397991180419922,30.100000381469727,30.190000534057617,29.78333282470703,29.979999542236328,20713500
2017-11-10,26.579238891601562,30.30666732788086,30.56333351135254,30.066667556762695,30.079999923706055,22943400
2017-11-13,26.59970474243164,30.329999923706055,30.65999984741211,30.290000915527344,30.34666633605957,25474800
2017-11-14,26.628936767578125,30.363332748413086,30.399999618530273,30.059999465942383,30.233333587646484,29502300
2017-11-15,26.260591506958008,29.94333267211914,30.28333282470703,29.883333206176758,30.113332748413086,25300200
2017-11-16,29.122573852539062,33.206668853759766,33.22666549682617,31.573333740234375,31.706666946411133,114367200
2017-11-17,28.494043350219727,32.4900016784668,33.37666702270508,32.19333267211914,33.08000183105469,70726500
2017-11-20,28.496965408325195,32.49333190917969,32.54666519165039,31.920000076293945,32.14666748046875,49182900
2017-11-21,28.216323852539062,32.17333221435547,32.63999938964844,32.106666564941406,32.58000183105469,38239500
2017-11-22,28.184165954589844,32.13666534423828,32.27000045776367,32.03666687011719,32.21666717529297,26754600
2017-11-24,28.245563507080078,32.206668853759766,32.40999984741211,32.176666259765625,32.290000915527344,13488300
2017-11-27,28.245563507080078,32.206668853759766,32.54999923706055,32.099998474121094,32.28333282470703,26714700
2017-11-28,28.289409637451172,32.25666809082031,32.29666519165039,31.940000534057617,32.1966667175293,26128800
2017-11-29,28.520353317260742,32.52000045776367,32.753334045410156,32.293331146240234,32.40666580200195,34272000
2017-11-30,28.423885345458984,32.40999984741211,32.813331604003906,32.16999816894531,32.6966667175293,38564100
2017-12-01,28.45896339416504,32.45000076293945,32.56999969482422,32.07666778564453,32.53666687011719,24888600
2017-12-04,28.35957145690918,32.336666107177734,32.6533317565918,32.22666549682617,32.57666778564453,26869500
2017-12-05,28.599285125732422,32.61000061035156,32.64666748046875,32.30666732788086,32.33333206176758,27030300
2017-12-06,28.438499450683594,32.426666259765625,32.71333312988281,32.413333892822266,32.663333892822266,21423000
2017-12-07,28.441436767578125,32.2599983215332,32.526668548583984,32.21666717529297,32.35333251953125,22507800
2017-12-08,28.373849868774414,32.18333435058594,32.233333587646484,32.04666519165039,32.099998474121094,17463300
2017-12-11,28.485525131225586,32.310001373291016,32.42333221435547,32.0966682434082,32.31999969482422,26786700
2017-12-12,28.417932510375977,32.233333587646484,32.413333892822266,32.20000076293945,32.28333282470703,23431800
2017-12-13,28.72943878173828,32.586666107177734,32.63666534423828,32.18333435058594,32.220001220703125,23638200
2017-12-14,28.544300079345703,32.37666702270508,32.856666564941406,32.366668701171875,32.66666793823242,28157400
2017-12-15,28.53841781616211,32.369998931884766,32.83000183105469,32.3033332824707,32.56999969482422,48428400
2017-12-18,28.770586013793945,32.633331298828125,32.723331451416016,32.45333480834961,32.459999084472656,23893200
2017-12-19,29.03507423400879,32.93333435058594,33.3033332824707,32.76333236694336,33.3033332824707,36036600
2017-12-20,29.020381927490234,32.91666793823242,33.21666717529297,32.81666564941406,33.150001525878906,32189400
2017-12-21,28.817607879638672,32.686668395996094,33.11000061035156,32.65999984741211,33.0,22107300
2017-12-22,28.861684799194336,32.73666763305664,32.80666732788086,32.560001373291016,32.76333236694336,16436100
2017-12-26,29.140871047973633,33.0533332824707,33.14666748046875,32.78333282470703,32.78333282470703,12887700
2017-12-27,29.170251846313477,33.086666107177734,33.20000076293945,32.94333267211914,33.186668395996094,15422400
2017-12-28,29.21139907836914,33.133331298828125,33.206668853759766,33.040000915527344,33.17333221435547,29291700
2017-12-29,29.020381927490234,32.91666793823242,33.22999954223633,32.91666793823242,33.133331298828125,21432900
2018-01-02,28.973358154296875,32.86333465576172,33.26333236694336,32.84000015258789,33.099998474121094,30451500
2018-01-03,29.22609519958496,33.150001525878906,33.33333206176758,32.92333221435547,32.95000076293945,26710800
2018-01-04,29.252540588378906,33.18000030517578,33.2599983215332,32.970001220703125,33.18000030517578,20491200
2018-01-05,29.425931930541992,33.37666702270508,33.459999084472656,33.20333480834961,33.21333312988281,21852000
2018-01-08,29.86086654663086,33.869998931884766,33.91666793823242,33.4033317565918,33.41666793823242,26531700
2018-01-09,29.502342224121094,33.46333312988281,34.116668701171875,33.436668395996094,34.0099983215332,21938100
2018-01-10,29.290746688842773,33.223331451416016,33.29666519165039,32.84333419799805,33.25,23791200
2018-01-11,29.393598556518555,33.34000015258789,33.483333587646484,32.926666259765625,33.233333587646484,19613100
2018-01-12,29.643388748168945,33.62333297729492,33.813331604003906,33.43333435058594,33.46333312988281,20853600
2018-01-16,29.590496063232422,33.563331604003906,33.970001220703125,33.4466667175293,33.779998779296875,21512100
2018-01-17,30.18119239807129,34.233333587646484,34.313331604003906,33.56666564941406,33.71666717529297,26045700
2018-01-18,30.65140151977539,34.766666412353516,34.97999954223633,34.540000915527344,34.913333892822266,36923700
2018-01-19,30.73661994934082,34.86333465576172,34.97666549682617,34.5533332824707,34.880001068115234,25135800
2018-01-22,30.989355087280273,35.150001525878906,35.150001525878906,34.68000030517578,34.83333206176758,21924900
2018-01-23,31.121599197387695,35.29999923706055,35.383331298828125,34.856666564941406,35.0966682434082,24863400
2018-01-24,31.08926773071289,35.26333236694336,35.47999954223633,34.939998626708984,35.45000076293945,20469300
2018-01-25,31.32731819152832,35.53333282470703,35.60333251953125,35.28333282470703,35.28333282470703,17571300
2018-01-26,31.85335350036621,36.130001068115234,36.13666534423828,35.560001373291016,35.66666793823242,20358900
2018-01-29,32.19424057006836,36.516666412353516,36.65999984741211,35.996665954589844,36.03666687011719,25065600
2018-01-30,31.659391403198242,35.90999984741211,36.45333480834961,35.71666717529297,36.380001068115234,27541500
2018-01-31,31.32731819152832,35.53333282470703,36.060001373291016,35.356666564941406,35.92333221435547,29438400
2018-02-01,31.00992202758789,35.17333221435547,35.52000045776367,35.060001373291016,35.31999969482422,19160400
2018-02-02,30.70429801940918,34.82666778564453,35.4900016784668,34.71666717529297,35.04999923706055,27759300
2018-02-05,29.4141788482666,33.36333465576172,34.869998931884766,32.36333465576172,34.46666717529297,37684800
2018-02-06,29.652212142944336,33.633331298828125,33.69333267211914,32.41666793823242,32.54666519165039,49241400
2018-02-07,30.225271224975586,34.28333282470703,34.86333465576172,33.336666107177734,33.5,33495600
2018-02-08,29.393598556518555,33.34000015258789,34.49333190917969,33.33333206176758,34.40999984741211,41925300
2018-02-09,29.20258331298828,33.12333297729492,33.70000076293945,32.143333435058594,33.5099983215332,42553800
2018-02-12,29.25547218322754,33.18333435058594,33.483333587646484,32.93333435058594,33.37666702270508,27405300
2018-02-13,29.67572784423828,33.65999984741211,33.7400016784668,33.11000061035156,33.11000061035156,19868400
2018-02-14,29.887317657470703,33.900001525878906,34.08333206176758,33.4033317565918,33.619998931884766,21922800
2018-02-15,30.336946487426758,34.40999984741211,34.54666519165039,33.94333267211914,34.18333435058594,22484700
2018-02-16,30.79246711730957,34.926666259765625,34.97999954223633,33.99333190917969,34.36333465576172,48192900
2018-02-20,27.656789779663086,31.3700008392334,32.64666748046875,31.366666793823242,32.33000183105469,156265500
2018-02-21,26.89565086364746,30.50666618347168,31.780000686645508,30.413333892822266,31.703332901000977,148511100
2018-02-22,27.26299476623535,30.92333221435547,31.1299991607666,30.43666648864746,30.476667404174805,61095000
2018-02-23,27.298255920410156,30.963333129882812,31.163333892822266,30.586666107177734,30.959999084472656,38374500
2018-02-26,27.365848541259766,31.040000915527344,31.266666412353516,30.739999771118164,30.96666717529297,44097900
2018-02-27,26.89565086364746,30.50666618347168,31.239999771118164,30.503332138061523,31.209999084472656,40128300
2018-02-28,26.451889038085938,30.003332138061523,30.700000762939453,30.0,30.666667938232422,42431100
2018-03-01,26.178586959838867,29.69333267211914,30.059999465942383,29.23666763305664,30.05666732788086,56728800
2018-03-02,26.08748435974121,29.59000015258789,29.633333206176758,29.079999923706055,29.09000015258789,57130200
2018-03-05,26.443077087402344,29.99333381652832,30.166667938232422,29.356666564941406,29.3799991607666,40149600
2018-03-06,26.172710418701172,29.68666648864746,30.166667938232422,29.543333053588867,30.116666793823242,33164100
2018-03-07,25.7847900390625,29.246667861938477,29.510000228881836,29.113332748413086,29.32666778564453,34359000
2018-03-08,25.991731643676758,29.30666732788086,29.376667022705078,29.113332748413086,29.25666618347168,28766100
2018-03-09,26.228233337402344,29.573333740234375,29.573333740234375,29.176666259765625,29.413333892822266,29263200
2018-03-12,26.036073684692383,29.356666564941406,29.81333351135254,29.293333053588867,29.566667556762695,25422000
2018-03-13,26.104068756103516,29.433332443237305,29.633333206176758,29.32666778564453,29.463333129882812,21519000
2018-03-14,25.917823791503906,29.22333335876465,29.663333892822266,29.166667938232422,29.503332138061523,33121800
2018-03-15,25.870521545410156,29.170000076293945,29.59666633605957,28.633333206176758,29.226667404174805,49845600
2018-03-16,26.36126708984375,29.72333335876465,30.030000686645508,29.166667938232422,29.239999771118164,85188000
2018-03-19,25.852787017822266,29.149999618530273,29.69333267211914,29.03333282470703,29.636667251586914,36160200
2018-03-20,26.00060272216797,29.316667556762695,29.383333206176758,29.123332977294922,29.286666870117188,24774000
2018-03-21,26.068588256835938,29.393333435058594,29.893333435058594,29.226667404174805,29.296667098999023,35508000
2018-03-22,25.761138916015625,29.046667098999023,29.42333221435547,28.996667861938477,29.176666259765625,36744600
2018-03-23,25.252656936645508,28.47333335876465,29.229999542236328,28.426666259765625,29.116666793823242,30375300
2018-03-26,25.86756706237793,29.166667938232422,29.229999542236328,28.703332901000977,28.739999771118164,27599400
2018-03-27,25.438901901245117,28.683332443237305,29.34666633605957,28.49333381652832,29.31999969482422,19637400
2018-03-28,25.947385787963867,29.25666618347168,29.413333892822266,28.729999542236328,28.753332138061523,34728900
2018-03-29,26.302139282226562,29.656667709350586,29.780000686645508,29.25666618347168,29.299999237060547,27823800
2018-04-02,25.291086196899414,28.516666412353516,29.413333892822266,28.280000686645508,29.333332061767578,57386700
2018-04-03,25.66061782836914,28.933332443237305,28.983333587646484,28.516666412353516,28.75,29086500
2018-04-04,25.784791946411133,29.073333740234375,29.166667938232422,28.479999542236328,28.53333282470703,19609800
2018-04-05,25.959205627441406,29.270000457763672,29.450000762939453,29.016666412353516,29.200000762939453,19142700
2018-04-06,25.628110885620117,28.89666748046875,29.299999237060547,28.709999084472656,28.94333267211914,19050000
2018-04-09,25.50689697265625,28.760000228881836,29.149999618530273,28.746667861938477,28.950000762939453,25104300
2018-04-10,25.55715560913086,28.816667556762695,29.03333282470703,28.553333282470703,28.946666717529297,27382200
2018-04-11,25.39751625061035,28.636667251586914,28.953332901000977,28.600000381469727,28.666667938232422,18837000
2018-04-12,25.255615234375,28.476667404174805,28.94333267211914,28.469999313354492,28.729999542236328,20568900
2018-04-13,25.43003273010254,28.67333221435547,28.75666618347168,28.39666748046875,28.6299991607666,22677600
2018-04-16,25.672447204589844,28.946666717529297,29.21666717529297,28.706666946411133,28.733333587646484,21062100
2018-04-17,25.985816955566406,29.299999237060547,29.389999389648438,29.136667251586914,29.15999984741211,20405700
2018-04-18,25.88825798034668,29.190000534057617,29.520000457763672,29.170000076293945,29.399999618530273,17562000
2018-04-19,25.982860565185547,29.296667098999023,29.34666633605957,28.860000610351562,29.136667251586914,19764900
2018-04-20,25.713838577270508,28.99333381652832,29.459999084472656,28.889999389648438,29.290000915527344,24974700
2018-04-23,25.45368194580078,28.700000762939453,29.02666664123535,28.67333221435547,28.963333129882812,22081500
2018-04-24,25.58080291748047,28.843332290649414,28.969999313354492,28.523332595825195,28.92333221435547,25409100
2018-04-25,25.770009994506836,29.05666732788086,29.233333587646484,28.6299991607666,28.773332595825195,20281200
2018-04-26,25.997644424438477,29.31333351135254,29.440000534057617,28.96666717529297,29.05666732788086,17347500
2018-04-27,25.805484771728516,29.09666633605957,29.299999237060547,29.02666664123535,29.290000915527344,16953300
2018-04-30,26.151371002197266,29.48666763305664,29.886667251586914,29.30666732788086,29.31333351135254,26057700
2018-05-01,25.840961456298828,29.136667251586914,29.336666107177734,28.78333282470703,29.22333335876465,20873100
2018-05-02,25.524635314941406,28.780000686645508,29.083332061767578,28.719999313354492,29.043333053588867,18249000
2018-05-03,25.49212074279785,28.74333381652832,28.76333236694336,28.373332977294922,28.729999542236328,20628300
2018-05-04,25.87643814086914,29.176666259765625,29.366666793823242,28.453332901000977,28.666667938232422,20914500
2018-05-07,25.267440795898438,28.489999771118164,29.166667938232422,28.42333221435547,29.163333892822266,32350800
2018-05-08,25.34725570678711,28.579999923706055,28.616666793823242,28.30666732788086,28.50666618347168,19654200
2018-05-09,24.554973602294922,27.68666648864746,27.893333435058594,27.333332061767578,27.520000457763672,96795600
2018-05-10,24.599592208862305,27.56333351135254,27.92333221435547,27.336666107177734,27.546667098999023,47572800
2018-05-11,24.804859161376953,27.793333053588867,27.84000015258789,27.316667556762695,27.56333351135254,29804400
2018-05-14,25.10532569885254,28.1299991607666,28.26333236694336,27.883333206176758,27.963333129882812,28497600
2018-05-15,25.144006729125977,28.17333221435547,28.293333053588867,27.933332443237305,28.020000457763672,27968700
2018-05-16,25.622962951660156,28.709999084472656,28.709999084472656,28.246667861938477,28.290000915527344,41200800
2018-05-17,25.13507652282715,28.163333892822266,29.196666717529297,27.950000762939453,29.01333236694336,89162100
2018-05-18,24.882211685180664,27.8799991607666,28.14666748046875,27.829999923706055,28.079999923706055,36129300
2018-05-21,25.14102554321289,28.170000076293945,28.18000030517578,27.940000534057617,28.046667098999023,32147100
2018-05-22,24.8018856048584,27.790000915527344,28.270000457763672,27.76333236694336,28.166667938232422,24201900
2018-05-23,24.694793701171875,27.670000076293945,27.67333221435547,27.389999389648438,27.649999618530273,28197600
2018-05-24,24.647193908691406,27.616666793823242,27.666667938232422,27.260000228881836,27.666667938232422,25728600
2018-05-25,24.531177520751953,27.48666763305664,27.780000686645508,27.440000534057617,27.616666793823242,17740500
2018-05-29,24.513320922851562,27.46666717529297,27.50666618347168,27.270000457763672,27.31999969482422,25284600
2018-05-30,25.02501106262207,28.040000915527344,28.07666778564453,27.420000076293945,27.483333587646484,27942300
2018-05-31,24.554973602294922,27.51333236694336,28.10333251953125,27.503332138061523,27.979999542236328,34406100
2018-06-01,24.688844680786133,27.663333892822266,27.80666732788086,27.616666793823242,27.68000030517578,15713700
2018-06-04,25.4117488861084,28.47333335876465,28.50666618347168,27.766666412353516,27.833332061767578,32766000
2018-06-05,25.17375373840332,28.206666946411133,28.489999771118164,28.083332061767578,28.483333587646484,24844200
2018-06-06,25.155906677246094,28.18666648864746,28.383333206176758,28.116666793823242,28.316667556762695,22088400
2018-06-07,25.271928787231445,28.316667556762695,28.586666107177734,28.229999542236328,28.260000228881836,23117100
2018-06-08,25.096405029296875,28.1200008392334,28.39666748046875,28.046667098999023,28.260000228881836,22807200
2018-06-11,25.078556060791016,28.100000381469727,28.18000030517578,27.93000030517578,28.136667251586914,18756900
2018-06-12,25.019067764282227,28.03333282470703,28.196666717529297,27.823333740234375,28.106666564941406,24185100
2018-06-13,25.01608657836914,28.030000686645508,28.123332977294922,27.950000762939453,27.963333129882812,19075200
2018-06-14,24.926837921142578,27.93000030517578,28.270000457763672,27.889999389648438,28.073333740234375,22552200
2018-06-15,24.90005874633789,27.899999618530273,27.996667861938477,27.68666648864746,27.833332061767578,37509000
2018-06-18,24.691816329956055,27.666667938232422,27.856666564941406,27.606666564941406,27.683332443237305,25506900
2018-06-19,24.873287200927734,27.8700008392334,27.873332977294922,27.456666946411133,27.53333282470703,28057500
2018-06-20,24.873287200927734,27.8700008392334,27.940000534057617,27.719999313354492,27.90333366394043,23899800
2018-06-21,25.051780700683594,28.06999969482422,28.183332443237305,27.633333206176758,27.799999237060547,24276000
2018-06-22,25.233243942260742,28.273332595825195,28.28333282470703,28.03333282470703,28.15333366394043,32439000
2018-06-25,25.724109649658203,28.823333740234375,28.866666793823242,28.15999984741211,28.196666717529297,47818500
2018-06-26,25.578344345092773,28.65999984741211,29.016666412353516,28.586666107177734,28.843332290649414,30378600
2018-06-27,25.84906005859375,28.963333129882812,29.163333892822266,28.516666412353516,28.633333206176758,30899100
2018-06-28,25.542640686035156,28.6200008392334,29.09666633605957,28.56333351135254,28.950000762939453,25401000
2018-06-29,25.480165481567383,28.549999237060547,28.733333587646484,28.50666618347168,28.633333206176758,24766800
2018-07-02,24.98930549621582,28.0,28.64666748046875,27.799999237060547,28.549999237060547,24375300
2018-07-03,25.12020492553711,28.14666748046875,28.350000381469727,28.030000686645508,28.030000686645508,13188600
2018-07-05,25.158885955810547,28.190000534057617,28.52666664123535,28.09000015258789,28.31333351135254,16102500
2018-07-06,25.14102554321289,28.170000076293945,28.290000915527344,27.940000534057617,28.066667556762695,16841100
2018-07-09,25.56346893310547,28.643333435058594,28.823333740234375,28.25666618347168,28.333332061767578,19726200
2018-07-10,25.94426155090332,29.06999969482422,29.110000610351562,28.626667022705078,28.643333435058594,18145200
2018-07-11,25.741960525512695,28.843332290649414,29.049999237060547,28.796667098999023,29.020000457763672,16787700
2018-07-12,25.738985061645508,28.84000015258789,29.136667251586914,28.739999771118164,28.979999542236328,14665800
2018-07-13,26.090024948120117,29.233333587646484,29.329999923706055,28.833332061767578,28.84000015258789,19165800
2018-07-16,26.072179794311523,29.213333129882812,29.239999771118164,28.94333267211914,29.206666946411133,13341600
2018-07-17,26.235803604125977,29.39666748046875,29.566667556762695,29.133333206176758,29.133333206176758,17734500
2018-07-18,26.20009994506836,29.356666564941406,29.729999542236328,29.31333351135254,29.44333267211914,15136500
2018-07-19,26.095975875854492,29.239999771118164,29.49333381652832,29.136667251586914,29.286666870117188,14649300
2018-07-20,26.197126388549805,29.35333251953125,29.389999389648438,29.066667556762695,29.133333206176758,14445300
2018-07-23,26.069202423095703,29.209999084472656,29.383333206176758,29.126667022705078,29.21666717529297,12450000
2018-07-24,26.167381286621094,29.31999969482422,29.5,29.203332901000977,29.373332977294922,16768500
2018-07-25,26.149526596069336,29.299999237060547,29.34000015258789,29.036666870117188,29.09000015258789,17427300
2018-07-26,26.247695922851562,29.40999984741211,29.809999465942383,29.393333435058594,29.5,19644900
2018-07-27,26.21794891357422,29.376667022705078,29.626667022705078,29.343332290649414,29.546667098999023,14038200
2018-07-30,26.441064834594727,29.626667022705078,29.64666748046875,29.296667098999023,29.333332061767578,18032100
2018-07-31,26.545194625854492,29.74333381652832,29.886667251586914,29.600000381469727,29.666667938232422,20124300
2018-08-01,26.250675201416016,29.413333892822266,29.709999084472656,29.293333053588867,29.6200008392334,15150000
2018-08-02,26.405366897583008,29.586666107177734,29.613332748413086,29.206666946411133,29.31333351135254,12918300
2018-08-03,26.65526580810547,29.866666793823242,30.093332290649414,29.666667938232422,29.729999542236328,17241600
2018-08-06,26.67608642578125,29.889999389648438,29.99333381652832,29.709999084472656,29.770000457763672,13954800
2018-08-07,26.70583724975586,29.92333221435547,30.1200008392334,29.883333206176758,29.94333267211914,13580100
2018-08-08,26.78913688659668,30.016666412353516,30.07666778564453,29.790000915527344,29.989999771118164,15123300
2018-08-09,26.633535385131836,29.670000076293945,29.876667022705078,29.586666107177734,29.81999969482422,14183700
2018-08-10,26.983627319335938,30.059999465942383,30.123332977294922,29.549999237060547,29.566667556762695,24734700
2018-08-13,26.82204818725586,29.8799991607666,30.18000030517578,29.790000915527344,30.066667556762695,17637600
2018-08-14,27.184097290039062,30.28333282470703,30.373332977294922,29.876667022705078,29.8799991607666,17510400
2018-08-15,26.995594024658203,30.073333740234375,30.136667251586914,29.889999389648438,30.083332061767578,25850700
2018-08-16,29.515029907226562,32.880001068115234,33.4033317565918,32.63666534423828,33.369998931884766,127893900
2018-08-17,29.278644561767578,32.616668701171875,33.223331451416016,32.53666687011719,32.59000015258789,49389900
2018-08-20,28.725086212158203,32.0,32.76333236694336,31.983333587646484,32.55666732788086,38037900
2018-08-21,28.749025344848633,32.026668548583984,32.119998931884766,31.786666870117188,31.98666763305664,31593900
2018-08-22,28.626340866088867,31.889999389648438,32.28333282470703,31.74333381652832,32.06666564941406,23297100
2018-08-23,28.479724884033203,31.726667404174805,31.953332901000977,31.68666648864746,31.833332061767578,18289200
2018-08-24,28.41090202331543,31.649999618530273,31.886667251586914,31.450000762939453,31.696666717529297,25782900
2018-08-27,28.288225173950195,31.51333236694336,31.8700008392334,31.43000030517578,31.753332138061523,21120900
2018-08-28,28.746028900146484,32.02333450317383,32.116668701171875,31.510000228881836,31.59000015258789,29949000
2018-08-29,28.617366790771484,31.8799991607666,32.276668548583984,31.843332290649414,32.09333419799805,23588400
2018-08-30,28.755008697509766,32.03333282470703,32.16666793823242,31.816667556762695,31.833332061767578,21176100
2018-08-31,28.683197021484375,31.953332901000977,32.14666748046875,31.703332901000977,32.063331604003906,18974100
2018-09-04,28.53358268737793,31.786666870117188,32.09000015258789,31.746667861938477,31.933332443237305,24842100
2018-09-05,28.910608291625977,32.206668853759766,32.276668548583984,31.786666870117188,31.889999389648438,28423800
2018-09-06,28.8597412109375,32.150001525878906,32.2400016784668,32.003334045410156,32.176666259765625,18452400
2018-09-07,28.674219131469727,31.94333267211914,32.15999984741211,31.8799991607666,31.933332443237305,20017200
2018-09-10,28.994382858276367,32.29999923706055,32.39666748046875,32.029998779296875,32.03666687011719,24997800
2018-09-11,28.91658592224121,32.21333312988281,32.5533332824707,32.163333892822266,32.42333221435547,19390500
2018-09-12,28.71610450744629,31.989999771118164,32.246665954589844,31.976667404174805,32.086666107177734,17700000
2018-09-13,28.46177101135254,31.706666946411133,31.873332977294922,31.636667251586914,31.773332595825195,22958700
2018-09-14,28.303192138671875,31.530000686645508,31.613332748413086,31.450000762939453,31.510000228881836,18958200
2018-09-17,28.372005462646484,31.606666564941406,31.82666778564453,31.456666946411133,31.583332061767578,15989400
2018-09-18,28.554521560668945,31.809999465942383,31.863332748413086,31.383333206176758,31.48666763305664,20279400
2018-09-19,28.497678756713867,31.746667861938477,31.963333129882812,31.626667022705078,31.856666564941406,17025300
2018-09-20,28.65028190612793,31.916667938232422,31.93000030517578,31.649999618530273,31.78333282470703,16656900
2018-09-21,28.695165634155273,31.96666717529297,32.0966682434082,31.876667022705078,31.97333335876465,28590300
2018-09-24,28.401927947998047,31.639999389648438,32.0,31.6200008392334,31.81333351135254,16011000
2018-09-25,28.45578956604004,31.700000762939453,32.17333221435547,31.663333892822266,31.996667861938477,18579600
2018-09-26,28.303192138671875,31.530000686645508,31.863332748413086,31.50666618347168,31.700000762939453,17755800
2018-09-27,28.165550231933594,31.376667022705078,31.65333366394043,31.273332595825195,31.39666748046875,16090200
2018-09-28,28.099712371826172,31.303333282470703,31.456666946411133,31.229999542236328,31.426666259765625,18918900
2018-10-01,28.246335983276367,31.46666717529297,31.553333282470703,31.34666633605957,31.43000030517578,14982900
2018-10-02,28.470746994018555,31.71666717529297,31.8700008392334,31.28333282470703,31.309999465942383,23263800
2018-10-03,28.1475887298584,31.356666564941406,31.84666633605957,31.34666633605957,31.833332061767578,18982200
2018-10-04,28.189481735229492,31.40333366394043,31.5,31.066667556762695,31.356666564941406,18135900
2018-10-05,27.92017936706543,31.10333251953125,31.39666748046875,30.963333129882812,31.286666870117188,20080200
2018-10-08,28.33310890197754,31.56333351135254,31.643333435058594,31.00666618347168,31.083332061767578,17287800
2018-10-09,29.04824447631836,32.36000061035156,32.58000183105469,31.729999542236328,31.8799991607666,34796700
2018-10-10,28.653274536132812,31.920000076293945,32.616668701171875,31.899999618530273,32.20000076293945,27008400
2018-10-11,28.102706909179688,31.30666732788086,32.0966682434082,31.200000762939453,31.93666648864746,29779500
2018-10-12,28.3690128326416,31.60333251953125,31.72333335876465,31.22333335876465,31.586666107177734,25661700
2018-10-15,28.07278060913086,31.273332595825195,31.663333892822266,31.273332595825195,31.5,24916500
2018-10-16,28.66822624206543,31.93666648864746,32.02333450317383,31.446666717529297,31.566667556762695,33725100
2018-10-17,28.892650604248047,32.186668395996094,32.206668853759766,31.633333206176758,31.726667404174805,28618200
2018-10-18,28.77595329284668,32.05666732788086,32.41666793823242,31.913333892822266,32.133331298828125,34195200
2018-10-19,29.069185256958008,32.383331298828125,32.54999923706055,32.0,32.0,26852100
2018-10-22,29.06618881225586,32.380001068115234,32.526668548583984,32.246665954589844,32.4466667175293,21368700
2018-10-23,29.26368522644043,32.599998474121094,32.663333892822266,32.03666687011719,32.16666793823242,28217400
2018-10-24,29.191865921020508,32.52000045776367,33.05666732788086,32.426666259765625,32.5,31094100
2018-10-25,29.676605224609375,33.060001373291016,33.15999984741211,32.33333206176758,32.66999816894531,32211300
2018-10-26,29.604787826538086,32.97999954223633,33.223331451416016,32.67333221435547,32.936668395996094,44776800
2018-10-29,29.862119674682617,33.266666412353516,33.90999984741211,33.029998779296875,33.16999816894531,38118300
2018-10-30,30.64607048034668,34.13999938964844,34.20000076293945,33.35333251953125,33.4033317565918,38125500
2018-10-31,30.0057373046875,33.426666259765625,34.163333892822266,33.37333297729492,34.163333892822266,37064700
2018-11-01,30.09551239013672,33.526668548583984,33.723331451416016,33.2400016784668,33.31999969482422,23205300
2018-11-02,30.32291603088379,33.779998779296875,33.856666564941406,33.436668395996094,33.62666702270508,21909600
2018-11-05,30.792695999145508,34.3033332824707,34.38999938964844,33.543331146240234,33.72999954223633,22850400
2018-11-06,30.91835594177246,34.44333267211914,34.47999954223633,34.016666412353516,34.18000030517578,19106100
2018-11-07,31.214601516723633,34.77333450317383,34.823333740234375,34.349998474121094,34.5533332824707,26017800
2018-11-08,31.382160186767578,34.959999084472656,35.086666107177734,34.676666259765625,34.776668548583984,17884200
2018-11-09,31.58563232421875,35.186668395996094,35.29999923706055,34.936668395996094,35.0,25351200
2018-11-12,31.07994270324707,34.62333297729492,35.4033317565918,34.54999923706055,35.16666793823242,26829300
2018-11-13,30.801671981811523,34.313331604003906,34.71666717529297,34.18000030517578,34.55666732788086,23870100
2018-11-14,30.379764556884766,33.84333419799805,34.383331298828125,33.66999816894531,34.33333206176758,31445700
2018-11-15,29.784318923950195,33.18000030517578,34.266666412353516,32.87333297729492,34.106666564941406,48247800
2018-11-16,29.230764389038086,32.563331604003906,33.13999938964844,32.30666732788086,32.939998626708984,42705600
2018-11-19,28.95847511291504,32.2599983215332,32.75,32.143333435058594,32.64666748046875,27643200
2018-11-20,28.174528121948242,31.386667251586914,31.733333587646484,31.200000762939453,31.65999984741211,37861800
2018-11-21,28.17751121520996,31.389999389648438,31.639999389648438,31.10333251953125,31.453332901000977,28052700
2018-11-23,28.45578956604004,31.700000762939453,31.850000381469727,31.376667022705078,31.376667022705078,14670000
2018-11-26,28.470746994018555,31.71666717529297,32.02333450317383,31.579999923706055,31.89666748046875,30103800
2018-11-27,28.43783187866211,31.68000030517578,31.84666633605957,31.469999313354492,31.663333892822266,27126900
2018-11-28,29.161949157714844,32.48666763305664,32.540000915527344,31.683332443237305,31.816667556762695,30212400
2018-11-29,29.111074447631836,32.43000030517578,32.61000061035156,32.246665954589844,32.34000015258789,18723900
2018-11-30,29.21879005432129,32.54999923706055,32.810001373291016,32.356666564941406,32.46666717529297,31992000
2018-12-03,29.547941207885742,32.91666793823242,33.1966667175293,32.55666732788086,32.67333221435547,27246300
2018-12-04,28.66822624206543,31.93666648864746,32.98666763305664,31.8700008392334,32.75,31278900
2018-12-06,28.51178741455078,31.59000015258789,31.803333282470703,31.03333282470703,31.64666748046875,31101600
2018-12-07,28.036441802978516,31.06333351135254,31.709999084472656,30.816667556762695,31.5,25489500
2018-12-10,28.262086868286133,31.31333351135254,31.416667938232422,30.780000686645508,31.18666648864746,21830700
2018-12-11,28.235004425048828,31.28333282470703,31.496667861938477,31.083332061767578,31.416667938232422,19357500
2018-12-12,28.01237678527832,31.036666870117188,31.433332443237305,31.020000457763672,31.433332443237305,28917600
2018-12-13,27.967248916625977,30.98666763305664,31.226667404174805,30.809999465942383,31.083332061767578,24126900
2018-12-14,27.633298873901367,30.616666793823242,30.85333251953125,30.523332595825195,30.683332443237305,34480800
2018-12-17,27.308374404907227,30.25666618347168,30.670000076293945,30.053333282470703,30.406667709350586,27005400
2018-12-18,27.401641845703125,30.360000610351562,30.420000076293945,30.093332290649414,30.266666412353516,28820100
2018-12-19,27.2421932220459,30.183332443237305,31.0,30.083332061767578,30.43000030517578,36694500
2018-12-20,26.25840187072754,29.093332290649414,30.036666870117188,28.713333129882812,30.036666870117188,49121400
2018-12-21,26.21327781677246,29.043333053588867,29.823333740234375,28.933332443237305,28.956666946411133,44764500
2018-12-24,25.81916046142578,28.606666564941406,29.190000534057617,28.593332290649414,28.84666633605957,18330900
2018-12-26,27.200075149536133,30.136667251586914,30.139999389648438,28.766666412353516,28.80666732788086,30084900
2018-12-27,27.55508041381836,30.530000686645508,30.536666870117188,29.479999542236328,29.916667938232422,29644500
2018-12-28,27.71754264831543,30.709999084472656,31.156667709350586,30.549999237060547,30.690000534057617,29622000
2018-12-31,28.0244140625,31.049999237060547,31.1299991607666,30.75,30.889999389648438,21017400
2019-01-02,28.081573486328125,31.113332748413086,31.21666717529297,30.546667098999023,30.546667098999023,24458100
2019-01-03,27.937158584594727,30.953332901000977,31.56999969482422,30.899999618530273,31.06999969482422,24831900
2019-01-04,28.11166000366211,31.14666748046875,31.219999313354492,30.89666748046875,31.06999969482422,24087300
2019-01-07,28.442596435546875,31.51333236694336,31.72333335876465,31.059999465942383,31.206666946411133,23369100
2019-01-08,28.641159057617188,31.733333587646484,31.920000076293945,31.303333282470703,31.68666648864746,21602700
2019-01-09,28.547887802124023,31.6299991607666,32.04666519165039,31.59000015258789,31.90333366394043,18816900
2019-01-10,28.56895637512207,31.65333366394043,31.65999984741211,31.040000915527344,31.293333053588867,28188900
2019-01-11,28.532852172851562,31.613332748413086,31.76333236694336,31.516666412353516,31.663333892822266,16183800
2019-01-14,28.56593894958496,31.649999618530273,31.816667556762695,31.426666259765625,31.49333381652832,21255300
2019-01-15,28.957056045532227,32.08333206176758,32.20000076293945,31.793333053588867,31.823333740234375,21174600
2019-01-16,28.987140655517578,32.116668701171875,32.28666687011719,31.94333267211914,31.976667404174805,16230000
2019-01-17,29.10447120666504,32.246665954589844,32.4033317565918,32.0533332824707,32.106666564941406,16843500
2019-01-18,29.40231704711914,32.57666778564453,32.733333587646484,32.28333282470703,32.31666564941406,18361800
2019-01-22,29.330102920532227,32.496665954589844,32.810001373291016,32.2599983215332,32.383331298828125,24189600
2019-01-23,29.6971435546875,32.9033317565918,33.116668701171875,32.5099983215332,32.956668853759766,25037400
2019-01-24,29.591848373413086,32.78666687011719,32.81999969482422,32.143333435058594,32.733333587646484,22829100
2019-01-25,29.164636611938477,32.313331604003906,32.970001220703125,32.25,32.91666793823242,21654600
2019-01-28,29.20074462890625,32.35333251953125,32.356666564941406,32.026668548583984,32.176666259765625,17627400
2019-01-29,29.095447540283203,32.23666763305664,32.38666534423828,32.16999816894531,32.25666809082031,15760200
2019-01-30,28.520814895629883,31.600000381469727,32.266666412353516,31.420000076293945,32.22666549682617,35547900
2019-01-31,28.830698013305664,31.94333267211914,32.290000915527344,31.543333053588867,31.543333053588867,44169000
2019-02-01,28.238019943237305,31.286666870117188,32.0,31.036666870117188,31.97333335876465,37775700
2019-02-04,28.51178741455078,31.59000015258789,31.59000015258789,31.116666793823242,31.286666870117188,21805800
2019-02-05,28.76150131225586,31.866666793823242,31.979999542236328,31.67333221435547,31.75,18299700
2019-02-06,28.773529052734375,31.8799991607666,32.003334045410156,31.739999771118164,31.809999465942383,12794700
2019-02-07,29.10146141052246,32.24333190917969,32.27333450317383,31.666667938232422,31.703332901000977,21030300
2019-02-08,28.755483627319336,31.860000610351562,32.22999954223633,31.713333129882812,32.11333465576172,18507600
2019-02-11,28.942007064819336,32.06666564941406,32.116668701171875,31.8799991607666,31.883333206176758,16628400
2019-02-12,29.173669815063477,32.323333740234375,32.38999938964844,32.16666793823242,32.27333450317383,17643900
2019-02-13,29.465496063232422,32.64666748046875,32.66666793823242,32.36333465576172,32.43333435058594,16375500
2019-02-14,29.63998794555664,32.84000015258789,33.06666564941406,32.34000015258789,32.560001373291016,21602400
2019-02-15,30.082242965698242,33.33000183105469,33.33333206176758,32.95333480834961,32.99333190917969,28443000
2019-02-19,30.747121810913086,34.06666564941406,34.72666549682617,34.02333450317383,34.12666702270508,62091900
2019-02-20,30.049148559570312,33.293331146240234,34.11333465576172,32.883331298828125,33.936668395996094,52895400
2019-02-21,29.901731491088867,33.130001068115234,33.30666732788086,32.970001220703125,33.220001220703125,19239600
2019-02-22,29.949867248535156,33.18333435058594,33.38666534423828,33.04666519165039,33.27333450317383,24260700
2019-02-25,29.820499420166016,33.040000915527344,33.37666702270508,33.016666412353516,33.37333297729492,27705000
2019-02-26,29.691129684448242,32.89666748046875,33.02000045776367,32.62333297729492,33.00666809082031,25464300
2019-02-27,29.51663589477539,32.70333480834961,32.79666519165039,32.529998779296875,32.706668853759766,23706900
2019-02-28,29.781391143798828,32.996665954589844,33.15666580200195,32.59000015258789,32.70333480834961,34127700
2019-03-01,29.462482452392578,32.643333435058594,33.186668395996094,32.37333297729492,33.15666580200195,31057500
2019-03-04,29.43842124938965,32.616668701171875,32.86333465576172,32.456668853759766,32.706668853759766,23051400
2019-03-05,29.585834503173828,32.779998779296875,33.063331604003906,32.6966667175293,32.709999084472656,18357900
2019-03-06,29.561765670776367,32.753334045410156,33.0,32.619998931884766,32.75666809082031,14089800
2019-03-07,29.318077087402344,32.483333587646484,32.733333587646484,32.413333892822266,32.56999969482422,18379800
2019-03-08,29.360193252563477,32.529998779296875,32.80666732788086,32.33333206176758,32.516666412353516,16977000
2019-03-11,29.627946853637695,32.82666778564453,32.86000061035156,32.606666564941406,32.68000030517578,16035900
2019-03-12,29.5948543548584,32.790000915527344,32.913333892822266,32.68333435058594,32.84333419799805,15211500
2019-03-13,29.79342269897461,33.0099983215332,33.116668701171875,32.79666519165039,32.900001525878906,16446900
2019-03-14,29.708730697631836,32.7400016784668,32.810001373291016,32.529998779296875,32.8033332824707,14777400
2019-03-15,29.769222259521484,32.80666732788086,32.836666107177734,32.53333282470703,32.7599983215332,43800000
2019-03-18,30.144285202026367,33.220001220703125,33.25666809082031,32.753334045410156,32.766666412353516,17310300
2019-03-19,30.20176124572754,33.28333282470703,33.496665954589844,33.189998626708984,33.33000183105469,16243200
2019-03-20,29.835771560668945,32.880001068115234,33.18333435058594,32.8466682434082,33.06666564941406,18969300
2019-03-21,29.962800979614258,33.02000045776367,33.043331146240234,32.70000076293945,32.75,19653000
2019-03-22,29.72687339782715,32.7599983215332,33.176666259765625,32.64666748046875,32.86000061035156,20124300
2019-03-25,29.693603515625,32.723331451416016,32.87333297729492,32.543331146240234,32.599998474121094,16222200
2019-03-26,29.73897933959961,32.77333450317383,32.95000076293945,32.676666259765625,32.78666687011719,14837700
2019-03-27,29.403234481811523,32.4033317565918,32.95333480834961,31.666667938232422,32.71333312988281,25413600
2019-03-28,29.3790340423584,32.37666702270508,32.62333297729492,32.176666259765625,32.529998779296875,24162900
2019-03-29,29.50002098083496,32.5099983215332,32.55666732788086,32.3466682434082,32.529998779296875,22319700
2019-04-01,29.587736129760742,32.606666564941406,32.78666687011719,32.52000045776367,32.65666580200195,25517400
2019-04-02,29.32156753540039,32.313331604003906,32.77000045776367,32.29999923706055,32.586666107177734,18822000
2019-04-03,29.39719009399414,32.39666748046875,32.46666717529297,32.26333236694336,32.37333297729492,17062500
2019-04-04,29.675457000732422,32.70333480834961,32.7599983215332,32.413333892822266,32.41666793823242,12078900
2019-04-05,29.893239974975586,32.94333267211914,33.06666564941406,32.720001220703125,32.75,13968000
2019-04-08,30.014232635498047,33.07666778564453,33.08333206176758,32.753334045410156,32.81666564941406,16267200
2019-04-09,29.850889205932617,32.89666748046875,33.07666778564453,32.71666717529297,32.93333435058594,13102500
2019-04-10,30.126140594482422,33.20000076293945,33.2400016784668,32.83333206176758,32.836666107177734,12273300
2019-04-11,30.489097595214844,33.599998474121094,33.61000061035156,33.15666580200195,33.233333587646484,16820700
2019-04-12,30.718978881835938,33.85333251953125,34.00666809082031,33.66666793823242,33.66666793823242,15486000
2019-04-15,30.98213768005371,34.143333435058594,34.3033332824707,33.753334045410156,33.766666412353516,15335700
2019-04-16,31.133378982543945,34.310001373291016,34.46333312988281,34.18000030517578,34.29666519165039,14485200
2019-04-17,31.20293617248535,34.38666534423828,34.46666717529297,34.13666534423828,34.33333206176758,11187600
2019-04-18,31.2089900970459,34.393333435058594,34.599998474121094,34.29666519165039,34.369998931884766,11183400
2019-04-22,30.9639892578125,34.12333297729492,34.51333236694336,34.05666732788086,34.2599983215332,15238200
2019-04-23,31.175708770751953,34.356666564941406,34.43000030517578,33.97999954223633,34.176666259765625,15152400
2019-04-24,31.314847946166992,34.5099983215332,34.616668701171875,34.36333465576172,34.380001068115234,14093400
2019-04-25,31.311826705932617,34.50666809082031,34.71666717529297,34.276668548583984,34.413333892822266,11883300
2019-04-26,30.709901809692383,33.84333419799805,34.11333465576172,33.220001220703125,33.483333587646484,24323100
2019-04-29,30.718978881835938,33.85333251953125,34.0,33.59333419799805,33.959999084472656,19139100
2019-04-30,31.106151580810547,34.279998779296875,34.30666732788086,33.81666564941406,33.92333221435547,18400800
2019-05-01,30.658489227294922,33.78666687011719,34.27000045776367,33.7599983215332,34.25666809082031,16011600
2019-05-02,30.594968795776367,33.71666717529297,34.02000045776367,33.413333892822266,33.810001373291016,15021000
2019-05-03,30.87627601623535,34.026668548583984,34.25,33.93333435058594,34.106666564941406,15950700
2019-05-06,30.9912052154541,34.1533317565918,34.18333435058594,33.51333236694336,33.58333206176758,13841100
2019-05-07,30.640342712402344,33.766666412353516,34.05666732788086,33.586666107177734,33.93333435058594,13726800
2019-05-08,30.337871551513672,33.43333435058594,33.68000030517578,33.28666687011719,33.41666793823242,17646000
2019-05-09,30.26793098449707,33.18000030517578,33.313331604003906,32.95000076293945,33.09000015258789,18720300
2019-05-10,30.988597869873047,33.970001220703125,34.03666687011719,33.233333587646484,33.253334045410156,26228100
2019-05-13,30.37435531616211,33.29666519165039,33.71666717529297,33.003334045410156,33.483333587646484,22084500
2019-05-14,30.49599838256836,33.43000030517578,33.62333297729492,33.29666519165039,33.380001068115234,19061100
2019-05-15,30.371318817138672,33.293331146240234,33.45333480834961,33.043331146240234,33.400001525878906,20220900
2019-05-16,30.80615234375,33.77000045776367,34.6533317565918,33.61333465576172,34.276668548583984,51366000
2019-05-17,30.6693172454834,33.619998931884766,33.983333587646484,33.3033332824707,33.413333892822266,37113900
2019-05-20,30.869998931884766,33.84000015258789,33.99333190917969,33.41666793823242,33.46333312988281,21582300
2019-05-21,30.748380661010742,33.706668853759766,33.883331298828125,33.46666717529297,33.836666107177734,20667300
2019-05-22,31.085906982421875,34.07666778564453,34.143333435058594,33.686668395996094,33.866668701171875,22022700
2019-05-23,30.973400115966797,33.95333480834961,33.97666549682617,33.54999923706055,33.939998626708984,19363800
2019-05-24,31.219690322875977,34.223331451416016,34.29666519165039,34.026668548583984,34.060001373291016,13449600
2019-05-28,31.143674850463867,34.13999938964844,34.52333450317383,34.133331298828125,34.186668395996094,30815100
2019-05-29,31.052452087402344,34.040000915527344,34.293331146240234,33.823333740234375,34.03666687011719,19560600
2019-05-30,31.073734283447266,34.063331604003906,34.496665954589844,33.970001220703125,34.163333892822266,15058800
2019-05-31,30.845680236816406,33.813331604003906,34.00666809082031,33.53333282470703,33.78333282470703,17782500
2019-06-03,31.003795623779297,33.98666763305664,34.22666549682617,33.79999923706055,33.87666702270508,19844100
2019-06-04,31.18625259399414,34.186668395996094,34.21666717529297,33.813331604003906,34.20333480834961,17894700
2019-06-05,31.7518310546875,34.80666732788086,34.926666259765625,34.20000076293945,34.25,20708700
2019-06-06,31.96164321899414,35.03666687011719,35.220001220703125,34.733333587646484,34.83000183105469,24191100
2019-06-07,32.25052261352539,35.35333251953125,35.45333480834961,35.016666412353516,35.07666778564453,20428200
2019-06-10,32.69447326660156,35.84000015258789,35.926666259765625,35.456668853759766,35.49333190917969,18977100
2019-06-11,32.82219314575195,35.97999954223633,36.323333740234375,35.91666793823242,36.0,20241900
2019-06-12,33.08977127075195,36.27333450317383,36.3033332824707,35.973331451416016,35.973331451416016,13905300
2019-06-13,33.03807830810547,36.21666717529297,36.526668548583984,36.05666732788086,36.33333206176758,16455000
2019-06-14,33.165794372558594,36.356666564941406,36.529998779296875,36.1533317565918,36.2599983215332,13577700
2019-06-17,33.19314956665039,36.38666534423828,36.516666412353516,36.086666107177734,36.37333297729492,12441000
2019-06-18,33.342166900634766,36.54999923706055,36.6533317565918,36.3033332824707,36.599998474121094,14733600
2019-06-19,33.33303451538086,36.540000915527344,36.61333465576172,36.290000915527344,36.599998474121094,11773800
2019-06-20,33.545894622802734,36.77333450317383,36.83000183105469,36.426666259765625,36.606666564941406,15004500
2019-06-21,33.79220199584961,37.043331146240234,37.39666748046875,36.753334045410156,36.779998779296875,39535800
2019-06-24,33.825653076171875,37.08000183105469,37.40666580200195,37.0099983215332,37.163333892822266,18098400
2019-06-25,33.66753387451172,36.90666580200195,37.143333435058594,36.79999923706055,36.959999084472656,18315000
2019-06-26,33.49723815917969,36.720001220703125,37.026668548583984,36.70000076293945,36.95000076293945,12485100
2019-06-27,33.47899627685547,36.70000076293945,36.836666107177734,36.28666687011719,36.686668395996094,16443900
2019-06-28,33.59758758544922,36.83000183105469,37.16999816894531,36.746665954589844,36.849998474121094,19520100
2019-07-01,33.63711929321289,36.87333297729492,37.323333740234375,36.67333221435547,37.099998474121094,16544100
2019-07-02,33.93511199951172,37.20000076293945,37.20333480834961,36.779998779296875,36.94333267211914,12188700
2019-07-03,34.15404510498047,37.439998626708984,37.46666717529297,37.0,37.060001373291016,9621900
2019-07-05,34.05066680908203,37.32666778564453,37.413333892822266,37.06999969482422,37.33333206176758,10738200
2019-07-08,34.27568054199219,37.573333740234375,37.643333435058594,37.233333587646484,37.30666732788086,14147100
2019-07-09,34.324337005615234,37.62666702270508,37.793331146240234,37.53333282470703,37.630001068115234,16270200
2019-07-10,34.35474395751953,37.65999984741211,37.869998931884766,37.46333312988281,37.706668853759766,13737000
2019-07-11,34.64057922363281,37.973331451416016,37.97999954223633,37.67333221435547,37.779998779296875,11689800
2019-07-12,34.84733963012695,38.20000076293945,38.25666809082031,37.87333297729492,38.029998779296875,11229900
2019-07-15,34.96290588378906,38.32666778564453,38.36000061035156,38.150001525878906,38.223331451416016,10038000
2019-07-16,34.89599609375,38.253334045410156,38.496665954589844,38.01333236694336,38.44333267211914,10464600
2019-07-17,34.84733963012695,38.20000076293945,38.38999938964844,38.06666564941406,38.27000045776367,8065500
2019-07-18,34.88384246826172,38.2400016784668,38.2599983215332,37.913333892822266,38.116668701171875,9670800
2019-07-19,34.63449478149414,37.96666717529297,38.436668395996094,37.95333480834961,38.33333206176758,11388900
2019-07-22,34.30607986450195,37.606666564941406,38.11333465576172,37.439998626708984,38.03333282470703,13550700
2019-07-23,34.084110260009766,37.36333465576172,37.733333587646484,37.189998626708984,37.706668853759766,17262600
2019-07-24,34.05674743652344,37.33333206176758,37.5966682434082,37.189998626708984,37.34333419799805,12531900
2019-07-25,34.12364196777344,37.40666580200195,37.46333312988281,37.220001220703125,37.393333435058594,11554500
2019-07-26,34.36690139770508,37.67333221435547,37.779998779296875,37.27333450317383,37.37333297729492,14187000
2019-07-29,34.13884353637695,37.42333221435547,37.65999984741211,37.253334045410156,37.61333465576172,11239800
2019-07-30,34.074989318847656,37.35333251953125,37.46666717529297,37.223331451416016,37.35333251953125,9105600
2019-07-31,33.56414794921875,36.793331146240234,37.4466667175293,36.543331146240234,37.3033332824707,18633900
2019-08-01,33.26005935668945,36.459999084472656,37.38999938964844,36.439998626708984,36.77333450317383,22365000
2019-08-02,33.26613998413086,36.46666717529297,36.71333312988281,36.04999923706055,36.58000183105469,16970100
2019-08-05,32.177547454833984,35.27333450317383,36.0,35.1966667175293,36.0,22710000
2019-08-06,32.61845397949219,35.75666809082031,35.9466667175293,35.1966667175293,35.39666748046875,21049200
2019-08-07,32.901248931884766,36.06666564941406,36.21333312988281,35.30666732788086,35.67333221435547,21835500
2019-08-08,33.16098403930664,36.17333221435547,36.279998779296875,35.92333221435547,36.003334045410156,13123200
2019-08-09,32.782066345214844,35.7599983215332,36.1533317565918,35.56999969482422,36.02000045776367,12580500
2019-08-12,32.15259552001953,35.073333740234375,35.61333465576172,34.9466667175293,35.573333740234375,17605200
2019-08-13,32.82179641723633,35.8033332824707,36.03666687011719,34.95000076293945,35.08333206176758,20025900
2019-08-14,32.452049255371094,35.400001525878906,36.02000045776367,35.04666519165039,35.15999984741211,27938400
2019-08-15,34.43523025512695,37.563331604003906,37.880001068115234,36.720001220703125,37.5099983215332,59438700
2019-08-16,34.526912689208984,37.663333892822266,38.310001373291016,37.35333251953125,38.026668548583984,32895600
2019-08-19,34.77748489379883,37.936668395996094,38.2599983215332,37.866668701171875,38.116668701171875,21534300
2019-08-20,34.239662170410156,37.349998474121094,38.01333236694336,37.336666107177734,37.95333480834961,18336900
2019-08-21,34.23049545288086,37.34000015258789,38.02333450317383,37.293331146240234,37.99333190917969,24469200
2019-08-22,34.19689178466797,37.3033332824707,37.5966682434082,37.116668701171875,37.400001525878906,17986200
2019-08-23,33.86686325073242,36.94333267211914,37.3033332824707,36.709999084472656,37.206668853759766,18710100
2019-08-26,34.221336364746094,37.33000183105469,37.42333221435547,37.073333740234375,37.186668395996094,17807100
2019-08-27,34.352725982666016,37.473331451416016,37.60333251953125,37.16999816894531,37.473331451416016,17201100
2019-08-28,34.44440841674805,37.573333740234375,37.69333267211914,37.22666549682617,37.426666259765625,16113000
2019-08-29,34.859989166259766,38.026668548583984,38.1966667175293,37.77000045776367,38.06666564941406,15811500
2019-08-30,34.91497802734375,38.086666107177734,38.459999084472656,37.96666717529297,38.33333206176758,17115900
2019-09-03,35.03110885620117,38.21333312988281,38.436668395996094,37.83000183105469,37.893333435058594,17828100
2019-09-04,35.419189453125,38.63666534423828,38.6533317565918,38.27333450317383,38.563331604003906,17348700
2019-09-05,35.27557373046875,38.47999954223633,39.31999969482422,38.42333221435547,39.223331451416016,17479200
2019-09-06,35.0586051940918,38.24333190917969,38.58333206176758,38.206668853759766,38.47999954223633,13039200
2019-09-09,35.54752731323242,38.776668548583984,38.869998931884766,38.133331298828125,38.16666793823242,17921100
2019-09-10,35.461971282958984,38.68333435058594,38.98666763305664,38.49333190917969,38.663333892822266,14572200
2019-09-11,35.45280456542969,38.67333221435547,38.900001525878906,38.40666580200195,38.66666793823242,15852300
2019-09-12,35.727806091308594,38.973331451416016,39.02333450317383,38.633331298828125,38.883331298828125,13422900
2019-09-13,35.88365173339844,39.143333435058594,39.39666748046875,38.983333587646484,39.0533332824707,16915800
2019-09-16,35.31529235839844,38.52333450317383,39.05666732788086,38.459999084472656,38.8466682434082,18270900
2019-09-17,35.6025276184082,38.836666107177734,38.89666748046875,38.41666793823242,38.439998626708984,13813500
2019-09-18,35.80115509033203,39.0533332824707,39.07666778564453,38.72666549682617,38.970001220703125,11868000
2019-09-19,35.7858772277832,39.03666687011719,39.27000045776367,38.92333221435547,39.133331298828125,10141800
2019-09-20,35.746158599853516,38.99333190917969,39.21333312988281,38.93333435058594,39.116668701171875,33997200
2019-09-23,35.94171905517578,39.206668853759766,39.470001220703125,38.85333251953125,38.869998931884766,15487500
2019-09-24,36.18006134033203,39.46666717529297,39.95333480834961,39.336666107177734,39.41666793823242,21819300
2019-09-25,36.201454162597656,39.4900016784668,39.573333740234375,39.27000045776367,39.4900016784668,13840800
2019-09-26,36.14950180053711,39.43333435058594,39.849998474121094,39.39666748046875,39.599998474121094,11960700
2019-09-27,36.19533920288086,39.483333587646484,39.74333190917969,39.25,39.73666763305664,10304100
2019-09-30,36.265628814697266,39.560001373291016,39.813331604003906,39.52000045776367,39.55666732788086,10204200
2019-10-01,36.01199722290039,39.28333282470703,39.70333480834961,39.2400016784668,39.616668701171875,11187900
2019-10-02,35.48335647583008,38.706668853759766,39.18333435058594,38.53666687011719,39.133331298828125,17833500
2019-10-03,35.541412353515625,38.77000045776367,38.93333435058594,38.19333267211914,38.62666702270508,15619500
2019-10-04,36.106727600097656,39.38666534423828,39.43333435058594,38.72999954223633,38.79999923706055,13881000
2019-10-07,35.82254409790039,39.07666778564453,39.43333435058594,38.959999084472656,39.366668701171875,14085000
2019-10-08,35.92948913574219,39.19333267211914,39.55666732788086,38.88666534423828,38.936668395996094,15375300
2019-10-09,36.34202194213867,39.643333435058594,39.766666412353516,39.34000015258789,39.393333435058594,11710200
2019-10-10,36.54981994628906,39.869998931884766,39.959999084472656,39.53333282470703,39.633331298828125,13024500
2019-10-11,36.74232864379883,40.08000183105469,40.23666763305664,39.573333740234375,39.973331451416016,18383700
2019-10-14,36.41535568237305,39.723331451416016,40.1533317565918,39.70000076293945,39.95000076293945,13719900
2019-10-15,36.52536392211914,39.84333419799805,39.996665954589844,39.62333297729492,39.776668548583984,13550100
2019-10-16,36.49176788330078,39.80666732788086,40.03666687011719,39.70000076293945,39.77000045776367,11344800
2019-10-17,36.62009811401367,39.9466667175293,40.08333206176758,39.78666687011719,39.88999938964844,11732700
2019-10-18,36.40620422363281,39.71333312988281,40.20000076293945,39.709999084472656,40.150001525878906,16776900
2019-10-21,36.58953857421875,39.913333892822266,39.94333267211914,39.606666564941406,39.766666412353516,10230300
2019-10-22,36.54064178466797,39.86000061035156,40.05666732788086,39.79666519165039,39.91666793823242,7634100
2019-10-23,36.470367431640625,39.78333282470703,39.95000076293945,39.563331604003906,39.723331451416016,8520000
2019-10-24,36.39397048950195,39.70000076293945,39.856666564941406,39.503334045410156,39.71666717529297,8700900
2019-10-25,36.37563705444336,39.68000030517578,39.776668548583984,39.400001525878906,39.66666793823242,7692900
2019-10-28,36.4306526184082,39.7400016784668,39.900001525878906,39.5099983215332,39.75,10213800
2019-10-29,35.798099517822266,39.04999923706055,39.57666778564453,39.026668548583984,39.5,14373300
2019-10-30,36.08839416503906,39.366668701171875,39.456668853759766,39.016666412353516,39.060001373291016,8988600
2019-10-31,35.831703186035156,39.086666107177734,39.426666259765625,38.94333267211914,39.310001373291016,14643900
2019-11-01,35.94171905517578,39.206668853759766,39.323333740234375,39.07666778564453,39.30666732788086,11287800
2019-11-04,35.92643737792969,39.189998626708984,39.70333480834961,39.05666732788086,39.46666717529297,13938000
2019-11-05,36.32063674926758,39.619998931884766,39.71333312988281,39.026668548583984,39.22666549682617,12651300
2019-11-06,36.516204833984375,39.83333206176758,39.87333297729492,39.56999969482422,39.61000061035156,10843200
2019-11-07,36.739261627197266,40.07666778564453,40.30666732788086,39.8466682434082,40.0,13324200
2019-11-08,36.49786376953125,39.813331604003906,40.293331146240234,39.64666748046875,40.10333251953125,11498100
2019-11-11,36.37563705444336,39.68000030517578,39.87666702270508,39.426666259765625,39.56666564941406,13317000
2019-11-12,36.400081634521484,39.706668853759766,40.0,39.60333251953125,39.866668701171875,15189300
2019-11-13,36.968448638916016,40.32666778564453,40.45333480834961,39.5533332824707,39.720001220703125,23135400
2019-11-14,36.86760711669922,40.21666717529297,41.793331146240234,39.836666107177734,41.53333282470703,67512600
2019-11-15,36.32368087768555,39.62333297729492,40.33333206176758,39.459999084472656,40.22666549682617,30413100
2019-11-18,36.74537658691406,40.08333206176758,40.290000915527344,39.413333892822266,39.483333587646484,19644000
2019-11-19,36.6353759765625,39.96333312988281,40.119998931884766,39.9033317565918,40.03666687011719,11146200
2019-11-20,36.40313720703125,39.709999084472656,40.15999984741211,39.46666717529297,40.06999969482422,15227700
2019-11-21,36.6262092590332,39.95333480834961,40.0,39.55666732788086,39.61000061035156,12908400
2019-11-22,36.473411560058594,39.78666687011719,40.099998474121094,39.75666809082031,40.04999923706055,11529300
2019-11-25,36.3389778137207,39.63999938964844,40.00666809082031,39.29999923706055,40.0,17644500
2019-11-26,36.42146301269531,39.72999954223633,39.766666412353516,39.483333587646484,39.6533317565918,18877500
2019-11-27,36.29007339477539,39.586666107177734,39.93333435058594,39.57666778564453,39.79666519165039,10302300
2019-11-29,36.39092254638672,39.6966667175293,39.9900016784668,39.66666793823242,39.71333312988281,9471900
2019-12-02,36.448978424072266,39.7599983215332,39.793331146240234,39.279998779296875,39.71666717529297,17012700
2019-12-03,36.2625617980957,39.55666732788086,39.6533317565918,39.25666809082031,39.46666717529297,19784400
2019-12-04,36.26868438720703,39.563331604003906,39.733333587646484,39.43333435058594,39.706668853759766,16669800
2019-12-05,36.42215347290039,39.5533332824707,39.59333419799805,39.13999938964844,39.45333480834961,13058400
2019-12-06,36.76593017578125,39.926666259765625,39.93333435058594,39.63999938964844,39.69333267211914,13022400
2019-12-09,36.63701248168945,39.78666687011719,39.95333480834961,39.72666549682617,39.856666564941406,14448000
2019-12-10,36.56950378417969,39.71333312988281,39.85333251953125,39.67333221435547,39.78333282470703,12846900
2019-12-11,36.526519775390625,39.66666793823242,39.883331298828125,39.5099983215332,39.79999923706055,10519200
2019-12-12,36.759788513183594,39.91999816894531,40.03666687011719,39.560001373291016,39.66666793823242,12447000
2019-12-13,36.9224853515625,40.0966682434082,40.21666717529297,39.67333221435547,39.720001220703125,16098900
2019-12-16,36.99922561645508,40.18000030517578,40.45000076293945,40.13999938964844,40.13999938964844,16052100
2019-12-17,37.22634506225586,40.426666259765625,40.56666564941406,40.233333587646484,40.31666564941406,13727400
2019-12-18,36.790496826171875,39.95333480834961,40.560001373291016,39.9466667175293,40.503334045410156,15309000
2019-12-19,36.85802459716797,40.026668548583984,40.16999816894531,39.926666259765625,39.97999954223633,13392300
2019-12-20,36.9224853515625,40.0966682434082,40.706668853759766,40.00666809082031,40.49333190917969,23863200
2019-12-23,36.53572463989258,39.676666259765625,40.22999954223633,39.66999816894531,40.06666564941406,13457400
2019-12-24,36.68305206298828,39.836666107177734,39.866668701171875,39.66999816894531,39.709999084472656,6682200
2019-12-26,36.686126708984375,39.84000015258789,39.95000076293945,39.650001525878906,39.869998931884766,12671400
2019-12-27,36.70759963989258,39.86333465576172,39.97999954223633,39.75,39.97999954223633,10632000
2019-12-30,36.649295806884766,39.79999923706055,39.936668395996094,39.709999084472656,39.93333435058594,8837400
2019-12-31,36.477413177490234,39.61333465576172,39.93333435058594,39.39666748046875,39.83333206176758,14736000
2020-01-02,36.508094787597656,39.64666748046875,39.96333312988281,39.56666564941406,39.619998931884766,20294700
2020-01-03,36.185813903808594,39.29666519165039,39.5966682434082,39.1966667175293,39.42333221435547,16197600
2020-01-06,36.11213302612305,39.21666717529297,39.36333465576172,38.92333221435547,39.133331298828125,19336500
2020-01-07,35.77756881713867,38.85333251953125,39.17333221435547,38.733333587646484,39.086666107177734,20540700
2020-01-08,35.65479278564453,38.720001220703125,38.90999984741211,38.560001373291016,38.766666412353516,17627400
2020-01-09,36.023128509521484,39.119998931884766,39.12333297729492,38.69333267211914,38.71666717529297,16691100
2020-01-10,35.722320556640625,38.793331146240234,39.11333465576172,38.65999984741211,39.08000183105469,18164400
2020-01-13,35.568843841552734,38.62666702270508,38.849998474121094,38.456668853759766,38.793331146240234,18337800
2020-01-14,35.660926818847656,38.72666549682617,38.73666763305664,38.37666702270508,38.4900016784668,19757400
2020-01-15,35.38468551635742,38.426666259765625,38.62333297729492,38.17333221435547,38.209999084472656,22362600
2020-01-16,35.57497787475586,38.633331298828125,38.643333435058594,38.426666259765625,38.5,16108200
2020-01-17,35.28645706176758,38.31999969482422,38.766666412353516,38.21333312988281,38.68333435058594,30135000
2020-01-21,35.47982406616211,38.529998779296875,38.563331604003906,38.17333221435547,38.1966667175293,22061100
2020-01-22,35.636383056640625,38.70000076293945,38.84333419799805,38.393333435058594,38.40666580200195,14778300
2020-01-23,35.54736328125,38.60333251953125,38.77000045776367,38.3466682434082,38.73666763305664,12915300
2020-01-24,35.105342864990234,38.12333297729492,38.676666259765625,38.04999923706055,38.66666793823242,13150200
2020-01-27,35.562713623046875,38.619998931884766,38.74333190917969,37.560001373291016,37.72999954223633,21055200
2020-01-28,35.78984451293945,38.866668701171875,38.96666717529297,38.650001525878906,38.65999984741211,15810600
2020-01-29,35.57191848754883,38.630001068115234,39.040000915527344,38.630001068115234,38.85333251953125,11326500
2020-01-30,35.783714294433594,38.86000061035156,38.90666580200195,38.44333267211914,38.53666687011719,13744500
2020-01-31,35.14219665527344,38.163333892822266,38.753334045410156,37.96666717529297,38.599998474121094,23327400
2020-02-03,35.07466125488281,38.09000015258789,38.46333312988281,38.03333282470703,38.29999923706055,13041300
2020-02-04,35.381614685058594,38.42333221435547,38.746665954589844,38.29666519165039,38.413333892822266,15696600
2020-02-05,35.854312896728516,38.936668395996094,38.983333587646484,38.28333282470703,38.53333282470703,17048700
2020-02-06,35.700828552246094,38.77000045776367,39.07666778564453,38.686668395996094,38.94333267211914,16058700
2020-02-07,35.743797302246094,38.81666564941406,38.91999816894531,38.586666107177734,38.70333480834961,11068800
2020-02-10,35.37547302246094,38.41666793823242,38.99333190917969,38.349998474121094,38.58333206176758,18434700
2020-02-11,35.421504974365234,38.46666717529297,38.5,38.14666748046875,38.47666549682617,17390400
2020-02-12,35.55963897705078,38.616668701171875,38.80666732788086,38.470001220703125,38.5,14206800
2020-02-13,36.04767608642578,39.14666748046875,39.18000030517578,38.526668548583984,38.616668701171875,15999600
2020-02-14,36.185813903808594,39.29666519165039,39.52333450317383,39.0533332824707,39.223331451416016,24391800
2020-02-18,36.71989059448242,39.87666702270508,39.983333587646484,39.119998931884766,39.4900016784668,34539600
2020-02-19,36.121341705322266,39.22666549682617,39.97999954223633,39.22666549682617,39.83333206176758,21563400
2020-02-20,36.12442398071289,39.22999954223633,39.369998931884766,38.95333480834961,39.06999969482422,15068700
2020-02-21,36.39759826660156,39.526668548583984,39.58333206176758,39.10333251953125,39.14666748046875,18726300
2020-02-24,35.70390701293945,38.77333450317383,39.48666763305664,38.650001525878906,39.1533317565918,19848000
2020-02-25,35.11149597167969,38.130001068115234,39.02333450317383,38.016666412353516,38.78333282470703,23292900
2020-02-26,34.92426300048828,37.926666259765625,38.38999938964844,37.883331298828125,38.233333587646484,20019900
2020-02-27,33.88678741455078,36.79999923706055,38.02333450317383,36.78333282470703,37.52000045776367,28476900
2020-02-28,33.05189514160156,35.893333435058594,36.17333221435547,34.790000915527344,35.89666748046875,52369200
2020-03-02,35.568843841552734,38.62666702270508,38.79999923706055,35.76333236694336,35.866668701171875,51222600
2020-03-03,34.657222747802734,37.63666534423828,39.176666259765625,37.4466667175293,38.69333267211914,33340800
2020-03-04,35.8420295715332,38.92333221435547,38.9466667175293,37.823333740234375,38.08000183105469,24625200
2020-03-05,35.58113479614258,38.63999938964844,39.08333206176758,37.970001220703125,38.133331298828125,25638300
2020-03-06,35.98323059082031,39.07666778564453,39.3033332824707,37.66999816894531,37.956668853759766,29411100
2020-03-09,35.96174240112305,39.0533332824707,40.209999084472656,37.57666778564453,37.939998626708984,59243400
2020-03-10,36.769004821777344,39.93000030517578,40.22666549682617,38.30666732788086,39.366668701171875,37797300
2020-03-11,35.123779296875,38.143333435058594,39.676666259765625,37.599998474121094,39.16999816894531,31620000
2020-03-12,31.937681198120117,34.68333435058594,37.163333892822266,34.32666778564453,35.34000015258789,56323200
2020-03-13,35.02248001098633,38.03333282470703,38.1966667175293,34.62666702270508,36.08000183105469,42962100
2020-03-16,32.769508361816406,35.586666107177734,37.11000061035156,34.0,35.06666564941406,36753900
2020-03-17,36.606327056884766,39.753334045410156,39.75666809082031,36.81999969482422,37.59000015258789,52806000
2020-03-18,37.625370025634766,40.86000061035156,42.69333267211914,38.16666793823242,38.33333206176758,77355900
2020-03-19,36.826873779296875,39.81666564941406,42.33333206176758,39.209999084472656,41.48666763305664,57100500
2020-03-20,35.13737487792969,37.9900016784668,40.93000030517578,37.29666519165039,39.83333206176758,55423500
2020-03-23,35.23293685913086,38.09333419799805,39.18000030517578,37.4033317565918,38.05666732788086,39366000
2020-03-24,35.464168548583984,38.34333419799805,39.12333297729492,37.10333251953125,38.62333297729492,42705000
2020-03-25,33.72841262817383,36.46666717529297,38.0,36.016666412353516,37.65666580200195,53287500
2020-03-26,33.85791778564453,36.606666564941406,36.956668853759766,35.616668701171875,36.46666717529297,58250700
2020-03-27,33.78392028808594,36.526668548583984,37.426666259765625,36.20000076293945,36.70333480834961,36160500
2020-03-30,35.51350021362305,38.39666748046875,38.599998474121094,36.97999954223633,37.28666687011719,29212500
2020-03-31,35.02946472167969,37.87333297729492,38.72999954223633,37.54666519165039,38.10333251953125,26258400
2020-04-01,35.18978500366211,38.04666519165039,38.5099983215332,37.266666412353516,37.383331298828125,28269600
2020-04-02,36.58022689819336,39.54999923706055,39.70333480834961,37.4466667175293,37.72666549682617,29515500
2020-04-03,36.83612060546875,39.82666778564453,39.970001220703125,39.0099983215332,39.06999969482422,28625100
2020-04-06,38.867835998535156,42.02333450317383,42.130001068115234,39.64666748046875,39.686668395996094,47768700
2020-04-07,37.60996627807617,40.663333892822266,42.163333892822266,40.54666519165039,41.32666778564453,41369700
2020-04-08,37.563720703125,40.61333465576172,41.27000045776367,40.1966667175293,41.22999954223633,27876600
2020-04-09,37.55138397216797,40.599998474121094,40.956668853759766,39.220001220703125,39.40666580200195,32828700
2020-04-13,38.63045120239258,41.766666412353516,41.88999938964844,40.38999938964844,40.42333221435547,24194100
2020-04-14,39.77117919921875,43.0,43.26333236694336,42.01333236694336,42.366668701171875,34098900
2020-04-15,39.697174072265625,42.91999816894531,43.293331146240234,42.37333297729492,43.0,22435200
2020-04-16,40.79783630371094,44.11000061035156,44.30666732788086,42.75,43.0,31882200
2020-04-17,40.73308563232422,44.040000915527344,44.323333740234375,43.24333190917969,43.82666778564453,30915300
2020-04-20,40.033233642578125,43.28333282470703,44.459999084472656,43.253334045410156,44.130001068115234,24401700
2020-04-21,39.8359260559082,43.06999969482422,43.676666259765625,42.720001220703125,43.356666564941406,27900600
2020-04-22,40.56968307495117,43.86333465576172,44.12666702270508,42.96666717529297,43.33333206176758,19448100
2020-04-23,39.62628173828125,42.84333419799805,43.6966667175293,42.57666778564453,43.28333282470703,28839900
2020-04-24,39.906829833984375,43.14666748046875,43.29666519165039,42.85333251953125,43.116668701171875,17343600
2020-04-27,39.555355072021484,42.766666412353516,43.436668395996094,42.723331451416016,43.33333206176758,17923800
2020-04-28,39.462867736816406,42.66666793823242,43.413333892822266,42.56666564941406,42.7599983215332,20732100
2020-04-29,38.10633850097656,41.20000076293945,41.91999816894531,40.849998474121094,41.856666564941406,44612100
2020-04-30,37.47431182861328,40.516666412353516,41.14666748046875,40.3466682434082,41.026668548583984,40497900
2020-05-01,37.896697998046875,40.973331451416016,41.22999954223633,40.2599983215332,40.49333190917969,31143900
2020-05-04,38.13716506958008,41.233333587646484,41.46666717529297,40.56999969482422,41.279998779296875,17807700
2020-05-05,38.45472717285156,41.57666778564453,41.753334045410156,41.086666107177734,41.266666412353516,19337400
2020-05-06,38.01384353637695,41.099998474121094,41.83000183105469,40.95000076293945,41.73666763305664,17309100
2020-05-07,37.74443435668945,40.630001068115234,41.32666778564453,40.5,41.1533317565918,27345600
2020-05-08,38.069580078125,40.97999954223633,41.003334045410156,40.540000915527344,40.91666793823242,20830800
2020-05-11,38.2956428527832,41.223331451416016,41.436668395996094,41.003334045410156,41.01333236694336,25341900
2020-05-12,38.32968521118164,41.2599983215332,41.88666534423828,41.2599983215332,41.49333190917969,19100100
2020-05-13,38.30802536010742,41.23666763305664,42.08000183105469,41.029998779296875,41.16666793823242,29175300
2020-05-14,38.21821975708008,41.13999938964844,41.709999084472656,40.43333435058594,41.616668701171875,22233000
2020-05-15,38.998565673828125,41.97999954223633,41.97999954223633,41.029998779296875,41.15666580200195,31770000
2020-05-18,39.53118133544922,42.5533332824707,42.85333251953125,42.03333282470703,42.5,38633700
2020-05-19,38.69200134277344,41.650001525878906,43.996665954589844,41.60333251953125,43.91666793823242,74746200
2020-05-20,38.846824645996094,41.81666564941406,42.1966667175293,41.543331146240234,42.163333892822266,32246400
2020-05-21,38.704383850097656,41.663333892822266,42.04666519165039,41.41666793823242,41.630001068115234,22448100
2020-05-22,38.50001525878906,41.44333267211914,41.78333282470703,41.25666809082031,41.70000076293945,22359600
2020-05-26,38.35447692871094,41.28666687011719,41.836666107177734,41.209999084472656,41.4466667175293,23730600
2020-05-27,37.92714309692383,40.82666778564453,41.496665954589844,40.34333419799805,41.323333740234375,31073700
2020-05-28,38.30183029174805,41.22999954223633,41.650001525878906,41.0533332824707,41.2400016784668,24424800
2020-05-29,38.41640853881836,41.35333251953125,41.56999969482422,40.643333435058594,41.413333892822266,29311200
2020-06-01,38.38543701171875,41.31999969482422,41.470001220703125,40.78666687011719,41.14666748046875,20550300
2020-06-02,38.379241943359375,41.313331604003906,41.383331298828125,40.936668395996094,41.1966667175293,19187700
2020-06-03,38.23369598388672,41.15666580200195,41.33000183105469,40.88666534423828,41.29999923706055,20262900
2020-06-04,37.812564849853516,40.70333480834961,41.29666519165039,40.606666564941406,40.93333435058594,24015000
2020-06-05,37.64225387573242,40.52000045776367,40.893333435058594,39.970001220703125,40.856666564941406,39337200
2020-06-08,37.54315948486328,40.413333892822266,40.413333892822266,39.81999969482422,39.86000061035156,28344300
2020-06-09,37.57722473144531,40.45000076293945,40.66666793823242,40.186668395996094,40.53333282470703,20746200
2020-06-10,37.51838302612305,40.38666534423828,40.83333206176758,40.37666702270508,40.52000045776367,28141500
2020-06-11,37.18705368041992,40.029998779296875,40.86000061035156,39.82666778564453,40.33000183105469,34162800
2020-06-12,36.459354400634766,39.246665954589844,40.25,39.02000045776367,40.16999816894531,32359200
2020-06-15,36.56464385986328,39.36000061035156,39.560001373291016,39.003334045410156,39.46666717529297,32703300
2020-06-16,37.05079650878906,39.883331298828125,40.07666778564453,39.51333236694336,39.93333435058594,25167600
2020-06-17,36.85881042480469,39.676666259765625,40.043331146240234,39.46666717529297,39.95333480834961,20166900
2020-06-18,36.53676986694336,39.33000183105469,39.686668395996094,39.220001220703125,39.51333236694336,20070000
2020-06-19,37.11273956298828,39.95000076293945,40.099998474121094,39.25,39.630001068115234,40078800
2020-06-22,37.679420471191406,40.560001373291016,40.6966667175293,40.133331298828125,40.323333740234375,27338400
2020-06-23,37.49053192138672,40.356666564941406,40.95000076293945,40.31999969482422,40.91666793823242,19727700
2020-06-24,37.2520751953125,40.099998474121094,40.37333297729492,39.86000061035156,40.246665954589844,20614800
2020-06-25,37.06938171386719,39.9033317565918,40.0533332824707,39.459999084472656,39.91999816894531,20569800
2020-06-26,36.638954162597656,39.439998626708984,40.279998779296875,39.34000015258789,39.866668701171875,26991600
2020-06-29,36.86809539794922,39.686668395996094,39.893333435058594,39.40666580200195,39.5,16511400
2020-06-30,37.0910530090332,39.926666259765625,40.043331146240234,39.51333236694336,39.7400016784668,20509200
2020-07-01,37.063194274902344,39.89666748046875,39.973331451416016,39.5533332824707,39.81666564941406,19733700
2020-07-02,36.91455078125,39.73666763305664,40.293331146240234,39.619998931884766,40.029998779296875,17695800
2020-07-06,36.81546401977539,39.630001068115234,39.956668853759766,39.40666580200195,39.93333435058594,21695100
2020-07-07,39.31132507324219,42.31666564941406,42.516666412353516,39.40666580200195,39.483333587646484,93458100
2020-07-08,38.5340690612793,41.47999954223633,42.709999084472656,41.46666717529297,42.66666793823242,52217100
2020-07-09,39.55904769897461,42.58333206176758,42.72666549682617,41.650001525878906,41.869998931884766,42771600
2020-07-10,40.46635818481445,43.560001373291016,43.790000915527344,42.41999816894531,42.913333892822266,44236800
2020-07-13,40.10715103149414,43.17333221435547,44.543331146240234,42.96333312988281,43.776668548583984,42338400
2020-07-14,40.87820053100586,44.003334045410156,44.16666793823242,43.0099983215332,43.09333419799805,26455800
2020-07-15,40.87510299682617,44.0,44.709999084472656,43.599998474121094,44.09000015258789,31731300
2020-07-16,40.93703079223633,44.06666564941406,44.24333190917969,43.746665954589844,44.016666412353516,17676600
2020-07-17,40.79459762573242,43.913333892822266,44.456668853759766,43.823333740234375,44.456668853759766,18189600
2020-07-20,40.71097946166992,43.823333740234375,44.246665954589844,43.71333312988281,43.98666763305664,18342600
2020-07-21,40.977291107177734,44.11000061035156,44.663333892822266,43.81666564941406,43.85333251953125,21712500
2020-07-22,41.07948684692383,44.220001220703125,44.34333419799805,43.72999954223633,44.189998626708984,16164600
2020-07-23,40.76362609863281,43.880001068115234,44.383331298828125,43.77000045776367,44.33333206176758,16796400
2020-07-24,40.63976287841797,43.746665954589844,44.133331298828125,43.503334045410156,43.650001525878906,13037400
2020-07-27,40.630462646484375,43.73666763305664,43.99333190917969,43.619998931884766,43.619998931884766,14045700
2020-07-28,40.80078125,43.91999816894531,44.12666702270508,43.63999938964844,43.83333206176758,14414100
2020-07-29,40.469444274902344,43.563331604003906,43.95333480834961,43.28333282470703,43.85333251953125,14223300
2020-07-30,40.292938232421875,43.37333297729492,43.473331451416016,42.90666580200195,43.13999938964844,13788300
2020-07-31,40.06998062133789,43.133331298828125,43.36333465576172,42.540000915527344,43.21666717529297,21631500
2020-08-03,40.03901672363281,43.099998474121094,43.37333297729492,42.75666809082031,43.3033332824707,14971500
2020-08-04,40.76362609863281,43.880001068115234,43.9033317565918,42.97999954223633,43.21666717529297,18219600
2020-08-05,40.19694519042969,43.27000045776367,43.58333206176758,42.94333267211914,43.483333587646484,25483500
2020-08-06,40.054508209228516,43.116668701171875,43.40999984741211,43.0099983215332,43.043331146240234,14496300
2020-08-07,40.24649429321289,43.323333740234375,43.48666763305664,43.03666687011719,43.19333267211914,16558500
2020-08-10,40.83794403076172,43.959999084472656,44.11333465576172,43.21666717529297,43.413333892822266,17683200
2020-08-11,40.317710876464844,43.400001525878906,44.290000915527344,43.24333190917969,44.1966667175293,25360200
2020-08-12,40.841033935546875,43.96333312988281,44.07666778564453,43.026668548583984,43.4900016784668,19094400
2020-08-13,40.99650192260742,43.95000076293945,43.98666763305664,43.57666778564453,43.73666763305664,19867200
2020-08-14,41.229705810546875,44.20000076293945,44.323333740234375,43.87666702270508,44.11333465576172,20106300
2020-08-17,42.16250228881836,45.20000076293945,45.37666702270508,44.616668701171875,44.78333282470703,39465000
2020-08-18,41.88576889038086,44.9033317565918,45.87666702270508,44.38999938964844,45.38999938964844,80232600
2020-08-19,41.17062759399414,44.13666534423828,44.88666534423828,43.95000076293945,44.73666763305664,38155200
2020-08-20,40.598506927490234,43.52333450317383,44.02333450317383,43.349998474121094,43.73666763305664,26810700
2020-08-21,40.928096771240234,43.87666702270508,44.223331451416016,43.366668701171875,43.516666412353516,24864000
2020-08-24,40.83481979370117,43.776668548583984,44.15999984741211,43.44333267211914,44.08333206176758,19813800
2020-08-25,40.61716842651367,43.543331146240234,43.746665954589844,43.223331451416016,43.599998474121094,21722400
2020-08-26,40.63893508911133,43.56666564941406,43.62666702270508,43.233333587646484,43.4033317565918,18814800
2020-08-27,42.48275375366211,45.543331146240234,46.45000076293945,43.633331298828125,43.69333267211914,119018700
2020-08-28,43.62388610839844,46.766666412353516,47.02333450317383,45.9466667175293,47.0,64050900
2020-08-31,43.17304611206055,46.28333282470703,46.29666519165039,45.176666259765625,45.82666778564453,45236400
2020-09-01,45.89059066772461,49.1966667175293,49.86333465576172,46.68333435058594,47.06666564941406,106798200
2020-09-02,45.91857147216797,49.22666549682617,50.44333267211914,48.53666687011719,50.41666793823242,51666000
2020-09-03,44.942237854003906,48.18000030517578,49.866668701171875,47.27000045776367,48.900001525878906,48015000
2020-09-04,44.410552978515625,47.61000061035156,48.3466682434082,46.70000076293945,48.00666809082031,33982200
2020-09-08,43.04866409301758,46.150001525878906,47.29999923706055,46.086666107177734,47.13666534423828,33966900
2020-09-09,43.49640655517578,46.630001068115234,47.53666687011719,46.483333587646484,46.6966667175293,33669000
2020-09-10,42.538734436035156,45.60333251953125,46.8466682434082,45.529998779296875,46.686668395996094,33709200
2020-09-11,42.5045280456543,45.56666564941406,46.14666748046875,45.18333435058594,45.68333435058594,28879800
2020-09-14,42.69731140136719,45.77333450317383,47.03333282470703,45.293331146240234,45.380001068115234,45733800
2020-09-15,42.709739685058594,45.78666687011719,46.36000061035156,45.560001373291016,46.07666778564453,30427800
2020-09-16,42.36772918701172,45.41999816894531,46.22666549682617,45.349998474121094,46.13666534423828,27860400
2020-09-17,42.50141525268555,45.563331604003906,45.856666564941406,45.00666809082031,45.143333435058594,37245000
2020-09-18,42.06612014770508,45.0966682434082,45.84333419799805,44.91666793823242,45.47999954223633,54709200
2020-09-21,42.61956787109375,45.689998626708984,45.746665954589844,45.0966682434082,45.5,47275500
2020-09-22,43.005130767822266,46.10333251953125,46.33000183105469,45.52333450317383,45.689998626708984,33102000
2020-09-23,42.28376388549805,45.33000183105469,46.413333892822266,45.27333450317383,46.33333206176758,23133300
2020-09-24,42.5045280456543,45.56666564941406,45.93000030517578,45.02333450317383,45.24333190917969,29453100
2020-09-25,42.681766510009766,45.75666809082031,45.8466682434082,45.31999969482422,45.50666809082031,22618800
2020-09-28,42.67554473876953,45.75,46.016666412353516,45.573333740234375,45.720001220703125,21197100
2020-09-29,42.641334533691406,45.71333312988281,46.04666519165039,45.46333312988281,45.75,27702900
2020-09-30,43.50262451171875,46.63666534423828,47.246665954589844,45.733333587646484,45.79666519165039,34826400
2020-10-01,44.48828125,47.69333267211914,48.12666702270508,46.753334045410156,46.93333435058594,43290900
2020-10-02,43.686073303222656,46.83333206176758,47.70000076293945,46.709999084472656,47.4466667175293,24585000
2020-10-05,44.09028244018555,47.266666412353516,47.39666748046875,47.02333450317383,47.0966682434082,14259000
2020-10-06,43.726497650146484,46.87666702270508,47.64666748046875,46.75,47.290000915527344,21475500
2020-10-07,43.807342529296875,46.96333312988281,47.18333435058594,46.75,47.086666107177734,16949100
2020-10-08,43.95347213745117,47.119998931884766,47.36333465576172,47.040000915527344,47.16999816894531,14676900
2020-10-09,44.39500427246094,47.59333419799805,47.779998779296875,47.186668395996094,47.220001220703125,14494800
2020-10-12,44.85206604003906,48.08333206176758,48.46333312988281,47.67333221435547,47.67333221435547,18402300
2020-10-13,45.46772003173828,48.74333190917969,48.866668701171875,48.119998931884766,48.22666549682617,23800200
2020-10-14,44.75568771362305,47.97999954223633,48.84333419799805,47.91999816894531,48.79999923706055,19710900
2020-10-15,44.93912887573242,48.176666259765625,48.31999969482422,47.61333465576172,47.6966667175293,13692600
2020-10-16,44.9951057434082,48.23666763305664,48.71666717529297,48.15666580200195,48.46666717529297,16935000
2020-10-19,44.44786834716797,47.650001525878906,48.456668853759766,47.58333206176758,48.366668701171875,14643300
2020-10-20,44.74323654174805,47.96666717529297,48.5099983215332,47.87333297729492,48.03666687011719,14523000
2020-10-21,44.898712158203125,48.133331298828125,48.57666778564453,47.9466667175293,47.9466667175293,13114200
2020-10-22,44.634422302246094,47.849998474121094,48.186668395996094,47.563331604003906,48.063331604003906,13344000
2020-10-23,44.72769546508789,47.95000076293945,48.04666519165039,47.616668701171875,47.9900016784668,10540500
2020-10-26,44.20222091674805,47.38666534423828,47.706668853759766,46.97999954223633,47.61333465576172,16111800
2020-10-27,44.42299270629883,47.62333297729492,47.900001525878906,47.323333740234375,47.349998474121094,11831100
2020-10-28,43.54304504394531,46.68000030517578,47.37666702270508,46.62666702270508,46.98666763305664,16849200
2020-10-29,43.505733489990234,46.63999938964844,47.03666687011719,46.233333587646484,46.66666793823242,15153900
2020-10-30,43.14194869995117,46.25,46.6966667175293,45.790000915527344,46.393333435058594,18601800
2020-11-02,43.65498733520508,46.79999923706055,46.936668395996094,46.34333419799805,46.86333465576172,16575600
2020-11-03,44.39500427246094,47.59333419799805,48.0533332824707,47.189998626708984,47.21666717529297,15413100
2020-11-04,44.140037536621094,47.31999969482422,48.130001068115234,47.11333465576172,47.189998626708984,17927400
2020-11-05,44.60953903198242,47.823333740234375,48.07666778564453,47.64666748046875,48.0,14202600
2020-11-06,45.32469177246094,48.59000015258789,48.7400016784668,47.849998474121094,48.119998931884766,16198500
2020-11-09,44.63130569458008,47.8466682434082,49.400001525878906,47.82666778564453,49.33333206176758,28198500
2020-11-10,45.259395599365234,48.52000045776367,48.813331604003906,47.84333419799805,47.91666793823242,18199200
2020-11-11,46.0118522644043,49.32666778564453,49.6533317565918,48.79999923706055,48.973331451416016,18805800
2020-11-12,46.0895881652832,49.40999984741211,49.56999969482422,49.03333282470703,49.49333190917969,12564300
2020-11-13,46.807838439941406,50.18000030517578,50.313331604003906,49.17333221435547,49.64666748046875,19738200
2020-11-16,47.39861297607422,50.813331604003906,51.133331298828125,49.7599983215332,50.176666259765625,34560300
2020-11-17,46.44404602050781,49.790000915527344,51.08000183105469,49.72666549682617,50.16666793823242,42711600
2020-11-18,46.35698318481445,49.6966667175293,50.55666732788086,49.68333435058594,49.95333480834961,24936900
2020-11-19,47.29911804199219,50.706668853759766,50.81666564941406,49.77333450317383,49.81999969482422,18590700
2020-11-20,46.714569091796875,50.08000183105469,50.91999816894531,49.936668395996094,50.38999938964844,21937200
2020-11-23,46.92910385131836,50.310001373291016,50.46666717529297,49.790000915527344,50.12333297729492,18557100
2020-11-24,47.062808990478516,50.45333480834961,50.65999984741211,50.09000015258789,50.58000183105469,17155200
2020-11-25,47.20895004272461,50.61000061035156,50.79666519165039,50.4033317565918,50.41666793823242,13833300
2020-11-27,47.13742446899414,50.53333282470703,50.90666580200195,50.366668701171875,50.71666717529297,10999500
2020-11-30,47.5074462890625,50.93000030517578,50.983333587646484,50.03333282470703,50.53333282470703,32695500
2020-12-01,47.4608039855957,50.880001068115234,51.220001220703125,50.5533332824707,51.20000076293945,22935300
2020-12-02,46.8016242980957,50.17333221435547,50.87333297729492,49.84333419799805,50.66666793823242,23547000
2020-12-03,46.42228317260742,49.766666412353516,50.09333419799805,49.46333312988281,50.09333419799805,25725900
2020-12-04,46.30101776123047,49.63666534423828,49.836666107177734,49.19333267211914,49.836666107177734,20889300
2020-12-07,46.05227279663086,49.369998931884766,49.663333892822266,49.0533332824707,49.48666763305664,18479100
2020-12-08,46.46892166137695,49.81666564941406,49.95000076293945,49.060001373291016,49.119998931884766,20716500
2020-12-09,46.10202407836914,49.42333221435547,50.0,49.29666519165039,50.0,20139600
2020-12-10,45.88669204711914,49.01333236694336,49.383331298828125,48.856666564941406,49.25,20652300
2020-12-11,45.87420654296875,49.0,49.16999816894531,48.64666748046875,48.973331451416016,16860900
2020-12-14,45.45292663574219,48.54999923706055,49.2400016784668,48.46666717529297,49.233333587646484,25088100
2020-12-15,45.43107604980469,48.526668548583984,48.78666687011719,48.28666687011719,48.50666809082031,31871400
2020-12-16,45.38426208496094,48.47666549682617,48.96333312988281,48.36000061035156,48.746665954589844,25650900
2020-12-17,45.59334945678711,48.70000076293945,48.813331604003906,48.383331298828125,48.686668395996094,30679500
2020-12-18,45.54654312133789,48.650001525878906,49.060001373291016,48.38666534423828,48.87333297729492,41384100
2020-12-21,45.55278396606445,48.65666580200195,48.88999938964844,48.35333251953125,48.5,25553100
2020-12-22,45.00041961669922,48.06666564941406,48.74333190917969,47.71333312988281,48.383331298828125,37599000
2020-12-23,44.6945915222168,47.7400016784668,48.073333740234375,47.43333435058594,47.8466682434082,20430600
2020-12-24,44.78196716308594,47.83333206176758,48.130001068115234,47.72666549682617,47.8466682434082,9054600
2020-12-28,45.3187255859375,48.40666580200195,48.43333435058594,47.776668548583984,48.01333236694336,19344900
2020-12-29,45.03162384033203,48.099998474121094,48.616668701171875,47.86333465576172,48.54666519165039,17938200
2020-12-30,44.99417495727539,48.060001373291016,48.383331298828125,47.97999954223633,48.293331146240234,18751200
2020-12-31,44.984806060791016,48.04999923706055,48.09000015258789,47.616668701171875,48.06666564941406,17814000
2021-01-04,45.727542877197266,48.84333419799805,48.96333312988281,48.09333419799805,48.099998474121094,32182200
2021-01-05,45.4841194152832,48.58333206176758,49.02333450317383,48.163333892822266,48.866668701171875,26498100
2021-01-06,45.76810073852539,48.88666534423828,49.366668701171875,48.336666107177734,48.36333465576172,21918900
2021-01-07,45.76498794555664,48.883331298828125,49.253334045410156,48.68000030517578,49.206668853759766,20538000
2021-01-08,45.75874710083008,48.87666702270508,49.0,48.60333251953125,48.959999084472656,24478200
2021-01-11,45.96471405029297,49.0966682434082,49.33000183105469,48.66666793823242,48.66666793823242,26264400
2021-01-12,46.48899841308594,49.65666580200195,49.97666549682617,49.439998626708984,49.66666793823242,23373300
2021-01-13,46.0146369934082,49.150001525878906,49.689998626708984,49.143333435058594,49.58333206176758,16069500
2021-01-14,45.86484146118164,48.9900016784668,49.33333206176758,48.68000030517578,49.27333450317383,23017200
2021-01-15,45.137733459472656,48.21333312988281,48.633331298828125,47.88999938964844,48.380001068115234,35920500
2021-01-19,44.74763488769531,47.79666519165039,48.356666564941406,47.55666732788086,48.21333312988281,24123600
2021-01-20,45.40923309326172,48.503334045410156,48.5533332824707,47.630001068115234,47.86333465576172,23775600
2021-01-21,45.20326232910156,48.28333282470703,48.57666778564453,48.06999969482422,48.45333480834961,14325900
2021-01-22,45.66513442993164,48.776668548583984,49.11333465576172,48.37333297729492,48.53333282470703,19219500
2021-01-25,45.62456130981445,48.733333587646484,48.75,48.09000015258789,48.45333480834961,19031100
2021-01-26,46.03337097167969,49.16999816894531,49.27000045776367,48.4900016784668,48.543331146240234,15031500
2021-01-27,44.8880729675293,47.9466667175293,49.28666687011719,47.849998474121094,48.98666763305664,29910300
2021-01-28,44.859981536865234,47.91666793823242,48.753334045410156,47.87666702270508,48.1533317565918,22301700
2021-01-29,43.84264373779297,46.83000183105469,47.91666793823242,46.78333282470703,47.72666549682617,32509200
2021-02-01,43.461910247802734,46.42333221435547,47.163333892822266,46.39666748046875,46.970001220703125,25945200
2021-02-02,43.930015563964844,46.92333221435547,47.383331298828125,46.47999954223633,46.586666107177734,27002400
2021-02-03,44.064208984375,47.06666564941406,47.349998474121094,46.87666702270508,46.88666534423828,14966700
2021-02-04,44.47926330566406,47.5099983215332,47.72666549682617,47.086666107177734,47.26333236694336,17346300
2021-02-05,45.050350189208984,48.119998931884766,48.28333282470703,47.5099983215332,47.81999969482422,20451600
2021-02-08,45.25943374633789,48.34333419799805,48.526668548583984,48.1533317565918,48.27000045776367,15825300
2021-02-09,45.509090423583984,48.61000061035156,48.77333450317383,48.19333267211914,48.19333267211914,15906900
2021-02-10,44.97856903076172,48.043331146240234,48.633331298828125,47.8466682434082,48.61000061035156,18576900
2021-02-11,44.944244384765625,48.00666809082031,48.31666564941406,47.9033317565918,48.04666519165039,12791400
2021-02-12,45.084678649902344,48.15666580200195,48.20333480834961,47.88999938964844,48.0533332824707,13423500
2021-02-16,45.4560432434082,48.5533332824707,48.79666519165039,48.310001373291016,48.64666748046875,27891000
2021-02-17,45.93663024902344,49.06666564941406,49.16666793823242,48.16666793823242,48.21666717529297,25571100
2021-02-18,42.95948028564453,45.88666534423828,46.900001525878906,45.83333206176758,46.33333206176758,96927300
2021-02-19,43.171695709228516,46.11333465576172,46.473331451416016,45.88999938964844,45.93333435058594,36606000
2021-02-22,42.96884536743164,45.89666748046875,46.11333465576172,45.41666793823242,45.913333892822266,32106600
2021-02-23,42.27605438232422,45.15666580200195,45.79666519165039,45.02000045776367,45.70333480834961,31300200
2021-02-24,41.57077407836914,44.4033317565918,45.38666534423828,44.349998474121094,45.290000915527344,46565700
2021-02-25,41.17756652832031,43.983333587646484,44.66999816894531,43.82666778564453,44.366668701171875,33324600
2021-02-26,40.544071197509766,43.30666732788086,43.936668395996094,43.28666687011719,43.82666778564453,42470700
2021-03-01,40.996559143066406,43.790000915527344,44.189998626708984,43.709999084472656,43.86000061035156,34634400
2021-03-02,40.60336685180664,43.369998931884766,44.25,43.336666107177734,43.836666107177734,29230800
2021-03-03,39.816932678222656,42.529998779296875,43.310001373291016,42.516666412353516,43.16666793823242,41837400
2021-03-04,39.798221588134766,42.5099983215332,43.19333267211914,42.09333419799805,42.619998931884766,45348000
2021-03-05,40.29441452026367,43.040000915527344,43.25,42.25,42.276668548583984,34073700
2021-03-08,39.90744400024414,42.62666702270508,43.279998779296875,42.60333251953125,43.11000061035156,40988400
2021-03-09,40.222633361816406,42.96333312988281,43.293331146240234,42.77333450317383,42.93333435058594,31988700
2021-03-10,41.24934768676758,44.060001373291016,44.349998474121094,42.823333740234375,42.95333480834961,44929200
2021-03-11,41.233734130859375,44.043331146240234,44.496665954589844,43.84333419799805,44.45333480834961,35489700
2021-03-12,41.854759216308594,44.706668853759766,44.84000015258789,44.026668548583984,44.17333221435547,28437600
2021-03-15,41.639427185058594,44.47666549682617,44.91666793823242,44.27333450317383,44.913333892822266,25071900
2021-03-16,41.626953125,44.46333312988281,44.7599983215332,44.27333450317383,44.27333450317383,19881000
2021-03-17,41.28055191040039,44.09333419799805,44.380001068115234,43.99333190917969,44.16666793823242,24156300
2021-03-18,40.741554260253906,43.336666107177734,43.983333587646484,43.310001373291016,43.720001220703125,29815500
2021-03-19,41.28369140625,43.913333892822266,44.16666793823242,43.29999923706055,43.37666702270508,57703500
2021-03-22,41.48111343383789,44.12333297729492,44.150001525878906,43.663333892822266,43.66666793823242,24654000
2021-03-23,41.97309875488281,44.64666748046875,44.766666412353516,43.87666702270508,43.9033317565918,29154900
2021-03-24,41.7130012512207,44.369998931884766,44.810001373291016,44.349998474121094,44.810001373291016,23547300
2021-03-25,41.99503707885742,44.66999816894531,44.84333419799805,44.290000915527344,44.41999816894531,28125900
2021-03-26,42.346012115478516,45.043331146240234,45.06666564941406,44.473331451416016,44.66666793823242,28653600
2021-03-29,42.828609466552734,45.55666732788086,45.66999816894531,44.866668701171875,45.0,30146400
2021-03-30,42.53717041015625,45.246665954589844,45.86333465576172,45.15666580200195,45.44333267211914,27230100
2021-03-31,42.56538391113281,45.276668548583984,45.619998931884766,44.98666763305664,45.18333435058594,24546000
2021-04-01,42.49955749511719,45.206668853759766,45.630001068115234,45.11000061035156,45.313331604003906,25595100
2021-04-05,43.693511962890625,46.47666549682617,46.720001220703125,45.400001525878906,45.573333740234375,40043100
2021-04-06,43.903480529785156,46.70000076293945,46.983333587646484,46.17333221435547,46.369998931884766,31044600
2021-04-07,43.80946350097656,46.599998474121094,46.91666793823242,46.54999923706055,46.766666412353516,20361600
2021-04-08,43.7812614440918,46.56999969482422,47.040000915527344,46.5533332824707,46.81666564941406,19095600
2021-04-09,43.803199768066406,46.59333419799805,46.6966667175293,46.23666763305664,46.543331146240234,20676600
2021-04-12,43.80946350097656,46.599998474121094,46.793331146240234,46.4466667175293,46.689998626708984,18723000
2021-04-13,43.67472457885742,46.456668853759766,46.66666793823242,46.290000915527344,46.599998474121094,17397900
2021-04-14,43.659053802490234,46.439998626708984,46.48666763305664,46.13999938964844,46.37333297729492,21924600
2021-04-15,43.922279357910156,46.720001220703125,46.823333740234375,46.400001525878906,46.46666717529297,21710400
2021-04-16,44.06329345703125,46.869998931884766,46.98666763305664,46.56999969482422,46.96333312988281,26488500
2021-04-19,43.7812614440918,46.56999969482422,46.856666564941406,46.53666687011719,46.76333236694336,19281000
2021-04-20,44.11969757080078,46.93000030517578,47.25666809082031,46.27333450317383,46.473331451416016,24452100
2021-04-21,44.24818420410156,47.06666564941406,47.233333587646484,46.84333419799805,46.92333221435547,17335200
2021-04-22,43.76873016357422,46.55666732788086,47.150001525878906,46.473331451416016,47.026668548583984,19705200
2021-04-23,43.840797424316406,46.633331298828125,46.779998779296875,46.34333419799805,46.366668701171875,22971000
2021-04-26,43.217193603515625,45.970001220703125,46.66666793823242,45.880001068115234,46.63666534423828,22846200
2021-04-27,43.36448287963867,46.12666702270508,46.31666564941406,45.849998474121094,46.0,16151400
2021-04-28,43.21092224121094,45.96333312988281,46.1966667175293,45.956668853759766,46.116668701171875,14286600
2021-04-29,43.75619888305664,46.543331146240234,46.66666793823242,45.96666717529297,45.96666717529297,19596000
2021-04-30,43.843936920166016,46.63666534423828,46.663333892822266,46.369998931884766,46.56999969482422,19680000
2021-05-03,44.536495208740234,47.37333297729492,47.58000183105469,46.560001373291016,46.560001373291016,27139500
2021-05-04,44.09776306152344,46.90666580200195,47.34333419799805,46.70000076293945,47.18000030517578,19084200
2021-05-05,44.060157775878906,46.866668701171875,47.06666564941406,46.75,46.9033317565918,18351000
2021-05-06,44.37476348876953,47.016666412353516,47.119998931884766,46.483333587646484,46.66666793823242,16302000
2021-05-07,44.10734558105469,46.733333587646484,47.2400016784668,46.439998626708984,47.209999084472656,23408400
2021-05-10,44.30241012573242,46.939998626708984,47.36000061035156,46.77000045776367,46.81666564941406,26307600
2021-05-11,43.902854919433594,46.516666412353516,46.956668853759766,46.106666564941406,46.956668853759766,26464200
2021-05-12,42.76714324951172,45.313331604003906,46.32666778564453,45.3033332824707,46.290000915527344,25998300
2021-05-13,43.49073028564453,46.08000183105469,46.32666778564453,45.253334045410156,45.40999984741211,21475200
2021-05-14,43.8934211730957,46.50666809082031,46.746665954589844,46.143333435058594,46.27000045776367,16091700
2021-05-17,43.69521713256836,46.29666519165039,46.79999923706055,46.25666809082031,46.66666793823242,19675800
2021-05-18,44.64532470703125,47.3033332824707,48.19333267211914,47.06999969482422,47.836666107177734,58183800
2021-05-19,44.648468017578125,47.30666732788086,47.90666580200195,46.83333206176758,46.9033317565918,34874700
2021-05-20,44.8057746887207,47.473331451416016,47.62333297729492,46.900001525878906,47.16666793823242,30540900
2021-05-21,44.594993591308594,47.25,47.69333267211914,47.20000076293945,47.50666809082031,22927500
2021-05-24,44.5981330871582,47.253334045410156,47.473331451416016,47.119998931884766,47.253334045410156,18945900
2021-05-25,44.78060531616211,47.4466667175293,47.54666519165039,47.02333450317383,47.266666412353516,21505200
2021-05-26,44.72712326049805,47.38999938964844,47.62666702270508,47.253334045410156,47.46333312988281,19294200
2021-05-27,44.57611083984375,47.22999954223633,47.893333435058594,47.22999954223633,47.78333282470703,56577000
2021-05-28,44.68307876586914,47.34333419799805,47.483333587646484,47.21333312988281,47.310001373291016,21186300
2021-06-01,44.56668472290039,47.220001220703125,47.599998474121094,47.09000015258789,47.4033317565918,20767500
2021-06-02,44.46915054321289,47.116668701171875,47.23666763305664,46.6966667175293,47.130001068115234,23298000
2021-06-03,44.54780197143555,47.20000076293945,47.28333282470703,46.91666793823242,47.130001068115234,18374400
2021-06-04,44.6264533996582,47.28333282470703,47.43000030517578,47.08333206176758,47.1533317565918,13635900
2021-06-07,44.327579498291016,46.96666717529297,47.323333740234375,46.79666519165039,47.28333282470703,16630800
2021-06-08,43.99095153808594,46.61000061035156,46.96666717529297,46.60333251953125,46.836666107177734,20120700
2021-06-09,43.75499725341797,46.36000061035156,46.66999816894531,46.34333419799805,46.4466667175293,17085300
2021-06-10,44.006683349609375,46.62666702270508,46.72999954223633,46.36000061035156,46.36000061035156,16378500
2021-06-11,44.28038787841797,46.91666793823242,46.95000076293945,46.619998931884766,46.74333190917969,25232400
2021-06-14,44.22061538696289,46.85333251953125,46.97666549682617,46.676666259765625,46.97666549682617,15140700
2021-06-15,44.04442596435547,46.66666793823242,46.970001220703125,46.5533332824707,46.9466667175293,19327200
2021-06-16,43.14780807495117,45.71666717529297,46.68000030517578,45.65666580200195,46.616668701171875,28794900
2021-06-17,43.32713317871094,45.90666580200195,46.116668701171875,45.56999969482422,45.66666793823242,19341900
2021-06-18,42.52490234375,45.05666732788086,45.46333312988281,44.79999923706055,45.14666748046875,44812800
2021-06-21,42.911865234375,45.46666717529297,45.58333206176758,45.116668701171875,45.220001220703125,20775000
2021-06-22,43.11006546020508,45.676666259765625,45.90666580200195,45.40999984741211,45.40999984741211,19107000
2021-06-23,42.773433685302734,45.31999969482422,45.663333892822266,45.310001373291016,45.5,19390500
2021-06-24,43.07231140136719,45.63666534423828,45.746665954589844,45.366668701171875,45.38999938964844,23444100
2021-06-25,43.58197021484375,46.176666259765625,46.28666687011719,45.63999938964844,45.709999084472656,28640700
2021-06-28,43.44668960571289,46.03333282470703,46.21333312988281,45.53333282470703,46.01333236694336,15549000
2021-06-29,43.19499588012695,45.766666412353516,46.15666580200195,45.74333190917969,45.96666717529297,35962500
2021-06-30,44.36532974243164,47.00666809082031,47.526668548583984,46.22999954223633,46.52000045776367,45511200
2021-07-01,43.83050537109375,46.439998626708984,47.08333206176758,46.336666107177734,46.8033332824707,26348700
2021-07-02,44.079036712646484,46.70333480834961,47.026668548583984,46.45000076293945,46.45000076293945,26280600
2021-07-06,44.02555847167969,46.64666748046875,46.91666793823242,46.503334045410156,46.633331298828125,18279300
2021-07-07,43.95319366455078,46.56999969482422,47.063331604003906,46.45333480834961,46.586666107177734,25607400
2021-07-08,43.91544723510742,46.529998779296875,46.883331298828125,46.073333740234375,46.11333465576172,21267000
2021-07-09,44.13880920410156,46.766666412353516,46.9466667175293,46.643333435058594,46.8033332824707,15185400
2021-07-12,44.060157775878906,46.68333435058594,46.93000030517578,46.44333267211914,46.89666748046875,19515000
2021-07-13,44.22690200805664,46.86000061035156,47.060001373291016,46.64666748046875,46.663333892822266,18947700
2021-07-14,44.53205871582031,47.18333435058594,47.266666412353516,46.61000061035156,46.9033317565918,18812100
2021-07-15,44.56668472290039,47.220001220703125,47.54666519165039,47.029998779296875,47.33333206176758,17974800
2021-07-16,44.53521728515625,47.186668395996094,47.37666702270508,46.983333587646484,47.233333587646484,18095400
2021-07-19,44.431392669677734,47.07666778564453,47.65999984741211,46.59000015258789,47.13666534423828,27383100
2021-07-20,44.63274002075195,47.290000915527344,47.4900016784668,46.926666259765625,46.9900016784668,19020300
2021-07-21,44.41251754760742,47.05666732788086,47.51333236694336,46.9033317565918,47.5,18591900
2021-07-22,44.44397735595703,47.09000015258789,47.37333297729492,46.93333435058594,47.043331146240234,13013400
2021-07-23,44.80891799926758,47.47666549682617,47.573333740234375,47.003334045410156,47.17333221435547,15947400
2021-07-26,44.87183380126953,47.543331146240234,47.95333480834961,47.1533317565918,47.45333480834961,18517200
2021-07-27,44.87498474121094,47.54666519165039,47.66666793823242,47.31999969482422,47.66666793823242,15395700
2021-07-28,44.692508697509766,47.35333251953125,47.75,47.220001220703125,47.49333190917969,14071500
2021-07-29,44.749149322509766,47.413333892822266,47.616668701171875,47.34000015258789,47.54666519165039,11063100
2021-07-30,44.8466796875,47.516666412353516,47.6533317565918,47.06666564941406,47.06666564941406,16332300
2021-08-02,44.74285125732422,47.40666580200195,47.62333297729492,47.223331451416016,47.61000061035156,19958400
2021-08-03,45.24620819091797,47.939998626708984,47.96666717529297,47.45333480834961,47.47999954223633,18915300
2021-08-04,44.93790054321289,47.61333465576172,47.97999954223633,47.58000183105469,47.793331146240234,15301500
2021-08-05,45.771602630615234,48.496665954589844,48.51333236694336,47.996665954589844,48.07666778564453,27005400
2021-08-06,45.6898078918457,48.40999984741211,48.823333740234375,48.31666564941406,48.73666763305664,19263600
2021-08-09,45.799922943115234,48.526668548583984,48.82666778564453,48.46666717529297,48.63666534423828,15811800
2021-08-10,46.77519226074219,49.560001373291016,49.650001525878906,48.75,48.9900016784668,38262000
2021-08-11,47.193603515625,50.003334045410156,50.526668548583984,49.720001220703125,49.836666107177734,41455800
2021-08-12,47.06730651855469,49.686668395996094,50.06999969482422,49.60333251953125,49.66666793823242,18269100
2021-08-13,47.21571731567383,49.84333419799805,50.119998931884766,49.720001220703125,49.793331146240234,15981300
2021-08-16,47.6009407043457,50.25,50.57666778564453,49.68000030517578,49.893333435058594,47791500
2021-08-17,47.58515548706055,50.233333587646484,50.83333206176758,49.70000076293945,50.133331298828125,50950200
2021-08-18,47.07993698120117,49.70000076293945,50.856666564941406,49.67333221435547,50.18333435058594,28211700
2021-08-19,47.39884948730469,50.03666687011719,50.220001220703125,49.33333206176758,49.44333267211914,22630500
2021-08-20,47.82197570800781,50.483333587646484,50.573333740234375,49.91666793823242,50.15999984741211,19400400
2021-08-23,47.50621032714844,50.150001525878906,50.5966682434082,50.13666534423828,50.5099983215332,16166100
2021-08-24,47.016780853271484,49.633331298828125,50.16666793823242,49.56666564941406,50.16666793823242,18828900
2021-08-25,47.035728454589844,49.6533317565918,49.7599983215332,49.34333419799805,49.470001220703125,21921300
2021-08-26,46.52735137939453,49.116668701171875,49.42333221435547,48.88999938964844,49.15666580200195,23466900
2021-08-27,46.2652702331543,48.84000015258789,49.22999954223633,48.72666549682617,49.16999816894531,23088600
2021-08-30,46.63787078857422,49.233333587646484,49.33333206176758,48.67333221435547,48.80666732788086,16440600
2021-08-31,46.76417541503906,49.366668701171875,49.47999954223633,49.08000183105469,49.33000183105469,25078500
2021-09-01,46.66313171386719,49.2599983215332,49.310001373291016,48.856666564941406,49.186668395996094,19056600
2021-09-02,46.909427642822266,49.52000045776367,49.5966682434082,49.22999954223633,49.37333297729492,20018100
2021-09-03,47.12729263305664,49.75,49.883331298828125,49.29999923706055,49.400001525878906,17211900
2021-09-07,46.50209045410156,49.09000015258789,49.723331451416016,49.02000045776367,49.65666580200195,25345200
2021-09-08,46.56209182739258,49.1533317565918,49.439998626708984,48.90999984741211,48.983333587646484,19508400
2021-09-09,46.23369216918945,48.80666732788086,49.20333480834961,48.61333465576172,49.1533317565918,22328700
2021-09-10,46.066341400146484,48.630001068115234,49.08000183105469,48.47666549682617,49.06666564941406,15775200
2021-09-13,45.804264068603516,48.35333251953125,49.04999923706055,48.21333312988281,48.84000015258789,19529400
2021-09-14,45.56428146362305,48.099998474121094,48.62666702270508,47.973331451416016,48.49333190917969,16533900
2021-09-15,45.643226623535156,48.18333435058594,48.25,47.93000030517578,48.02333450317383,14850000
2021-09-16,45.79479217529297,48.34333419799805,48.436668395996094,47.89666748046875,48.14666748046875,18428400
2021-09-17,45.7000617980957,48.24333190917969,48.720001220703125,48.00666809082031,48.04666519165039,73032600
2021-09-20,45.07170104980469,47.58000183105469,48.39666748046875,47.206668853759766,47.83333206176758,25054500
2021-09-21,45.16010284423828,47.67333221435547,48.19333267211914,47.55666732788086,47.56666564941406,17437500
2021-09-22,45.055908203125,47.563331604003906,47.866668701171875,47.43000030517578,47.823333740234375,15044400
2021-09-23,45.08116912841797,47.59000015258789,47.87666702270508,47.483333587646484,47.7400016784668,15585300
2021-09-24,45.20746994018555,47.723331451416016,47.89666748046875,47.496665954589844,47.5,13360500
2021-09-27,44.91697692871094,47.41666793823242,47.849998474121094,47.279998779296875,47.62333297729492,21250800
2021-09-28,44.36438751220703,46.83333206176758,47.356666564941406,46.663333892822266,47.293331146240234,20580900
2021-09-29,44.34543991088867,46.813331604003906,47.276668548583984,46.77333450317383,46.883331298828125,21375600
2021-09-30,44.010738372802734,46.459999084472656,47.24333190917969,46.41666793823242,46.880001068115234,22457700
2021-10-01,43.2750244140625,45.68333435058594,46.543331146240234,45.30666732788086,46.41999816894531,30014400
2021-10-04,42.858211517333984,45.24333190917969,46.07666778564453,44.9033317565918,45.6966667175293,29970300
2021-10-05,43.13924026489258,45.540000915527344,45.9033317565918,45.29999923706055,45.31666564941406,20597400
2021-10-06,43.45500183105469,45.87333297729492,45.93000030517578,45.37666702270508,45.413333892822266,19376700
2021-10-07,43.96653366088867,46.413333892822266,46.900001525878906,46.253334045410156,46.2599983215332,21068100
2021-10-08,44.09914779663086,46.5533332824707,46.6966667175293,46.336666107177734,46.5533332824707,13847400
2021-10-11,44.05810546875,46.5099983215332,46.926666259765625,46.47999954223633,46.50666809082031,13048200
2021-10-12,44.010738372802734,46.459999084472656,46.8033332824707,46.356666564941406,46.4466667175293,15789300
2021-10-13,43.69182205200195,46.12333297729492,46.66999816894531,46.043331146240234,46.5,17937900
2021-10-14,44.165462493896484,46.62333297729492,46.689998626708984,46.16666793823242,46.16666793823242,19783500
2021-10-15,44.38017654418945,46.849998474121094,47.03333282470703,46.6533317565918,46.87333297729492,20737200
2021-10-18,44.73698806762695,47.22666549682617,47.336666107177734,46.61000061035156,46.66666793823242,19887000
2021-10-19,45.68743133544922,48.22999954223633,48.53666687011719,47.88666534423828,48.209999084472656,33444300
2021-10-20,46.101078033447266,48.66666793823242,48.83000183105469,48.29666519165039,48.29666519165039,17453700
2021-10-21,46.356842041015625,48.936668395996094,48.973331451416016,48.60333251953125,48.86000061035156,13954500
2021-10-22,46.8399543762207,49.4466667175293,49.89666748046875,49.03333282470703,49.03333282470703,21195600
2021-10-25,47.383060455322266,50.02000045776367,50.17333221435547,49.336666107177734,49.59333419799805,19287900
2021-10-26,46.96942138671875,49.58333206176758,50.18333435058594,49.48666763305664,50.0,17418600
2021-10-27,46.58418273925781,49.176666259765625,49.67333221435547,49.130001068115234,49.6533317565918,14565600
2021-10-28,46.87469482421875,49.483333587646484,49.65999984741211,49.23666763305664,49.4466667175293,12598500
2021-10-29,47.18098068237305,49.80666732788086,50.03333282470703,49.186668395996094,49.3033332824707,22022700
2021-11-01,47.29780960083008,49.93000030517578,50.25,49.78333282470703,49.99333190917969,12549600
2021-11-02,47.27570343017578,49.90666580200195,50.060001373291016,49.7599983215332,49.9900016784668,13638900
2021-11-03,47.42095184326172,50.060001373291016,50.0966682434082,49.676666259765625,49.866668701171875,14209500
2021-11-04,47.76829528808594,50.426666259765625,50.616668701171875,49.94333267211914,50.060001373291016,15149100
2021-11-05,47.43674087524414,50.07666778564453,50.66666793823242,49.87333297729492,50.66666793823242,15081900
2021-11-08,47.13361740112305,49.75666809082031,50.16999816894531,49.57666778564453,50.073333740234375,15373200
2021-11-09,47.29780960083008,49.93000030517578,49.956668853759766,49.62333297729492,49.84000015258789,15001800
2021-11-10,46.87153625488281,49.47999954223633,49.87333297729492,49.32666778564453,49.57666778564453,16803600
2021-11-11,46.89048385620117,49.5,49.663333892822266,49.39666748046875,49.59000015258789,13603200
2021-11-12,46.65681838989258,49.253334045410156,49.746665954589844,49.18000030517578,49.66666793823242,18313800
2021-11-15,46.388423919677734,48.970001220703125,49.483333587646484,48.79999923706055,49.383331298828125,28896000
2021-11-16,45.20746994018555,47.723331451416016,48.893333435058594,47.43333435058594,48.366668701171875,73986600
2021-11-17,44.819087982177734,47.313331604003906,48.2400016784668,47.27333450317383,47.720001220703125,33116100
2021-11-18,45.204315185546875,47.720001220703125,47.76333236694336,46.95333480834961,47.380001068115234,24394200
2021-11-19,44.961185455322266,47.46333312988281,48.0,47.313331604003906,47.87333297729492,28119300
2021-11-22,45.71584701538086,48.2599983215332,48.45333480834961,47.33333206176758,47.5533332824707,29126400
2021-11-23,46.041080474853516,48.60333251953125,48.65999984741211,47.75,48.08333206176758,29907900
2021-11-24,46.271583557128906,48.8466682434082,49.02000045776367,48.54666519165039,48.57666778564453,18089400
2021-11-26,45.75374221801758,48.29999923706055,49.293331146240234,48.13999938964844,48.813331604003906,21039600
2021-11-29,45.03696823120117,47.543331146240234,48.41666793823242,47.40999984741211,48.33333206176758,33039600
2021-11-30,44.40543746948242,46.87666702270508,47.5,46.66999816894531,47.15999984741211,64818900
2021-12-01,43.30343246459961,45.71333312988281,46.90666580200195,45.68000030517578,46.836666107177734,36621300
2021-12-02,42.776123046875,45.15666580200195,46.14666748046875,45.08000183105469,45.87666702270508,39805800
2021-12-03,43.420265197753906,45.836666107177734,45.959999084472656,45.0966682434082,45.28666687011719,44142600
2021-12-06,43.890743255615234,46.33333206176758,46.45333480834961,45.70000076293945,45.85333251953125,32589300
2021-12-07,43.748661041259766,46.18333435058594,46.61000061035156,46.029998779296875,46.53333282470703,37739100
2021-12-08,43.30658721923828,45.71666717529297,46.16666793823242,45.336666107177734,46.02000045776367,34496400
2021-12-09,43.90895462036133,46.16666793823242,46.189998626708984,45.23666763305664,45.543331146240234,32351700
2021-12-10,44.7110481262207,47.0099983215332,47.099998474121094,45.856666564941406,46.11333465576172,38575500
2021-12-13,45.51630401611328,47.856666564941406,47.91666793823242,46.66999816894531,46.746665954589844,54039300
2021-12-14,45.950645446777344,48.313331604003906,48.426666259765625,47.383331298828125,47.766666412353516,46721400
2021-12-15,46.213783264160156,48.59000015258789,48.823333740234375,47.79999923706055,48.4033317565918,33489900
2021-12-16,45.443389892578125,47.779998779296875,48.84333419799805,47.630001068115234,48.59000015258789,39069600
2021-12-17,43.98822021484375,46.25,47.983333587646484,46.130001068115234,47.58333206176758,78581100
2021-12-20,44.130882263183594,46.400001525878906,46.58333206176758,45.866668701171875,46.040000915527344,31017900
2021-12-21,44.2640380859375,46.540000915527344,46.619998931884766,46.003334045410156,46.29999923706055,24620400
2021-12-22,44.32110595703125,46.599998474121094,46.663333892822266,46.176666259765625,46.633331298828125,17028000
2021-12-23,44.22281265258789,46.496665954589844,46.720001220703125,46.28333282470703,46.599998474121094,17592600
2021-12-27,44.62543869018555,46.91999816894531,46.956668853759766,46.52333450317383,46.53333282470703,16040700
2021-12-28,45.265846252441406,47.59333419799805,47.65666580200195,46.866668701171875,46.866668701171875,15783000
2021-12-29,45.243656158447266,47.56999969482422,47.84333419799805,47.439998626708984,47.5533332824707,13045200
2021-12-30,45.38949203491211,47.723331451416016,47.900001525878906,47.49333190917969,47.753334045410156,14949000
2021-12-31,45.87138366699219,48.22999954223633,48.3466682434082,47.63999938964844,47.733333587646484,17947800
2022-01-03,45.858707427978516,48.21666717529297,48.26333236694336,47.66999816894531,48.0,20706600
2022-01-04,45.01856231689453,47.33333206176758,48.380001068115234,47.253334045410156,48.01333236694336,33930000
2022-01-05,45.62726593017578,47.973331451416016,48.650001525878906,47.58000183105469,47.616668701171875,35418000
2022-01-06,45.500457763671875,47.84000015258789,48.21333312988281,47.46666717529297,47.87333297729492,21828900
2022-01-07,45.934791564941406,48.29666519165039,48.45333480834961,47.6533317565918,47.83333206176758,19723500
2022-01-10,45.84601974487305,48.20333480834961,48.529998779296875,47.706668853759766,48.47999954223633,22731600
2022-01-11,45.71603775024414,48.06666564941406,48.206668853759766,47.72666549682617,48.06999969482422,21668700
2022-01-12,45.475093841552734,47.813331604003906,47.98666763305664,47.66666793823242,47.893333435058594,18946800
2022-01-13,46.118675231933594,48.4900016784668,48.560001373291016,47.70333480834961,47.810001373291016,24252600
2022-01-14,45.98868942260742,48.35333251953125,48.87666702270508,48.073333740234375,48.073333740234375,26867400
2022-01-18,45.18342208862305,47.50666809082031,48.233333587646484,47.37666702270508,48.13666534423828,21123900
2022-01-19,45.633609771728516,47.97999954223633,48.33000183105469,47.30666732788086,47.51333236694336,22674000
2022-01-20,44.77128601074219,47.073333740234375,48.1533317565918,47.02333450317383,47.45000076293945,22387200
2022-01-21,44.44473648071289,46.72999954223633,47.41999816894531,46.686668395996094,47.073333740234375,27508200
2022-01-24,44.447906494140625,46.733333587646484,46.84333419799805,45.77000045776367,46.356666564941406,28699200
2022-01-25,43.480953216552734,45.71666717529297,46.790000915527344,45.60333251953125,46.663333892822266,29479500
2022-01-26,43.03711700439453,45.25,46.26333236694336,45.0533332824707,45.779998779296875,26185500
2022-01-27,43.065643310546875,45.279998779296875,46.36000061035156,45.12333297729492,45.63999938964844,27759000
2022-01-28,43.5982666015625,45.84000015258789,45.856666564941406,44.650001525878906,45.33333206176758,25131900
2022-01-31,44.32426452636719,46.60333251953125,46.68000030517578,45.56666564941406,45.6966667175293,20193600
2022-02-01,44.673004150390625,46.970001220703125,47.04999923706055,46.33000183105469,46.4033317565918,20323200
2022-02-02,44.65398025512695,46.95000076293945,47.21333312988281,46.71666717529297,47.0,18149700
2022-02-03,44.6983642578125,46.996665954589844,47.33000183105469,46.59000015258789,46.753334045410156,20741100
2022-02-04,44.17208480834961,46.44333267211914,47.0,46.116668701171875,46.96333312988281,22036500
2022-02-07,43.73775863647461,45.98666763305664,46.689998626708984,45.869998931884766,46.686668395996094,20010300
2022-02-08,43.74726867675781,45.996665954589844,46.413333892822266,45.836666107177734,46.106666564941406,19458900
2022-02-09,43.652156829833984,45.89666748046875,46.26333236694336,45.823333740234375,46.16666793823242,21473700
2022-02-10,43.1417350769043,45.36000061035156,45.66999816894531,45.1533317565918,45.516666412353516,27810600
2022-02-11,42.90396499633789,45.11000061035156,45.72666549682617,44.723331451416016,45.606666564941406,23733300
2022-02-14,42.46646499633789,44.650001525878906,45.31999969482422,44.23666763305664,45.11000061035156,29363400
2022-02-15,42.599609375,44.790000915527344,45.223331451416016,44.5966682434082,44.913333892822266,21824400
2022-02-16,42.333309173583984,44.5099983215332,44.959999084472656,44.233333587646484,44.776668548583984,28490700
2022-02-17,44.02942657470703,46.293331146240234,46.4900016784668,44.59333419799805,44.66666793823242,53831400
2022-02-18,43.74726867675781,45.996665954589844,46.529998779296875,45.720001220703125,46.03333282470703,31103400
2022-02-22,43.2590446472168,45.483333587646484,46.08000183105469,45.313331604003906,45.92333221435547,25380900
2022-02-23,42.81519317626953,45.016666412353516,45.72999954223633,44.9466667175293,45.619998931884766,21030900
2022-02-24,42.650333404541016,44.84333419799805,45.003334045410156,44.003334045410156,44.63666534423828,31717500
2022-02-25,43.236846923828125,45.459999084472656,45.59333419799805,44.6966667175293,44.936668395996094,24997800
2022-02-28,42.850059509277344,45.0533332824707,45.356666564941406,44.59000015258789,45.0,26286600
2022-03-01,43.11320877075195,45.33000183105469,45.96333312988281,45.00666809082031,45.290000915527344,24024900
2022-03-02,43.16709899902344,45.38666534423828,45.61000061035156,45.060001373291016,45.220001220703125,23863800
2022-03-03,44.15941619873047,46.43000030517578,46.823333740234375,45.516666412353516,45.76333236694336,29885100
2022-03-04,45.27853012084961,47.606666564941406,47.64666748046875,45.86333465576172,45.936668395996094,35576400
2022-03-07,44.9139404296875,47.223331451416016,47.87666702270508,46.81666564941406,47.099998474121094,45870000
2022-03-08,43.985050201416016,46.246665954589844,47.48666763305664,46.19333267211914,47.16666793823242,28305600
2022-03-09,44.213314056396484,46.48666763305664,46.746665954589844,46.04666519165039,46.66666793823242,22122900
2022-03-10,45.21830368041992,47.543331146240234,47.66666793823242,46.336666107177734,46.496665954589844,27512700
2022-03-11,45.0407600402832,47.356666564941406,48.016666412353516,47.293331146240234,47.43333435058594,19162200
2022-03-14,45.66848373413086,48.016666412353516,48.28333282470703,47.33000183105469,47.34000015258789,22646400
2022-03-15,46.216949462890625,48.59333419799805,48.71666717529297,47.95000076293945,48.176666259765625,22872600
2022-03-16,46.080623626708984,48.45000076293945,48.97999954223633,47.900001525878906,48.46333312988281,24615900
2022-03-17,46.15064239501953,48.336666107177734,48.43333435058594,47.54999923706055,48.150001525878906,19023000
2022-03-18,46.28749084472656,48.47999954223633,48.52333450317383,48.03666687011719,48.393333435058594,31233300
2022-03-21,45.90240478515625,48.07666778564453,49.0966682434082,47.87333297729492,48.47666549682617,21350700
2022-03-22,45.76554870605469,47.93333435058594,48.323333740234375,47.65999984741211,48.20333480834961,20235000
2022-03-23,45.17677688598633,47.31666564941406,47.90999984741211,47.17333221435547,47.71333312988281,19625400
2022-03-24,45.45684051513672,47.61000061035156,47.970001220703125,47.293331146240234,47.46333312988281,13440900
2022-03-25,45.65415573120117,47.81666564941406,47.97666549682617,47.41999816894531,47.81666564941406,14085300
2022-03-28,46.46571731567383,48.66666793823242,48.686668395996094,47.766666412353516,47.83333206176758,20105700
2022-03-29,46.857181549072266,49.07666778564453,49.366668701171875,48.75,48.866668701171875,19934400
2022-03-30,47.69738006591797,49.956668853759766,50.060001373291016,49.01333236694336,49.043331146240234,24991500
2022-03-31,47.39503860473633,49.63999938964844,50.18000030517578,49.393333435058594,49.5966682434082,27163800
2022-04-01,48.0601921081543,50.336666107177734,50.42333221435547,49.61333465576172,49.88666534423828,20939700
2022-04-04,48.069740295410156,50.3466682434082,51.06666564941406,50.026668548583984,50.3033332824707,25332600
2022-04-05,48.20659637451172,50.4900016784668,51.11000061035156,50.293331146240234,50.293331146240234,18657900
2022-04-06,49.32685852050781,51.663333892822266,51.80666732788086,50.16666793823242,50.34000015258789,28018500
2022-04-07,49.82015609741211,52.18000030517578,52.51333236694336,51.47999954223633,51.70000076293945,27088200
2022-04-08,50.097049713134766,52.470001220703125,52.8033332824707,52.06999969482422,52.3033332824707,23294400
2022-04-11,49.10407638549805,51.43000030517578,52.746665954589844,51.209999084472656,52.323333740234375,24712800
2022-04-12,48.7667350769043,51.07666778564453,51.79999923706055,50.849998474121094,51.413333892822266,26761200
2022-04-13,50.03657150268555,52.40666580200195,52.5966682434082,51.116668701171875,51.150001525878906,29284500
2022-04-14,49.99201965332031,52.36000061035156,52.76333236694336,52.143333435058594,52.369998931884766,22360500
2022-04-18,49.610103607177734,51.959999084472656,52.65999984741211,51.73666763305664,52.25,14671800
2022-04-19,50.173423767089844,52.54999923706055,52.650001525878906,52.01333236694336,52.223331451416016,15855000
2022-04-20,50.80358123779297,53.209999084472656,53.45000076293945,52.76333236694336,52.78333282470703,19821600
2022-04-21,50.87995910644531,53.290000915527344,53.59000015258789,53.02333450317383,53.30666732788086,18168300
2022-04-22,49.92200469970703,52.28666687011719,53.45333480834961,52.220001220703125,53.41666793823242,21046200
2022-04-25,49.94746017456055,52.313331604003906,52.4900016784668,51.45000076293945,52.12333297729492,18057600
2022-04-26,49.42551803588867,51.766666412353516,52.709999084472656,51.733333587646484,52.12333297729492,19601100
2022-04-27,49.08816146850586,51.413333892822266,52.06666564941406,51.34000015258789,51.84333419799805,17496900
2022-04-28,49.71513366699219,52.06999969482422,52.32666778564453,51.366668701171875,51.74333190917969,14955900
2022-04-29,48.69033432006836,50.996665954589844,52.073333740234375,50.9033317565918,51.936668395996094,21088800
2022-05-02,48.368900299072266,50.65999984741211,51.663333892822266,50.106666564941406,51.6533317565918,20016000
2022-05-03,48.53758239746094,50.836666107177734,51.426666259765625,50.59333419799805,50.810001373291016,17950500
2022-05-04,49.209102630615234,51.540000915527344,51.606666564941406,50.503334045410156,50.676666259765625,20022600
2022-05-05,48.7874870300293,50.913333892822266,51.276668548583984,50.46666717529297,51.21333312988281,23234400
2022-05-06,47.771732330322266,49.85333251953125,51.31666564941406,49.42333221435547,50.56999969482422,34258200
2022-05-09,48.33071517944336,50.436668395996094,51.03333282470703,49.39666748046875,49.4900016784668,28207200
2022-05-10,47.650360107421875,49.72666549682617,50.76333236694336,49.52000045776367,50.47666549682617,24861300
2022-05-11,47.152076721191406,49.206668853759766,50.25,48.970001220703125,49.79999923706055,27878700
2022-05-12,47.10734558105469,49.15999984741211,50.04999923706055,48.84000015258789,49.28666687011719,25244400
2022-05-13,47.28942108154297,49.349998474121094,49.459999084472656,48.71333312988281,49.23666763305664,19962300
2022-05-16,47.34052276611328,49.4033317565918,49.90999984741211,48.81999969482422,49.793331146240234,21449100
2022-05-17,41.95519256591797,43.78333282470703,45.813331604003906,43.54666519165039,45.47666549682617,132940200
2022-05-18,39.10601043701172,40.810001373291016,42.75666809082031,40.5099983215332,42.676666259765625,104253000
2022-05-19,38.03276824951172,39.689998626708984,40.5966682434082,39.53333282470703,40.290000915527344,71008500
2022-05-20,38.07429504394531,39.733333587646484,40.279998779296875,39.09000015258789,39.880001068115234,49356000
2022-05-23,39.160301208496094,40.866668701171875,41.25666809082031,39.95333480834961,39.973331451416016,43680900
2022-05-24,39.649009704589844,41.37666702270508,41.516666412353516,40.36000061035156,40.4033317565918,34584900
2022-05-25,39.40625,41.12333297729492,41.55666732788086,40.866668701171875,41.33333206176758,27121800
2022-05-26,40.24631118774414,42.0,42.133331298828125,41.46666717529297,41.766666412353516,28197600
2022-05-27,41.03846740722656,42.82666778564453,42.87333297729492,41.77000045776367,41.83000183105469,25299900
2022-05-31,41.08637619018555,42.87666702270508,43.29999923706055,42.473331451416016,42.48666763305664,36912300
2022-06-01,40.07063293457031,41.81666564941406,42.973331451416016,41.560001373291016,42.83333206176758,28534800
2022-06-02,40.72863006591797,42.503334045410156,42.5099983215332,41.44333267211914,41.856666564941406,23214300
2022-06-03,40.029117584228516,41.77333450317383,42.473331451416016,41.6966667175293,42.223331451416016,18302700
2022-06-06,39.885372161865234,41.62333297729492,42.099998474121094,41.529998779296875,41.939998626708984,19855500
2022-06-07,39.40625,41.12333297729492,41.163333892822266,40.293331146240234,40.413333892822266,47707800
2022-06-08,39.064476013183594,40.766666412353516,41.3033332824707,40.650001525878906,40.78333282470703,22522800
2022-06-09,38.6556282043457,40.34000015258789,41.45000076293945,40.33000183105469,40.66666793823242,19880100
2022-06-10,38.87282943725586,40.56666564941406,40.913333892822266,39.779998779296875,39.91666793823242,25238100
2022-06-13,38.1413688659668,39.8033332824707,40.413333892822266,39.6966667175293,39.913333892822266,24897900
2022-06-14,38.1573371887207,39.81999969482422,40.0,39.38999938964844,39.709999084472656,21544200
2022-06-15,38.13178634643555,39.793331146240234,40.13666534423828,39.29999923706055,39.9900016784668,25914000
2022-06-16,38.52786636352539,40.206668853759766,40.586666107177734,39.40999984741211,39.45000076293945,30706800
2022-06-17,37.78361892700195,39.43000030517578,40.293331146240234,39.323333740234375,40.00666809082031,36838800
2022-06-21,39.0229606628418,40.723331451416016,40.926666259765625,39.40666580200195,39.43333435058594,23916600
2022-06-22,38.55022430419922,40.22999954223633,41.08333206176758,40.1966667175293,40.70000076293945,20235000
2022-06-23,39.486114501953125,41.206668853759766,41.31999969482422,40.400001525878906,40.58333206176758,18040800
2022-06-24,39.5180549621582,41.2400016784668,41.77000045776367,41.0533332824707,41.36333465576172,31845900
2022-06-27,39.64581298828125,41.37333297729492,41.58000183105469,40.93000030517578,41.2599983215332,19889100
2022-06-28,39.08683776855469,40.790000915527344,41.856666564941406,40.76333236694336,41.5533332824707,15399000
2022-06-29,38.94309616088867,40.63999938964844,41.116668701171875,40.323333740234375,40.96333312988281,19111500
2022-06-30,38.83450698852539,40.526668548583984,40.686668395996094,39.96333312988281,40.293331146240234,19166100
2022-07-01,39.16988754272461,40.87666702270508,40.973331451416016,40.38666534423828,40.64666748046875,17460900
2022-07-05,39.68734359741211,41.41666793823242,41.503334045410156,40.53666687011719,40.73666763305664,18218100
2022-07-06,39.96842956542969,41.709999084472656,42.09333419799805,41.43333435058594,41.49333190917969,21300000
2022-07-07,40.029117584228516,41.77333450317383,41.84333419799805,41.37333297729492,41.72999954223633,17487300
2022-07-08,40.054664611816406,41.79999923706055,42.20333480834961,41.71666717529297,41.939998626708984,14751000
2022-07-11,40.07063293457031,41.81666564941406,42.11000061035156,41.540000915527344,41.67333221435547,11532900
2022-07-12,39.94926452636719,41.689998626708984,42.37666702270508,41.573333740234375,41.70333480834961,13732200
2022-07-13,40.04507827758789,41.790000915527344,42.1533317565918,41.3033332824707,41.47999954223633,12689100
2022-07-14,40.8276481628418,42.606666564941406,42.77333450317383,41.380001068115234,41.38666534423828,20905500
2022-07-15,41.226924896240234,43.02333450317383,43.42333221435547,42.68333435058594,42.93333435058594,21184200
2022-07-18,41.1310920715332,42.92333221435547,43.43333435058594,42.753334045410156,42.883331298828125,14243700
2022-07-19,41.38343811035156,43.186668395996094,43.31999969482422,42.866668701171875,43.130001068115234,16995300
2022-07-20,41.728397369384766,43.54666519165039,43.77000045776367,43.16666793823242,43.503334045410156,18564900
2022-07-21,42.3384895324707,44.18333435058594,44.186668395996094,43.5,43.560001373291016,18764700
2022-07-22,42.229881286621094,44.06999969482422,44.46333312988281,43.74333190917969,44.18000030517578,13616400
2022-07-25,42.16920471191406,44.00666809082031,44.233333587646484,43.81999969482422,44.130001068115234,20535300
2022-07-26,38.9622688293457,40.65999984741211,40.89666748046875,40.02000045776367,40.37666702270508,95391600
2022-07-27,40.434776306152344,42.1966667175293,42.25666809082031,40.34333419799805,40.413333892822266,42159600
2022-07-28,41.44412612915039,43.25,43.503334045410156,42.09000015258789,42.09000015258789,33262200
2022-07-29,42.17877960205078,44.016666412353516,44.086666107177734,42.66999816894531,42.77333450317383,30141900
2022-08-01,42.335296630859375,44.18000030517578,44.74333190917969,43.66666793823242,43.686668395996094,24996300
2022-08-02,42.380008697509766,44.22666549682617,44.56999969482422,43.79999923706055,44.383331298828125,19695000
2022-08-03,41.683685302734375,43.5,44.313331604003906,43.28666687011719,44.0533332824707,32003100
2022-08-04,40.10895919799805,41.856666564941406,43.599998474121094,41.776668548583984,43.55666732788086,53106000
2022-08-05,40.431583404541016,42.19333267211914,42.27000045776367,41.706668853759766,41.836666107177734,32007000
2022-08-08,40.76057815551758,42.53666687011719,42.73666763305664,42.20333480834961,42.21666717529297,18175200
2022-08-09,41.16304016113281,42.956668853759766,42.9900016784668,42.4033317565918,42.630001068115234,19325100
2022-08-10,41.2492790222168,43.04666519165039,43.383331298828125,42.79666519165039,43.33333206176758,25251000
2022-08-11,41.64708709716797,43.27333450317383,43.456668853759766,42.866668701171875,43.233333587646484,23854500
2022-08-12,42.417015075683594,44.073333740234375,44.279998779296875,43.27333450317383,43.33333206176758,26625000
2022-08-15,42.53891372680664,44.20000076293945,44.52333450317383,43.78666687011719,43.87666702270508,26516100
2022-08-16,44.710784912109375,46.456668853759766,46.97666549682617,46.063331604003906,46.29999923706055,91773300
2022-08-17,44.75890350341797,46.50666809082031,47.573333740234375,46.133331298828125,46.189998626708984,41792100
2022-08-18,44.614532470703125,46.356666564941406,46.80666732788086,46.16666793823242,46.5099983215332,19197600
2022-08-19,43.956878662109375,45.67333221435547,46.356666564941406,45.63666534423828,46.30666732788086,22918800
2022-08-22,43.17090606689453,44.856666564941406,45.573333740234375,44.813331604003906,45.400001525878906,18667200
2022-08-23,42.98805236816406,44.66666793823242,44.98666763305664,44.4033317565918,44.869998931884766,16955100
2022-08-24,43.299232482910156,44.9900016784668,45.0966682434082,44.53333282470703,44.78333282470703,15766500
2022-08-25,43.58796691894531,45.290000915527344,45.33000183105469,45.0099983215332,45.09333419799805,19414500
2022-08-26,42.218116760253906,43.866668701171875,45.61000061035156,43.836666107177734,45.369998931884766,21331800
2022-08-29,42.628746032714844,44.293331146240234,44.62333297729492,43.529998779296875,43.61000061035156,17381700
2022-08-30,42.50042724609375,44.15999984741211,44.54999923706055,43.913333892822266,44.4466667175293,14468100
2022-08-31,42.522884368896484,44.18333435058594,44.5966682434082,43.97666549682617,44.2599983215332,22460700
2022-09-01,43.14203643798828,44.82666778564453,45.04666519165039,44.133331298828125,44.18000030517578,21741900
2022-09-02,42.66724395751953,44.33333206176758,45.223331451416016,44.14666748046875,44.95000076293945,17234400
2022-09-06,42.45551300048828,44.11333465576172,44.540000915527344,43.573333740234375,44.349998474121094,21899700
2022-09-07,43.54625701904297,45.246665954589844,45.323333740234375,44.246665954589844,44.35333251953125,17058900
2022-09-08,43.76761245727539,45.47666549682617,45.62333297729492,44.959999084472656,45.133331298828125,16956000
2022-09-09,43.899139404296875,45.61333465576172,45.83333206176758,45.37666702270508,45.43333435058594,16140600
2022-09-12,44.293731689453125,46.02333450317383,46.08333206176758,45.65666580200195,45.69333267211914,14284500
2022-09-13,43.379432678222656,45.073333740234375,45.983333587646484,44.936668395996094,45.619998931884766,17687400
2022-09-14,43.2831916809082,44.973331451416016,45.5099983215332,44.70000076293945,45.209999084472656,19934700
2022-09-15,42.81802749633789,44.4900016784668,45.04999923706055,44.323333740234375,45.016666412353516,20189400
2022-09-16,42.72819900512695,44.39666748046875,44.849998474121094,43.7599983215332,44.0,41874300
2022-09-19,43.09392166137695,44.776668548583984,44.91999816894531,44.15666580200195,44.27333450317383,16853100
2022-09-20,42.84369659423828,44.516666412353516,44.62666702270508,44.18000030517578,44.49333190917969,13963500
2022-09-21,43.23507308959961,44.92333221435547,45.81666564941406,44.87333297729492,45.14666748046875,24903600
2022-09-22,42.7923583984375,44.46333312988281,44.90666580200195,44.279998779296875,44.856666564941406,16744500
2022-09-23,41.72407913208008,43.35333251953125,44.393333435058594,42.92333221435547,44.290000915527344,27195300
2022-09-26,42.125083923339844,43.77000045776367,44.04666519165039,42.75666809082031,42.91666793823242,23011200
2022-09-27,42.00959396362305,43.650001525878906,44.47666549682617,43.43333435058594,44.07666778564453,17171700
2022-09-28,42.70252990722656,44.369998931884766,44.54999923706055,43.2400016784668,43.8033332824707,16838400
2022-09-29,42.426639556884766,44.08333206176758,44.706668853759766,43.87666702270508,44.5,15241500
2022-09-30,41.60857391357422,43.233333587646484,44.119998931884766,43.233333587646484,44.08000183105469,19602300
2022-10-03,42.51646423339844,44.176666259765625,44.26333236694336,43.336666107177734,43.413333892822266,17574900
2022-10-04,43.06826400756836,44.75,45.06666564941406,44.456668853759766,44.619998931884766,16134300
2022-10-05,42.641578674316406,44.30666732788086,44.87333297729492,44.16999816894531,44.586666107177734,14553900
2022-10-06,42.24378204345703,43.893333435058594,44.82666778564453,43.86000061035156,44.36000061035156,14200500
2022-10-07,41.242862701416016,42.85333251953125,43.883331298828125,42.689998626708984,43.77000045776367,17080500
2022-10-10,41.48667526245117,43.106666564941406,43.310001373291016,42.7599983215332,43.176666259765625,11411700
2022-10-11,42.56136703491211,44.223331451416016,44.599998474121094,43.1533317565918,43.16999816894531,21276000
2022-10-12,42.080162048339844,43.723331451416016,44.92333221435547,43.65666580200195,44.336666107177734,16947600
2022-10-13,42.43626022338867,44.09333419799805,44.313331604003906,42.790000915527344,43.09333419799805,20545500
2022-10-14,41.8427734375,43.47666549682617,44.40666580200195,43.349998474121094,44.14666748046875,16641000
2022-10-17,42.14433288574219,43.790000915527344,44.276668548583984,43.529998779296875,43.6533317565918,17812500
2022-10-18,43.032955169677734,44.71333312988281,45.03333282470703,44.44333267211914,44.47666549682617,16842300
2022-10-19,42.91105651855469,44.586666107177734,44.90999984741211,44.323333740234375,44.776668548583984,11339400
2022-10-20,43.01691818237305,44.6966667175293,45.133331298828125,44.54999923706055,44.65999984741211,12754800
2022-10-21,43.88629913330078,45.599998474121094,45.8033332824707,44.66666793823242,44.936668395996094,18134700
2022-10-24,44.72361755371094,46.470001220703125,46.82666778564453,45.709999084472656,45.81666564941406,18806700
2022-10-25,44.935340881347656,46.689998626708984,46.813331604003906,46.106666564941406,46.36333465576172,15051300
2022-10-26,45.278602600097656,47.04666519165039,47.3466682434082,46.606666564941406,46.78666687011719,20754300
2022-10-27,45.14707946777344,46.90999984741211,47.366668701171875,46.76333236694336,47.003334045410156,16602900
2022-10-28,45.718109130859375,47.503334045410156,47.633331298828125,46.68000030517578,46.68333435058594,13648200
2022-10-31,45.660362243652344,47.44333267211914,47.689998626708984,47.25666809082031,47.4466667175293,22572000
2022-11-01,45.45505142211914,47.22999954223633,47.849998474121094,47.16666793823242,47.65666580200195,14814300
2022-11-02,45.15349578857422,46.91666793823242,47.856666564941406,46.900001525878906,47.0533332824707,15522000
2022-11-03,45.14386749267578,46.90666580200195,47.23666763305664,46.36000061035156,46.503334045410156,10976400
2022-11-04,45.22406768798828,46.9900016784668,47.4033317565918,46.26333236694336,47.34333419799805,14669400
2022-11-07,45.6988639831543,47.483333587646484,47.65666580200195,47.086666107177734,47.086666107177734,11364000
2022-11-08,45.80793380737305,47.5966682434082,48.02333450317383,47.16999816894531,47.526668548583984,15068400
2022-11-09,44.742862701416016,46.4900016784668,47.720001220703125,46.4033317565918,47.586666107177734,15932100
2022-11-10,45.66999816894531,47.45333480834961,47.563331604003906,46.83333206176758,47.503334045410156,20310600
2022-11-11,45.740577697753906,47.526668548583984,47.706668853759766,46.663333892822266,47.55666732788086,19270800
2022-11-14,44.396392822265625,46.130001068115234,47.77333450317383,46.09000015258789,47.21333312988281,37525800
2022-11-15,47.299686431884766,49.14666748046875,50.09000015258789,48.18333435058594,48.53666687011719,76548600
2022-11-16,47.639747619628906,49.5,50.06666564941406,49.040000915527344,49.293331146240234,32593200
2022-11-17,47.47933578491211,49.33333206176758,49.57666778564453,48.9033317565918,49.003334045410156,24791400
2022-11-18,48.19473648071289,50.07666778564453,50.08000183105469,49.59000015258789,49.88999938964844,18987000
2022-11-21,48.48987579345703,50.383331298828125,50.71333312988281,50.063331604003906,50.20333480834961,21157200
2022-11-22,48.66312026977539,50.563331604003906,50.81666564941406,50.37333297729492,50.66666793823242,16898400
2022-11-23,48.89730453491211,50.80666732788086,51.12333297729492,50.62666702270508,50.69333267211914,16920600
2022-11-25,49.105831146240234,51.02333450317383,51.029998779296875,50.619998931884766,50.706668853759766,8777400
2022-11-28,49.246978759765625,51.16999816894531,51.54666519165039,50.90666580200195,50.90666580200195,17674800
2022-11-29,49.07374954223633,50.9900016784668,51.23666763305664,50.849998474121094,51.0099983215332,13841700
2022-11-30,48.89730453491211,50.80666732788086,50.92333221435547,50.400001525878906,50.869998931884766,31338000
2022-12-01,49.20206832885742,51.12333297729492,51.20333480834961,50.24333190917969,50.68333435058594,22732200
2022-12-02,49.153953552246094,51.073333740234375,51.08000183105469,50.49333190917969,50.49333190917969,20733000
2022-12-05,48.65028381347656,50.54999923706055,51.0,50.16999816894531,50.91666793823242,23608200
2022-12-06,48.08566665649414,49.96333312988281,50.63666534423828,49.73666763305664,50.400001525878906,20625600
2022-12-07,47.83543395996094,49.70333480834961,50.4033317565918,49.606666564941406,50.16666793823242,17550300
2022-12-08,47.90949630737305,49.59333419799805,49.7599983215332,49.380001068115234,49.720001220703125,13512600
2022-12-09,46.79210662841797,48.436668395996094,49.2400016784668,48.40666580200195,49.15666580200195,27929400
2022-12-12,47.66476821899414,49.34000015258789,49.366668701171875,48.52000045776367,48.633331298828125,19432200
2022-12-13,47.49409484863281,49.163333892822266,50.06666564941406,48.913333892822266,50.0,23408100
2022-12-14,47.23004913330078,48.88999938964844,49.5099983215332,48.6533317565918,49.029998779296875,20334600
2022-12-15,46.80820846557617,48.45333480834961,48.80666732788086,47.87666702270508,48.526668548583984,17514000
2022-12-16,45.96773910522461,47.58333206176758,48.2400016784668,47.52333450317383,48.15999984741211,40343100
2022-12-19,45.98384475708008,47.599998474121094,47.85333251953125,47.24333190917969,47.66999816894531,15067500
2022-12-20,46.38636016845703,48.016666412353516,48.21333312988281,47.41666793823242,47.63999938964844,17009400
2022-12-21,46.7502326965332,48.393333435058594,48.64666748046875,48.086666107177734,48.106666564941406,13726500
2022-12-22,46.20281982421875,47.82666778564453,48.32666778564453,47.310001373291016,48.25666809082031,13082400
2022-12-23,46.296199798583984,47.92333221435547,47.93333435058594,47.426666259765625,47.68333435058594,9547500
2022-12-27,46.309078216552734,47.936668395996094,48.150001525878906,47.72999954223633,48.01333236694336,10044600
2022-12-28,45.49760437011719,47.0966682434082,47.88999938964844,46.970001220703125,47.823333740234375,15246300
2022-12-29,45.7745361328125,47.383331298828125,47.67333221435547,47.25,47.380001068115234,9171900
2022-12-30,45.658607482910156,47.26333236694336,47.33000183105469,46.936668395996094,47.186668395996094,11505900
2023-01-03,46.241455078125,47.866668701171875,47.9033317565918,47.36333465576172,47.516666412353516,17249700
2023-01-04,46.2929801940918,47.91999816894531,48.016666412353516,47.356666564941406,47.80666732788086,13338300
2023-01-05,46.135196685791016,47.75666809082031,48.043331146240234,47.54999923706055,47.81999969482422,13274400
2023-01-06,47.26546859741211,48.926666259765625,49.18333435058594,48.08000183105469,48.20000076293945,21231900
2023-01-09,46.67617416381836,48.31666564941406,49.28666687011719,48.266666412353516,48.77333450317383,17756700
2023-01-10,46.647193908691406,48.28666687011719,48.483333587646484,47.90999984741211,48.313331604003906,11970600
2023-01-11,47.05615234375,48.709999084472656,48.72666549682617,48.24333190917969,48.58000183105469,14834700
2023-01-12,46.631099700927734,48.27000045776367,48.80666732788086,48.130001068115234,48.8033332824707,12472800
2023-01-13,46.78567123413086,48.43000030517578,48.606666564941406,47.95333480834961,48.5099983215332,13699800
2023-01-17,46.50228500366211,48.13666534423828,48.56999969482422,48.06666564941406,48.43000030517578,15122400
2023-01-18,45.35268783569336,46.9466667175293,48.08333206176758,46.82666778564453,48.06666564941406,22674300
2023-01-19,44.705440521240234,46.276668548583984,47.176666259765625,46.26333236694336,47.130001068115234,17342100
2023-01-20,45.25608444213867,46.8466682434082,46.926666259765625,46.05666732788086,46.46666717529297,29543100
2023-01-23,45.93231964111328,47.54666519165039,47.66999816894531,46.733333587646484,46.81999969482422,13149900
2023-01-24,46.054683685302734,47.67333221435547,48.849998474121094,47.0,48.849998474121094,13669200
2023-01-25,45.83572006225586,47.4466667175293,47.61333465576172,46.79666519165039,47.413333892822266,12491700
2023-01-26,45.793853759765625,47.4033317565918,47.91666793823242,47.253334045410156,47.676666259765625,15819000
2023-01-27,46.14485549926758,47.766666412353516,48.15666580200195,47.25,47.53333282470703,18412800
2023-01-30,45.7745361328125,47.383331298828125,47.483333587646484,47.09000015258789,47.37333297729492,15897600
2023-01-31,46.32840347290039,47.956668853759766,47.959999084472656,47.220001220703125,47.439998626708984,14103600
2023-02-01,46.58600997924805,48.223331451416016,48.53666687011719,47.56666564941406,47.88666534423828,12849300
2023-02-02,46.247894287109375,47.87333297729492,48.28666687011719,47.64666748046875,48.13666534423828,17806800
2023-02-03,45.63284683227539,47.23666763305664,47.98666763305664,46.95333480834961,47.78666687011719,17155500
2023-02-06,45.301170349121094,46.893333435058594,47.366668701171875,46.676666259765625,47.27333450317383,17454000
2023-02-07,45.397769927978516,46.99333190917969,47.099998474121094,46.22999954223633,46.59000015258789,16341300
2023-02-08,45.153045654296875,46.7400016784668,47.03333282470703,46.663333892822266,46.776668548583984,11691300
2023-02-09,45.57166290283203,47.17333221435547,47.313331604003906,46.856666564941406,46.956668853759766,13064400
2023-02-10,46.280094146728516,47.90666580200195,47.97999954223633,47.38999938964844,47.6966667175293,15002700
2023-02-13,46.98530960083008,48.63666534423828,48.706668853759766,48.16999816894531,48.23666763305664,16015800
2023-02-14,46.85007095336914,48.496665954589844,49.043331146240234,48.186668395996094,48.57666778564453,13831200
2023-02-15,47.197837829589844,48.856666564941406,48.866668701171875,48.186668395996094,48.31999969482422,14674200
2023-02-16,46.45720291137695,48.09000015258789,48.663333892822266,48.060001373291016,48.49333190917969,16312200
2023-02-17,47.15597915649414,48.813331604003906,48.89666748046875,48.189998626708984,48.369998931884766,24770700
2023-02-21,47.44257354736328,49.11000061035156,49.4466667175293,47.383331298828125,47.62666702270508,54393900
2023-02-22,46.44755172729492,48.08000183105469,49.189998626708984,47.586666107177734,48.92333221435547,29844000
2023-02-23,45.75520706176758,47.36333465576172,48.12333297729492,46.9033317565918,48.12333297729492,22021200
2023-02-24,45.87757873535156,47.4900016784668,47.58000183105469,46.5099983215332,46.9466667175293,20623500
2023-02-27,45.545902252197266,47.14666748046875,47.6966667175293,46.88666534423828,47.56999969482422,16647300
2023-02-28,45.768096923828125,47.37666702270508,47.54999923706055,46.983333587646484,47.0,18054000
2023-03-01,45.13050079345703,46.71666717529297,47.09333419799805,46.456668853759766,47.02000045776367,14180100
2023-03-02,45.24320602416992,46.83333206176758,46.913333892822266,46.5,46.61333465576172,14785500
2023-03-03,45.297950744628906,46.88999938964844,47.063331604003906,46.59000015258789,47.01333236694336,16888800
2023-03-06,45.29150390625,46.883331298828125,46.99333190917969,46.67333221435547,46.83333206176758,16720800
2023-03-07,44.8406867980957,46.41666793823242,47.22666549682617,46.26333236694336,47.060001373291016,17387400
2023-03-08,44.47037124633789,46.03333282470703,46.30666732788086,45.7599983215332,46.186668395996094,19090800
2023-03-09,44.17089080810547,45.723331451416016,46.32666778564453,45.63999938964844,46.276668548583984,15415800
2023-03-10,44.10649490356445,45.65666580200195,46.09333419799805,45.36333465576172,45.67333221435547,20065200
2023-03-13,44.23529052734375,45.790000915527344,46.16666793823242,45.526668548583984,45.560001373291016,28142100
2023-03-14,44.47037124633789,46.03333282470703,46.09000015258789,45.66666793823242,45.89666748046875,25542600
2023-03-15,44.96627426147461,46.54666519165039,46.60333251953125,45.56999969482422,45.630001068115234,33133500
2023-03-16,44.710838317871094,46.09333419799805,46.54999923706055,45.959999084472656,46.47666549682617,28905600
2023-03-17,45.072975158691406,46.46666717529297,46.496665954589844,45.86333465576172,46.063331604003906,43081200
2023-03-20,45.55797576904297,46.96666717529297,47.30666732788086,46.60333251953125,46.70000076293945,33928500
2023-03-21,45.40277862548828,46.80666732788086,47.130001068115234,46.5099983215332,47.130001068115234,19013400
2023-03-22,45.11177444458008,46.50666809082031,47.073333740234375,46.48666763305664,46.880001068115234,18548400
2023-03-23,45.47714614868164,46.883331298828125,47.20333480834961,46.496665954589844,46.733333587646484,22044300
2023-03-24,45.84897994995117,47.266666412353516,47.4900016784668,46.866668701171875,47.003334045410156,22752300
2023-03-27,46.61528778076172,48.05666732788086,48.32666778564453,47.59333419799805,47.5966682434082,26775600
2023-03-28,46.43421936035156,47.869998931884766,48.13666534423828,47.68333435058594,47.883331298828125,21282900
2023-03-29,46.63468933105469,48.07666778564453,48.31999969482422,47.81666564941406,48.12333297729492,24216900
2023-03-30,47.100284576416016,48.55666732788086,48.866668701171875,48.34000015258789,48.5,21879000
2023-03-31,47.67582321166992,49.150001525878906,49.47999954223633,48.823333740234375,48.86000061035156,20868000
2023-04-03,48.07676315307617,49.563331604003906,49.650001525878906,49.16666793823242,49.24333190917969,19766700
2023-04-04,47.60469055175781,49.07666778564453,49.5966682434082,49.00666809082031,49.5099983215332,18113700
2023-04-05,48.39362716674805,49.88999938964844,49.959999084472656,49.04666519165039,49.05666732788086,26540700
2023-04-06,48.75899887084961,50.266666412353516,50.3466682434082,49.50666809082031,49.599998474121094,17891700
2023-04-10,48.66523361206055,50.16999816894531,50.37333297729492,49.92333221435547,50.119998931884766,14519100
2023-04-11,48.5229606628418,50.02333450317383,50.33333206176758,49.87333297729492,50.33333206176758,18370500
2023-04-12,48.286930084228516,49.779998779296875,50.323333740234375,49.723331451416016,49.93000030517578,11209800
2023-04-13,48.33543014526367,49.83000183105469,50.0,49.400001525878906,49.883331298828125,13272600
2023-04-14,48.00885772705078,49.49333190917969,49.96333312988281,49.383331298828125,49.676666259765625,10464900
2023-04-17,48.345123291015625,49.84000015258789,49.88999938964844,49.5,49.54666519165039,16166700
2023-04-18,48.45182800292969,49.95000076293945,50.11333465576172,49.813331604003906,49.926666259765625,13482300
2023-04-19,48.503562927246094,50.003334045410156,50.470001220703125,49.92333221435547,50.279998779296875,12433500
2023-04-20,48.81396484375,50.323333740234375,50.46333312988281,49.866668701171875,50.06999969482422,13641600
2023-04-21,49.0597038269043,50.57666778564453,50.766666412353516,50.393333435058594,50.6533317565918,25335000
2023-04-24,49.392738342285156,50.91999816894531,50.983333587646484,50.56999969482422,50.56999969482422,13579500
2023-04-25,49.00796890258789,50.52333450317383,51.25,50.44333267211914,51.0966682434082,17246700
2023-04-26,48.79456329345703,50.3033332824707,50.470001220703125,50.073333740234375,50.32666778564453,12910200
2023-04-27,48.946533203125,50.459999084472656,50.64666748046875,50.2599983215332,50.2599983215332,12861000
2023-04-28,48.81396484375,50.323333740234375,50.723331451416016,50.060001373291016,50.43000030517578,14088600
2023-05-01,49.01443099975586,50.529998779296875,50.8466682434082,50.310001373291016,50.3466682434082,11409600
2023-05-02,48.88187026977539,50.393333435058594,50.496665954589844,49.81999969482422,50.4900016784668,11329500
2023-05-03,48.700801849365234,50.206668853759766,50.70000076293945,50.09000015258789,50.52000045776367,12334500
2023-05-04,48.83711242675781,50.15666580200195,50.33000183105469,49.83000183105469,50.18333435058594,14011200
2023-05-05,49.25904846191406,50.59000015258789,50.66999816894531,49.94333267211914,50.099998474121094,14556000
2023-05-08,49.567378997802734,50.90666580200195,50.983333587646484,50.35333251953125,50.42333221435547,14926200
2023-05-09,49.651771545410156,50.99333190917969,51.060001373291016,50.779998779296875,50.90666580200195,15209700
2023-05-10,49.512210845947266,50.849998474121094,51.45000076293945,50.40999984741211,51.22999954223633,15827700
2023-05-11,49.69721221923828,51.040000915527344,51.09000015258789,50.66666793823242,50.849998474121094,11926800
2023-05-12,49.68098068237305,51.02333450317383,51.356666564941406,50.9033317565918,51.20000076293945,16119300
2023-05-15,49.29475021362305,50.62666702270508,51.28333282470703,50.459999084472656,51.16666793823242,16113900
2023-05-16,48.613162994384766,49.926666259765625,50.5099983215332,49.856666564941406,50.28333282470703,15512100
2023-05-17,48.532020568847656,49.84333419799805,50.383331298828125,49.56999969482422,50.380001068115234,26985900
2023-05-18,49.16167449951172,50.4900016784668,51.43000030517578,49.983333587646484,50.599998474121094,46768500
2023-05-19,48.65536117553711,49.970001220703125,50.48666763305664,49.70333480834961,50.46666717529297,27594000
2023-05-22,48.226932525634766,49.529998779296875,50.026668548583984,49.43000030517578,49.900001525878906,16117800
2023-05-23,48.13605880737305,49.436668395996094,49.619998931884766,49.026668548583984,49.336666107177734,16302300
2023-05-24,47.91535568237305,49.209999084472656,49.51333236694336,48.766666412353516,49.503334045410156,20515200
2023-05-25,47.4382438659668,48.720001220703125,49.14666748046875,48.36333465576172,48.959999084472656,21299100
2023-05-26,47.52263641357422,48.80666732788086,48.939998626708984,48.4900016784668,48.56666564941406,15720900
2023-05-30,47.40578842163086,48.686668395996094,49.0966682434082,48.53333282470703,48.766666412353516,15742500
2023-05-31,47.6686897277832,48.956668853759766,49.10333251953125,48.336666107177734,48.473331451416016,30130800
2023-06-01,47.84394454956055,49.13666534423828,49.29999923706055,48.64666748046875,48.73666763305664,20239200
2023-06-02,48.30158996582031,49.606666564941406,49.66999816894531,49.03333282470703,49.073333740234375,19178100
2023-06-05,48.61966323852539,49.93333435058594,50.41666793823242,49.790000915527344,49.790000915527344,15553200
2023-06-06,48.613162994384766,49.926666259765625,50.063331604003906,49.503334045410156,49.900001525878906,15015600
2023-06-07,48.6845703125,50.0,50.119998931884766,49.68000030517578,49.75,24256500
2023-06-08,49.38887023925781,50.723331451416016,50.810001373291016,49.93000030517578,50.130001068115234,18873000
2023-06-09,49.687469482421875,51.029998779296875,51.2400016784668,50.53333282470703,50.720001220703125,15603900
2023-06-12,50.01528549194336,51.366668701171875,51.43333435058594,51.05666732788086,51.143333435058594,14713500
2023-06-13,50.40475845336914,51.766666412353516,51.836666107177734,51.356666564941406,51.50666809082031,15738900
2023-06-14,50.91432571411133,52.290000915527344,52.44333267211914,51.869998931884766,51.970001220703125,21103200
2023-06-15,51.193450927734375,52.57666778564453,52.74333190917969,52.32666778564453,52.33333206176758,18160500
2023-06-16,50.47940444946289,51.84333419799805,52.71666717529297,51.7599983215332,52.69333267211914,34675800
2023-06-20,50.034751892089844,51.38666534423828,51.81666564941406,51.293331146240234,51.56666564941406,19994400
2023-06-21,50.13212585449219,51.48666763305664,51.779998779296875,51.119998931884766,51.4033317565918,19251000
2023-06-22,50.55080795288086,51.91666793823242,52.026668548583984,51.49333190917969,51.65999984741211,13307400
2023-06-23,50.456687927246094,51.81999969482422,52.0966682434082,51.67333221435547,51.959999084472656,18975000
2023-06-26,50.323612213134766,51.68333435058594,51.926666259765625,51.439998626708984,51.883331298828125,14106300
2023-06-27,50.1418571472168,51.496665954589844,51.95000076293945,51.35333251953125,51.383331298828125,12093600
2023-06-28,50.41450119018555,51.776668548583984,51.893333435058594,51.54666519165039,51.57666778564453,18889800
2023-06-29,50.07369613647461,51.426666259765625,51.58333206176758,51.04666519165039,51.503334045410156,21530400
2023-06-30,51.01493835449219,52.393333435058594,52.5099983215332,51.59333419799805,51.65666580200195,19073100
2023-07-03,51.34600067138672,52.733333587646484,52.813331604003906,52.11000061035156,52.27000045776367,8647500
2023-07-05,51.31678009033203,52.70333480834961,53.040000915527344,52.4466667175293,52.720001220703125,17585400
2023-07-06,50.992218017578125,52.369998931884766,52.72666549682617,52.290000915527344,52.643333435058594,14427000
2023-07-07,49.81729507446289,51.163333892822266,52.0966682434082,51.150001525878906,51.936668395996094,19774800
2023-07-10,50.2684440612793,51.62666702270508,51.83333206176758,51.439998626708984,51.52000045776367,12967800
2023-07-11,50.193790435791016,51.54999923706055,51.836666107177734,51.28666687011719,51.59000015258789,11460900
2023-07-12,50.320369720458984,51.68000030517578,51.96333312988281,51.606666564941406,51.77000045776367,16509900
2023-07-13,50.0250244140625,51.37666702270508,51.866668701171875,51.22999954223633,51.810001373291016,11859600
2023-07-14,50.19703674316406,51.5533332824707,51.55666732788086,51.19333267211914,51.37333297729492,10427400
2023-07-17,50.258705139160156,51.616668701171875,51.65999984741211,51.27333450317383,51.46666717529297,10135200
2023-07-18,50.16783142089844,51.52333450317383,51.88666534423828,51.28666687011719,51.55666732788086,13437300
2023-07-19,50.184051513671875,51.540000915527344,51.733333587646484,51.25,51.599998474121094,12372900
2023-07-20,51.11231231689453,52.49333190917969,52.516666412353516,51.633331298828125,51.643333435058594,14987700
2023-07-21,51.40116882324219,52.790000915527344,52.926666259765625,52.47999954223633,52.633331298828125,16960500
2023-07-24,51.7030143737793,53.099998474121094,53.15999984741211,52.52000045776367,52.81666564941406,12529800
2023-07-25,51.66082000732422,53.05666732788086,53.503334045410156,52.7599983215332,53.48666763305664,15553800
2023-07-26,51.8458251953125,53.246665954589844,53.563331604003906,52.97999954223633,53.08000183105469,15094200
2023-07-27,51.65757369995117,53.0533332824707,53.54666519165039,53.043331146240234,53.36000061035156,13400400
2023-07-28,51.90099334716797,53.3033332824707,53.64666748046875,53.0966682434082,53.0966682434082,11020200
2023-07-31,51.88477325439453,53.28666687011719,53.54666519165039,52.970001220703125,53.31999969482422,13033200
2023-08-01,51.6413459777832,53.03666687011719,53.483333587646484,52.98666763305664,53.31666564941406,11782500
2023-08-02,51.67704772949219,53.073333740234375,53.47666549682617,52.84333419799805,52.84333419799805,12660000
2023-08-03,51.69002914428711,53.086666107177734,53.16666793823242,52.836666107177734,53.00666809082031,13202700
2023-08-04,51.39142990112305,52.779998779296875,53.41666793823242,52.6533317565918,53.253334045410156,14262000
2023-08-07,52.0892448425293,53.496665954589844,53.73666763305664,53.03666687011719,53.16666793823242,14268900
2023-08-08,52.14117431640625,53.54999923706055,53.87333297729492,53.16999816894531,53.663333892822266,11017500
2023-08-09,52.225563049316406,53.63666534423828,54.03333282470703,53.56999969482422,53.63666534423828,13209600
2023-08-10,52.199501037597656,53.41999816894531,53.91666793823242,53.34333419799805,53.5966682434082,15169500
2023-08-11,52.505680084228516,53.733333587646484,53.94333267211914,53.366668701171875,53.516666412353516,14195100
2023-08-14,52.11481475830078,53.33333206176758,54.2599983215332,53.060001373291016,54.0,20813700
2023-08-15,51.84772491455078,53.060001373291016,53.5966682434082,52.973331451416016,53.18000030517578,14559300
2023-08-16,51.87378692626953,53.086666107177734,53.65666580200195,52.790000915527344,53.293331146240234,26980800
2023-08-17,50.71097946166992,51.89666748046875,53.71333312988281,51.67333221435547,53.633331298828125,53614200
2023-08-18,51.44058609008789,52.643333435058594,53.223331451416016,51.77000045776367,51.77000045776367,27954900
2023-08-21,51.30378341674805,52.503334045410156,52.9466667175293,52.3466682434082,52.543331146240234,15679200
2023-08-22,51.14091873168945,52.336666107177734,52.436668395996094,52.08000183105469,52.323333740234375,16670700
2023-08-23,51.4959602355957,52.70000076293945,52.79999923706055,52.16999816894531,52.20333480834961,14210400
2023-08-24,51.10183334350586,52.29666519165039,53.07666778564453,52.27333450317383,52.709999084472656,14033100
2023-08-25,51.404747009277344,52.606666564941406,52.68000030517578,52.18000030517578,52.393333435058594,12267000
2023-08-28,51.697898864746094,52.90666580200195,52.94333267211914,52.619998931884766,52.619998931884766,11871000
2023-08-29,52.131099700927734,53.349998474121094,53.40999984741211,52.95333480834961,53.0,12702300
2023-08-30,52.505680084228516,53.733333587646484,53.76333236694336,53.30666732788086,53.46666717529297,10967700
2023-08-31,52.96493911743164,54.20333480834961,54.33000183105469,53.6533317565918,53.706668853759766,19582800
2023-09-01,52.626197814941406,53.856666564941406,54.31999969482422,53.383331298828125,54.290000915527344,12553500
2023-09-05,52.2027587890625,53.42333221435547,54.266666412353516,53.393333435058594,53.95000076293945,15209400
2023-09-06,52.59362030029297,53.823333740234375,54.05666732788086,53.3033332824707,53.46666717529297,14594700
2023-09-07,53.245059967041016,54.4900016784668,54.49333190917969,53.83000183105469,54.0,19120800
2023-09-08,53.3427734375,54.59000015258789,54.619998931884766,54.356666564941406,54.49333190917969,12667200
2023-09-11,53.52843475341797,54.779998779296875,54.82666778564453,54.5533332824707,54.66666793823242,11912100
2023-09-12,53.58706283569336,54.84000015258789,54.97666549682617,54.68000030517578,54.83333206176758,11757300
2023-09-13,53.60009002685547,54.85333251953125,55.28333282470703,54.790000915527344,54.97666549682617,14364300
2023-09-14,53.824832916259766,55.08333206176758,55.246665954589844,54.8033332824707,55.0,14923800
2023-09-15,53.62614822387695,54.880001068115234,55.220001220703125,54.59000015258789,55.06999969482422,63925200
2023-09-18,53.22876739501953,54.473331451416016,55.06666564941406,54.41666793823242,54.893333435058594,12997800
2023-09-19,53.21574401855469,54.459999084472656,54.59333419799805,54.116668701171875,54.459999084472656,14019600
2023-09-20,53.388370513916016,54.63666534423828,54.9033317565918,54.31999969482422,54.53333282470703,10120800
2023-09-21,52.74019241333008,53.973331451416016,54.83333206176758,53.93000030517578,54.753334045410156,18782400
2023-09-22,52.880252838134766,54.116668701171875,54.40999984741211,53.973331451416016,54.07666778564453,13215000
2023-09-25,53.11476516723633,54.356666564941406,54.369998931884766,53.956668853759766,54.12333297729492,10459500
2023-09-26,52.929115295410156,54.16666793823242,54.51333236694336,54.116668701171875,54.313331604003906,14435700
2023-09-27,52.675052642822266,53.90666580200195,54.07666778564453,53.43000030517578,54.0,15711000
2023-09-28,52.94214630126953,54.18000030517578,54.276668548583984,53.86333465576172,54.0,11617200
2023-09-29,52.092010498046875,53.310001373291016,54.37666702270508,53.063331604003906,54.34333419799805,18842400
2023-10-02,52.14739227294922,53.366668701171875,53.42333221435547,52.77000045776367,53.163333892822266,12992700
2023-10-03,51.818416595458984,53.029998779296875,53.58333206176758,52.893333435058594,53.22999954223633,11253300
2023-10-04,52.44053649902344,53.66666793823242,53.68333435058594,53.003334045410156,53.21666717529297,15755700
2023-10-05,51.815162658691406,53.026668548583984,53.6533317565918,53.0,53.483333587646484,14269500
2023-10-06,50.94548416137695,52.13666534423828,52.996665954589844,50.54999923706055,52.883331298828125,42616200
2023-10-09,50.75982666015625,51.9466667175293,51.95000076293945,51.086666107177734,51.69333267211914,21022500
2023-10-10,51.33309555053711,52.53333282470703,52.69333267211914,51.88666534423828,52.07666778564453,16014300
2023-10-11,51.53829574584961,52.74333190917969,53.163333892822266,52.3466682434082,52.753334045410156,12026100
2023-10-12,51.7728157043457,52.983333587646484,53.10333251953125,52.59000015258789,52.84333419799805,13514100
2023-10-13,52.0594482421875,53.276668548583984,53.48666763305664,52.96666717529297,53.086666107177734,13809000
2023-10-16,52.508941650390625,53.73666763305664,54.026668548583984,53.439998626708984,53.51333236694336,14348100
2023-10-17,52.577335357666016,53.80666732788086,53.9033317565918,53.46333312988281,53.58000183105469,10893000
2023-10-18,52.61642837524414,53.8466682434082,54.119998931884766,53.573333740234375,53.959999084472656,10559100
2023-10-19,52.36561965942383,53.59000015258789,53.939998626708984,53.40666580200195,53.810001373291016,11745900
2023-10-20,51.7109260559082,52.91999816894531,53.70000076293945,52.9033317565918,53.61000061035156,15056700
2023-10-23,52.44379425048828,53.66999816894531,53.78333282470703,52.67333221435547,52.90999984741211,17097000
2023-10-24,53.173397064208984,54.41666793823242,54.49333190917969,53.79666519165039,53.79999923706055,17535000
2023-10-25,53.013797760009766,54.253334045410156,54.776668548583984,54.15666580200195,54.38666534423828,16621800
2023-10-26,52.691341400146484,53.92333221435547,54.616668701171875,53.869998931884766,54.23666763305664,16220100
2023-10-27,52.495906829833984,53.723331451416016,53.9900016784668,53.516666412353516,53.82666778564453,13829700
2023-10-30,53.098487854003906,54.34000015258789,54.41999816894531,53.5966682434082,53.81999969482422,12653700
2023-10-31,53.22552490234375,54.470001220703125,54.540000915527344,53.983333587646484,54.33333206176758,14168400
2023-11-01,53.70106506347656,54.956668853759766,55.12666702270508,54.32666778564453,54.73666763305664,14899500
2023-11-02,53.91278076171875,55.17333221435547,55.39666748046875,54.543331146240234,54.793331146240234,15492300
2023-11-03,53.63266372680664,54.88666534423828,55.43333435058594,54.83333206176758,55.293331146240234,17240100
2023-11-06,53.704315185546875,54.959999084472656,55.209999084472656,54.689998626708984,54.83333206176758,14529000
2023-11-07,53.95512390136719,55.21666717529297,55.53666687011719,55.11000061035156,55.25666809082031,15023400
2023-11-08,53.51539993286133,54.766666412353516,55.426666259765625,54.526668548583984,55.279998779296875,15591900
2023-11-09,53.39163589477539,54.63999938964844,54.84000015258789,54.41666793823242,54.790000915527344,15080100
2023-11-10,54.13100814819336,55.39666748046875,55.47999954223633,54.633331298828125,54.849998474121094,14319900
2023-11-13,54.6163330078125,55.893333435058594,55.956668853759766,55.349998474121094,55.459999084472656,15408900
2023-11-14,54.60655212402344,55.883331298828125,56.383331298828125,55.75,56.05666732788086,19792500
2023-11-15,55.30033493041992,56.59333419799805,56.64666748046875,55.836666107177734,56.12666702270508,35769900
2023-11-16,50.824974060058594,52.01333236694336,53.150001525878906,51.83333206176758,52.91666793823242,97658700
2023-11-17,50.60023498535156,51.78333282470703,52.51333236694336,51.66999816894531,51.983333587646484,42487800
2023-11-20,50.58395004272461,51.766666412353516,52.003334045410156,51.66999816894531,51.8466682434082,26663100
2023-11-21,50.76634216308594,51.95333480834961,52.28333282470703,51.37666702270508,51.81999969482422,29382300
2023-11-22,50.378746032714844,51.55666732788086,52.016666412353516,51.459999084472656,51.90666580200195,26416500
2023-11-24,50.83149337768555,52.02000045776367,52.043331146240234,51.56666564941406,51.71666717529297,13975200
2023-11-27,51.062747955322266,52.25666809082031,52.45333480834961,51.983333587646484,51.983333587646484,23393700
2023-11-28,51.67184066772461,52.880001068115234,52.973331451416016,52.220001220703125,52.220001220703125,23535000
2023-11-29,50.8380012512207,52.026668548583984,52.92333221435547,51.869998931884766,52.92333221435547,29896500
2023-11-30,50.71097946166992,51.89666748046875,52.116668701171875,51.503334045410156,52.00666809082031,29925900
2023-12-01,50.27125930786133,51.4466667175293,51.869998931884766,50.87666702270508,51.793331146240234,39273600
2023-12-04,50.25822448730469,51.43333435058594,51.643333435058594,51.10333251953125,51.106666564941406,24883200
2023-12-05,50.7239990234375,51.90999984741211,51.95000076293945,51.246665954589844,51.483333587646484,21883800
2023-12-06,50.17353820800781,51.3466682434082,51.94333267211914,51.21666717529297,51.849998474121094,26447400
2023-12-07,49.84334182739258,50.81999969482422,51.51333236694336,50.74333190917969,51.45000076293945,25362600
2023-12-08,49.320255279541016,50.28666687011719,50.73666763305664,50.08000183105469,50.66666793823242,34069500
2023-12-11,49.444496154785156,50.413333892822266,50.483333587646484,49.8466682434082,50.380001068115234,31883400
2023-12-12,49.48372268676758,50.45333480834961,50.56666564941406,50.07666778564453,50.40666580200195,21381900
2023-12-13,50.363155364990234,51.349998474121094,51.349998474121094,50.21333312988281,50.516666412353516,35348700
2023-12-14,49.748531341552734,50.723331451416016,51.313331604003906,50.643333435058594,51.17333221435547,30891300
2023-12-15,49.93488311767578,50.913333892822266,51.1533317565918,50.51333236694336,50.59333419799805,70003500
2023-12-18,50.66392517089844,51.65666580200195,51.689998626708984,51.043331146240234,51.116668701171875,26316000
2023-12-19,50.847007751464844,51.84333419799805,51.89666748046875,51.36333465576172,51.61333465576172,24417000
2023-12-20,50.25200271606445,51.23666763305664,52.04666519165039,51.206668853759766,51.80666732788086,21967800
2023-12-21,50.60835647583008,51.599998474121094,51.686668395996094,51.3033332824707,51.33333206176758,20087700
2023-12-22,51.213172912597656,52.21666717529297,52.383331298828125,51.720001220703125,51.81666564941406,19405500
2023-12-26,51.13469696044922,52.13666534423828,52.33000183105469,52.03666687011719,52.21666717529297,11679900
2023-12-27,51.61528778076172,52.62666702270508,52.650001525878906,52.0533332824707,52.10333251953125,19896000
2023-12-28,51.513946533203125,52.52333450317383,52.776668548583984,52.5,52.59000015258789,16776000
2023-12-29,51.54009246826172,52.54999923706055,52.69333267211914,52.38666534423828,52.5099983215332,21948300
2024-01-02,52.076255798339844,53.0966682434082,53.18000030517578,52.39666748046875,52.41666793823242,23539800
2024-01-03,52.079524993896484,53.099998474121094,53.43333435058594,52.97666549682617,53.25666809082031,18756000
2024-01-04,51.5760612487793,52.586666107177734,53.18000030517578,52.496665954589844,53.06999969482422,19282500
2024-01-05,51.2327880859375,52.23666763305664,52.70000076293945,51.866668701171875,52.63999938964844,21709500
2024-01-08,51.73625183105469,52.75,52.76333236694336,52.22666549682617,52.233333587646484,20680800
2024-01-09,52.082794189453125,53.10333251953125,53.11333465576172,52.57666778564453,52.643333435058594,23322300
2024-01-10,52.730106353759766,53.76333236694336,53.83333206176758,53.186668395996094,53.186668395996094,20121900
2024-01-11,52.67127227783203,53.70333480834961,53.96333312988281,53.38999938964844,53.78333282470703,14355300
2024-01-12,52.73992156982422,53.77333450317383,53.8466682434082,53.459999084472656,53.790000915527344,13629000
2024-01-16,52.906654357910156,53.94333267211914,54.133331298828125,53.74333190917969,53.813331604003906,17032500
2024-01-17,52.65818405151367,53.689998626708984,53.996665954589844,53.543331146240234,53.793331146240234,14827800
2024-01-18,53.36762237548828,54.413333892822266,54.46333312988281,53.560001373291016,53.720001220703125,18190500
2024-01-19,53.086463928222656,54.12666702270508,54.52333450317383,53.813331604003906,54.47666549682617,19175400
2024-01-22,53.0897331237793,54.130001068115234,54.31666564941406,53.83333206176758,54.26333236694336,13938300
2024-01-23,53.22377014160156,54.266666412353516,54.28333282470703,53.92333221435547,54.040000915527344,12066600
2024-01-24,52.471839904785156,53.5,54.356666564941406,53.439998626708984,54.29999923706055,22932900
2024-01-25,53.236846923828125,54.279998779296875,54.290000915527344,53.473331451416016,53.79999923706055,16369500
2024-01-26,53.7043571472168,54.75666809082031,54.793331146240234,54.220001220703125,54.349998474121094,15746400
2024-01-29,53.956085205078125,55.01333236694336,55.13666534423828,54.50666809082031,54.78333282470703,18240300
2024-01-30,54.13589859008789,55.1966667175293,55.27000045776367,54.540000915527344,54.900001525878906,15270000
2024-01-31,54.024742126464844,55.08333206176758,55.93333435058594,55.03666687011719,55.93333435058594,26134800
2024-02-01,55.025146484375,56.10333251953125,56.116668701171875,55.060001373291016,55.233333587646484,20792700
2024-02-02,55.43707275390625,56.52333450317383,56.86000061035156,55.973331451416016,56.04999923706055,21670800
2024-02-05,55.139564514160156,56.220001220703125,56.66999816894531,56.02333450317383,56.66999816894531,19145100
2024-02-06,55.51552963256836,56.60333251953125,56.650001525878906,56.11333465576172,56.26333236694336,14181300
2024-02-07,55.37495040893555,56.459999084472656,56.88666534423828,56.400001525878906,56.75666809082031,17082600
2024-02-08,55.37168502807617,56.456668853759766,56.849998474121094,56.380001068115234,56.459999084472656,14427900
2024-02-09,55.342262268066406,56.426666259765625,56.57666778564453,56.30666732788086,56.46333312988281,14329800
2024-02-12,55.675724029541016,56.766666412353516,56.78666687011719,56.349998474121094,56.40999984741211,14795100
2024-02-13,55.29648971557617,56.380001068115234,57.02333450317383,56.09000015258789,56.87333297729492,18574200
2024-02-14,55.11994934082031,56.20000076293945,56.293331146240234,55.8466682434082,56.25,18484500
2024-02-15,55.34553146362305,56.43000030517578,56.616668701171875,55.9900016784668,56.599998474121094,16948800
2024-02-16,55.695343017578125,56.78666687011719,57.310001373291016,56.43000030517578,56.76333236694336,22373400
2024-02-20,57.49344253540039,58.619998931884766,60.45000076293945,58.40999984741211,59.49333190917969,71788500
2024-02-21,56.78728103637695,57.900001525878906,58.526668548583984,57.599998474121094,58.33333206176758,40501500
2024-02-22,57.34633255004883,58.470001220703125,58.4900016784668,57.77000045776367,57.959999084472656,29512800
2024-02-23,57.395362854003906,58.52000045776367,59.21666717529297,58.436668395996094,58.6966667175293,74365800
2024-02-26,58.45460891723633,59.599998474121094,59.84000015258789,58.18000030517578,59.119998931884766,32154800
2024-02-27,58.44480514526367,59.59000015258789,59.79999923706055,59.220001220703125,59.63999938964844,18012700
2024-02-28,58.47422409057617,59.619998931884766,59.7599983215332,59.310001373291016,59.54999923706055,14803300
2024-02-29,57.483638763427734,58.61000061035156,59.4900016784668,58.59000015258789,59.45000076293945,29245100
2024-03-01,57.6307487487793,58.7599983215332,58.849998474121094,58.20000076293945,58.79999923706055,19030900
2024-03-04,58.160377502441406,59.29999923706055,59.38999938964844,58.400001525878906,58.5,16033300
2024-03-05,58.88615798950195,60.040000915527344,60.34000015258789,59.58000183105469,59.869998931884766,19676900
2024-03-06,59.405967712402344,60.56999969482422,60.619998931884766,60.040000915527344,60.119998931884766,12698700
2024-03-07,59.20000076293945,60.36000061035156,61.06999969482422,60.349998474121094,61.0,16195300
2024-03-08,58.96461486816406,60.119998931884766,60.279998779296875,59.72999954223633,60.0,12143600
2024-03-11,59.49423599243164,60.65999984741211,60.709999084472656,59.869998931884766,60.099998474121094,14154000
2024-03-12,60.22982406616211,61.40999984741211,61.56999969482422,60.650001525878906,60.95000076293945,16613100
2024-03-13,60.10232162475586,61.279998779296875,61.459999084472656,60.880001068115234,61.2599983215332,15935200
2024-03-14,60.05115509033203,61.02000045776367,61.439998626708984,60.599998474121094,61.279998779296875,16584700
2024-03-15,59.71654510498047,60.68000030517578,61.150001525878906,60.459999084472656,60.68000030517578,50946300
2024-03-18,59.89368438720703,60.86000061035156,60.900001525878906,60.38999938964844,60.689998626708984,16801700
2024-03-19,59.90353012084961,60.869998931884766,61.06999969482422,60.599998474121094,60.970001220703125,12353600
2024-03-20,60.27750015258789,61.25,61.279998779296875,60.7400016784668,60.84000015258789,12007600
2024-03-21,60.47432327270508,61.45000076293945,61.65999984741211,61.04999923706055,61.279998779296875,14265900
2024-03-22,59.90353012084961,60.869998931884766,61.529998779296875,60.849998474121094,61.31999969482422,14029400
2024-03-25,59.60829162597656,60.56999969482422,60.9900016784668,60.36000061035156,60.869998931884766,14186600
2024-03-26,59.54924392700195,60.5099983215332,60.83000183105469,60.22999954223633,60.459999084472656,13738300
2024-03-27,59.75591278076172,60.720001220703125,61.04999923706055,60.380001068115234,60.869998931884766,14363400
2024-03-28,59.21464157104492,60.16999816894531,60.77000045776367,60.15999984741211,60.65999984741211,17535100
2024-04-01,59.04734420776367,60.0,60.7599983215332,59.93000030517578,60.310001373291016,13837600
2024-04-02,58.220680236816406,59.15999984741211,60.099998474121094,58.880001068115234,59.900001525878906,19510100
2024-04-03,58.486392974853516,59.43000030517578,59.5,58.939998626708984,59.380001068115234,14615100
2024-04-04,58.55527877807617,59.5,59.810001373291016,59.290000915527344,59.540000915527344,14436100
2024-04-05,58.89971923828125,59.849998474121094,60.040000915527344,59.4900016784668,59.54999923706055,10335900
2024-04-08,58.830833435058594,59.779998779296875,60.040000915527344,59.41999816894531,59.599998474121094,11070100
2024-04-09,58.84068298339844,59.790000915527344,59.970001220703125,59.29999923706055,59.869998931884766,10013500
2024-04-10,59.657493591308594,60.619998931884766,60.7599983215332,59.38999938964844,59.619998931884766,15097600
2024-04-11,59.13591766357422,60.09000015258789,60.88999938964844,60.06999969482422,60.75,10987600
2024-04-12,59.18511962890625,60.13999938964844,60.720001220703125,59.95000076293945,60.0,12280600
2024-04-15,58.978450775146484,59.93000030517578,60.70000076293945,59.90999984741211,60.5099983215332,10557200
2024-04-16,58.88988494873047,59.84000015258789,60.290000915527344,59.779998779296875,60.029998779296875,14726300
2024-04-17,58.70289993286133,59.650001525878906,60.43000030517578,59.56999969482422,60.150001525878906,15329700
2024-04-18,58.31908416748047,59.2599983215332,59.939998626708984,59.220001220703125,59.83000183105469,12061500
2024-04-19,58.584808349609375,59.529998779296875,59.66999816894531,58.970001220703125,59.45000076293945,14165800
2024-04-22,59.18511962890625,60.13999938964844,60.400001525878906,59.040000915527344,59.560001373291016,14910000
2024-04-23,58.15179443359375,59.09000015258789,60.349998474121094,58.560001373291016,60.25,17963900
2024-04-24,58.919410705566406,59.869998931884766,60.040000915527344,58.810001373291016,58.97999954223633,18529100
2024-04-25,59.254005432128906,60.209999084472656,60.529998779296875,59.83000183105469,60.04999923706055,19263000
2024-04-26,59.20479965209961,60.15999984741211,60.38999938964844,60.0,60.11000061035156,11045200
2024-04-29,59.28353500366211,60.2400016784668,60.38999938964844,59.939998626708984,60.18000030517578,9785100
2024-04-30,58.40766525268555,59.349998474121094,60.29999923706055,59.15999984741211,60.20000076293945,14209200
2024-05-01,57.91559982299805,58.849998474121094,59.40999984741211,58.720001220703125,59.310001373291016,15464300
2024-05-02,58.76194381713867,59.709999084472656,59.88999938964844,58.58000183105469,58.939998626708984,17574100
2024-05-03,58.870201110839844,59.81999969482422,59.97999954223633,59.13999938964844,59.619998931884766,14207400
2024-05-06,58.919410705566406,59.869998931884766,60.0,59.38999938964844,60.0,11119400
2024-05-07,59.657493591308594,60.619998931884766,60.79999923706055,60.04999923706055,60.16999816894531,14520200
2024-05-08,59.34257888793945,60.29999923706055,60.849998474121094,60.220001220703125,60.630001068115234,11015700
2024-05-09,59.686241149902344,60.439998626708984,60.58000183105469,59.95000076293945,60.20000076293945,14550500
2024-05-10,59.72574234008789,60.47999954223633,60.58000183105469,60.15999984741211,60.40999984741211,12356600
2024-05-13,59.6566162109375,60.40999984741211,61.349998474121094,60.290000915527344,60.619998931884766,19260500
2024-05-14,59.11347961425781,59.86000061035156,60.54999923706055,59.439998626708984,60.52000045776367,18780100
2024-05-15,59.0838508605957,59.83000183105469,59.939998626708984,59.470001220703125,59.83000183105469,22240600
2024-05-16,63.21171951293945,64.01000213623047,64.41999816894531,62.939998626708984,64.22000122070312,60545600
2024-05-17,63.84373474121094,64.6500015258789,64.87999725341797,63.630001068115234,64.23999786376953,29330400
2024-05-20,63.37959671020508,64.18000030517578,64.76000213623047,63.869998931884766,64.41999816894531,15001400
2024-05-21,64.3375015258789,65.1500015258789,65.19000244140625,64.44999694824219,64.52999877929688,17131700
2024-05-22,64.43624877929688,65.25,65.69000244140625,64.7300033569336,64.9800033569336,14879400
2024-05-23,64.03135681152344,64.83999633789062,65.5199966430664,64.55999755859375,65.16999816894531,16222900
2024-05-24,64.56463623046875,65.37999725341797,65.69000244140625,65.01000213623047,65.12999725341797,11795000
2024-05-28,64.22887420654297,65.04000091552734,65.47000122070312,64.73999786376953,65.22000122070312,13349600
2024-05-29,64.11036682128906,64.91999816894531,65.20999908447266,64.6500015258789,64.75,11538600
2024-05-30,64.08074188232422,64.88999938964844,65.16999816894531,64.7699966430664,64.93000030517578,13051900
2024-05-31,64.93989562988281,65.76000213623047,65.9000015258789,64.16000366210938,64.66999816894531,27632200
2024-06-03,64.99913787841797,65.81999969482422,65.83999633789062,65.16000366210938,65.51000213623047,11578700
2024-06-04,65.76941680908203,66.5999984741211,66.63999938964844,65.83000183105469,65.98999786376953,14780800
2024-06-05,66.25330352783203,67.08999633789062,67.1500015258789,66.27999877929688,66.56999969482422,14982700
2024-06-06,66.31256866455078,67.1500015258789,67.44000244140625,66.7699966430664,67.05999755859375,13256000
2024-06-07,65.05839538574219,65.87999725341797,67.56999969482422,65.63999938964844,67.4000015258789,20213200
2024-06-10,66.12493133544922,66.95999908447266,67.33000183105469,66.2699966430664,67.19000244140625,21659500
2024-06-11,65.8978042602539,66.7300033569336,66.95999908447266,66.3499984741211,66.94999694824219,13367500
2024-06-12,65.4830322265625,66.30999755859375,66.94000244140625,65.9000015258789,66.8499984741211,11704700
2024-06-13,65.8681640625,66.69999694824219,66.76000213623047,65.94999694824219,66.30000305175781,11196600
2024-06-14,66.1841812133789,67.0199966430664,67.11000061035156,66.30000305175781,66.54000091552734,12590100
2024-06-17,66.57918548583984,67.41999816894531,67.44000244140625,66.41000366210938,66.91999816894531,12103000
2024-06-18,66.75695037841797,67.5999984741211,67.87000274658203,67.30000305175781,67.62999725341797,12093500
2024-06-20,67.16183471679688,68.01000213623047,68.12999725341797,67.30000305175781,67.3499984741211,13860800
2024-06-21,67.06307983398438,67.91000366210938,68.55000305175781,67.83000183105469,68.26000213623047,25883000
2024-06-24,68.04073333740234,68.9000015258789,69.04000091552734,67.9000015258789,68.05000305175781,12470400
2024-06-25,66.57918548583984,67.41999816894531,67.58999633789062,66.55000305175781,67.16999816894531,20869200
2024-06-26,67.43833923339844,68.29000091552734,68.5999984741211,67.20999908447266,67.4000015258789,14177500
2024-06-27,67.033447265625,67.87999725341797,68.58000183105469,67.66999816894531,68.29000091552734,12899200
2024-06-28,66.86557006835938,67.70999908447266,68.0999984741211,67.31999969482422,67.87000274658203,18816700
2024-07-01,66.6384506225586,67.4800033569336,68.23999786376953,67.25,67.88999938964844,8666000
2024-07-02,67.22108459472656,68.06999969482422,68.08000183105469,67.26000213623047,67.44000244140625,9436500
2024-07-03,67.38896942138672,68.23999786376953,68.25,67.62000274658203,67.80999755859375,6287500
2024-07-05,69.16651153564453,70.04000091552734,70.1500015258789,68.0999984741211,68.16000366210938,21586100
2024-07-08,68.81100463867188,69.68000030517578,70.13999938964844,69.3499984741211,69.9000015258789,12077700
2024-07-09,69.02825927734375,69.9000015258789,70.25,69.66999816894531,69.9000015258789,9758400
2024-07-10,69.53190612792969,70.41000366210938,70.44000244140625,69.72000122070312,70.0999984741211,10803400
2024-07-11,68.92951965332031,69.80000305175781,70.44999694824219,69.26000213623047,70.18000030517578,15624800
2024-07-12,68.37649536132812,69.23999786376953,70.02999877929688,69.16999816894531,69.9000015258789,12145300
2024-07-15,68.74188995361328,69.61000061035156,69.97000122070312,69.30000305175781,69.30000305175781,10171100
2024-07-16,69.11714172363281,69.98999786376953,70.23999786376953,69.58000183105469,69.81999969482422,9836800
2024-07-17,70.1441650390625,71.02999877929688,71.0999984741211,69.94999694824219,70.18000030517578,13533800
2024-07-18,69.9367904663086,70.81999969482422,71.19000244140625,70.43000030517578,70.68000030517578,10682700
2024-07-19,69.86766052246094,70.75,71.33000183105469,70.6500015258789,71.19999694824219,11665500
2024-07-22,69.50226593017578,70.37999725341797,71.26000213623047,70.2300033569336,70.86000061035156,12666100
2024-07-23,69.76890563964844,70.6500015258789,70.69999694824219,70.11000061035156,70.47000122070312,9263600
2024-07-24,69.71952819824219,70.5999984741211,70.83999633789062,70.33999633789062,70.5199966430664,22490800
2024-07-25,69.14675903320312,70.0199966430664,70.7699966430664,69.94999694824219,70.5999984741211,18821200
2024-07-26,68.9097671508789,69.77999877929688,70.23999786376953,68.83000183105469,70.2300033569336,16789300
2024-07-29,68.75177001953125,69.62000274658203,69.9000015258789,69.12999725341797,69.8499984741211,10315300
2024-07-30,68.32711791992188,69.19000244140625,69.8499984741211,68.9800033569336,69.55000305175781,12522500
2024-07-31,67.78398132324219,68.63999938964844,69.25,68.29000091552734,69.18000030517578,22908800
2024-08-01,68.91963958740234,69.79000091552734,69.80000305175781,68.5199966430664,68.91000366210938,17275500
2024-08-02,67.60621643066406,68.45999908447266,70.23999786376953,67.73999786376953,69.5999984741211,23578700
2024-08-05,66.7470703125,67.58999633789062,68.58000183105469,66.91000366210938,68.0999984741211,20770500
2024-08-06,66.89520263671875,67.73999786376953,68.62999725341797,67.68000030517578,67.83999633789062,14815100
2024-08-07,66.07555389404297,66.91000366210938,68.01000213623047,66.80999755859375,67.87000274658203,18499200
2024-08-08,66.81620025634766,67.66000366210938,67.91999816894531,66.66999816894531,66.83999633789062,12489800
2024-08-09,67.10257720947266,67.94999694824219,68.22000122070312,67.33000183105469,67.8499984741211,13805600
2024-08-12,67.84323120117188,68.69999694824219,69.22000122070312,68.06999969482422,68.33999633789062,17385300
2024-08-13,67.28034210205078,68.12999725341797,68.61000061035156,67.13999938964844,68.43000030517578,26557900
2024-08-14,67.8037338256836,68.66000366210938,68.79000091552734,67.8499984741211,67.91999816894531,22928600
2024-08-15,72.2673568725586,73.18000030517578,74.44000244140625,72.77999877929688,74.12000274658203,49567500
2024-08-16,72.7407455444336,73.44999694824219,73.61000061035156,72.5199966430664,72.69999694824219,19872100
2024-08-19,73.00813293457031,73.72000122070312,73.9800033569336,73.33999633789062,73.38999938964844,13709300
2024-08-20,73.82022094726562,74.54000091552734,74.75,73.72000122070312,73.75,14434000
2024-08-21,74.51345825195312,75.23999786376953,75.58000183105469,74.58999633789062,75.30000305175781,14832000
2024-08-22,74.85018157958984,75.58000183105469,76.22000122070312,75.1500015258789,75.37000274658203,16511100
2024-08-23,74.9690170288086,75.69999694824219,75.80999755859375,75.01000213623047,75.5999984741211,12299100
2024-08-26,75.29582977294922,76.02999877929688,76.20999908447266,75.56999969482422,75.9000015258789,9508200
2024-08-27,75.39485168457031,76.12999725341797,76.44999694824219,75.7699966430664,76.44999694824219,11557800
2024-08-28,75.34535217285156,76.08000183105469,76.43000030517578,75.80999755859375,76.27999877929688,9814300
2024-08-29,75.68206787109375,76.41999816894531,76.47000122070312,75.66999816894531,75.98999786376953,11856800
2024-08-30,76.48423767089844,77.2300033569336,77.47000122070312,76.22000122070312,76.44000244140625,23230000
2024-09-03,76.42481994628906,77.16999816894531,77.80999755859375,76.80000305175781,77.33000183105469,22666100
2024-09-04,76.494140625,77.23999786376953,77.4800033569336,76.7300033569336,77.33000183105469,18442800
2024-09-05,76.21685791015625,76.95999908447266,77.44999694824219,76.38999938964844,77.25,13082900
2024-09-06,75.89993286132812,76.63999938964844,77.31999969482422,76.30000305175781,76.9000015258789,14548600
2024-09-09,76.59317779541016,77.33999633789062,77.47000122070312,76.48999786376953,76.8499984741211,22260200
2024-09-10,78.04898071289062,78.80999755859375,78.9000015258789,77.27999877929688,77.3499984741211,17686300
2024-09-11,78.07869720458984,78.83999633789062,78.91999816894531,77.56999969482422,78.37999725341797,19518800
2024-09-12,78.89077758789062,79.66000366210938,79.91000366210938,78.62000274658203,78.98999786376953,14877700
2024-09-13,79.82169342041016,80.5999984741211,80.69000244140625,79.69000244140625,79.81999969482422,12994100
2024-09-16,79.7820816040039,80.55999755859375,81.0199966430664,80.13999938964844,80.83999633789062,15346400
2024-09-17,77.84101104736328,78.5999984741211,80.26000213623047,78.26000213623047,79.76000213623047,21065900
2024-09-18,78.2668685913086,79.02999877929688,79.41000366210938,78.27999877929688,78.63999938964844,15684900
2024-09-19,77.28642272949219,78.04000091552734,79.08999633789062,77.48999786376953,79.05000305175781,21525700
2024-09-20,78.29656219482422,79.05999755859375,79.61000061035156,78.11000061035156,78.2300033569336,39534300
2024-09-23,79.55430603027344,80.33000183105469,80.44000244140625,79.06999969482422,79.06999969482422,12147300
2024-09-24,79.89102172851562,80.66999816894531,80.91000366210938,80.23999786376953,80.4800033569336,14651100
2024-09-25,80.61397552490234,81.4000015258789,81.5999984741211,80.68000030517578,80.88999938964844,14163800
2024-09-26,79.14826202392578,79.91999816894531,81.19999694824219,79.26000213623047,81.04000091552734,17061100
2024-09-27,79.00961303710938,79.77999877929688,80.29000091552734,79.5999984741211,79.9000015258789,11899100
2024-09-30,79.97025299072266,80.75,80.94000244140625,79.86000061035156,79.88999938964844,18997000
2024-10-01,80.48522186279297,81.2699966430664,81.52999877929688,80.44000244140625,80.68000030517578,16054200
2024-10-02,79.6533432006836,80.43000030517578,80.98999786376953,80.12000274658203,80.98999786376953,16618300
2024-10-03,79.6533432006836,80.43000030517578,80.58000183105469,79.8499984741211,80.30000305175781,11640400
2024-10-04,80.15841674804688,80.94000244140625,81.11000061035156,79.8499984741211,80.05000305175781,11583400
2024-10-07,78.33618927001953,79.0999984741211,80.94000244140625,78.9800033569336,80.69000244140625,16791600
2024-10-08,78.94029235839844,79.70999908447266,79.81999969482422,79.06999969482422,79.62000274658203,15270000
2024-10-09,79.6236343383789,80.4000015258789,80.5,79.75,79.81999969482422,12413000
2024-10-10,78.84126281738281,79.61000061035156,80.31999969482422,79.45999908447266,80.30999755859375,10812700
2024-10-11,79.32652282714844,80.0999984741211,80.12999725341797,79.37000274658203,79.69999694824219,9570700
2024-10-14,79.51470184326172,80.29000091552734,80.51000213623047,79.76000213623047,80.05000305175781,9914500
2024-10-15,80.86155700683594,81.6500015258789,81.81999969482422,80.51000213623047,80.66999816894531,13276200
2024-10-16,80.43571472167969,81.22000122070312,81.66000366210938,80.62000274658203,81.52999877929688,11123300
2024-10-17,80.10890197753906,80.88999938964844,81.5,80.6500015258789,81.2699966430664,9424700
2024-10-18,80.52484130859375,81.30999755859375,81.69000244140625,80.66000366210938,80.87000274658203,12324100
2024-10-21,80.02967071533203,80.80999755859375,81.55000305175781,80.72000122070312,81.2300033569336,9750400
2024-10-22,81.22798919677734,82.0199966430664,82.2300033569336,80.83000183105469,81.11000061035156,12240100
2024-10-23,82.46591186523438,83.2699966430664,83.33999633789062,81.80000305175781,81.88999938964844,13058200
2024-10-24,82.2381362915039,83.04000091552734,83.31999969482422,82.58000183105469,82.95999908447266,11645900
2024-10-25,81.7132568359375,82.51000213623047,83.30000305175781,82.44000244140625,83.19999694824219,8959400
2024-10-28,81.95093536376953,82.75,83.08000183105469,82.47000122070312,82.75,7990200
2024-10-29,80.91107177734375,81.69999694824219,82.86000061035156,81.66999816894531,82.66999816894531,9682400
2024-10-30,80.60406494140625,81.38999938964844,81.83000183105469,81.30000305175781,81.5999984741211,9268800
2024-10-31,81.1586685180664,81.94999694824219,82.44000244140625,81.22000122070312,81.29000091552734,15539000
2024-11-01,81.39634704589844,82.19000244140625,82.52999877929688,81.54000091552734,82.52999877929688,12181800
2024-11-04,81.65383911132812,82.44999694824219,82.91000366210938,82.0,82.19999694824219,11731000
2024-11-05,82.87195587158203,83.68000030517578,83.7699966430664,82.51000213623047,82.68000030517578,10612500
2024-11-06,82.63428497314453,83.44000244140625,85.54000091552734,82.05999755859375,85.13999938964844,19974000
2024-11-07,83.04031372070312,83.8499984741211,84.38999938964844,83.41999816894531,83.72000122070312,12665800
2024-11-08,84.01084899902344,84.83000183105469,85.41999816894531,84.2300033569336,84.27999877929688,14396500
2024-11-11,83.39683532714844,84.20999908447266,85.41000366210938,84.12000274658203,84.94999694824219,10433200
2024-11-12,84.16930389404297,84.98999786376953,85.52999877929688,84.5,84.5,12860200
2024-11-13,84.67437744140625,85.5,85.79000091552734,84.7699966430664,84.98999786376953,12802600
2024-11-14,83.65433502197266,84.47000122070312,85.76000213623047,84.33999633789062,85.02999877929688,15740700
2024-11-15,83.43645477294922,84.25,84.77999877929688,83.94000244140625,84.52999877929688,17370600
2024-11-18,83.26810455322266,84.08000183105469,84.8499984741211,83.66000366210938,84.81999969482422,25093800
2024-11-19,85.76375579833984,86.5999984741211,88.29000091552734,85.91000366210938,86.2300033569336,36340900
2024-11-20,86.33816528320312,87.18000030517578,87.19999694824219,85.91000366210938,86.5999984741211,18183200
2024-11-21,87.5364761352539,88.38999938964844,88.63999938964844,86.93000030517578,87.44999694824219,18729200
2024-11-22,89.56668090820312,90.44000244140625,90.91000366210938,88.93000030517578,89.41000366210938,23990600
2024-11-25,88.6357650756836,89.5,90.94999694824219,89.05999755859375,90.5,25078600
2024-11-26,90.42827606201172,91.30999755859375,91.87999725341797,89.83999633789062,89.88999938964844,16657000
2024-11-27,90.9927749633789,91.87999725341797,92.25,91.30999755859375,92.0,14358900
2024-11-29,91.60678100585938,92.5,92.63999938964844,91.81999969482422,92.26000213623047,11041200
2024-12-02,91.74543762207031,92.63999938964844,92.98999786376953,91.94999694824219,92.81999969482422,17173000
2024-12-03,92.60704040527344,93.51000213623047,93.58999633789062,92.26000213623047,92.77999877929688,17775200
2024-12-04,93.53795623779297,94.44999694824219,94.5199966430664,93.05000305175781,93.44999694824219,17312600
2024-12-05,94.37975311279297,95.30000305175781,95.5999984741211,94.33999633789062,94.88999938964844,21932300
2024-12-06,94.77588653564453,95.69999694824219,96.18000030517578,95.33000183105469,95.54000091552734,18803500
2024-12-09,92.9239501953125,93.83000183105469,95.94000244140625,93.5999984741211,95.66000366210938,20931100
2024-12-10,93.63699340820312,94.55000305175781,95.23999786376953,93.7699966430664,94.05000305175781,13164500
2024-12-11,94.04302978515625,94.95999908447266,95.69000244140625,94.5,94.54000091552734,19682100
2024-12-12,93.18143463134766,94.08999633789062,95.72000122070312,94.08999633789062,95.68000030517578,14298600
2024-12-13,93.54669189453125,94.25,94.68000030517578,93.04000091552734,93.80000305175781,11495900
2024-12-16,94.16207122802734,94.87000274658203,95.70999908447266,94.0999984741211,94.41999816894531,16742000
2024-12-17,94.70796203613281,95.41999816894531,95.48999786376953,94.31999969482422,95.13999938964844,23560800
2024-12-18,92.85192108154297,93.55000305175781,95.9000015258789,93.12999725341797,95.33999633789062,24665600
2024-12-19,92.70304107666016,93.4000015258789,94.56999969482422,93.36000061035156,94.4800033569336,16606500
2024-12-20,91.55168914794922,92.23999786376953,93.75,91.62999725341797,93.01000213623047,49350600
2024-12-23,89.67578887939453,90.3499984741211,91.5,88.91000366210938,91.5,26205400
2024-12-24,91.98841094970703,92.68000030517578,92.68000030517578,90.3499984741211,90.37000274658203,8992400
2024-12-26,92.09758758544922,92.79000091552734,92.87999725341797,92.16999816894531,92.54000091552734,10994000
2024-12-27,90.97602081298828,91.66000366210938,92.3499984741211,91.02999877929688,92.12999725341797,11384400
2024-12-30,89.89415740966797,90.56999969482422,91.06999969482422,90.12999725341797,90.7300033569336,9790200
2024-12-31,89.67578887939453,90.3499984741211,90.94000244140625,90.05999755859375,90.56999969482422,11267700
2025-01-02,89.32840728759766,90.0,90.5999984741211,89.5199966430664,89.9800033569336,14820400
2025-01-03,90.10259246826172,90.77999877929688,91.30000305175781,90.13999938964844,90.1500015258789,10834600
2025-01-06,90.74773406982422,91.43000030517578,92.47000122070312,90.66999816894531,90.83000183105469,14519900
2025-01-07,90.13236236572266,90.80999755859375,91.94000244140625,90.44999694824219,91.69999694824219,11238000
2025-01-08,91.11497497558594,91.80000305175781,91.8499984741211,90.81999969482422,91.11000061035156,13453600
2025-01-10,92.30601501464844,93.0,93.58000183105469,92.19999694824219,92.48999786376953,18140900
2025-01-13,90.84699249267578,91.52999877929688,92.43000030517578,91.0999984741211,92.12000274658203,18617100
2025-01-14,90.11251068115234,90.79000091552734,91.9800033569336,90.56999969482422,91.86000061035156,13549200
2025-01-15,90.65840911865234,91.33999633789062,91.7300033569336,90.80999755859375,91.06999969482422,17348200
2025-01-16,90.61871337890625,91.30000305175781,91.72000122070312,90.12000274658203,91.5,13267700
2025-01-17,91.25393676757812,91.94000244140625,92.26000213623047,91.05000305175781,92.06999969482422,15868200
2025-01-21,92.38542175292969,93.08000183105469,94.23999786376953,92.30999755859375,92.4800033569336,23247500
2025-01-22,92.53430938720703,93.2300033569336,94.0,92.5199966430664,93.7699966430664,15567100
2025-01-23,93.10997009277344,93.80999755859375,93.80999755859375,92.31999969482422,92.95999908447266,14198400
2025-01-24,94.05288696289062,94.76000213623047,95.01000213623047,93.45999908447266,93.54000091552734,14973800
2025-01-27,96.6731948852539,97.4000015258789,97.45999908447266,94.81999969482422,95.9000015258789,18880600
2025-01-28,96.56401062011719,97.29000091552734,97.83999633789062,96.7300033569336,97.2300033569336,14641600
2025-01-29,96.7724380493164,97.5,98.16999816894531,97.22000122070312,97.43000030517578,11261400
2025-01-30,97.91385650634766,98.6500015258789,98.93000030517578,97.41999816894531,97.69000244140625,11012200
2025-01-31,97.42752075195312,98.16000366210938,99.0,97.69999694824219,99.0,16391200
2025-02-03,98.7972183227539,99.54000091552734,99.79000091552734,96.47000122070312,96.7699966430664,20484200
2025-02-04,100.0180435180664,100.7699966430664,100.94999694824219,99.69000244140625,99.97000122070312,15201200
2025-02-05,101.69542694091797,102.45999908447266,102.58000183105469,100.54000091552734,100.6500015258789,15926700
2025-02-06,102.08251953125,102.8499984741211,103.0199966430664,101.94000244140625,102.52999877929688,13088500
2025-02-07,100.39521026611328,101.1500015258789,103.11000061035156,101.11000061035156,103.0,12451100
2025-02-10,102.1520004272461,102.91999816894531,102.93000030517578,101.25,101.94999694824219,15274600
2025-02-11,101.70535278320312,102.47000122070312,102.8499984741211,101.8499984741211,102.62000274658203,11953600
2025-02-12,102.83684539794922,103.61000061035156,103.9000015258789,102.04000091552734,102.12000274658203,15162100
2025-02-13,104.26610565185547,105.05000305175781,105.23999786376953,103.52999877929688,104.0,12604400
2025-02-14,103.26363372802734,104.04000091552734,105.30000305175781,103.5999984741211,105.30000305175781,14109500
2025-02-18,103.00556945800781,103.77999877929688,103.98999786376953,102.51000213623047,103.72000122070312,18247300
2025-02-19,103.22393798828125,104.0,104.19999694824219,102.55000305175781,103.8499984741211,18508000
2025-02-20,96.48460388183594,97.20999908447266,100.12000274658203,96.68000030517578,98.77999877929688,55450900
2025-02-21,94.07273864746094,94.77999877929688,96.8499984741211,94.12000274658203,96.52999877929688,35014800
2025-02-24,92.97101593017578,93.66999816894531,94.63999938964844,92.12000274658203,94.18000030517578,29755900
2025-02-25,96.96102142333984,97.69000244140625,97.91000366210938,94.23999786376953,94.3499984741211,29331200
2025-02-26,95.48213195800781,96.19999694824219,98.7300033569336,96.06999969482422,97.69999694824219,19069700
2025-02-27,96.06773376464844,96.79000091552734,98.04000091552734,95.80999755859375,95.9000015258789,16431500
2025-02-28,97.87415313720703,98.61000061035156,98.86000061035156,97.16999816894531,97.79000091552734,25451300
2025-03-03,96.86177062988281,97.58999633789062,99.48999786376953,96.83000183105469,97.9800033569336,18372200
2025-03-04,94.26132202148438,94.97000122070312,97.05000305175781,94.45999908447266,95.76000213623047,25227700
2025-03-05,95.2637939453125,95.9800033569336,96.38999938964844,94.75,94.97000122070312,17639000
2025-03-06,93.93378448486328,94.63999938964844,96.19000244140625,94.18000030517578,94.80000305175781,19957800
2025-03-07,91.03557586669922,91.72000122070312,93.94999694824219,90.76000213623047,93.94000244140625,35913200
2025-03-10,87.1646728515625,87.81999969482422,90.2300033569336,86.61000061035156,89.76000213623047,35148800
2025-03-11,86.78751373291016,87.44000244140625,89.3499984741211,87.13999938964844,87.29000091552734,28687600
2025-03-12,84.56422424316406,85.19999694824219,89.0999984741211,84.87999725341797,87.87999725341797,33301600
2025-03-13,83.86944580078125,84.5,85.44999694824219,83.87000274658203,84.94000244140625,31507800
2025-03-14,84.71309661865234,85.3499984741211,85.37000274658203,84.05999755859375,84.95999908447266,35500600
2025-03-17,86.80736541748047,87.45999908447266,87.98999786376953,84.9800033569336,85.12999725341797,26297800
2025-03-18,84.9513168334961,85.58999633789062,87.68000030517578,85.5,87.44000244140625,17850900
2025-03-19,85.685791015625,86.33000183105469,86.79000091552734,85.62000274658203,85.94999694824219,24555900
2025-03-20,85.16967010498047,85.80999755859375,87.08000183105469,85.5199966430664,85.80999755859375,18185500
2025-03-21,85.57276153564453,85.9800033569336,86.2300033569336,84.77999877929688,85.27999877929688,26797200
2025-03-24,87.07559967041016,87.48999786376953,87.6500015258789,86.3499984741211,86.47000122070312,17900700
2025-03-25,84.35852813720703,84.76000213623047,87.30999755859375,84.62000274658203,86.76000213623047,27908600
2025-03-26,84.806396484375,85.20999908447266,85.55999755859375,84.56999969482422,85.19000244140625,27228800
2025-03-27,85.22441101074219,85.62999725341797,86.11000061035156,84.77999877929688,84.77999877929688,16782800
2025-03-28,84.7466812133789,85.1500015258789,85.83000183105469,84.69999694824219,85.43000030517578,14790600
2025-03-31,87.37418365478516,87.79000091552734,88.19999694824219,84.37000274658203,84.76000213623047,30269300
2025-04-01,88.40925598144531,88.83000183105469,89.11000061035156,87.37000274658203,87.54000091552734,22080300
2025-04-02,89.33484649658203,89.76000213623047,90.1500015258789,88.12000274658203,88.19999694824219,19384100
2025-04-03,86.84669494628906,87.26000213623047,89.87999725341797,86.27999877929688,86.27999877929688,33012900
2025-04-04,82.79597473144531,83.19000244140625,87.38999938964844,82.6500015258789,85.63999938964844,36209000
2025-04-07,83.43293762207031,83.83000183105469,86.26000213623047,79.80999755859375,80.23999786376953,36884900
2025-04-08,81.40260314941406,81.79000091552734,86.97000122070312,81.02999877929688,85.8499984741211,34351700
2025-04-09,89.17560577392578,89.5999984741211,90.80000305175781,83.0199966430664,83.33000183105469,46632800
2025-04-10,90.18082427978516,90.61000061035156,91.87000274658203,88.16000366210938,88.7300033569336,34735300
2025-04-11,92.36045837402344,92.80000305175781,93.3499984741211,90.01000213623047,90.68000030517578,25508100
2025-04-14,94.28131103515625,94.7300033569336,95.44000244140625,92.9000015258789,93.2699966430664,27742900
2025-04-15,93.52490997314453,93.97000122070312,96.02999877929688,93.87000274658203,94.81999969482422,21871200
2025-04-16,90.7580795288086,91.19000244140625,94.30000305175781,90.61000061035156,94.0,22229100
2025-04-17,92.7784652709961,93.22000122070312,93.87000274658203,91.62000274658203,91.83000183105469,21393900
2025-04-21,91.97230529785156,92.41000366210938,94.08000183105469,91.33999633789062,93.0199966430664,18361200
2025-04-22,94.40074157714844,94.8499984741211,95.29000091552734,92.87999725341797,92.87999725341797,15407800
2025-04-23,94.51021575927734,94.95999908447266,96.5999984741211,94.16000366210938,95.0199966430664,18046900
2025-04-24,95.38604736328125,95.83999633789062,96.22000122070312,93.66000366210938,94.70999908447266,13444500
2025-04-25,94.63959503173828,95.08999633789062,96.47000122070312,94.36000061035156,95.80000305175781,15317200
2025-04-28,94.76898956298828,95.22000122070312,96.0,94.33999633789062,95.0999984741211,12950000
2025-04-29,95.5851058959961,96.04000091552734,96.18000030517578,94.41999816894531,94.83999633789062,12679000
2025-04-30,96.78937530517578,97.25,97.77999877929688,94.93000030517578,95.94000244140625,21639900
2025-05-01,96.94861602783203,97.41000366210938,97.9000015258789,96.58999633789062,97.0199966430664,13171800
2025-05-02,98.28227233886719,98.75,99.22000122070312,97.8499984741211,97.94999694824219,16031400
2025-05-05,98.8595199584961,99.33000183105469,99.73999786376953,98.52999877929688,98.94000244140625,12439100
2025-05-06,98.08322143554688,98.55000305175781,99.47000122070312,98.41000366210938,98.73999786376953,10626000
2025-05-07,98.36189270019531,98.83000183105469,99.2300033569336,98.30999755859375,98.55000305175781,11301300
2025-05-08,96.96852111816406,97.43000030517578,99.33000183105469,97.36000061035156,98.75,14461100
2025-05-09,96.49462890625,96.72000122070312,97.19999694824219,96.29000091552734,96.75,13697800
2025-05-12,96.52455139160156,96.75,97.97000122070312,95.62000274658203,97.66999816894531,26783900
2025-05-13,95.65657806396484,95.87999725341797,97.31999969482422,95.2300033569336,96.5,19746700
2025-05-14,96.6043701171875,96.83000183105469,97.33000183105469,95.83000183105469,96.02999877929688,25620100
2025-05-15,96.12548828125,96.3499984741211,96.72000122070312,91.88999938964844,94.30000305175781,44026100
2025-05-16,98.01107788085938,98.23999786376953,99.19000244140625,96.0,96.13999938964844,33746200
2025-05-19,97.89136505126953,98.12000274658203,98.27999877929688,95.80999755859375,96.6500015258789,20041600
2025-05-20,97.57211303710938,97.80000305175781,98.81999969482422,96.5199966430664,98.55999755859375,15609600
2025-05-21,96.2052993774414,96.43000030517578,97.76000213623047,95.9800033569336,97.12999725341797,15742300
2025-05-22,95.70646667480469,95.93000030517578,96.95999908447266,95.81999969482422,96.54000091552734,13712200
2025-05-23,96.11550903320312,96.33999633789062,96.54000091552734,95.0,95.33999633789062,13668600
2025-05-27,97.35262298583984,97.58000183105469,97.80000305175781,96.58000183105469,97.30000305175781,17180900
2025-05-28,97.01341247558594,97.23999786376953,98.23999786376953,97.05999755859375,97.5199966430664,11220100
2025-05-29,96.87374114990234,97.0999984741211,97.7699966430664,96.8499984741211,97.62999725341797,14338000
2025-05-30,98.4899673461914,98.72000122070312,98.93000030517578,96.5999984741211,96.95999908447266,29980100
2025-06-02,99.53751373291016,99.7699966430664,99.91000366210938,98.05000305175781,98.83999633789062,16999200
2025-06-03,99.74703216552734,99.9800033569336,100.88999938964844,98.56999969482422,99.56999969482422,15598600
2025-06-04,99.11849212646484,99.3499984741211,100.12999725341797,99.31999969482422,99.79000091552734,11115600
2025-06-05,97.73173522949219,97.95999908447266,99.58999633789062,97.61000061035156,99.30000305175781,15817100
2025-06-06,97.24288177490234,97.47000122070312,98.55999755859375,96.97000122070312,98.37000274658203,15599300
2025-06-09,97.2229232788086,97.44999694824219,97.8499984741211,96.7699966430664,97.4000015258789,13655700
2025-06-10,97.09322357177734,97.31999969482422,98.08999633789062,96.4800033569336,97.29000091552734,17162500
2025-06-11,95.57677459716797,95.80000305175781,97.29000091552734,95.3499984741211,97.29000091552734,16389600
2025-06-12,94.6090316772461,94.83000183105469,95.26000213623047,93.43000030517578,94.88999938964844,17845700
2025-06-13,94.21994018554688,94.44000244140625,95.31999969482422,94.01000213623047,94.5199966430664,18694700
2025-06-16,94.0702896118164,94.29000091552734,95.77999877929688,94.0999984741211,94.75,14881700
2025-06-17,94.03038024902344,94.25,94.81999969482422,93.62000274658203,93.94999694824219,14935600
2025-06-18,94.86841583251953,95.08999633789062,95.48999786376953,94.08999633789062,94.56999969482422,11333700
2025-06-20,95.89602661132812,96.12000274658203,96.30999755859375,95.19999694824219,95.23999786376953,20604900
2025-06-23,97.6419448852539,97.87000274658203,97.93000030517578,95.66999816894531,95.91999816894531,20432400
2025-06-24,97.77164459228516,98.0,99.11000061035156,97.25,97.7300033569336,22403700
2025-06-25,97.03337097167969,97.26000213623047,98.55999755859375,97.1500015258789,98.30999755859375,11154700
2025-06-26,95.79624938964844,96.0199966430664,97.33999633789062,95.91999816894531,96.9000015258789,19361400
2025-06-27,97.04334259033203,97.2699966430664,97.76000213623047,96.16000366210938,96.31999969482422,31431900
2025-06-30,97.55215454101562,97.77999877929688,98.13999938964844,96.30999755859375,97.2300033569336,17803000
2025-07-01,98.01107788085938,98.23999786376953,99.19000244140625,97.41999816894531,97.5999984741211,15635800
2025-07-02,97.38255310058594,97.61000061035156,98.37999725341797,97.05999755859375,98.12999725341797,12502000
2025-07-03,98.13080596923828,98.36000061035156,98.4800033569336,97.41999816894531,97.69999694824219,7686200
2025-07-07,99.11849212646484,99.3499984741211,99.3499984741211,97.62000274658203,98.2300033569336,12930900
2025-07-08,96.86376190185547,97.08999633789062,99.16999816894531,96.51000213623047,98.81999969482422,16875000
2025-07-09,96.58441162109375,96.80999755859375,97.29000091552734,96.37999725341797,97.1500015258789,13702600
2025-07-10,94.63896179199219,94.86000061035156,96.77999877929688,94.73999786376953,96.66000366210938,18894800
2025-07-11,94.1800308227539,94.4000015258789,95.52999877929688,94.2300033569336,95.01000213623047,14595000
2025-07-14,95.55681610107422,95.77999877929688,95.83999633789062,94.37999725341797,94.51000213623047,13779100
2025-07-15,95.167724609375,95.38999938964844,95.77999877929688,94.94000244140625,95.5999984741211,10450800
2025-07-16,94.92828369140625,95.1500015258789,95.83000183105469,94.61000061035156,95.41999816894531,11181600
2025-07-17,94.86841583251953,95.08999633789062,95.62999725341797,94.88999938964844,95.08000183105469,11165100
2025-07-18,94.82852172851562,95.05000305175781,95.4800033569336,94.43000030517578,95.08999633789062,14636300
2025-07-21,95.44706726074219,95.66999816894531,96.63999938964844,95.0999984741211,95.26000213623047,13450400
2025-07-22,95.62664794921875,95.8499984741211,96.66999816894531,95.73999786376953,95.83999633789062,9049100
2025-07-23,95.45704650878906,95.68000030517578,96.29000091552734,95.29000091552734,96.01000213623047,9729700
2025-07-24,96.3749008178711,96.5999984741211,96.95999908447266,95.3499984741211,95.56999969482422,14991500
2025-07-25,97.24288177490234,97.47000122070312,97.6500015258789,96.52999877929688,96.83999633789062,12868500
2025-07-28,97.38255310058594,97.61000061035156,98.12999725341797,97.08000183105469,97.27999877929688,12293100
2025-07-29,98.10087585449219,98.33000183105469,98.72000122070312,97.33999633789062,97.77999877929688,14034300
2025-07-30,97.36259460449219,97.58999633789062,98.87999725341797,97.29000091552734,98.61000061035156,13864100
2025-07-31,97.75169372558594,97.9800033569336,98.62999725341797,97.30999755859375,97.44000244140625,15651300
2025-08-01,98.260498046875,98.48999786376953,98.83000183105469,97.66999816894531,98.0,16750400
2025-08-04,99.3579330444336,99.58999633789062,99.91000366210938,98.19999694824219,98.19999694824219,19050200
2025-08-05,99.0785903930664,99.30999755859375,100.47000122070312,98.91000366210938,99.66999816894531,17977000
2025-08-06,103.11915588378906,103.36000061035156,103.69000244140625,99.45999908447266,99.45999908447266,23738400
2025-08-07,102.87971496582031,103.12000274658203,103.9000015258789,102.11000061035156,103.45999908447266,12509500
2025-08-08,103.48829650878906,103.7300033569336,104.72000122070312,103.1500015258789,103.37000274658203,12394700
2025-08-11,103.68782806396484,103.93000030517578,104.33000183105469,103.11000061035156,103.9000015258789,12856700
2025-08-12,103.37854766845703,103.62000274658203,104.30999755859375,103.37000274658203,104.25,17915300
2025-08-13,100.75466918945312,100.98999786376953,102.80999755859375,100.8499984741211,102.1500015258789,19398500
2025-08-14,100.61499786376953,100.8499984741211,101.44000244140625,100.72000122070312,101.22000122070312,10858400
2025-08-15,100.0,100.0,100.7699966430664,99.54000091552734,100.62999725341797,13604900
2025-08-18,100.69999694824219,100.69999694824219,100.87999725341797,99.91999816894531,100.0,11656100
2025-08-19,101.29000091552734,101.29000091552734,102.43000030517578,100.80000305175781,100.95999908447266,16999000
2025-08-20,102.56999969482422,102.56999969482422,102.6500015258789,100.93000030517578,101.1500015258789,18655000
2025-08-21,97.95999908447266,97.95999908447266,99.44999694824219,96.94999694824219,99.41000366210938,51825100
2025-08-22,96.83000183105469,96.83000183105469,99.05000305175781,96.76000213623047,98.06999969482422,32695200
2025-08-25,96.06999969482422,96.06999969482422,97.58000183105469,96.06999969482422,97.0,18956100
2025-08-26,96.05000305175781,96.05000305175781,96.47000122070312,95.41999816894531,96.27999877929688,22270400
2025-08-27,96.08000183105469,96.08000183105469,96.31999969482422,95.5999984741211,95.9000015258789,12925700
2025-08-28,96.11000061035156,96.11000061035156,96.56999969482422,95.69999694824219,96.0,19241600
2025-08-29,96.9800033569336,96.9800033569336,97.02999877929688,95.80000305175781,96.0999984741211,15600300
2025-09-02,97.8499984741211,97.8499984741211,97.8499984741211,96.51000213623047,97.2300033569336,15351300
2025-09-03,99.44000244140625,99.44000244140625,99.44000244140625,97.5,97.8499984741211,18995900
2025-09-04,100.93000030517578,100.93000030517578,101.3499984741211,99.6500015258789,99.91000366210938,15640900
2025-09-05,100.51000213623047,100.51000213623047,101.4800033569336,99.55000305175781,101.08000183105469,13748500
2025-09-08,102.27999877929688,102.27999877929688,102.36000061035156,100.41999816894531,100.8499984741211,13685700
2025-09-09,102.29000091552734,102.29000091552734,102.48999786376953,101.55000305175781,102.0,11819700
2025-09-10,100.41000366210938,100.41000366210938,102.44999694824219,100.38999938964844,101.94999694824219,17934900
2025-09-11,102.6500015258789,102.6500015258789,102.77999877929688,100.27999877929688,100.98999786376953,15900800
2025-09-12,103.48999786376953,103.48999786376953,103.9800033569336,102.36000061035156,102.54000091552734,11641900
2025-09-15,103.69000244140625,103.69000244140625,103.9800033569336,103.41000366210938,103.6500015258789,10756900
2025-09-16,103.41999816894531,103.41999816894531,104.20999908447266,103.12999725341797,103.8499984741211,14481900
2025-09-17,104.2699966430664,104.2699966430664,106.11000061035156,103.7300033569336,103.7300033569336,25382000
2025-09-18,103.5999984741211,103.5999984741211,104.63999938964844,102.12000274658203,103.77999877929688,14869400
2025-09-19,102.33000183105469,102.33000183105469,103.94000244140625,102.08999633789062,103.80999755859375,34791600
2025-09-22,102.81999969482422,102.81999969482422,103.19999694824219,101.91999816894531,102.44999694824219,12861900
2025-09-23,102.5199966430664,102.5199966430664,102.68000030517578,101.33000183105469,102.41000366210938,13158700
2025-09-24,102.7300033569336,102.7300033569336,103.47000122070312,102.4800033569336,103.04000091552734,11391800
2025-09-25,103.05000305175781,103.05000305175781,103.51000213623047,102.58000183105469,103.22000122070312,13366700
2025-09-26,103.16000366210938,103.16000366210938,103.48999786376953,102.47000122070312,102.87999725341797,11859300
2025-09-29,103.08000183105469,103.08000183105469,103.30999755859375,102.08000183105469,103.05000305175781,15477200
2025-09-30,103.05999755859375,103.05999755859375,103.94000244140625,102.72000122070312,103.0,13873400
2025-10-01,101.95999908447266,101.95999908447266,102.86000061035156,100.55000305175781,102.55999755859375,16142800
2025-10-02,101.69999694824219,101.69999694824219,102.13999938964844,99.87000274658203,101.44999694824219,15605400
2025-10-03,102.06999969482422,102.06999969482422,102.81999969482422,101.19999694824219,101.45999908447266,11867500
2025-10-06,102.69999694824219,102.69999694824219,103.06999969482422,101.58000183105469,101.87999725341797,13303600
2025-10-07,103.23999786376953,103.23999786376953,103.25,100.94999694824219,102.37999725341797,15538900
2025-10-08,102.9000015258789,102.9000015258789,103.26000213623047,102.1500015258789,103.0199966430664,13584100
2025-10-09,101.7699966430664,101.7699966430664,103.44999694824219,100.37000274658203,103.12999725341797,19508000
2025-10-10,101.83999633789062,101.83999633789062,103.62999725341797,101.5199966430664,102.05000305175781,18519400
2025-10-13,102.12000274658203,102.12000274658203,102.44999694824219,101.06999969482422,101.37000274658203,10871200
2025-10-14,107.20999908447266,107.20999908447266,107.91999816894531,102.88999938964844,104.05000305175781,30859500
2025-10-15,109.02999877929688,109.02999877929688,109.55999755859375,107.30000305175781,107.31999969482422,21416300
2025-10-16,106.47000122070312,106.47000122070312,109.58000183105469,105.66000366210938,109.19999694824219,16366200
2025-10-17,107.7300033569336,107.7300033569336,108.19999694824219,106.22000122070312,107.16999816894531,13735600
2025-10-20,107.05000305175781,107.05000305175781,108.25,106.61000061035156,107.8499984741211,10581200
2025-10-21,106.22000122070312,106.22000122070312,107.4800033569336,106.18000030517578,107.33000183105469,10899700
2025-10-22,107.13999938964844,107.13999938964844,107.7699966430664,105.66000366210938,106.55000305175781,12296500
2025-10-23,106.86000061035156,106.86000061035156,107.56999969482422,105.77999877929688,107.3499984741211,11408200
2025-10-24,106.16999816894531,106.16999816894531,107.16999816894531,105.51000213623047,107.06999969482422,10318000
2025-10-27,104.47000122070312,104.47000122070312,106.36000061035156,104.1500015258789,106.33999633789062,16375900
2025-10-28,103.16999816894531,103.16999816894531,104.13999938964844,103.05000305175781,104.05999755859375,13323000
2025-10-29,102.45999908447266,102.45999908447266,103.66999816894531,102.11000061035156,102.91000366210938,11986400
2025-10-30,102.2300033569336,102.2300033569336,103.37000274658203,101.95999908447266,102.19999694824219,14065100
2025-10-31,101.18000030517578,101.18000030517578,102.0999984741211,100.18000030517578,101.69999694824219,20237000
